addrtype,location,severitycode,severitydesc,collisiontype,personcount,pedcount,pedcylcount,vehcount,injuries,seriousinjuries,fatalities,incdate,incdttm,junctiontype,sdot_colcode,sdot_coldesc,inattentionind,underinfl,weather,roadcond,lightcond,pedrownotgrnt,speeding,st_colcode,st_coldesc,crosswalkkey,hitparkedcar,state,latitude,longitude
Intersection,ALASKAN E RDWY WAY AND SPRING ST,2,Injury Collision,Cycles,2,0,1,1,1,0,0,2019-01-25T00:00:00.000Z,1/25/2019 3:54:00 PM,At Intersection (intersection related),18.0,"MOTOR VEHICLE STRUCK PEDALCYCLIST, FRONT END AT ANGLE",,N,Clear or Partly Cloudy,Dry,Daylight,,,5,Vehicle Strikes Pedalcyclist,0,N,Washington,47.604651578239896,-122.33869324292378
Block,E CHERRY ST BETWEEN 21ST AVE AND 22ND AVE,2,Injury Collision,Cycles,2,0,1,1,1,0,0,2018-11-15T00:00:00.000Z,11/15/2018 8:00:00 AM,Mid-Block (not related to intersection),18.0,"MOTOR VEHICLE STRUCK PEDALCYCLIST, FRONT END AT ANGLE",Y,N,Clear or Partly Cloudy,Dry,Dawn,,,5,Vehicle Strikes Pedalcyclist,0,N,Washington,47.6080125260411,-122.30437525746581
Intersection,2ND AVE AND UNIVERSITY ST,2,Injury Collision,Cycles,2,0,1,1,1,0,0,2018-11-14T00:00:00.000Z,11/14/2018 3:46:00 PM,At Intersection (intersection related),18.0,"MOTOR VEHICLE STRUCK PEDALCYCLIST, FRONT END AT ANGLE",,N,Clear or Partly Cloudy,Dry,Daylight,,,5,Vehicle Strikes Pedalcyclist,0,N,Washington,47.60729905819726,-122.33708679815666
Block,HARBOR AVE SW BETWEEN FAIRMOUNT AVE SW AND SW BRONSON WAY,1,Property Damage Only Collision,Cycles,2,0,1,1,0,0,0,2018-10-15T00:00:00.000Z,10/15/2018 11:58:00 AM,Mid-Block (not related to intersection),18.0,"MOTOR VEHICLE STRUCK PEDALCYCLIST, FRONT END AT ANGLE",,N,Clear or Partly Cloudy,Dry,Daylight,,,6,Pedalcyclist Strikes Moving Vehicle,0,N,Washington,47.58635654911362,-122.37709106587592
Block,5TH AVE NE BETWEEN NE 71ST ST AND NE 72ND ST,2,Injury Collision,Cycles,2,0,1,1,1,0,0,2018-11-09T00:00:00.000Z,11/9/2018 4:52:00 PM,Mid-Block (not related to intersection),18.0,"MOTOR VEHICLE STRUCK PEDALCYCLIST, FRONT END AT ANGLE",Y,N,Overcast,Dry,Dark - Street Lights On,,,6,Pedalcyclist Strikes Moving Vehicle,0,N,Washington,47.68052069009705,-122.32286515402537
Block,LATONA AVE NE BETWEEN NE 77TH ST AND DEAD END 2,2,Injury Collision,Cycles,2,0,1,1,1,0,0,2018-11-14T00:00:00.000Z,11/14/2018 9:30:00 AM,Mid-Block (not related to intersection),18.0,"MOTOR VEHICLE STRUCK PEDALCYCLIST, FRONT END AT ANGLE",,N,Clear or Partly Cloudy,Wet,Daylight,,,5,Vehicle Strikes Pedalcyclist,0,N,Washington,47.685300211847846,-122.32562209265913
Block,EASTLAKE AVE E BETWEEN E HAMLIN ST AND E SHELBY ST,1,Property Damage Only Collision,Cycles,2,0,1,1,0,0,0,2018-10-29T00:00:00.000Z,10/29/2018 6:08:00 PM,Mid-Block (not related to intersection),56.0,PEDALCYCLIST STRUCK MOTOR VEHICLE LEFT SIDE SIDESWIPE,,N,Clear or Partly Cloudy,Dry,Dusk,,,5,Vehicle Strikes Pedalcyclist,0,N,Washington,47.646503048118774,-122.32519936846163
Intersection,16TH AVE AND E SPRING ST,2,Injury Collision,Cycles,2,0,1,1,1,0,0,2018-11-29T00:00:00.000Z,11/29/2018 10:16:00 AM,At Intersection (intersection related),18.0,"MOTOR VEHICLE STRUCK PEDALCYCLIST, FRONT END AT ANGLE",,N,Clear or Partly Cloudy,Dry,Daylight,,,5,Vehicle Strikes Pedalcyclist,0,N,Washington,47.61154371480974,-122.3114786861236
Block,2ND AVE BETWEEN UNION ST AND PIKE ST,2,Injury Collision,Cycles,2,0,1,1,1,0,0,2018-11-19T00:00:00.000Z,11/19/2018 9:16:00 AM,Mid-Block (not related to intersection),18.0,"MOTOR VEHICLE STRUCK PEDALCYCLIST, FRONT END AT ANGLE",,N,Clear or Partly Cloudy,Dry,Daylight,,,6,Pedalcyclist Strikes Moving Vehicle,0,N,Washington,47.60878749220817,-122.33844845839597
Intersection,25TH AVE NE AND NE 65TH ST,1,Property Damage Only Collision,Cycles,2,0,1,1,0,0,0,2018-11-09T00:00:00.000Z,11/9/2018 8:33:00 AM,At Intersection (intersection related),18.0,"MOTOR VEHICLE STRUCK PEDALCYCLIST, FRONT END AT ANGLE",,N,Clear or Partly Cloudy,Dry,Daylight,,,5,Vehicle Strikes Pedalcyclist,0,N,Washington,47.67577422008743,-122.30065154721458
Intersection,20TH AVE AND E UNION ST,2,Injury Collision,Cycles,2,0,1,1,1,0,0,2018-11-26T00:00:00.000Z,11/26/2018 8:23:00 PM,At Intersection (intersection related),18.0,"MOTOR VEHICLE STRUCK PEDALCYCLIST, FRONT END AT ANGLE",Y,N,Raining,Wet,Dark - Street Lights On,,,5,Vehicle Strikes Pedalcyclist,0,N,Washington,47.612909621074635,-122.3062455482968
Intersection,16TH AVE NE AND NE 65TH ST,2,Injury Collision,Cycles,3,0,1,1,1,0,0,2018-11-02T00:00:00.000Z,11/2/2018 8:25:00 AM,At Intersection (intersection related),51.0,PEDALCYCLIST STRUCK MOTOR VEHICLE FRONT END AT ANGLE,Y,N,Raining,Wet,Daylight,,,6,Pedalcyclist Strikes Moving Vehicle,0,N,Washington,47.67578248050508,-122.3108578614397
Intersection,REPUBLICAN ST AND WESTLAKE AVE N,2,Injury Collision,Cycles,2,0,1,1,1,0,0,2018-11-09T00:00:00.000Z,11/9/2018 9:04:00 AM,At Intersection (intersection related),18.0,"MOTOR VEHICLE STRUCK PEDALCYCLIST, FRONT END AT ANGLE",,N,Overcast,Dry,Daylight,Y,,5,Vehicle Strikes Pedalcyclist,622523,N,Washington,47.62320915614482,-122.33844628839591
Intersection,17TH AVE NW AND NW 57TH ST,2,Injury Collision,Cycles,3,0,1,1,1,0,0,2018-11-29T00:00:00.000Z,11/29/2018 8:20:00 PM,At Intersection (intersection related),51.0,PEDALCYCLIST STRUCK MOTOR VEHICLE FRONT END AT ANGLE,,N,Clear or Partly Cloudy,Dry,Dark - Street Lights On,,,5,Vehicle Strikes Pedalcyclist,0,N,Washington,47.67017483699674,-122.37888314544468
Intersection,8TH AVE S AND S JACKSON ST,2,Injury Collision,Cycles,2,0,1,1,1,0,0,2018-11-28T00:00:00.000Z,11/28/2018 5:14:00 PM,At Intersection (intersection related),51.0,PEDALCYCLIST STRUCK MOTOR VEHICLE FRONT END AT ANGLE,,N,Overcast,Wet,Dark - Street Lights Off,,,6,Pedalcyclist Strikes Moving Vehicle,0,N,Washington,47.599186130013244,-122.32244469210012
Intersection,ROOSEVELT WAY NE AND NE 66TH ST,2,Injury Collision,Cycles,2,1,1,0,2,0,0,2018-11-08T00:00:00.000Z,11/8/2018 8:31:00 AM,At Intersection (intersection related),64.0,PEDALCYCLIST STRUCK PEDESTRIAN,,N,Overcast,Dry,Daylight,Y,,7,Pedalcyclist Strikes Pedalcyclist or Pedestrian,0,N,Washington,47.67655440134596,-122.31737321600777
Intersection,7TH AVE AND LENORA ST,2,Injury Collision,Cycles,2,0,1,1,1,0,0,2018-05-08T00:00:00.000Z,5/8/2018 12:21:00 PM,At Intersection (intersection related),18.0,"MOTOR VEHICLE STRUCK PEDALCYCLIST, FRONT END AT ANGLE",,N,Clear or Partly Cloudy,Dry,Daylight,,,5,Vehicle Strikes Pedalcyclist,0,N,Washington,47.61582545523598,-122.33875323438272
Intersection,BELMONT AVE E AND LAKEVIEW BLVD E,2,Injury Collision,Cycles,2,0,1,1,1,0,0,2018-11-08T00:00:00.000Z,11/8/2018 5:43:00 PM,At Intersection (intersection related),51.0,PEDALCYCLIST STRUCK MOTOR VEHICLE FRONT END AT ANGLE,,N,Clear or Partly Cloudy,Dry,Dark - Street Lights On,,,5,Vehicle Strikes Pedalcyclist,0,N,Washington,47.62832451034748,-122.32709992275879
Block,S KING ST BETWEEN 1ST AVE S AND OCCIDENTAL W AVE S,2,Injury Collision,Cycles,2,0,1,1,1,0,0,2018-12-11T00:00:00.000Z,12/11/2018 9:54:00 AM,Mid-Block (not related to intersection),18.0,"MOTOR VEHICLE STRUCK PEDALCYCLIST, FRONT END AT ANGLE",Y,N,Raining,Wet,Daylight,,,5,Vehicle Strikes Pedalcyclist,0,N,Washington,47.5982910012677,-122.33372831870614
Block,DEXTER AVE N BETWEEN GARFIELD S ST AND GARFIELD N ST,2,Injury Collision,Cycles,2,0,1,1,1,0,0,2018-12-20T00:00:00.000Z,12/20/2018 7:45:00 AM,Driveway Junction,18.0,"MOTOR VEHICLE STRUCK PEDALCYCLIST, FRONT END AT ANGLE",Y,N,Raining,Wet,Daylight,,,6,Pedalcyclist Strikes Moving Vehicle,0,N,Washington,47.63320829761861,-122.34228266624625
Intersection,9TH AVE AND OLIVE WAY,1,Property Damage Only Collision,Cycles,2,0,1,1,0,0,0,2018-12-19T00:00:00.000Z,12/19/2018 12:00:00 PM,At Intersection (intersection related),51.0,PEDALCYCLIST STRUCK MOTOR VEHICLE FRONT END AT ANGLE,Y,N,Overcast,Unknown,Daylight,,,5,Vehicle Strikes Pedalcyclist,0,N,Washington,47.61452106115382,-122.33295031307426
Block,20TH AVE BETWEEN E UNION ST AND E PINE ST,1,Property Damage Only Collision,Cycles,2,0,1,1,0,0,0,2018-11-08T00:00:00.000Z,11/8/2018 5:15:00 PM,Mid-Block (not related to intersection),0.0,NOT ENOUGH INFORMATION / NOT APPLICABLE,,N,Clear or Partly Cloudy,Dry,Unknown,,,5,Vehicle Strikes Pedalcyclist,0,N,Washington,47.61409263119132,-122.3062154247728
Intersection,15TH AVE NE AND NE PACIFIC ST,2,Injury Collision,Cycles,3,0,1,1,1,0,0,2018-11-06T00:00:00.000Z,11/6/2018 3:26:00 PM,At Intersection (intersection related),18.0,"MOTOR VEHICLE STRUCK PEDALCYCLIST, FRONT END AT ANGLE",,N,Clear or Partly Cloudy,Dry,Daylight,,,5,Vehicle Strikes Pedalcyclist,0,N,Washington,47.65297596413605,-122.31246414473328
Intersection,44TH AVE S AND S HOLLY ST,1,Property Damage Only Collision,Cycles,2,0,1,1,0,0,0,2018-10-29T00:00:00.000Z,10/29/2018 4:24:00 PM,At Intersection (intersection related),18.0,"MOTOR VEHICLE STRUCK PEDALCYCLIST, FRONT END AT ANGLE",Y,N,Overcast,Dry,Daylight,,,5,Vehicle Strikes Pedalcyclist,0,N,Washington,47.54245100128818,-122.27810795061262
Block,DEXTER AVE N BETWEEN 4TH S AVE N AND WESTLAKE AVE N,2,Injury Collision,Rear Ended,4,0,2,2,1,0,0,2018-12-10T00:00:00.000Z,12/10/2018 5:24:00 PM,Mid-Block (but intersection related),14.0,"MOTOR VEHICLE STRUCK MOTOR VEHICLE, REAR END",Y,N,Overcast,Dry,Dark - Street Lights On,,,14,From same direction - both going straight - one stopped - rear-end,0,N,Washington,47.64591625975207,-122.34965185886637
Intersection,20TH AVE NW AND NW MARKET ST,2,Injury Collision,Cycles,3,0,1,1,1,0,0,2018-11-05T00:00:00.000Z,11/5/2018 11:53:00 AM,At Intersection (intersection related),18.0,"MOTOR VEHICLE STRUCK PEDALCYCLIST, FRONT END AT ANGLE",,N,Clear or Partly Cloudy,Dry,Daylight,,,5,Vehicle Strikes Pedalcyclist,0,N,Washington,47.66867579884936,-122.3821299965678
Block,DEXTER AVE N BETWEEN HAYES ST AND HOWE ST,2,Injury Collision,Cycles,2,0,1,1,1,0,0,2019-01-03T00:00:00.000Z,1/3/2019 9:05:00 AM,Mid-Block (not related to intersection),18.0,"MOTOR VEHICLE STRUCK PEDALCYCLIST, FRONT END AT ANGLE",,N,Clear or Partly Cloudy,Wet,Daylight,,,6,Pedalcyclist Strikes Moving Vehicle,0,N,Washington,47.63498698711708,-122.34228517989065
Intersection,9TH AVE NW AND NW 80TH ST,2,Injury Collision,Cycles,2,0,1,1,1,0,0,2018-09-30T00:00:00.000Z,9/30/2018 5:20:00 PM,At Intersection (intersection related),18.0,"MOTOR VEHICLE STRUCK PEDALCYCLIST, FRONT END AT ANGLE",,N,Clear or Partly Cloudy,Dry,Daylight,,,5,Vehicle Strikes Pedalcyclist,0,N,Washington,47.68692430802964,-122.36833137726177
Block,W NICKERSON ST BETWEEN XW JESSE AVE W AND 11TH AVE W,2,Injury Collision,Parked Car,2,0,1,1,1,0,0,2018-09-13T00:00:00.000Z,9/13/2018 6:13:00 PM,Mid-Block (not related to intersection),14.0,"MOTOR VEHICLE STRUCK MOTOR VEHICLE, REAR END",,N,Clear or Partly Cloudy,Dry,Daylight,,,32,One parked--one moving,0,Y,Washington,47.654263064347276,-122.37076098803519
Intersection,12TH AVE W AND GILMAN DR W,2,Injury Collision,Cycles,2,0,1,1,1,0,0,2018-10-18T00:00:00.000Z,10/18/2018 1:54:00 PM,At Intersection (intersection related),51.0,PEDALCYCLIST STRUCK MOTOR VEHICLE FRONT END AT ANGLE,,N,Clear or Partly Cloudy,Dry,Daylight,,,5,Vehicle Strikes Pedalcyclist,0,N,Washington,47.6383654685091,-122.37276148284242
Block,48TH AVE S BETWEEN S THISTLE ST AND S CLOVERDALE ST,2,Injury Collision,Cycles,3,0,1,1,1,0,0,2018-10-11T00:00:00.000Z,10/11/2018 3:10:00 PM,Mid-Block (not related to intersection),11.0,"MOTOR VEHICLE STRUCK MOTOR VEHICLE, FRONT END AT ANGLE",,N,Clear or Partly Cloudy,Dry,Daylight,,,5,Vehicle Strikes Pedalcyclist,0,N,Washington,47.526987827059386,-122.27272394545264
Block,GREENWOOD AVE N BETWEEN N 81ST ST AND N 82ND ST,2b,Serious Injury Collision,Cycles,3,0,1,2,1,1,0,2019-01-03T00:00:00.000Z,1/3/2019 6:24:00 PM,Mid-Block (not related to intersection),18.0,"MOTOR VEHICLE STRUCK PEDALCYCLIST, FRONT END AT ANGLE",,N,Overcast,Wet,Dark - Street Lights On,,,5,Vehicle Strikes Pedalcyclist,0,Y,Washington,47.6880263040823,-122.35530031084306
Block,SW ADMIRAL WAY BETWEEN 37TH W AVE SW AND BELVIDERE AVE SW,2,Injury Collision,Cycles,2,0,1,1,1,0,0,2018-12-22T00:00:00.000Z,12/22/2018 3:00:00 PM,Mid-Block (not related to intersection),21.0,"MOTOR VEHICLE STRUCK PEDALCYCLIST, REAR END",,N,Overcast,Dry,Daylight,,,5,Vehicle Strikes Pedalcyclist,0,N,Washington,47.581128431360476,-122.37859938772093
Intersection,BELMONT AVE AND E PINE ST,2,Injury Collision,Cycles,2,0,1,1,1,0,0,2018-10-28T00:00:00.000Z,10/28/2018 6:40:00 PM,At Intersection (intersection related),18.0,"MOTOR VEHICLE STRUCK PEDALCYCLIST, FRONT END AT ANGLE",,N,Clear or Partly Cloudy,Wet,Dark - Street Lights On,,,5,Vehicle Strikes Pedalcyclist,0,N,Washington,47.61522500481614,-122.32447263631508
Intersection,TROLL AVE N AND N 34TH ST,1,Property Damage Only Collision,Cycles,2,0,1,1,0,0,0,2019-01-04T00:00:00.000Z,1/4/2019 5:56:00 PM,At Intersection (intersection related),18.0,"MOTOR VEHICLE STRUCK PEDALCYCLIST, FRONT END AT ANGLE",,N,Overcast,Dry,Dark - Street Lights On,,,5,Vehicle Strikes Pedalcyclist,0,N,Washington,47.64924012162934,-122.34741874332344
Intersection,GREENWOOD AVE N AND N 107TH ST,2,Injury Collision,Cycles,2,0,1,1,1,0,0,2019-02-18T00:00:00.000Z,2/18/2019 6:10:00 PM,At Intersection (intersection related),18.0,"MOTOR VEHICLE STRUCK PEDALCYCLIST, FRONT END AT ANGLE",,N,Clear or Partly Cloudy,Dry,Dark - Street Lights On,,,5,Vehicle Strikes Pedalcyclist,0,N,Washington,47.70689880199289,-122.35546663163448
Intersection,EASTLAKE AVE E AND FUHRMAN AVE E,2,Injury Collision,Cycles,2,0,1,1,1,0,0,2019-02-06T00:00:00.000Z,2/6/2019 9:11:00 PM,At Intersection (intersection related),51.0,PEDALCYCLIST STRUCK MOTOR VEHICLE FRONT END AT ANGLE,Y,N,Clear or Partly Cloudy,Wet,Dark - Street Lights On,,,6,Pedalcyclist Strikes Moving Vehicle,0,N,Washington,47.65157827163786,-122.32127525687477
Block,FAIRVIEW AVE N BETWEEN FAIRVIEW PL N AND ALOHA ST,2,Injury Collision,Cycles,3,0,1,2,1,0,0,2019-02-21T00:00:00.000Z,2/21/2019 5:39:00 PM,Mid-Block (not related to intersection),51.0,PEDALCYCLIST STRUCK MOTOR VEHICLE FRONT END AT ANGLE,,Y,Clear or Partly Cloudy,Dry,Daylight,,,6,Pedalcyclist Strikes Moving Vehicle,0,N,Washington,47.6267500825094,-122.33340509443424
Intersection,RAINIER AVE S AND STURTEVANT AVE S,3,Fatality Collision,Cycles,2,0,1,1,0,0,1,2019-02-25T00:00:00.000Z,2/25/2019 4:26:00 PM,At Intersection (intersection related),18.0,"MOTOR VEHICLE STRUCK PEDALCYCLIST, FRONT END AT ANGLE",,N,Clear or Partly Cloudy,Dry,Daylight,,,6,Pedalcyclist Strikes Moving Vehicle,0,N,Washington,47.51985502326705,-122.26869660057228
Intersection,12TH AVE S AND S KING ST,2,Injury Collision,Cycles,2,0,1,1,1,0,0,2019-02-19T00:00:00.000Z,2/19/2019 5:48:00 PM,At Intersection (intersection related),18.0,"MOTOR VEHICLE STRUCK PEDALCYCLIST, FRONT END AT ANGLE",,N,Overcast,Wet,Dusk,,,5,Vehicle Strikes Pedalcyclist,524787,N,Washington,47.598337593315385,-122.31722797859959
Intersection,2ND AVE AND CHERRY ST,2,Injury Collision,Cycles,4,0,1,1,1,0,0,2019-03-02T00:00:00.000Z,3/2/2019 6:09:00 PM,At Intersection (intersection related),18.0,"MOTOR VEHICLE STRUCK PEDALCYCLIST, FRONT END AT ANGLE",,N,Clear or Partly Cloudy,Dry,Dark - Street Lights On,,,6,Pedalcyclist Strikes Moving Vehicle,0,N,Washington,47.60301939344011,-122.33317224593478
Intersection,8TH AVE AND JAMES ST,2,Injury Collision,Cycles,2,0,1,1,1,0,0,2018-10-11T00:00:00.000Z,10/11/2018 9:25:00 AM,At Intersection (intersection related),11.0,"MOTOR VEHICLE STRUCK MOTOR VEHICLE, FRONT END AT ANGLE",,N,Clear or Partly Cloudy,Dry,Daylight,,,5,Vehicle Strikes Pedalcyclist,0,N,Washington,47.60509000422416,-122.3258596212277
Intersection,BROADWAY AND E UNION ST,2,Injury Collision,Cycles,2,0,1,1,1,0,0,2019-02-26T00:00:00.000Z,2/26/2019 3:08:00 PM,At Intersection (intersection related),18.0,"MOTOR VEHICLE STRUCK PEDALCYCLIST, FRONT END AT ANGLE",,N,Clear or Partly Cloudy,Dry,Daylight,,,6,Pedalcyclist Strikes Moving Vehicle,0,N,Washington,47.612963362786935,-122.32076237817628
Intersection,10TH AVE E AND E MILLER ST,2,Injury Collision,Cycles,2,0,1,1,1,0,0,2019-02-26T00:00:00.000Z,2/26/2019 3:40:00 PM,At Intersection (intersection related),51.0,PEDALCYCLIST STRUCK MOTOR VEHICLE FRONT END AT ANGLE,Y,N,Clear or Partly Cloudy,Dry,Daylight,,,6,Pedalcyclist Strikes Moving Vehicle,0,N,Washington,47.641355010445906,-122.320058803595
Intersection,DEXTER AVE N AND ALOHA ST,2,Injury Collision,Cycles,3,0,1,1,1,0,0,2019-01-29T00:00:00.000Z,1/29/2019 4:20:00 PM,At Intersection (intersection related),51.0,PEDALCYCLIST STRUCK MOTOR VEHICLE FRONT END AT ANGLE,,N,Clear or Partly Cloudy,Dry,Daylight,Y,,6,Pedalcyclist Strikes Moving Vehicle,0,N,Washington,47.627138383473216,-122.34232660384295
Intersection,DEXTER AVE N AND MERCER ST,2,Injury Collision,Cycles,2,0,1,1,1,0,0,2019-01-10T00:00:00.000Z,1/10/2019 6:44:00 AM,At Intersection (intersection related),18.0,"MOTOR VEHICLE STRUCK PEDALCYCLIST, FRONT END AT ANGLE",,N,Raining,Wet,Dark - Street Lights On,,,5,Vehicle Strikes Pedalcyclist,0,N,Washington,47.62454972661586,-122.34234960108273
Block,S JACKSON ST BETWEEN 9TH AVE S AND 10TH AVE S,2b,Serious Injury Collision,Pedestrian,3,0,1,1,1,1,0,2019-01-24T00:00:00.000Z,1/24/2019 7:32:00 PM,Mid-Block (not related to intersection),24.0,MOTOR VEHCILE STRUCK PEDESTRIAN,,Y,Clear or Partly Cloudy,Dry,Dark - Street Lights On,,,4,Vehicle hits Pedestrian - All Other Actions,0,N,Washington,47.599187341522,-122.32033398956128
Intersection,2ND AVE AND UNIVERSITY ST,2,Injury Collision,Cycles,2,0,1,1,1,0,0,2019-01-23T00:00:00.000Z,1/23/2019 10:29:00 AM,At Intersection (intersection related),18.0,"MOTOR VEHICLE STRUCK PEDALCYCLIST, FRONT END AT ANGLE",Y,N,Overcast,Wet,Daylight,,,6,Pedalcyclist Strikes Moving Vehicle,0,N,Washington,47.60729905819726,-122.33708679815666
Intersection,4TH AVE S AND S SPOKANE SR ST,2,Injury Collision,Cycles,3,0,1,1,1,0,0,2019-01-22T00:00:00.000Z,1/22/2019 7:49:00 AM,At Intersection (intersection related),51.0,PEDALCYCLIST STRUCK MOTOR VEHICLE FRONT END AT ANGLE,,N,Clear or Partly Cloudy,Dry,Daylight,,,6,Pedalcyclist Strikes Moving Vehicle,521756,N,Washington,47.571420865588465,-122.32907749711175
Intersection,FAIRVIEW NR AVE N AND YALE AVE N,2,Injury Collision,Cycles,2,0,1,1,1,0,0,2019-01-18T00:00:00.000Z,1/18/2019 11:26:00 AM,At Intersection (intersection related),51.0,PEDALCYCLIST STRUCK MOTOR VEHICLE FRONT END AT ANGLE,,N,Clear or Partly Cloudy,Dry,Daylight,,,5,Vehicle Strikes Pedalcyclist,0,N,Washington,47.628924300094155,-122.33100164147018
Block,DEXTER AVE N BETWEEN HARRISON ST AND REPUBLICAN ST,2,Injury Collision,Cycles,2,0,1,1,1,0,0,2004-01-23T00:00:00.000Z,1/23/2004 8:45:00 AM,Mid-Block (not related to intersection),56.0,PEDALCYCLIST STRUCK MOTOR VEHICLE LEFT SIDE SIDESWIPE,,0,Unknown,Unknown,Daylight,,,45,Vehicle - Pedalcyclist,0,N,Washington,47.62263838004219,-122.34236643866664
Block,DEXTER AVE N BETWEEN GARFIELD N ST AND HAYES ST,2,Injury Collision,Cycles,2,0,1,1,1,0,0,2013-04-02T00:00:00.000Z,4/2/2013 8:59:00 AM,Mid-Block (not related to intersection),18.0,"MOTOR VEHICLE STRUCK PEDALCYCLIST, FRONT END AT ANGLE",,N,Clear or Partly Cloudy,Dry,Daylight,Y,,45,Vehicle - Pedalcyclist,0,N,Washington,47.6336931487632,-122.3422833515234
Block,10TH AVE E BETWEEN E LYNN ST AND E MILLER ST,2b,Serious Injury Collision,Cycles,3,0,1,1,1,1,0,2004-06-12T00:00:00.000Z,6/12/2004 12:31:00 PM,Mid-Block (not related to intersection),55.0,PEDALCYCLIST STRUCK MOTOR VEHICLE RIGHT SIDE SIDESWIPE,,0,Clear or Partly Cloudy,Dry,Daylight,,,45,Vehicle - Pedalcyclist,0,N,Washington,47.64044969209657,-122.32006083970396
Intersection,10TH AVE S AND S CLOVERDALE ST,2,Injury Collision,Cycles,5,0,1,1,1,0,0,2013-04-02T00:00:00.000Z,4/2/2013 7:15:00 PM,At Intersection (intersection related),51.0,PEDALCYCLIST STRUCK MOTOR VEHICLE FRONT END AT ANGLE,Y,N,Overcast,Dry,Dusk,,,45,Vehicle - Pedalcyclist,0,N,Washington,47.52645748029189,-122.32028400573279
Intersection,BELLEVUE AVE AND E OLIVE ST,2,Injury Collision,Cycles,2,0,1,1,1,0,0,2013-03-30T00:00:00.000Z,3/30/2013 8:30:00 PM,At Intersection (intersection related),18.0,"MOTOR VEHICLE STRUCK PEDALCYCLIST, FRONT END AT ANGLE",,N,Clear or Partly Cloudy,Dry,Dusk,Y,,45,Vehicle - Pedalcyclist,0,N,Washington,47.616341840491636,-122.32678751884164
Block,E MADISON ST BETWEEN LAKE WASHINGTON BLVD E AND 32ND AVE E,2,Injury Collision,Cycles,2,0,1,1,1,0,0,2004-10-12T00:00:00.000Z,10/12/2004 5:30:00 PM,Driveway Junction,23.0,"MOTOR VEHICLE STRUCK PEDALCYCLIST, LEFT SIDE SIDESWIPE",,0,Clear or Partly Cloudy,Dry,Daylight,Y,,45,Vehicle - Pedalcyclist,0,N,Washington,47.626528045372716,-122.29168646899036
Intersection,BOREN AVE AND JEFFERSON ST,2,Injury Collision,Cycles,2,0,1,1,1,0,0,2013-04-02T00:00:00.000Z,4/2/2013 6:42:00 PM,At Intersection (intersection related),18.0,"MOTOR VEHICLE STRUCK PEDALCYCLIST, FRONT END AT ANGLE",,N,Clear or Partly Cloudy,Dry,Daylight,,,45,Vehicle - Pedalcyclist,0,N,Washington,47.605769767599405,-122.3218771543034
Block,AURORA AVE N BETWEEN N 117TH PL AND N 125TH ST,2,Injury Collision,Cycles,2,0,1,1,1,0,0,2013-03-14T00:00:00.000Z,3/14/2013 5:30:00 PM,Driveway Junction,18.0,"MOTOR VEHICLE STRUCK PEDALCYCLIST, FRONT END AT ANGLE",,N,Clear or Partly Cloudy,Dry,Daylight,Y,,45,Vehicle - Pedalcyclist,0,N,Washington,47.71717310092632,-122.34489607877191
Intersection,BROOKLYN AVE NE AND NE 50TH ST,2,Injury Collision,Cycles,2,0,1,1,1,0,0,2004-08-09T00:00:00.000Z,8/9/2004,At Intersection (intersection related),18.0,"MOTOR VEHICLE STRUCK PEDALCYCLIST, FRONT END AT ANGLE",,0,Clear or Partly Cloudy,Dry,Daylight,,,45,Vehicle - Pedalcyclist,0,N,Washington,47.66490847462878,-122.3142100907226
Block,21ST AVE W BETWEEN ELLIOTT BAY TRL AND THORNDYKE AVE W,2,Injury Collision,Cycles,2,0,1,1,1,0,0,2006-08-09T00:00:00.000Z,8/9/2006,Mid-Block (not related to intersection),18.0,"MOTOR VEHICLE STRUCK PEDALCYCLIST, FRONT END AT ANGLE",,0,Clear or Partly Cloudy,Dry,Daylight,Y,,45,Vehicle - Pedalcyclist,0,N,Washington,47.643384196152184,-122.38331494201151
Intersection,PHINNEY AVE N AND N 65TH ST,2b,Serious Injury Collision,Cycles,1,0,1,0,1,1,0,2006-05-07T00:00:00.000Z,5/7/2006,At Intersection (intersection related),51.0,PEDALCYCLIST STRUCK MOTOR VEHICLE FRONT END AT ANGLE,,0,Overcast,Dry,Daylight,,,45,Vehicle - Pedalcyclist,0,N,Washington,47.67602257015706,-122.3543532189687
Intersection,48TH AVE S AND S ALASKA ST,1,Property Damage Only Collision,Cycles,3,0,1,1,0,0,0,2005-08-10T00:00:00.000Z,8/10/2005 7:47:00 AM,At Intersection (intersection related),51.0,PEDALCYCLIST STRUCK MOTOR VEHICLE FRONT END AT ANGLE,,0,Overcast,Dry,Daylight,,,45,Vehicle - Pedalcyclist,0,N,Washington,47.560577263637114,-122.27321465815723