addrtype,location,severitycode,severitydesc,collisiontype,personcount,pedcount,pedcylcount,vehcount,injuries,seriousinjuries,fatalities,incdate,incdttm,junctiontype,sdot_colcode,sdot_coldesc,inattentionind,underinfl,weather,roadcond,lightcond,pedrownotgrnt,speeding,st_colcode,st_coldesc,crosswalkkey,hitparkedcar,state,latitude,longitude
Block,4TH AVE S BETWEEN S HORTON ST AND S HINDS ST,2b,Serious Injury Collision,Cycles,2,0,1,1,1,1,0,2018-11-06T00:00:00.000Z,11/6/2018 1:00:00 PM,Mid-Block (not related to intersection),18.0,"MOTOR VEHICLE STRUCK PEDALCYCLIST, FRONT END AT ANGLE",,N,Clear or Partly Cloudy,Dry,Daylight,,,6,Pedalcyclist Strikes Moving Vehicle,0,N,Washington,47.57404264952782,-122.3290596721254
Block,4TH AVE S BETWEEN S LANDER ST AND S FOREST ST,2,Injury Collision,Cycles,3,0,1,1,1,0,0,2018-11-11T00:00:00.000Z,11/11/2018 9:43:00 AM,Mid-Block (not related to intersection),18.0,"MOTOR VEHICLE STRUCK PEDALCYCLIST, FRONT END AT ANGLE",,N,Clear or Partly Cloudy,Dry,Daylight,,,5,Vehicle Strikes Pedalcyclist,0,N,Washington,47.578769132058255,-122.32905708875455
Intersection,6TH AVE NW AND LEARY N WAY NW,2,Injury Collision,Cycles,2,0,1,1,1,0,0,2018-12-04T00:00:00.000Z,12/4/2018 2:48:00 PM,At Intersection (intersection related),18.0,"MOTOR VEHICLE STRUCK PEDALCYCLIST, FRONT END AT ANGLE",,N,Clear or Partly Cloudy,Dry,Daylight,,,5,Vehicle Strikes Pedalcyclist,0,N,Washington,47.658190444528024,-122.36398436787005
Intersection,RENTON AVE S AND S FLETCHER ST,2b,Serious Injury Collision,Cycles,2,0,1,1,1,1,0,2018-12-03T00:00:00.000Z,12/3/2018 3:44:00 PM,At Intersection (intersection related),18.0,"MOTOR VEHICLE STRUCK PEDALCYCLIST, FRONT END AT ANGLE",,N,Clear or Partly Cloudy,Dry,Daylight,,,6,Pedalcyclist Strikes Moving Vehicle,0,N,Washington,47.51904834716989,-122.27150342227209
Intersection,6TH AVE AND PINE ST,1,Property Damage Only Collision,Cycles,3,0,1,1,0,0,0,2018-07-13T00:00:00.000Z,7/13/2018 2:28:00 AM,At Intersection (intersection related),11.0,"MOTOR VEHICLE STRUCK MOTOR VEHICLE, FRONT END AT ANGLE",,N,Clear or Partly Cloudy,Dry,Dark - Street Lights On,,,6,Pedalcyclist Strikes Moving Vehicle,0,N,Washington,47.6121364586989,-122.33537313665079
Block,MONTLAKE BLVD E BETWEEN MONTLAKE BV ON RP AND E HAMLIN ST,2,Injury Collision,Cycles,2,0,1,1,1,0,0,2018-11-29T00:00:00.000Z,11/29/2018 2:34:00 PM,Driveway Junction,18.0,"MOTOR VEHICLE STRUCK PEDALCYCLIST, FRONT END AT ANGLE",,N,Clear or Partly Cloudy,Wet,Daylight,,,5,Vehicle Strikes Pedalcyclist,0,N,Washington,47.6454088589596,-122.30461405590569
Intersection,13TH AVE S AND S STEVENS ST,2,Injury Collision,Cycles,2,0,1,1,1,0,0,2013-03-25T00:00:00.000Z,3/25/2013 10:57:00 PM,At Intersection (intersection related),18.0,"MOTOR VEHICLE STRUCK PEDALCYCLIST, FRONT END AT ANGLE",,N,Clear or Partly Cloudy,Dry,Dark - Street Lights On,,,45,Vehicle - Pedalcyclist,0,N,Washington,47.57687701208126,-122.31600484320009
Block,S DEARBORN ST BETWEEN DEARBORN OFF RP AND DEARBORN ST OFF RP,1,Property Damage Only Collision,Cycles,2,0,1,1,0,0,0,2013-03-25T00:00:00.000Z,3/25/2013 1:00:00 PM,Mid-Block (not related to intersection),18.0,"MOTOR VEHICLE STRUCK PEDALCYCLIST, FRONT END AT ANGLE",,N,Clear or Partly Cloudy,Dry,Daylight,,,45,Vehicle - Pedalcyclist,0,N,Washington,47.595826797409856,-122.32029531718928
Intersection,15TH AVE NE AND NE PACIFIC ST,1,Property Damage Only Collision,Cycles,2,0,1,1,0,0,0,2013-03-28T00:00:00.000Z,3/28/2013 3:30:00 PM,At Intersection (intersection related),18.0,"MOTOR VEHICLE STRUCK PEDALCYCLIST, FRONT END AT ANGLE",,N,Clear or Partly Cloudy,Dry,Daylight,Y,,45,Vehicle - Pedalcyclist,520838,N,Washington,47.65297596413605,-122.31246414473328
Intersection,25TH AVE NE AND NE BLAKELEY ST,2,Injury Collision,Cycles,2,0,1,1,1,0,0,2005-06-15T00:00:00.000Z,6/15/2005 7:12:00 PM,At Intersection (intersection related),18.0,"MOTOR VEHICLE STRUCK PEDALCYCLIST, FRONT END AT ANGLE",,0,Clear or Partly Cloudy,Dry,Daylight,,,45,Vehicle - Pedalcyclist,0,N,Washington,47.66626671821327,-122.30060498001896
Block,N 92ND ST BETWEEN DENSMORE AVE N AND WALLINGFORD AVE N,2,Injury Collision,Other,1,0,1,0,1,0,0,2004-10-11T00:00:00.000Z,10/11/2004 4:00:00 PM,Mid-Block (but intersection related),69.0,PEDALCYCLIST OVERTURNED IN ROAD,,0,Clear or Partly Cloudy,Dry,Daylight,,,52,Vehicle overturned,0,N,Washington,47.695962951388175,-122.3370538539018
Intersection,BOREN AVE AND PIKE ST,2,Injury Collision,Cycles,3,0,1,1,1,0,0,2013-03-29T00:00:00.000Z,3/29/2013 11:53:00 AM,At Intersection (intersection related),18.0,"MOTOR VEHICLE STRUCK PEDALCYCLIST, FRONT END AT ANGLE",,N,Clear or Partly Cloudy,Dry,Unknown,Y,,45,Vehicle - Pedalcyclist,0,N,Washington,47.61346582031274,-122.328913101671
Block,1ST AVE BETWEEN BATTERY ST AND WALL ST,2,Injury Collision,Cycles,2,0,1,1,1,0,0,2004-07-02T00:00:00.000Z,7/2/2004,Mid-Block (not related to intersection),55.0,PEDALCYCLIST STRUCK MOTOR VEHICLE RIGHT SIDE SIDESWIPE,,0,Clear or Partly Cloudy,Dry,Daylight,,,45,Vehicle - Pedalcyclist,0,N,Washington,47.61441905215681,-122.34827812935671
Intersection,BELL ST AND DENNY WAY,1,Property Damage Only Collision,Cycles,2,0,1,1,0,0,0,2013-03-26T00:00:00.000Z,3/26/2013 6:12:00 PM,At Intersection (intersection related),18.0,"MOTOR VEHICLE STRUCK PEDALCYCLIST, FRONT END AT ANGLE",,N,Clear or Partly Cloudy,Dry,Daylight,Y,,45,Vehicle - Pedalcyclist,0,N,Washington,47.618540125961275,-122.33983235245165
Intersection,11TH AVE AND E JEFFERSON ST,2,Injury Collision,Cycles,2,0,1,1,1,0,0,2013-03-29T00:00:00.000Z,3/29/2013 6:10:00 PM,At Intersection (intersection related),18.0,"MOTOR VEHICLE STRUCK PEDALCYCLIST, FRONT END AT ANGLE",,N,Clear or Partly Cloudy,Dry,Daylight,Y,,45,Vehicle - Pedalcyclist,0,N,Washington,47.606205945062214,-122.31811054807964
Block,NE 75TH ST BETWEEN 19TH AVE NE AND 20TH AVE NE,2,Injury Collision,Cycles,2,0,1,1,1,0,0,2013-04-01T00:00:00.000Z,4/1/2013 3:30:00 PM,Mid-Block (not related to intersection),23.0,"MOTOR VEHICLE STRUCK PEDALCYCLIST, LEFT SIDE SIDESWIPE",,N,Clear or Partly Cloudy,Dry,Daylight,,,45,Vehicle - Pedalcyclist,0,N,Washington,47.68304684055406,-122.30724237042773
Intersection,4TH AVE AND STEWART ST,1,Property Damage Only Collision,Cycles,3,0,1,1,0,0,0,2018-11-07T00:00:00.000Z,11/7/2018 9:00:00 AM,At Intersection (intersection related),18.0,"MOTOR VEHICLE STRUCK PEDALCYCLIST, FRONT END AT ANGLE",Y,N,Clear or Partly Cloudy,Dry,Daylight,,,6,Pedalcyclist Strikes Moving Vehicle,0,N,Washington,47.612293873890955,-122.33873242845809
Intersection,2ND AVE AND CHERRY ST,2,Injury Collision,Cycles,2,0,1,1,1,0,0,2018-11-06T00:00:00.000Z,11/6/2018 7:55:00 AM,At Intersection (intersection related),18.0,"MOTOR VEHICLE STRUCK PEDALCYCLIST, FRONT END AT ANGLE",Y,N,Clear or Partly Cloudy,Dry,Daylight,,,5,Vehicle Strikes Pedalcyclist,0,N,Washington,47.60301939344011,-122.33317224593478
Block,3RD AVE BETWEEN UNIVERSITY ST AND UNION ST,1,Property Damage Only Collision,Cycles,3,0,1,1,0,0,0,2018-12-27T00:00:00.000Z,12/27/2018 9:34:00 AM,Mid-Block (not related to intersection),51.0,PEDALCYCLIST STRUCK MOTOR VEHICLE FRONT END AT ANGLE,Y,N,Clear or Partly Cloudy,Dry,Daylight,,,6,Pedalcyclist Strikes Moving Vehicle,0,N,Washington,47.608258538906114,-122.33642913028775
Block,8TH AVE BETWEEN OLIVE WAY AND STEWART ST,2,Injury Collision,Cycles,2,0,1,1,1,0,0,2018-12-05T00:00:00.000Z,12/5/2018 12:00:00 PM,Driveway Junction,18.0,"MOTOR VEHICLE STRUCK PEDALCYCLIST, FRONT END AT ANGLE",Y,N,Clear or Partly Cloudy,Dry,Daylight,,,6,Pedalcyclist Strikes Moving Vehicle,0,N,Washington,47.61450364671687,-122.33467655192725
Intersection,BELMONT AVE AND E PINE ST,2,Injury Collision,Cycles,3,0,1,1,1,0,0,2019-02-16T00:00:00.000Z,2/16/2019 7:22:00 PM,At Intersection (intersection related),18.0,"MOTOR VEHICLE STRUCK PEDALCYCLIST, FRONT END AT ANGLE",,N,Raining,Wet,Dark - Street Lights On,Y,,6,Pedalcyclist Strikes Moving Vehicle,0,N,Washington,47.61522500481614,-122.32447263631508
Intersection,BOYLSTON AVE AND E PINE ST,2,Injury Collision,Cycles,2,0,1,1,1,0,0,2019-02-14T00:00:00.000Z,2/14/2019 6:38:00 PM,At Intersection (intersection related),18.0,"MOTOR VEHICLE STRUCK PEDALCYCLIST, FRONT END AT ANGLE",,N,Raining,Wet,Dark - Street Lights On,,,6,Pedalcyclist Strikes Moving Vehicle,0,N,Washington,47.61523114208018,-122.32341547054027
Block,E MADISON ST BETWEEN 27TH N AVE E AND M L KING JR WAY E,2,Injury Collision,Cycles,2,0,1,1,1,0,0,2018-11-20T00:00:00.000Z,11/20/2018 8:30:00 AM,Mid-Block (not related to intersection),18.0,"MOTOR VEHICLE STRUCK PEDALCYCLIST, FRONT END AT ANGLE",,N,Clear or Partly Cloudy,Unknown,Daylight,,,6,Pedalcyclist Strikes Moving Vehicle,0,N,Washington,47.62302952193205,-122.29685042567509
Intersection,35TH AVE SW AND SW AVALON WAY,2,Injury Collision,Cycles,3,0,1,1,1,0,0,2019-02-19T00:00:00.000Z,2/19/2019 2:27:00 PM,At Intersection (intersection related),18.0,"MOTOR VEHICLE STRUCK PEDALCYCLIST, FRONT END AT ANGLE",,N,Raining,Wet,Daylight,,,5,Vehicle Strikes Pedalcyclist,0,N,Washington,47.56407659830421,-122.37618931768107
Block,ALASKAN WAY BETWEEN MADISON ST AND SPRING ST,2,Injury Collision,Cycles,3,0,1,1,1,0,0,2018-12-06T00:00:00.000Z,12/6/2018 3:48:00 PM,Mid-Block (not related to intersection),11.0,"MOTOR VEHICLE STRUCK MOTOR VEHICLE, FRONT END AT ANGLE",,N,Clear or Partly Cloudy,Dry,Daylight,,,8,Pedalcyclist All Other Involvements ONE UNIT - PEDALCYCLIST ONLY or PEDALCYCLIST STR,0,N,Washington,47.604133364412405,-122.33875643522472
Block,PEND OREILLE RD NE BETWEEN BURKE GILMAN TRL AND 25TH AVE NE,2,Injury Collision,Cycles,2,0,1,1,1,0,0,2018-12-11T00:00:00.000Z,12/11/2018 6:00:00 PM,Mid-Block (not related to intersection),18.0,"MOTOR VEHICLE STRUCK PEDALCYCLIST, FRONT END AT ANGLE",Y,N,Clear or Partly Cloudy,Wet,Dark - Street Lights On,,,5,Vehicle Strikes Pedalcyclist,0,N,Washington,47.66039107927329,-122.3014141710765
Intersection,7TH AVE AND BLANCHARD ST,1,Property Damage Only Collision,Cycles,3,0,1,1,0,0,0,2019-02-03T00:00:00.000Z,2/3/2019 1:23:00 AM,At Intersection (intersection related),18.0,"MOTOR VEHICLE STRUCK PEDALCYCLIST, FRONT END AT ANGLE",,N,Clear or Partly Cloudy,Dry,Dark - Street Lights On,,,6,Pedalcyclist Strikes Moving Vehicle,0,N,Washington,47.6165946541522,-122.3400549449465
Intersection,2ND AVE AND PINE ST,1,Property Damage Only Collision,Cycles,3,0,1,1,0,0,0,2019-01-30T00:00:00.000Z,1/30/2019 6:00:00 AM,At Intersection (intersection related),18.0,"MOTOR VEHICLE STRUCK PEDALCYCLIST, FRONT END AT ANGLE",,N,Clear or Partly Cloudy,Dry,Dark - Street Lights On,,,6,Pedalcyclist Strikes Moving Vehicle,0,N,Washington,47.61027832135139,-122.33981245711536
Intersection,1ST AVE S AND S SPOKANE SR ST,2,Injury Collision,Cycles,3,0,1,1,1,0,0,2019-01-27T00:00:00.000Z,1/27/2019 5:30:00 PM,At Intersection (intersection related),51.0,PEDALCYCLIST STRUCK MOTOR VEHICLE FRONT END AT ANGLE,,N,Clear or Partly Cloudy,Dry,Dark - Street Lights On,,,6,Pedalcyclist Strikes Moving Vehicle,0,N,Washington,47.57139257467391,-122.33419371666699
Block,LAKEVIEW BLVD E BETWEEN EASTLAKE AVE E AND BELMONT AVE E,2,Injury Collision,Cycles,2,0,1,1,1,0,0,2019-01-23T00:00:00.000Z,1/23/2019 9:13:00 AM,Mid-Block (but intersection related),51.0,PEDALCYCLIST STRUCK MOTOR VEHICLE FRONT END AT ANGLE,,N,Raining,Wet,Daylight,,,6,Pedalcyclist Strikes Moving Vehicle,0,N,Washington,47.627222920496386,-122.32904334213691
Intersection,8TH AVE SW AND SW ROXBURY ST,2,Injury Collision,Cycles,2,0,1,1,1,0,0,2019-01-18T00:00:00.000Z,1/18/2019 3:38:00 PM,At Intersection (intersection related),18.0,"MOTOR VEHICLE STRUCK PEDALCYCLIST, FRONT END AT ANGLE",,N,Overcast,Wet,Daylight,,,5,Vehicle Strikes Pedalcyclist,521998,N,Washington,47.517303436536466,-122.34542327108544
Intersection,MERCER ST AND QUEEN ANNE AVE N,2,Injury Collision,Cycles,2,0,1,1,1,0,0,2019-01-18T00:00:00.000Z,1/18/2019 5:30:00 PM,At Intersection (intersection related),18.0,"MOTOR VEHICLE STRUCK PEDALCYCLIST, FRONT END AT ANGLE",Y,N,Raining,Wet,Dark - Street Lights On,,,5,Vehicle Strikes Pedalcyclist,0,N,Washington,47.6245829734798,-122.3567092208327
Intersection,GREENWOOD AVE N AND N 68TH ST,2,Injury Collision,Cycles,2,0,1,1,1,0,0,2019-01-15T00:00:00.000Z,1/15/2019 4:48:00 PM,At Intersection (intersection related),51.0,PEDALCYCLIST STRUCK MOTOR VEHICLE FRONT END AT ANGLE,,N,Clear or Partly Cloudy,Dry,Dusk,,,5,Vehicle Strikes Pedalcyclist,0,N,Washington,47.67873427524064,-122.35531671568572
Intersection,BOREN AVE AND SENECA ST,1,Property Damage Only Collision,Cycles,2,0,1,1,0,0,0,2019-01-16T00:00:00.000Z,1/16/2019 4:07:00 PM,At Intersection (intersection related),51.0,PEDALCYCLIST STRUCK MOTOR VEHICLE FRONT END AT ANGLE,Y,N,Clear or Partly Cloudy,Dry,Daylight,Y,,5,Vehicle Strikes Pedalcyclist,0,N,Washington,47.61076543511686,-122.32644427220114
Intersection,1ST AVE S AND S DAWSON ST,1,Property Damage Only Collision,Cycles,2,0,1,1,0,0,0,2018-11-14T00:00:00.000Z,11/14/2018 12:08:00 PM,At Intersection (intersection related),18.0,"MOTOR VEHICLE STRUCK PEDALCYCLIST, FRONT END AT ANGLE",,N,Raining,Wet,Daylight,,,5,Vehicle Strikes Pedalcyclist,0,N,Washington,47.55566305722482,-122.33421450406556
Intersection,STONE WAY N AND N 34TH ST,2,Injury Collision,Cycles,2,0,1,1,1,0,0,2019-01-11T00:00:00.000Z,1/11/2019 5:20:00 PM,At Intersection (intersection related),51.0,PEDALCYCLIST STRUCK MOTOR VEHICLE FRONT END AT ANGLE,,N,Clear or Partly Cloudy,Dry,Dark - Street Lights On,,Y,6,Pedalcyclist Strikes Moving Vehicle,0,N,Washington,47.648540727826884,-122.34277540220636
Block,BOREN AVE BETWEEN E YESLER WAY AND E FIR ST,1,Property Damage Only Collision,Cycles,2,0,1,1,0,0,0,2019-01-09T00:00:00.000Z,1/9/2019 3:23:00 PM,Mid-Block (not related to intersection),21.0,"MOTOR VEHICLE STRUCK PEDALCYCLIST, REAR END",,N,Raining,Wet,Daylight,,,5,Vehicle Strikes Pedalcyclist,0,N,Washington,47.60219300250081,-122.31833643837719
Block,12TH AVE BETWEEN E MADISON ST AND E PIKE ST,2,Injury Collision,Cycles,2,0,1,1,1,0,0,2018-09-18T00:00:00.000Z,9/18/2018 10:09:00 AM,Mid-Block (not related to intersection),21.0,"MOTOR VEHICLE STRUCK PEDALCYCLIST, REAR END",,N,Overcast,Dry,Daylight,,,5,Vehicle Strikes Pedalcyclist,0,N,Washington,47.61349513768653,-122.3167845041913
Intersection,38TH AVE SW AND FAUNTLEROY WAY SW,2,Injury Collision,Cycles,2,0,1,1,1,0,0,2017-03-22T00:00:00.000Z,3/22/2017 5:12:00 AM,At Intersection (intersection related),18.0,"MOTOR VEHICLE STRUCK PEDALCYCLIST, FRONT END AT ANGLE",Y,N,Clear or Partly Cloudy,Dry,Dark - Street Lights On,,,45,Vehicle - Pedalcyclist,0,N,Washington,47.56225703051816,-122.38009272065256
Block,MERCER ST BETWEEN 5TH AVE N AND TAYLOR AVE N,2,Injury Collision,Cycles,2,0,1,1,1,0,0,2017-12-20T00:00:00.000Z,12/20/2017 6:15:00 PM,Mid-Block (not related to intersection),18.0,"MOTOR VEHICLE STRUCK PEDALCYCLIST, FRONT END AT ANGLE",,N,Unknown,Unknown,Unknown,Y,,45,Vehicle - Pedalcyclist,0,N,Washington,47.624559769935104,-122.34692066155093
Intersection,35TH AVE NE AND NE 95TH ST,2,Injury Collision,Cycles,2,0,1,1,1,0,0,2013-04-03T00:00:00.000Z,4/3/2013 1:40:00 PM,At Intersection (intersection related),18.0,"MOTOR VEHICLE STRUCK PEDALCYCLIST, FRONT END AT ANGLE",,N,Clear or Partly Cloudy,Dry,Daylight,Y,,45,Vehicle - Pedalcyclist,524610,N,Washington,47.697458797455596,-122.29053117784711
Intersection,23RD AVE NW AND NW 85TH ST,2,Injury Collision,Cycles,2,0,1,1,1,0,0,2013-04-04T00:00:00.000Z,4/4/2013 7:30:00 AM,At Intersection (intersection related),23.0,"MOTOR VEHICLE STRUCK PEDALCYCLIST, LEFT SIDE SIDESWIPE",,N,Unknown,Unknown,Daylight,Y,,45,Vehicle - Pedalcyclist,0,N,Washington,47.69058226155918,-122.38541667514777
Block,N 50TH ST BETWEEN STONE AVE N AND GREEN LAKE WAY N,2,Injury Collision,Cycles,2,0,1,1,1,0,0,2013-04-04T00:00:00.000Z,4/4/2013 5:05:00 PM,Mid-Block (not related to intersection),54.0,PEDALCYCLIST STRUCK MOTOR VEHICLE REAR END,,N,Raining,Wet,Daylight,,Y,45,Vehicle - Pedalcyclist,0,N,Washington,47.66503632716154,-122.3411467804393
Block,NE 47TH ST BETWEEN 24TH AVE NE AND 25TH AVE NE,1,Property Damage Only Collision,Cycles,2,0,1,1,0,0,0,2013-04-08T00:00:00.000Z,4/8/2013 2:36:00 PM,Mid-Block (but intersection related),18.0,"MOTOR VEHICLE STRUCK PEDALCYCLIST, FRONT END AT ANGLE",,N,Overcast,Dry,Daylight,,,45,Vehicle - Pedalcyclist,0,N,Washington,47.663139856247646,-122.30127199274528
Block,1ST AVE S BETWEEN S MAIN ST AND S JACKSON ST,2,Injury Collision,Cycles,2,0,1,1,1,0,0,2013-04-11T00:00:00.000Z,4/11/2013 2:09:00 PM,Mid-Block (not related to intersection),18.0,"MOTOR VEHICLE STRUCK PEDALCYCLIST, FRONT END AT ANGLE",,N,Raining,Wet,Daylight,Y,,45,Vehicle - Pedalcyclist,0,N,Washington,47.599625895252856,-122.33418648137815
Intersection,18TH AVE AND E JEFFERSON ST,1,Property Damage Only Collision,Cycles,2,0,1,1,0,0,0,2013-04-08T00:00:00.000Z,4/8/2013 5:40:00 PM,At Intersection (intersection related),0.0,NOT ENOUGH INFORMATION / NOT APPLICABLE,,N,Unknown,Unknown,Daylight,,,45,Vehicle - Pedalcyclist,0,N,Washington,47.606169971830546,-122.30894195194065
Intersection,1ST AVE N AND FLORENTIA ST,2b,Serious Injury Collision,Cycles,3,0,1,1,1,1,0,2004-08-11T00:00:00.000Z,8/11/2004 6:35:00 PM,At Intersection (intersection related),18.0,"MOTOR VEHICLE STRUCK PEDALCYCLIST, FRONT END AT ANGLE",,0,Clear or Partly Cloudy,Dry,Daylight,,,45,Vehicle - Pedalcyclist,0,N,Washington,47.64688578168904,-122.35552963061092
Block,2ND AVE BETWEEN PINE ST AND STEWART ST,2b,Serious Injury Collision,Cycles,2,0,1,1,1,1,0,2004-12-02T00:00:00.000Z,12/2/2004,Mid-Block (not related to intersection),54.0,PEDALCYCLIST STRUCK MOTOR VEHICLE REAR END,,0,Clear or Partly Cloudy,Dry,Daylight,,,45,Vehicle - Pedalcyclist,0,N,Washington,47.61062229598858,-122.34012716975988
Block,40TH AVE NE BETWEEN NE 73RD N ST AND NE 75TH ST,1,Property Damage Only Collision,Cycles,2,0,1,1,0,0,0,2004-09-19T00:00:00.000Z,9/19/2004 3:01:00 PM,Mid-Block (not related to intersection),21.0,"MOTOR VEHICLE STRUCK PEDALCYCLIST, REAR END",,1,Clear or Partly Cloudy,Dry,Daylight,Y,,45,Vehicle - Pedalcyclist,0,N,Washington,47.682351090876466,-122.28511652721978
Intersection,15TH AVE NW AND NW 61ST ST,2,Injury Collision,Cycles,2,0,1,1,1,0,0,2004-05-27T00:00:00.000Z,5/27/2004 8:15:00 PM,At Intersection (intersection related),18.0,"MOTOR VEHICLE STRUCK PEDALCYCLIST, FRONT END AT ANGLE",,0,Raining,Wet,Dusk,Y,,45,Vehicle - Pedalcyclist,0,N,Washington,47.673088777956416,-122.37621102458004
Intersection,BOREN AVE AND MARION ST,1,Property Damage Only Collision,Cycles,2,0,1,1,0,0,0,2004-06-15T00:00:00.000Z,6/15/2004 8:15:00 AM,At Intersection (intersection related),18.0,"MOTOR VEHICLE STRUCK PEDALCYCLIST, FRONT END AT ANGLE",,0,Clear or Partly Cloudy,Dry,Daylight,Y,,45,Vehicle - Pedalcyclist,0,N,Washington,47.608624480816815,-122.32448699772151
Block,BEACON AVE S BETWEEN S HANFORD ST AND S HORTON ST,2,Injury Collision,Cycles,2,0,1,1,1,0,0,2004-05-12T00:00:00.000Z,5/12/2004 5:17:00 PM,Mid-Block (not related to intersection),51.0,PEDALCYCLIST STRUCK MOTOR VEHICLE FRONT END AT ANGLE,,0,Clear or Partly Cloudy,Dry,Daylight,,,45,Vehicle - Pedalcyclist,0,N,Washington,47.57456877575026,-122.30905805927205
Intersection,6TH AVE S AND S DEARBORN ST,2,Injury Collision,Cycles,1,0,1,0,1,0,0,2004-06-17T00:00:00.000Z,6/17/2004 11:12:00 AM,At Intersection (intersection related),51.0,PEDALCYCLIST STRUCK MOTOR VEHICLE FRONT END AT ANGLE,,0,Clear or Partly Cloudy,Dry,Daylight,,,45,Vehicle - Pedalcyclist,0,N,Washington,47.595837273375686,-122.32637379821077
Block,BOREN AVE BETWEEN E FIR ST AND E ALDER ST,2,Injury Collision,Cycles,2,0,1,1,1,0,0,2004-09-03T00:00:00.000Z,9/3/2004,Mid-Block (not related to intersection),18.0,"MOTOR VEHICLE STRUCK PEDALCYCLIST, FRONT END AT ANGLE",,0,Clear or Partly Cloudy,Dry,Dark - Street Lights On,,,45,Vehicle - Pedalcyclist,0,N,Washington,47.603525057839114,-122.31971430237229
Intersection,25TH AVE NE AND NE 125TH ST,2,Injury Collision,Cycles,2,0,1,1,1,0,0,2004-06-21T00:00:00.000Z,6/21/2004 3:06:00 PM,At Intersection (intersection related),18.0,"MOTOR VEHICLE STRUCK PEDALCYCLIST, FRONT END AT ANGLE",,0,Clear or Partly Cloudy,Dry,Daylight,Y,,45,Vehicle - Pedalcyclist,0,N,Washington,47.719316165046756,-122.30186480482851
Intersection,28TH AVE E AND E MADISON ST,2,Injury Collision,Cycles,2,0,1,1,1,0,0,2004-06-10T00:00:00.000Z,6/10/2004 5:06:00 PM,At Intersection (intersection related),18.0,"MOTOR VEHICLE STRUCK PEDALCYCLIST, FRONT END AT ANGLE",,0,Clear or Partly Cloudy,Dry,Daylight,Y,,45,Vehicle - Pedalcyclist,0,N,Washington,47.62347604876238,-122.29618878574509
Intersection,19TH AVE AND E UNION ST,2,Injury Collision,Cycles,2,0,1,1,1,0,0,2004-08-18T00:00:00.000Z,8/18/2004 5:07:00 PM,At Intersection (intersection related),18.0,"MOTOR VEHICLE STRUCK PEDALCYCLIST, FRONT END AT ANGLE",,0,Clear or Partly Cloudy,Dry,Daylight,,,45,Vehicle - Pedalcyclist,0,N,Washington,47.612898268136206,-122.30750481647611
Intersection,MADISON ST AND WESTERN AVE,2,Injury Collision,Cycles,5,0,1,1,1,0,0,2004-08-28T00:00:00.000Z,8/28/2004 3:41:00 PM,At Intersection (intersection related),51.0,PEDALCYCLIST STRUCK MOTOR VEHICLE FRONT END AT ANGLE,,0,Clear or Partly Cloudy,Dry,Daylight,,,45,Vehicle - Pedalcyclist,0,N,Washington,47.60423027225696,-122.33734868838344
Block,14TH AVE S BETWEEN S COLLEGE ST AND BEACON AVE S,2b,Serious Injury Collision,Cycles,2,0,1,1,1,1,0,2004-07-01T00:00:00.000Z,7/1/2004,Driveway Junction,18.0,"MOTOR VEHICLE STRUCK PEDALCYCLIST, FRONT END AT ANGLE",Y,0,Overcast,Dry,Daylight,,,45,Vehicle - Pedalcyclist,0,N,Washington,47.582429460094936,-122.31470296784515
Block,E MADISON ST BETWEEN LAKE WASHINGTON BLVD E AND 32ND AVE E,2,Injury Collision,Cycles,3,0,1,1,1,0,0,2004-08-04T00:00:00.000Z,8/4/2004,Mid-Block (not related to intersection),56.0,PEDALCYCLIST STRUCK MOTOR VEHICLE LEFT SIDE SIDESWIPE,,0,Clear or Partly Cloudy,Dry,Daylight,Y,,45,Vehicle - Pedalcyclist,0,N,Washington,47.626528045372716,-122.29168646899036
Intersection,LAKE CITY WAY NE AND NE 115TH ST,1,Property Damage Only Collision,Cycles,2,0,1,1,0,0,0,2004-05-20T00:00:00.000Z,5/20/2004 8:50:00 AM,At Intersection (intersection related),18.0,"MOTOR VEHICLE STRUCK PEDALCYCLIST, FRONT END AT ANGLE",,0,Overcast,Dry,Daylight,Y,,45,Vehicle - Pedalcyclist,0,N,Washington,47.712044252222064,-122.29951197417681
Intersection,11TH AVE NE AND NE 50TH ST,1,Property Damage Only Collision,Cycles,2,0,1,1,0,0,0,2004-10-12T00:00:00.000Z,10/12/2004 5:58:00 PM,At Intersection (intersection related),18.0,"MOTOR VEHICLE STRUCK PEDALCYCLIST, FRONT END AT ANGLE",,0,Clear or Partly Cloudy,Dry,Dusk,,,45,Vehicle - Pedalcyclist,0,N,Washington,47.664927673378536,-122.31633451828236
Intersection,LAKE WASHINGTON BLVD S AND S ORCAS ST,2,Injury Collision,Cycles,2,0,1,1,1,0,0,2004-05-17T00:00:00.000Z,5/17/2004 6:49:00 PM,At Intersection (intersection related),18.0,"MOTOR VEHICLE STRUCK PEDALCYCLIST, FRONT END AT ANGLE",Y,0,Clear or Partly Cloudy,Dry,Daylight,Y,,45,Vehicle - Pedalcyclist,0,N,Washington,47.55104977884832,-122.2593430029616