addrtype,location,severitycode,severitydesc,collisiontype,personcount,pedcount,pedcylcount,vehcount,injuries,seriousinjuries,fatalities,incdate,incdttm,junctiontype,sdot_colcode,sdot_coldesc,inattentionind,underinfl,weather,roadcond,lightcond,pedrownotgrnt,speeding,st_colcode,st_coldesc,crosswalkkey,hitparkedcar,state,latitude,longitude
Block,PINE ST BETWEEN BOREN AVE AND MINOR AVE,2,Injury Collision,Cycles,2,0,1,1,1,0,0,2004-08-22T00:00:00.000Z,8/22/2004 10:08:00 PM,Mid-Block (not related to intersection),18.0,"MOTOR VEHICLE STRUCK PEDALCYCLIST, FRONT END AT ANGLE",,0,Raining,Wet,Dark - Street Lights On,,,45,Vehicle - Pedalcyclist,0,N,Washington,47.614688206907495,-122.32926856566573
Block,NE 45TH ST BETWEEN U VILLAGE DR AND NE 45TH PL,1,Property Damage Only Collision,Cycles,2,0,1,1,0,0,0,2004-08-30T00:00:00.000Z,8/30/2004 2:50:00 PM,Driveway Junction,18.0,"MOTOR VEHICLE STRUCK PEDALCYCLIST, FRONT END AT ANGLE",,0,Clear or Partly Cloudy,Dry,Daylight,Y,,45,Vehicle - Pedalcyclist,0,N,Washington,47.66124550883548,-122.29476288049037
Intersection,BALLARD BR ON RP AND NW BALLARD WAY,2,Injury Collision,Cycles,2,0,1,1,1,0,0,2004-08-11T00:00:00.000Z,8/11/2004 11:41:00 AM,At Intersection (intersection related),18.0,"MOTOR VEHICLE STRUCK PEDALCYCLIST, FRONT END AT ANGLE",,0,Clear or Partly Cloudy,Dry,Daylight,,,45,Vehicle - Pedalcyclist,0,N,Washington,47.6629346060046,-122.37632083687944
Block,15TH AVE E BETWEEN E DENNY WAY AND E JOHN SR ST,2,Injury Collision,Cycles,2,0,1,1,1,0,0,2004-09-28T00:00:00.000Z,9/28/2004 9:01:00 AM,Mid-Block (not related to intersection),56.0,PEDALCYCLIST STRUCK MOTOR VEHICLE LEFT SIDE SIDESWIPE,,0,Overcast,Dry,Daylight,,,45,Vehicle - Pedalcyclist,0,N,Washington,47.619090803268136,-122.31273303243492
Block,E OLIVE WAY BETWEEN HARVARD AVE E AND BROADWAY E,2,Injury Collision,Cycles,4,0,1,1,1,0,0,2004-08-20T00:00:00.000Z,8/20/2004 6:00:00 PM,Driveway Junction,51.0,PEDALCYCLIST STRUCK MOTOR VEHICLE FRONT END AT ANGLE,,0,Clear or Partly Cloudy,Dry,Daylight,,Y,45,Vehicle - Pedalcyclist,0,N,Washington,47.61990296080325,-122.32154145984535
Intersection,10TH AVE E AND E NEWTON ST,2,Injury Collision,Cycles,2,0,1,1,1,0,0,2004-01-11T00:00:00.000Z,1/11/2004 3:51:00 PM,At Intersection (intersection related),18.0,"MOTOR VEHICLE STRUCK PEDALCYCLIST, FRONT END AT ANGLE",,0,Clear or Partly Cloudy,Dry,Daylight,Y,,45,Vehicle - Pedalcyclist,0,N,Washington,47.63725179743876,-122.32007982317428
Block,LAKE WASHINGTON BLVD E BETWEEN E MADISON ST AND ARBORETUM DR E,2,Injury Collision,Cycles,2,0,1,1,1,0,0,2004-06-19T00:00:00.000Z,6/19/2004 11:10:00 AM,Mid-Block (not related to intersection),23.0,"MOTOR VEHICLE STRUCK PEDALCYCLIST, LEFT SIDE SIDESWIPE",,0,Clear or Partly Cloudy,Dry,Daylight,,,45,Vehicle - Pedalcyclist,0,N,Washington,47.627191362075216,-122.29298983476741
Intersection,28TH AVE NW AND NW 59TH ST,2b,Serious Injury Collision,Cycles,2,0,1,1,1,1,0,2004-09-09T00:00:00.000Z,9/9/2004,At Intersection (intersection related),51.0,PEDALCYCLIST STRUCK MOTOR VEHICLE FRONT END AT ANGLE,,0,Clear or Partly Cloudy,Dry,Daylight,,,45,Vehicle - Pedalcyclist,0,N,Washington,47.67165050216655,-122.39287014074304
Intersection,SEAVIEW AVE NW AND NW 61ST ST,2b,Serious Injury Collision,Cycles,2,0,1,1,1,1,0,2004-06-14T00:00:00.000Z,6/14/2004 5:37:00 PM,At Intersection (intersection related),18.0,"MOTOR VEHICLE STRUCK PEDALCYCLIST, FRONT END AT ANGLE",,0,Clear or Partly Cloudy,Dry,Daylight,Y,,45,Vehicle - Pedalcyclist,0,N,Washington,47.67276013902313,-122.4063423676121
Intersection,LINDEN AVE N AND N 72ND ST,2,Injury Collision,Cycles,2,0,1,1,1,0,0,2004-04-03T00:00:00.000Z,4/3/2004,At Intersection (intersection related),18.0,"MOTOR VEHICLE STRUCK PEDALCYCLIST, FRONT END AT ANGLE",,0,Clear or Partly Cloudy,Dry,Daylight,Y,,45,Vehicle - Pedalcyclist,0,N,Washington,47.68104928287549,-122.34703354660826
Intersection,BLAINE ST AND QUEEN ANNE AVE N,2,Injury Collision,Cycles,2,0,1,1,1,0,0,2004-07-20T00:00:00.000Z,7/20/2004 5:53:00 PM,At Intersection (intersection related),18.0,"MOTOR VEHICLE STRUCK PEDALCYCLIST, FRONT END AT ANGLE",,0,Clear or Partly Cloudy,Dry,Daylight,Y,,45,Vehicle - Pedalcyclist,0,N,Washington,47.63474278029002,-122.3569698033951
Intersection,5TH AVE AND SPRING ST,2,Injury Collision,Cycles,2,0,1,1,1,0,0,2004-07-12T00:00:00.000Z,7/12/2004 4:20:00 PM,At Intersection (intersection related),18.0,"MOTOR VEHICLE STRUCK PEDALCYCLIST, FRONT END AT ANGLE",,0,Clear or Partly Cloudy,Dry,Daylight,,,45,Vehicle - Pedalcyclist,0,N,Washington,47.607266309863746,-122.33245128131384
Intersection,COLLEGE WAY N AND N 100TH ST,2,Injury Collision,Cycles,2,0,1,1,1,0,0,2004-01-29T00:00:00.000Z,1/29/2004 12:00:00 PM,At Intersection (intersection related),51.0,PEDALCYCLIST STRUCK MOTOR VEHICLE FRONT END AT ANGLE,,0,Raining,Wet,Daylight,,,45,Vehicle - Pedalcyclist,0,N,Washington,47.7014115454031,-122.33510998434059
Intersection,28TH AVE SW AND SW YANCY ST,2b,Serious Injury Collision,Cycles,2,0,1,1,2,1,0,2004-08-31T00:00:00.000Z,8/31/2004 1:51:00 PM,At Intersection (intersection related),51.0,PEDALCYCLIST STRUCK MOTOR VEHICLE FRONT END AT ANGLE,,0,Clear or Partly Cloudy,Dry,Daylight,,,45,Vehicle - Pedalcyclist,0,N,Washington,47.56761451901117,-122.36809149321807
Intersection,SHILSHOLE AVE NW AND NW 46TH ST,2,Injury Collision,Cycles,2,0,1,1,1,0,0,2004-09-22T00:00:00.000Z,9/22/2004 7:58:00 AM,At Intersection (intersection related),51.0,PEDALCYCLIST STRUCK MOTOR VEHICLE FRONT END AT ANGLE,,0,Overcast,Dry,Daylight,,,45,Vehicle - Pedalcyclist,0,N,Washington,47.6622071015203,-122.37830241928623
Intersection,4TH AVE AND JEFFERSON ST,2,Injury Collision,Cycles,2,0,1,1,1,0,0,2004-10-11T00:00:00.000Z,10/11/2004 1:45:00 PM,At Intersection (intersection related),18.0,"MOTOR VEHICLE STRUCK PEDALCYCLIST, FRONT END AT ANGLE",,0,Clear or Partly Cloudy,Dry,Daylight,Y,,45,Vehicle - Pedalcyclist,0,N,Washington,47.60251993812098,-122.32964538250627
Intersection,15TH AVE NE AND NE PACIFIC ST,2,Injury Collision,Cycles,6,0,1,1,1,0,0,2004-07-22T00:00:00.000Z,7/22/2004 9:07:00 AM,At Intersection (intersection related),18.0,"MOTOR VEHICLE STRUCK PEDALCYCLIST, FRONT END AT ANGLE",,0,Clear or Partly Cloudy,Dry,Daylight,,,45,Vehicle - Pedalcyclist,0,N,Washington,47.65297596413605,-122.31246414473328
Block,LAKE WASHINGTON BLVD S BETWEEN LAKE PARK DR S AND S HORTON NR ST,1,Property Damage Only Collision,Cycles,2,0,1,1,0,0,0,2004-01-18T00:00:00.000Z,1/18/2004 2:39:00 PM,Mid-Block (not related to intersection),23.0,"MOTOR VEHICLE STRUCK PEDALCYCLIST, LEFT SIDE SIDESWIPE",,0,Overcast,Wet,Daylight,,,45,Vehicle - Pedalcyclist,0,N,Washington,47.57887321646986,-122.28369058723595
Intersection,32ND AVE AND E ALDER N ST,2,Injury Collision,Cycles,2,0,1,1,1,0,0,2004-05-14T00:00:00.000Z,5/14/2004 7:43:00 PM,At Intersection (intersection related),18.0,"MOTOR VEHICLE STRUCK PEDALCYCLIST, FRONT END AT ANGLE",,0,Clear or Partly Cloudy,Dry,Daylight,,,45,Vehicle - Pedalcyclist,0,N,Washington,47.60450585034065,-122.29159387854946
Intersection,3RD AVE W AND W BERTONA ST,2,Injury Collision,Cycles,2,0,1,1,2,0,0,2004-08-02T00:00:00.000Z,8/2/2004,At Intersection (intersection related),18.0,"MOTOR VEHICLE STRUCK PEDALCYCLIST, FRONT END AT ANGLE",,0,Clear or Partly Cloudy,Dry,Daylight,Y,,45,Vehicle - Pedalcyclist,0,N,Washington,47.650417335905026,-122.36087974235546
Block,37TH AVE SW BETWEEN FAUNTLEROY WAY SW AND SW OREGON ST,2b,Serious Injury Collision,Cycles,2,0,1,1,1,1,0,2004-08-04T00:00:00.000Z,8/4/2004,Mid-Block (not related to intersection),18.0,"MOTOR VEHICLE STRUCK PEDALCYCLIST, FRONT END AT ANGLE",Y,0,Overcast,Dry,Daylight,,,45,Vehicle - Pedalcyclist,0,N,Washington,47.563069424657385,-122.37877138087671
Block,68TH AVE S BETWEEN S BANGOR CT AND 66TH AVE S,2,Injury Collision,Cycles,2,0,1,1,1,0,0,2004-08-31T00:00:00.000Z,8/31/2004 5:36:00 PM,Driveway Junction,18.0,"MOTOR VEHICLE STRUCK PEDALCYCLIST, FRONT END AT ANGLE",,0,Clear or Partly Cloudy,Dry,Daylight,,,45,Vehicle - Pedalcyclist,0,N,Washington,47.504358949697476,-122.24939911419209
Intersection,26TH AVE NW AND NW MARKET ST,2,Injury Collision,Cycles,2,0,1,1,1,0,0,2004-05-20T00:00:00.000Z,5/20/2004 5:17:00 PM,At Intersection (intersection related),18.0,"MOTOR VEHICLE STRUCK PEDALCYCLIST, FRONT END AT ANGLE",,0,Clear or Partly Cloudy,Dry,Daylight,Y,,45,Vehicle - Pedalcyclist,0,N,Washington,47.66866841104621,-122.39014494585031
Intersection,8TH AVE NE AND NE 100TH ST,2,Injury Collision,Cycles,2,0,1,1,1,0,0,2004-05-05T00:00:00.000Z,5/5/2004,At Intersection (intersection related),51.0,PEDALCYCLIST STRUCK MOTOR VEHICLE FRONT END AT ANGLE,,0,Overcast,Dry,Dawn,,,45,Vehicle - Pedalcyclist,0,N,Washington,47.70130621243972,-122.32040885572256
Block,LAKE CITY WAY NE BETWEEN NE 98TH ST AND NE 100TH ST,2b,Serious Injury Collision,Cycles,2,0,1,1,1,1,0,2004-06-25T00:00:00.000Z,6/25/2004 7:50:00 PM,Mid-Block (but intersection related),51.0,PEDALCYCLIST STRUCK MOTOR VEHICLE FRONT END AT ANGLE,,0,Clear or Partly Cloudy,Dry,Daylight,,,45,Vehicle - Pedalcyclist,0,N,Washington,47.700720322025106,-122.3029361029248
Block,NE 50TH ST BETWEEN 15TH AVE NE AND 16TH AVE NE,2,Injury Collision,Cycles,2,0,1,1,1,0,0,2004-05-01T00:00:00.000Z,5/1/2004,Driveway Junction,18.0,"MOTOR VEHICLE STRUCK PEDALCYCLIST, FRONT END AT ANGLE",,0,Clear or Partly Cloudy,Dry,Daylight,Y,,45,Vehicle - Pedalcyclist,0,N,Washington,47.66488853831376,-122.31137174788343
Intersection,31ST AVE AND E YESLER WAY,2,Injury Collision,Cycles,3,0,1,1,1,0,0,2004-07-05T00:00:00.000Z,7/5/2004,At Intersection (intersection related),18.0,"MOTOR VEHICLE STRUCK PEDALCYCLIST, FRONT END AT ANGLE",Y,0,Clear or Partly Cloudy,Dry,Daylight,,,45,Vehicle - Pedalcyclist,0,N,Washington,47.60164758389983,-122.29251724788912
Block,LAKESIDE AVE S BETWEEN S LANE ST AND 35TH AVE S,2,Injury Collision,Cycles,2,0,1,1,1,0,0,2004-07-02T00:00:00.000Z,7/2/2004,Driveway Junction,18.0,"MOTOR VEHICLE STRUCK PEDALCYCLIST, FRONT END AT ANGLE",,0,Overcast,Dry,Daylight,Y,,45,Vehicle - Pedalcyclist,0,N,Washington,47.59629348824365,-122.28764138670984
Block,NW 63RD ST BETWEEN 11TH AVE NW AND 14TH AVE NW,2,Injury Collision,Cycles,3,0,1,1,1,0,0,2004-07-25T00:00:00.000Z,7/25/2004 3:41:00 PM,Driveway Junction,51.0,PEDALCYCLIST STRUCK MOTOR VEHICLE FRONT END AT ANGLE,,0,Clear or Partly Cloudy,Dry,Daylight,,,45,Vehicle - Pedalcyclist,0,N,Washington,47.67454356979762,-122.37248336631627
Block,HIGHLAND PARK WAY SW BETWEEN SW OTHELLO ST AND SW HOLDEN N ST,2,Injury Collision,Cycles,2,0,1,1,1,0,0,2004-02-19T00:00:00.000Z,2/19/2004 4:10:00 PM,Mid-Block (not related to intersection),21.0,"MOTOR VEHICLE STRUCK PEDALCYCLIST, REAR END",,0,Clear or Partly Cloudy,Dry,Daylight,Y,,45,Vehicle - Pedalcyclist,0,N,Washington,47.53523644625394,-122.34714553375805
Block,12TH AVE BETWEEN E PIKE ST AND E PINE ST,2,Injury Collision,Cycles,2,0,1,1,1,0,0,2004-05-03T00:00:00.000Z,5/3/2004,Driveway Junction,18.0,"MOTOR VEHICLE STRUCK PEDALCYCLIST, FRONT END AT ANGLE",,0,Clear or Partly Cloudy,Dry,Daylight,Y,,45,Vehicle - Pedalcyclist,0,N,Washington,47.61468248267776,-122.31684498722672
Intersection,DELRIDGE WAY SW AND SW CLOVERDALE ST,2,Injury Collision,Cycles,2,0,1,1,1,0,0,2004-05-05T00:00:00.000Z,5/5/2004,At Intersection (intersection related),51.0,PEDALCYCLIST STRUCK MOTOR VEHICLE FRONT END AT ANGLE,,0,Clear or Partly Cloudy,Dry,Daylight,,,45,Vehicle - Pedalcyclist,0,N,Washington,47.52648847438231,-122.36046956574259
Block,DENNY WAY BETWEEN STEWART ST AND MELROSE AVE,2,Injury Collision,Cycles,6,0,1,2,1,0,0,2004-12-18T00:00:00.000Z,12/18/2004 1:29:00 AM,Mid-Block (but intersection related),56.0,PEDALCYCLIST STRUCK MOTOR VEHICLE LEFT SIDE SIDESWIPE,Y,1,Overcast,Wet,Dark - Street Lights On,,,45,Vehicle - Pedalcyclist,0,N,Washington,47.618449353789465,-122.32929210567913
Block,LAKE CITY WAY NE BETWEEN 16TH AVE NE AND NE 82ND ST,2,Injury Collision,Cycles,2,0,1,1,1,0,0,2004-11-04T00:00:00.000Z,11/4/2004,Mid-Block (not related to intersection),21.0,"MOTOR VEHICLE STRUCK PEDALCYCLIST, REAR END",,0,Clear or Partly Cloudy,Dry,Daylight,,,45,Vehicle - Pedalcyclist,0,N,Washington,47.68837924510507,-122.31093721758856
Block,BROOKLYN AVE NE BETWEEN NE 41ST ST AND NE 42ND ST,2,Injury Collision,Cycles,2,0,1,1,1,0,0,2004-04-06T00:00:00.000Z,4/6/2004,Mid-Block (not related to intersection),18.0,"MOTOR VEHICLE STRUCK PEDALCYCLIST, FRONT END AT ANGLE",,0,Clear or Partly Cloudy,Dry,Daylight,Y,,45,Vehicle - Pedalcyclist,0,N,Washington,47.657587042891244,-122.31438280544528
Intersection,3RD AVE AND VINE ST,2,Injury Collision,Cycles,3,0,1,1,1,0,0,2004-03-18T00:00:00.000Z,3/18/2004 2:02:00 AM,At Intersection (intersection related),51.0,PEDALCYCLIST STRUCK MOTOR VEHICLE FRONT END AT ANGLE,,0,Overcast,Dry,Dark - Street Lights On,,,45,Vehicle - Pedalcyclist,0,N,Washington,47.61657884246956,-122.3479637662434
Intersection,46TH AVE S AND S SNOQUALMIE ST,2,Injury Collision,Cycles,2,0,1,1,1,0,0,2004-04-25T00:00:00.000Z,4/25/2004 6:00:00 PM,At Intersection (intersection related),51.0,PEDALCYCLIST STRUCK MOTOR VEHICLE FRONT END AT ANGLE,,0,Clear or Partly Cloudy,Dry,Daylight,,,45,Vehicle - Pedalcyclist,0,N,Washington,47.56174279561218,-122.2757332625748
Intersection,ETRURIA ST AND NICKERSON ST,2,Injury Collision,Cycles,2,0,1,1,1,0,0,2004-03-31T00:00:00.000Z,3/31/2004 1:20:00 PM,At Intersection (intersection related),18.0,"MOTOR VEHICLE STRUCK PEDALCYCLIST, FRONT END AT ANGLE",,0,Clear or Partly Cloudy,Dry,Daylight,Y,,45,Vehicle - Pedalcyclist,0,N,Washington,47.6477697865628,-122.3533227698113
Intersection,8TH AVE NW AND NW 44TH ST,1,Property Damage Only Collision,Cycles,2,0,1,1,0,0,0,2004-06-14T00:00:00.000Z,6/14/2004 3:45:00 PM,At Intersection (intersection related),18.0,"MOTOR VEHICLE STRUCK PEDALCYCLIST, FRONT END AT ANGLE",,0,Clear or Partly Cloudy,Dry,Dark - Street Lights On,,,45,Vehicle - Pedalcyclist,0,N,Washington,47.66079596427265,-122.36615634898487
Intersection,24TH AVE NW AND NW 98TH N ST,2,Injury Collision,Cycles,2,1,1,0,2,0,0,2004-02-29T00:00:00.000Z,2/29/2004 3:21:00 PM,At Intersection (intersection related),64.0,PEDALCYCLIST STRUCK PEDESTRIAN,,0,Clear or Partly Cloudy,Dry,Daylight,,,45,Vehicle - Pedalcyclist,0,N,Washington,47.700463580438296,-122.38755810228459
Block,PIKE ST BETWEEN 7TH AVE AND 8TH AVE,2,Injury Collision,Cycles,2,0,1,1,1,0,0,2004-05-04T00:00:00.000Z,5/4/2004,Mid-Block (not related to intersection),18.0,"MOTOR VEHICLE STRUCK PEDALCYCLIST, FRONT END AT ANGLE",,0,Clear or Partly Cloudy,Dry,Daylight,,,45,Vehicle - Pedalcyclist,0,N,Washington,47.611837743879995,-122.3328006661241
Block,STONE WAY N BETWEEN N 46TH ST AND N 47TH ST,2,Injury Collision,Cycles,2,0,1,1,1,0,0,2004-09-01T00:00:00.000Z,9/1/2004,Mid-Block (not related to intersection),54.0,PEDALCYCLIST STRUCK MOTOR VEHICLE REAR END,Y,0,Raining,Wet,Dark - Street Lights On,,,45,Vehicle - Pedalcyclist,0,N,Washington,47.66248024316428,-122.34182348993113
Block,DEXTER AVE N BETWEEN JOHN ST AND THOMAS ST,1,Property Damage Only Collision,Cycles,2,0,1,1,0,0,0,2004-09-24T00:00:00.000Z,9/24/2004 8:44:00 AM,Mid-Block (not related to intersection),56.0,PEDALCYCLIST STRUCK MOTOR VEHICLE LEFT SIDE SIDESWIPE,Y,0,Overcast,Dry,Daylight,,,45,Vehicle - Pedalcyclist,0,N,Washington,47.620302635026206,-122.3423867333184
Block,15TH AVE NW BETWEEN NW 65TH ST AND NW 67TH ST,2,Injury Collision,Cycles,2,0,1,1,1,0,0,2004-06-03T00:00:00.000Z,6/3/2004,Mid-Block (but intersection related),54.0,PEDALCYCLIST STRUCK MOTOR VEHICLE REAR END,,1,Clear or Partly Cloudy,Dry,Daylight,,,45,Vehicle - Pedalcyclist,0,N,Washington,47.67682047183223,-122.37676111696787
Block,WESTERN AVE BETWEEN SENECA ST AND UNIVERSITY ST,2,Injury Collision,Cycles,2,0,1,1,1,0,0,2004-02-12T00:00:00.000Z,2/12/2004 4:30:00 PM,Driveway Junction,18.0,"MOTOR VEHICLE STRUCK PEDALCYCLIST, FRONT END AT ANGLE",Y,0,Clear or Partly Cloudy,Dry,Daylight,,,45,Vehicle - Pedalcyclist,0,N,Washington,47.606012608304155,-122.3389792850098
Intersection,STONE WAY N AND N NORTHLAKE WAY,2,Injury Collision,Cycles,2,0,1,1,1,0,0,2004-04-22T00:00:00.000Z,4/22/2004 5:55:00 PM,At Intersection (intersection related),18.0,"MOTOR VEHICLE STRUCK PEDALCYCLIST, FRONT END AT ANGLE",,0,Clear or Partly Cloudy,Dry,Daylight,Y,,45,Vehicle - Pedalcyclist,0,N,Washington,47.648164198755424,-122.34279388813812
Block,NE 65TH ST BETWEEN 20TH AVE NE AND 21ST W AVE NE,2b,Serious Injury Collision,Cycles,2,0,1,1,1,1,0,2004-09-24T00:00:00.000Z,9/24/2004 5:22:00 AM,Mid-Block (not related to intersection),18.0,"MOTOR VEHICLE STRUCK PEDALCYCLIST, FRONT END AT ANGLE",,0,Clear or Partly Cloudy,Dry,Dark - Street Lights On,,,45,Vehicle - Pedalcyclist,0,N,Washington,47.67577804757629,-122.30599583022254
Intersection,40TH AVE NE AND NE 55TH ST,2,Injury Collision,Cycles,2,0,1,1,1,0,0,2004-08-20T00:00:00.000Z,8/20/2004 5:20:00 PM,At Intersection (intersection related),51.0,PEDALCYCLIST STRUCK MOTOR VEHICLE FRONT END AT ANGLE,,0,Clear or Partly Cloudy,Dry,Daylight,,,45,Vehicle - Pedalcyclist,0,N,Washington,47.6685093016896,-122.28482300439441
Intersection,48TH AVE SW AND SW SPOKANE ST,2,Injury Collision,Cycles,2,0,1,1,1,0,0,2004-08-22T00:00:00.000Z,8/22/2004 8:30:00 PM,At Intersection (intersection related),18.0,"MOTOR VEHICLE STRUCK PEDALCYCLIST, FRONT END AT ANGLE",,0,Overcast,Wet,Dusk,Y,,45,Vehicle - Pedalcyclist,0,N,Washington,47.57208162217884,-122.39341698746908
Intersection,HARVARD AVE AND E PIKE ST,2,Injury Collision,Cycles,2,0,1,1,1,0,0,2004-10-14T00:00:00.000Z,10/14/2004 7:00:00 PM,At Intersection (intersection related),18.0,"MOTOR VEHICLE STRUCK PEDALCYCLIST, FRONT END AT ANGLE",,0,Clear or Partly Cloudy,Dry,Dark - Street Lights On,Y,,45,Vehicle - Pedalcyclist,0,N,Washington,47.614066196262954,-122.3221109248895
Block,NE 80TH ST BETWEEN 15TH AVE NE AND 16TH AVE NE,2,Injury Collision,Cycles,2,0,1,1,1,0,0,2004-05-28T00:00:00.000Z,5/28/2004 5:47:00 PM,Driveway Junction,18.0,"MOTOR VEHICLE STRUCK PEDALCYCLIST, FRONT END AT ANGLE",Y,0,Overcast,Wet,Daylight,,,45,Vehicle - Pedalcyclist,0,N,Washington,47.68667634523649,-122.31161880296362
Intersection,LENORA ST AND WESTERN AVE,2,Injury Collision,Cycles,2,0,1,1,1,0,0,2004-10-04T00:00:00.000Z,10/4/2004,At Intersection (intersection related),18.0,"MOTOR VEHICLE STRUCK PEDALCYCLIST, FRONT END AT ANGLE",,0,Clear or Partly Cloudy,Dry,Daylight,Y,,45,Vehicle - Pedalcyclist,0,N,Washington,47.61117277028736,-122.34477198486212
Intersection,4TH AVE S AND S WASHINGTON ST,2,Injury Collision,Cycles,5,0,1,2,1,0,0,2004-02-28T00:00:00.000Z,2/28/2004 8:50:00 AM,At Intersection (intersection related),18.0,"MOTOR VEHICLE STRUCK PEDALCYCLIST, FRONT END AT ANGLE",,1,Clear or Partly Cloudy,Dry,Daylight,,,45,Vehicle - Pedalcyclist,0,N,Washington,47.600875440716685,-122.3289625572052
Block,FAIRVIEW AVE N BETWEEN YALE AVE N AND FAIRVIEW AVE E,1,Property Damage Only Collision,Cycles,3,0,1,1,0,0,0,2004-04-09T00:00:00.000Z,4/9/2004,Driveway Junction,18.0,"MOTOR VEHICLE STRUCK PEDALCYCLIST, FRONT END AT ANGLE",,0,Clear or Partly Cloudy,Dry,Dusk,,,45,Vehicle - Pedalcyclist,0,N,Washington,47.630299771778354,-122.32888190836927
Intersection,1ST AVE AND MADISON ST,2b,Serious Injury Collision,Cycles,2,0,1,1,1,1,0,2004-11-09T00:00:00.000Z,11/9/2004,At Intersection (intersection related),18.0,"MOTOR VEHICLE STRUCK PEDALCYCLIST, FRONT END AT ANGLE",,0,Clear or Partly Cloudy,Dry,Dark - Street Lights On,,,45,Vehicle - Pedalcyclist,0,N,Washington,47.60469504653443,-122.3362384330736
Intersection,BOREN AVE N AND MERCER SR ST,2,Injury Collision,Cycles,2,0,1,1,1,0,0,2004-09-27T00:00:00.000Z,9/27/2004 4:14:00 PM,At Intersection (intersection related),18.0,"MOTOR VEHICLE STRUCK PEDALCYCLIST, FRONT END AT ANGLE",,0,Clear or Partly Cloudy,Dry,Daylight,,,45,Vehicle - Pedalcyclist,0,N,Washington,47.62454274661636,-122.33582712520592
Intersection,EASTLAKE AVE E AND E LOUISA ST,2,Injury Collision,Cycles,2,0,1,1,1,0,0,2004-07-27T00:00:00.000Z,7/27/2004 9:46:00 AM,At Intersection (intersection related),18.0,"MOTOR VEHICLE STRUCK PEDALCYCLIST, FRONT END AT ANGLE",,0,Clear or Partly Cloudy,Dry,Daylight,Y,,45,Vehicle - Pedalcyclist,0,N,Washington,47.6420304999034,-122.3258883695456
Intersection,21ST AVE NW AND NW 67TH ST,2,Injury Collision,Cycles,4,0,1,1,1,0,0,2004-08-14T00:00:00.000Z,8/14/2004 7:49:00 PM,At Intersection (intersection related),51.0,PEDALCYCLIST STRUCK MOTOR VEHICLE FRONT END AT ANGLE,,0,Clear or Partly Cloudy,Dry,Daylight,,,45,Vehicle - Pedalcyclist,0,N,Washington,47.67770635214296,-122.3832177386735
Block,NE 45TH ST BETWEEN 17TH NB AVE NE AND 18TH AVE NE,2,Injury Collision,Cycles,2,0,1,1,1,0,0,2004-03-14T00:00:00.000Z,3/14/2004 2:50:00 AM,Driveway Junction,18.0,"MOTOR VEHICLE STRUCK PEDALCYCLIST, FRONT END AT ANGLE",,0,Clear or Partly Cloudy,Dry,Dark - Street Lights On,Y,,45,Vehicle - Pedalcyclist,0,N,Washington,47.66125929550125,-122.30894884871842
Intersection,BELL ST AND WESTERN AVE,2,Injury Collision,Cycles,2,0,1,1,1,0,0,2004-01-05T00:00:00.000Z,1/5/2004,At Intersection (intersection related),51.0,PEDALCYCLIST STRUCK MOTOR VEHICLE FRONT END AT ANGLE,,0,Overcast,Dry,Daylight,,,45,Vehicle - Pedalcyclist,0,N,Washington,47.61271039099492,-122.34737243262128
Intersection,35TH AVE SW AND SW MORGAN ST,2,Injury Collision,Cycles,3,0,1,1,1,0,0,2004-07-21T00:00:00.000Z,7/21/2004 12:47:00 PM,At Intersection (intersection related),18.0,"MOTOR VEHICLE STRUCK PEDALCYCLIST, FRONT END AT ANGLE",,0,Clear or Partly Cloudy,Dry,Daylight,Y,,45,Vehicle - Pedalcyclist,0,N,Washington,47.544682573617074,-122.37644504226195
Intersection,FREMONT AVE N AND N 34TH ST,1,Property Damage Only Collision,Cycles,2,0,1,1,0,0,0,2004-06-29T00:00:00.000Z,6/29/2004 12:30:00 PM,At Intersection (intersection related),18.0,"MOTOR VEHICLE STRUCK PEDALCYCLIST, FRONT END AT ANGLE",,0,Clear or Partly Cloudy,Dry,Daylight,Y,,45,Vehicle - Pedalcyclist,0,N,Washington,47.64958972852735,-122.34974744884168
Intersection,11TH AVE AND E PINE ST,2,Injury Collision,Cycles,2,0,1,1,1,0,0,2004-11-02T00:00:00.000Z,11/2/2004,At Intersection (intersection related),18.0,"MOTOR VEHICLE STRUCK PEDALCYCLIST, FRONT END AT ANGLE",,0,Raining,Wet,Daylight,,,45,Vehicle - Pedalcyclist,0,N,Washington,47.61525439144628,-122.31815943391057
Block,CALIFORNIA AVE SW BETWEEN SW STEVENS ST AND SW HANFORD ST,2,Injury Collision,Cycles,2,0,1,1,1,0,0,2004-07-16T00:00:00.000Z,7/16/2004 10:40:00 AM,Driveway Junction,18.0,"MOTOR VEHICLE STRUCK PEDALCYCLIST, FRONT END AT ANGLE",,0,Clear or Partly Cloudy,Dry,Daylight,Y,,45,Vehicle - Pedalcyclist,0,N,Washington,47.57631143746894,-122.38673654523615