addrtype,location,severitycode,severitydesc,collisiontype,personcount,pedcount,pedcylcount,vehcount,injuries,seriousinjuries,fatalities,incdate,incdttm,junctiontype,sdot_colcode,sdot_coldesc,inattentionind,underinfl,weather,roadcond,lightcond,pedrownotgrnt,speeding,st_colcode,st_coldesc,crosswalkkey,hitparkedcar,state,latitude,longitude
Intersection,UNIVERSITY WAY NE AND NE 45TH ST,2,Injury Collision,Cycles,2,0,1,1,1,0,0,2004-06-15T00:00:00.000Z,6/15/2004 8:12:00 AM,At Intersection (intersection related),18.0,"MOTOR VEHICLE STRUCK PEDALCYCLIST, FRONT END AT ANGLE",,0,Clear or Partly Cloudy,Dry,Daylight,,,45,Vehicle - Pedalcyclist,0,N,Washington,47.661269365816295,-122.31312965833612
Intersection,DELRIDGE WAY SW AND SW ORCHARD ST,2,Injury Collision,Cycles,2,0,1,1,1,0,0,2004-10-08T00:00:00.000Z,10/8/2004,At Intersection (intersection related),18.0,"MOTOR VEHICLE STRUCK PEDALCYCLIST, FRONT END AT ANGLE",,0,Raining,Wet,Daylight,Y,,45,Vehicle - Pedalcyclist,0,N,Washington,47.537954166593686,-122.361091865746
Intersection,17TH AVE NE AND NE 97TH ST,2,Injury Collision,Cycles,2,0,1,1,1,0,0,2004-01-12T00:00:00.000Z,1/12/2004 8:45:00 AM,At Intersection (intersection related),18.0,"MOTOR VEHICLE STRUCK PEDALCYCLIST, FRONT END AT ANGLE",,0,Clear or Partly Cloudy,Dry,Daylight,Y,,45,Vehicle - Pedalcyclist,0,N,Washington,47.69941280173935,-122.30951557571113
Block,E OLIVE WAY BETWEEN E DENNY WAY AND SUMMIT AVE E,2b,Serious Injury Collision,Cycles,2,0,1,1,1,1,0,2004-06-30T00:00:00.000Z,6/30/2004 3:35:00 PM,Mid-Block (but intersection related),54.0,PEDALCYCLIST STRUCK MOTOR VEHICLE REAR END,,0,Clear or Partly Cloudy,Dry,Daylight,,,45,Vehicle - Pedalcyclist,0,N,Washington,47.61869246128167,-122.32546481582979
Intersection,EASTLAKE AVE E AND FUHRMAN AVE E,2,Injury Collision,Cycles,2,0,1,1,1,0,0,2004-07-20T00:00:00.000Z,7/20/2004 1:51:00 PM,At Intersection (intersection related),11.0,"MOTOR VEHICLE STRUCK MOTOR VEHICLE, FRONT END AT ANGLE",,0,Clear or Partly Cloudy,Dry,Daylight,Y,,45,Vehicle - Pedalcyclist,0,N,Washington,47.65157827163786,-122.32127525687477
Block,8TH AVE NW BETWEEN NW 78TH ST AND NW 79TH ST,3,Fatality Collision,Cycles,2,0,1,1,0,0,1,2004-08-02T00:00:00.000Z,8/2/2004,Mid-Block (not related to intersection),56.0,PEDALCYCLIST STRUCK MOTOR VEHICLE LEFT SIDE SIDESWIPE,,0,Clear or Partly Cloudy,Dry,Daylight,,,45,Vehicle - Pedalcyclist,0,N,Washington,47.6858289826636,-122.36600432719126
Block,24TH AVE E BETWEEN E PROSPECT ST AND E HIGHLAND DR,2,Injury Collision,Cycles,2,0,1,1,1,0,0,2004-08-24T00:00:00.000Z,8/24/2004 6:38:00 PM,Driveway Junction,18.0,"MOTOR VEHICLE STRUCK PEDALCYCLIST, FRONT END AT ANGLE",,0,Clear or Partly Cloudy,Dry,Daylight,Y,,45,Vehicle - Pedalcyclist,0,N,Washington,47.62976785940371,-122.30165716565348
Block,MERIDIAN AVE N BETWEEN N 112TH ST AND N 113TH ST,2,Injury Collision,Cycles,2,0,1,1,1,0,0,2004-01-14T00:00:00.000Z,1/14/2004 6:35:00 AM,Driveway Junction,18.0,"MOTOR VEHICLE STRUCK PEDALCYCLIST, FRONT END AT ANGLE",,0,Raining,Wet,Dark - Street Lights On,Y,,45,Vehicle - Pedalcyclist,0,N,Washington,47.71002223586529,-122.3340167915632
Block,NW 85TH ST BETWEEN 1ST AVE NW AND 3RD AVE NW,2,Injury Collision,Cycles,1,0,1,0,1,0,0,2004-09-18T00:00:00.000Z,9/18/2004 4:46:00 PM,Mid-Block (but intersection related),66.0,PEDALCYCLIST STRUCK OBJECT IN ROAD,,0,Raining,Wet,Daylight,,,45,Vehicle - Pedalcyclist,0,N,Washington,47.69061785804785,-122.3593127192306
Block,E OLIVE WAY BETWEEN SUMMIT AVE E AND E JOHN ST,1,Property Damage Only Collision,Cycles,2,0,1,1,0,0,0,2004-05-19T00:00:00.000Z,5/19/2004 11:28:00 PM,Driveway Junction,51.0,PEDALCYCLIST STRUCK MOTOR VEHICLE FRONT END AT ANGLE,,1,Overcast,Dry,Dark - Street Lights On,,,45,Vehicle - Pedalcyclist,0,N,Washington,47.61927351293272,-122.32483051743284
Intersection,BOYLSTON AVE AND E PIKE ST,2,Injury Collision,Cycles,2,0,1,1,1,0,0,2004-05-31T00:00:00.000Z,5/31/2004 12:03:00 AM,At Intersection (intersection related),51.0,PEDALCYCLIST STRUCK MOTOR VEHICLE FRONT END AT ANGLE,,0,Clear or Partly Cloudy,Dry,Dark - Street Lights On,,,45,Vehicle - Pedalcyclist,0,N,Washington,47.61407001095477,-122.32340147938831
Block,UNIVERSITY BR BETWEEN POINT B AND EASTLAKE AVE NE,2,Injury Collision,Cycles,4,0,1,1,1,0,0,2004-06-18T00:00:00.000Z,6/18/2004 9:12:00 AM,Mid-Block (not related to intersection),21.0,"MOTOR VEHICLE STRUCK PEDALCYCLIST, REAR END",Y,0,Clear or Partly Cloudy,Dry,Daylight,,,45,Vehicle - Pedalcyclist,0,N,Washington,47.65421595837226,-122.31923589325756
Intersection,14TH AVE NW AND NW 45TH ST,2b,Serious Injury Collision,Cycles,2,0,1,1,1,1,0,2004-09-26T00:00:00.000Z,9/26/2004 9:50:00 AM,At Intersection (intersection related),51.0,PEDALCYCLIST STRUCK MOTOR VEHICLE FRONT END AT ANGLE,,0,Clear or Partly Cloudy,Dry,Daylight,,,45,Vehicle - Pedalcyclist,0,N,Washington,47.66147262872713,-122.3735976637216
Block,CALIFORNIA AVE SW BETWEEN SW OREGON ST AND SW ALASKA ST,2,Injury Collision,Cycles,2,0,1,1,1,0,0,2004-10-20T00:00:00.000Z,10/20/2004 6:22:00 PM,Mid-Block (not related to intersection),55.0,PEDALCYCLIST STRUCK MOTOR VEHICLE RIGHT SIDE SIDESWIPE,,0,Clear or Partly Cloudy,Dry,Dark - Street Lights On,,,45,Vehicle - Pedalcyclist,0,N,Washington,47.562010415792045,-122.38677671219659
Intersection,8TH AVE NW AND NW 62ND S ST,2,Injury Collision,Cycles,2,0,1,1,1,0,0,2004-07-09T00:00:00.000Z,7/9/2004,At Intersection (intersection related),18.0,"MOTOR VEHICLE STRUCK PEDALCYCLIST, FRONT END AT ANGLE",,0,Raining,Wet,Daylight,,,45,Vehicle - Pedalcyclist,0,N,Washington,47.67380710720286,-122.366110371301
Block,FREMONT AVE N BETWEEN FREMONT PL N AND N 36TH ST,2,Injury Collision,Cycles,1,0,1,0,1,0,0,2004-06-27T00:00:00.000Z,6/27/2004 2:01:00 PM,Mid-Block (not related to intersection),69.0,PEDALCYCLIST OVERTURNED IN ROAD,,0,Clear or Partly Cloudy,Dry,Daylight,,,45,Vehicle - Pedalcyclist,0,N,Washington,47.65088855096808,-122.3498845298686
Block,NE 45TH ST BETWEEN MONTLAKE BLVD NE AND U VILLAGE DR,2,Injury Collision,Cycles,2,0,1,1,1,0,0,2004-06-04T00:00:00.000Z,6/4/2004,Driveway Junction,18.0,"MOTOR VEHICLE STRUCK PEDALCYCLIST, FRONT END AT ANGLE",,0,Clear or Partly Cloudy,Dry,Daylight,Y,,45,Vehicle - Pedalcyclist,0,N,Washington,47.6612214901898,-122.29751327712444
Block,NE 145TH ST BETWEEN 15TH AVE NE AND 17TH AVE NE,2,Injury Collision,Cycles,2,0,1,1,1,0,0,2004-02-06T00:00:00.000Z,2/6/2004,Mid-Block (not related to intersection),54.0,PEDALCYCLIST STRUCK MOTOR VEHICLE REAR END,,0,Raining,Wet,Dark - Street Lights On,,,45,Vehicle - Pedalcyclist,0,N,Washington,47.73393649650034,-122.3113996469704
Intersection,25TH AVE NE AND NE BLAKELEY ST,2,Injury Collision,Cycles,3,0,1,1,1,0,0,2004-12-05T00:00:00.000Z,12/5/2004,At Intersection (intersection related),18.0,"MOTOR VEHICLE STRUCK PEDALCYCLIST, FRONT END AT ANGLE",,0,Clear or Partly Cloudy,Dry,Daylight,,,45,Vehicle - Pedalcyclist,0,N,Washington,47.66626671821327,-122.30060498001896
Intersection,STONE WAY N AND N 44TH ST,2,Injury Collision,Cycles,2,0,1,1,1,0,0,2004-03-20T00:00:00.000Z,3/20/2004 2:45:00 PM,At Intersection (but not related to intersection),21.0,"MOTOR VEHICLE STRUCK PEDALCYCLIST, REAR END",,0,Clear or Partly Cloudy,Dry,Daylight,Y,,45,Vehicle - Pedalcyclist,0,N,Washington,47.65995950786075,-122.34221726430485
Intersection,PHINNEY AVE N AND N 35TH ST,2,Injury Collision,Cycles,2,0,1,1,1,0,0,2004-03-21T00:00:00.000Z,3/21/2004 9:37:00 AM,At Intersection (intersection related),18.0,"MOTOR VEHICLE STRUCK PEDALCYCLIST, FRONT END AT ANGLE",,0,Clear or Partly Cloudy,Dry,Daylight,,,45,Vehicle - Pedalcyclist,0,N,Washington,47.651410952571744,-122.3544789414806
Block,BROADWAY E BETWEEN E DENNY WAY AND E OLIVE WAY,2,Injury Collision,Cycles,2,0,1,1,1,0,0,2004-10-05T00:00:00.000Z,10/5/2004,Driveway Junction,51.0,PEDALCYCLIST STRUCK MOTOR VEHICLE FRONT END AT ANGLE,,0,Raining,Wet,Dark - Street Lights On,,,45,Vehicle - Pedalcyclist,0,N,Washington,47.61932227618106,-122.32086366598641
Block,6TH AVE NW BETWEEN NW 45TH ST AND NW 46TH ST,2,Injury Collision,Cycles,3,0,1,1,1,0,0,2004-06-20T00:00:00.000Z,6/20/2004 6:52:00 PM,Mid-Block (but intersection related),18.0,"MOTOR VEHICLE STRUCK PEDALCYCLIST, FRONT END AT ANGLE",,1,Clear or Partly Cloudy,Dry,Daylight,,,45,Vehicle - Pedalcyclist,0,N,Washington,47.661825620267074,-122.36400495250534
Block,STEWART ST BETWEEN 2ND AVE AND 3RD AVE,2,Injury Collision,Cycles,2,0,1,1,1,0,0,2004-03-11T00:00:00.000Z,3/11/2004 8:20:00 AM,Driveway Junction,18.0,"MOTOR VEHICLE STRUCK PEDALCYCLIST, FRONT END AT ANGLE",,0,Clear or Partly Cloudy,Dry,Daylight,Y,,45,Vehicle - Pedalcyclist,0,N,Washington,47.611295513085366,-122.34002336087443
Block,STEWART ST BETWEEN 7TH AVE AND 8TH AVE,2,Injury Collision,Cycles,2,0,1,1,1,0,0,2004-08-05T00:00:00.000Z,8/5/2004,Driveway Junction,18.0,"MOTOR VEHICLE STRUCK PEDALCYCLIST, FRONT END AT ANGLE",,0,Overcast,Wet,Daylight,Y,,45,Vehicle - Pedalcyclist,0,N,Washington,47.614619204396604,-122.33572640504978
Intersection,25TH AVE NE AND NE 44TH ST,2,Injury Collision,Cycles,2,0,1,1,1,0,0,2004-03-19T00:00:00.000Z,3/19/2004 9:59:00 AM,At Intersection (intersection related),18.0,"MOTOR VEHICLE STRUCK PEDALCYCLIST, FRONT END AT ANGLE",,1,Clear or Partly Cloudy,Dry,Daylight,Y,,45,Vehicle - Pedalcyclist,0,N,Washington,47.66050997199884,-122.30090614863396
Intersection,1ST AVE AND VIRGINIA ST,2,Injury Collision,Cycles,3,0,1,1,1,0,0,2004-04-22T00:00:00.000Z,4/22/2004 7:12:00 PM,At Intersection (intersection related),18.0,"MOTOR VEHICLE STRUCK PEDALCYCLIST, FRONT END AT ANGLE",,0,Clear or Partly Cloudy,Dry,Daylight,Y,,45,Vehicle - Pedalcyclist,0,N,Washington,47.611068224352934,-122.34261249534504
Intersection,ALASKAN WAY S AND S KING ST,2,Injury Collision,Cycles,2,0,1,1,1,0,0,2004-12-22T00:00:00.000Z,12/22/2004 7:44:00 AM,At Intersection (intersection related),51.0,PEDALCYCLIST STRUCK MOTOR VEHICLE FRONT END AT ANGLE,,0,Clear or Partly Cloudy,Dry,Daylight,,,45,Vehicle - Pedalcyclist,0,N,Washington,,
Intersection,RAINIER AVE S AND S DIRECTOR S ST,2,Injury Collision,Cycles,2,0,1,1,1,0,0,2004-07-21T00:00:00.000Z,7/21/2004 1:21:00 PM,At Intersection (intersection related),18.0,"MOTOR VEHICLE STRUCK PEDALCYCLIST, FRONT END AT ANGLE",,0,Clear or Partly Cloudy,Dry,Daylight,,,45,Vehicle - Pedalcyclist,0,N,Washington,47.521904248165825,-122.26999328194486
Block,RAINIER AVE S BETWEEN S FOREST ST AND M L KING JR WAY S,2,Injury Collision,Cycles,2,0,1,1,1,0,0,2004-01-27T00:00:00.000Z,1/27/2004 5:04:00 PM,Driveway Junction,18.0,"MOTOR VEHICLE STRUCK PEDALCYCLIST, FRONT END AT ANGLE",,0,Clear or Partly Cloudy,Dry,Dusk,Y,,45,Vehicle - Pedalcyclist,0,N,Washington,47.57694362644242,-122.29707687085444
Intersection,MARION ST AND WESTERN AVE,2,Injury Collision,Cycles,2,0,1,1,1,0,0,2004-07-14T00:00:00.000Z,7/14/2004 3:44:00 PM,At Intersection (intersection related),51.0,PEDALCYCLIST STRUCK MOTOR VEHICLE FRONT END AT ANGLE,,0,Clear or Partly Cloudy,Dry,Daylight,,,45,Vehicle - Pedalcyclist,0,N,Washington,47.60351757679381,-122.3366965362538
Intersection,35TH AVE SW AND SW BRANDON ST,2,Injury Collision,Cycles,2,0,1,1,1,0,0,2004-07-04T00:00:00.000Z,7/4/2004,At Intersection (intersection related),18.0,"MOTOR VEHICLE STRUCK PEDALCYCLIST, FRONT END AT ANGLE",,0,Clear or Partly Cloudy,Dry,Dark - Street Lights On,,,45,Vehicle - Pedalcyclist,0,N,Washington,47.55378048149039,-122.37627581625593
Block,E JOHN ST BETWEEN SUMMIT AVE E AND E OLIVE WAY,2,Injury Collision,Cycles,3,0,1,1,1,0,0,2004-09-29T00:00:00.000Z,9/29/2004 11:46:00 PM,Driveway Junction,18.0,"MOTOR VEHICLE STRUCK PEDALCYCLIST, FRONT END AT ANGLE",Y,0,Clear or Partly Cloudy,Dry,Daylight,,,45,Vehicle - Pedalcyclist,0,N,Washington,47.619680828768004,-122.32474770487566
Block,E ROANOKE ST BETWEEN BROADWAY E AND 10TH W AVE E,2,Injury Collision,Cycles,2,0,1,1,1,0,0,2004-02-26T00:00:00.000Z,2/26/2004 8:20:00 PM,Mid-Block (not related to intersection),18.0,"MOTOR VEHICLE STRUCK PEDALCYCLIST, FRONT END AT ANGLE",,1,Raining,Wet,Dark - Street Lights On,,,45,Vehicle - Pedalcyclist,0,N,Washington,47.6431937412285,-122.3204569423297
Block,HARBOR AVE SW BETWEEN SW MARYLAND PL AND CALIFORNIA WAY SW,2,Injury Collision,Cycles,3,0,1,2,1,0,0,2004-04-10T00:00:00.000Z,4/10/2004 1:49:00 PM,Mid-Block (not related to intersection),56.0,PEDALCYCLIST STRUCK MOTOR VEHICLE LEFT SIDE SIDESWIPE,,0,Clear or Partly Cloudy,Dry,Daylight,,,45,Vehicle - Pedalcyclist,0,N,Washington,47.59131555343195,-122.38237552698149
Intersection,MONTLAKE BLVD NE AND NE PACIFIC ST,1,Property Damage Only Collision,Cycles,2,0,1,1,0,0,0,2004-10-01T00:00:00.000Z,10/1/2004,At Intersection (intersection related),18.0,"MOTOR VEHICLE STRUCK PEDALCYCLIST, FRONT END AT ANGLE",,0,Clear or Partly Cloudy,Dry,Daylight,Y,,45,Vehicle - Pedalcyclist,0,N,Washington,47.64899740410285,-122.30459125885454
Intersection,FEDERAL AVE E AND E HARRISON ST,2,Injury Collision,Cycles,4,0,1,1,1,0,0,2004-05-01T00:00:00.000Z,5/1/2004,At Intersection (intersection related),51.0,PEDALCYCLIST STRUCK MOTOR VEHICLE FRONT END AT ANGLE,,0,Clear or Partly Cloudy,Dry,Daylight,,,45,Vehicle - Pedalcyclist,0,N,Washington,47.62197703099618,-122.31887378385024
Intersection,16TH AVE SW AND SW HOLDEN ST,2,Injury Collision,Cycles,3,0,1,1,1,0,0,2004-05-18T00:00:00.000Z,5/18/2004 1:36:00 PM,At Intersection (intersection related),18.0,"MOTOR VEHICLE STRUCK PEDALCYCLIST, FRONT END AT ANGLE",,0,Clear or Partly Cloudy,Dry,Daylight,Y,,45,Vehicle - Pedalcyclist,0,N,Washington,47.5336804278157,-122.35503244804528
Intersection,8TH AVE S AND S DEARBORN ST,2b,Serious Injury Collision,Cycles,2,0,1,1,1,1,0,2004-03-28T00:00:00.000Z,3/28/2004 11:22:00 AM,At Intersection (intersection related),51.0,PEDALCYCLIST STRUCK MOTOR VEHICLE FRONT END AT ANGLE,,0,Clear or Partly Cloudy,Dry,Daylight,,,45,Vehicle - Pedalcyclist,0,N,Washington,47.595831166617344,-122.3224586628908
Intersection,STONE AVE N AND N 50TH ST,2,Injury Collision,Cycles,2,0,1,1,1,0,0,2004-09-25T00:00:00.000Z,9/25/2004 6:04:00 PM,At Intersection (intersection related),18.0,"MOTOR VEHICLE STRUCK PEDALCYCLIST, FRONT END AT ANGLE",,0,Clear or Partly Cloudy,Dry,Dusk,Y,,45,Vehicle - Pedalcyclist,0,N,Washington,47.66503744162639,-122.3420820439316
Block,MERIDIAN AVE N BETWEEN N NORTHLAKE WAY AND N 34TH ST,2,Injury Collision,Cycles,2,0,1,1,1,0,0,2004-10-19T00:00:00.000Z,10/19/2004 8:42:00 AM,Mid-Block (but intersection related),18.0,"MOTOR VEHICLE STRUCK PEDALCYCLIST, FRONT END AT ANGLE",,0,Raining,Wet,Daylight,Y,,45,Vehicle - Pedalcyclist,0,N,Washington,47.64744824079396,-122.33392032891355
Block,8TH AVE NW BETWEEN NW 87TH ST AND NW 88TH ST,2,Injury Collision,Cycles,2,0,1,1,1,0,0,2004-10-30T00:00:00.000Z,10/30/2004 9:10:00 AM,Mid-Block (not related to intersection),18.0,"MOTOR VEHICLE STRUCK PEDALCYCLIST, FRONT END AT ANGLE",,1,Clear or Partly Cloudy,Dry,Daylight,,,45,Vehicle - Pedalcyclist,0,N,Washington,47.692445546543844,-122.36600335306822
Block,BROADWAY BETWEEN E HOWELL ST AND E DENNY WAY,2,Injury Collision,Cycles,3,0,1,1,1,0,0,2004-07-01T00:00:00.000Z,7/1/2004,Mid-Block (not related to intersection),14.0,"MOTOR VEHICLE STRUCK MOTOR VEHICLE, REAR END",,0,Clear or Partly Cloudy,Dry,Daylight,,,45,Vehicle - Pedalcyclist,0,N,Washington,47.618154047457764,-122.3208451357006
Intersection,UNIVERSITY WAY NE AND NE RAVENNA EB BV,1,Property Damage Only Collision,Cycles,2,0,1,1,0,0,0,2004-12-20T00:00:00.000Z,12/20/2004 2:54:00 PM,At Intersection (intersection related),11.0,"MOTOR VEHICLE STRUCK MOTOR VEHICLE, FRONT END AT ANGLE",,0,Clear or Partly Cloudy,Dry,Daylight,Y,,45,Vehicle - Pedalcyclist,0,N,Washington,47.67098655749197,-122.31303349121251
Block,4TH AVE S BETWEEN W SEA BR EB 4 AV OFF RP AND S INDUSTRIAL WB WAY,2,Injury Collision,Cycles,2,0,1,1,1,0,0,2004-03-06T00:00:00.000Z,3/6/2004,Mid-Block (not related to intersection),18.0,"MOTOR VEHICLE STRUCK PEDALCYCLIST, FRONT END AT ANGLE",,0,Clear or Partly Cloudy,Dry,Daylight,,,45,Vehicle - Pedalcyclist,0,N,Washington,47.5687771777474,-122.32906213510051
Intersection,14TH AVE E AND E THOMAS E ST,2,Injury Collision,Cycles,2,0,1,1,1,0,0,2004-09-30T00:00:00.000Z,9/30/2004 8:16:00 PM,At Intersection (intersection related),51.0,PEDALCYCLIST STRUCK MOTOR VEHICLE FRONT END AT ANGLE,,0,Overcast,Dry,Dark - Street Lights On,,,45,Vehicle - Pedalcyclist,0,N,Washington,47.621122751530685,-122.31433616383379
Intersection,8TH AVE NW AND NW 65TH ST,2b,Serious Injury Collision,Cycles,2,0,1,1,1,1,0,2004-05-14T00:00:00.000Z,5/14/2004 9:47:00 AM,At Intersection (intersection related),18.0,"MOTOR VEHICLE STRUCK PEDALCYCLIST, FRONT END AT ANGLE",,0,Clear or Partly Cloudy,Dry,Daylight,Y,,45,Vehicle - Pedalcyclist,0,N,Washington,47.67598534672824,-122.36602339873885
Block,BEACON AVE S BETWEEN S HANFORD ST AND S HORTON ST,2,Injury Collision,Cycles,2,0,1,1,1,0,0,2004-08-26T00:00:00.000Z,8/26/2004 7:19:00 PM,Mid-Block (not related to intersection),18.0,"MOTOR VEHICLE STRUCK PEDALCYCLIST, FRONT END AT ANGLE",,0,Overcast,Dry,Dusk,,,45,Vehicle - Pedalcyclist,0,N,Washington,47.57456877575026,-122.30905805927205
Intersection,8TH AVE NW AND NW MARKET ST,2,Injury Collision,Cycles,2,0,1,1,1,0,0,2004-09-16T00:00:00.000Z,9/16/2004 2:22:00 PM,At Intersection (intersection related),51.0,PEDALCYCLIST STRUCK MOTOR VEHICLE FRONT END AT ANGLE,,0,Raining,Wet,Daylight,,,45,Vehicle - Pedalcyclist,0,N,Washington,47.66865338587625,-122.36617795185973
Intersection,DEXTER AVE N AND THOMAS ST,2,Injury Collision,Cycles,2,0,1,1,1,0,0,2004-05-26T00:00:00.000Z,5/26/2004 9:22:00 AM,At Intersection (intersection related),18.0,"MOTOR VEHICLE STRUCK PEDALCYCLIST, FRONT END AT ANGLE",,0,Overcast,Wet,Daylight,Y,,45,Vehicle - Pedalcyclist,0,N,Washington,47.620888394604385,-122.34238173081964
Block,HARBOR AVE SW BETWEEN CALIFORNIA WAY SW AND FAIRMOUNT AVE SW,2,Injury Collision,Cycles,4,0,1,1,1,0,0,2004-05-23T00:00:00.000Z,5/23/2004 12:49:00 PM,Driveway Junction,18.0,"MOTOR VEHICLE STRUCK PEDALCYCLIST, FRONT END AT ANGLE",,0,Clear or Partly Cloudy,Dry,Daylight,Y,,45,Vehicle - Pedalcyclist,0,N,Washington,47.588294606237866,-122.37982308862298
Block,SW WILLOW ST BETWEEN 35TH AVE SW AND 36TH AVE SW,2,Injury Collision,Cycles,3,0,1,1,1,0,0,2004-09-30T00:00:00.000Z,9/30/2004 4:17:00 PM,Driveway Junction,18.0,"MOTOR VEHICLE STRUCK PEDALCYCLIST, FRONT END AT ANGLE",Y,0,Clear or Partly Cloudy,Dry,Daylight,,,45,Vehicle - Pedalcyclist,0,N,Washington,47.54104758342271,-122.37720099263727
Block,NICKERSON ST BETWEEN CREMONA ST AND DRAVUS ST,2,Injury Collision,Cycles,2,0,1,1,1,0,0,2004-11-30T00:00:00.000Z,11/30/2004 11:30:00 AM,Driveway Junction,18.0,"MOTOR VEHICLE STRUCK PEDALCYCLIST, FRONT END AT ANGLE",,0,Overcast,Wet,Daylight,Y,,45,Vehicle - Pedalcyclist,0,N,Washington,47.64909962012888,-122.35620819615272
Block,HOLMAN RD NW BETWEEN 6TH AVE NW AND 4TH AVE NW,2,Injury Collision,Cycles,2,0,1,1,1,0,0,2004-10-22T00:00:00.000Z,10/22/2004 6:50:00 AM,Driveway Junction,18.0,"MOTOR VEHICLE STRUCK PEDALCYCLIST, FRONT END AT ANGLE",,0,Overcast,Dry,Dawn,Y,,45,Vehicle - Pedalcyclist,0,N,Washington,47.70139040514164,-122.36273140363407
Intersection,12TH AVE S AND S KING ST,2b,Serious Injury Collision,Cycles,4,0,1,1,1,1,0,2004-11-12T00:00:00.000Z,11/12/2004 4:55:00 PM,At Intersection (intersection related),18.0,"MOTOR VEHICLE STRUCK PEDALCYCLIST, FRONT END AT ANGLE",,0,Clear or Partly Cloudy,Dry,Dark - Street Lights On,,,45,Vehicle - Pedalcyclist,0,N,Washington,47.598337593315385,-122.31722797859959
Block,HARBOR AVE SW BETWEEN CALIFORNIA WAY SW AND FAIRMOUNT AVE SW,2,Injury Collision,Cycles,2,0,1,1,1,0,0,2004-06-22T00:00:00.000Z,6/22/2004 5:37:00 PM,Mid-Block (not related to intersection),18.0,"MOTOR VEHICLE STRUCK PEDALCYCLIST, FRONT END AT ANGLE",,0,Clear or Partly Cloudy,Dry,Daylight,Y,,45,Vehicle - Pedalcyclist,0,N,Washington,47.588294606237866,-122.37982308862298
Block,12TH AVE S BETWEEN E YESLER WAY AND BOREN AVE S,2,Injury Collision,Cycles,1,0,1,0,1,0,0,2004-04-26T00:00:00.000Z,4/26/2004 9:51:00 PM,Mid-Block (but intersection related),26.0,MOTOR VEHICLE STRUCK OBJECT IN ROAD,Y,0,Clear or Partly Cloudy,Dry,Dark - Street Lights On,,,45,Vehicle - Pedalcyclist,0,N,Washington,47.6012744645419,-122.31687320484319
Intersection,WOODLAND PARK AVE N AND N 45TH ST,2,Injury Collision,Cycles,2,0,1,1,1,0,0,2004-08-28T00:00:00.000Z,8/28/2004 11:51:00 PM,At Intersection (intersection related),51.0,PEDALCYCLIST STRUCK MOTOR VEHICLE FRONT END AT ANGLE,,0,Clear or Partly Cloudy,Dry,Dark - Street Lights Off,,,45,Vehicle - Pedalcyclist,0,N,Washington,47.66138478871933,-122.34455892300323
Intersection,FAUNTLEROY WAY SW AND SW THISTLE ST,2,Injury Collision,Cycles,2,0,1,1,1,0,0,2004-08-24T00:00:00.000Z,8/24/2004 4:39:00 PM,At Intersection (but not related to intersection),18.0,"MOTOR VEHICLE STRUCK PEDALCYCLIST, FRONT END AT ANGLE",Y,0,Raining,Standing Water,Daylight,Y,,45,Vehicle - Pedalcyclist,0,N,Washington,47.52857252541165,-122.3927337243462
Block,N 105TH ST BETWEEN WHITMAN AVE N AND AURORA AVE N,2,Injury Collision,Cycles,1,0,1,0,1,0,0,2004-05-10T00:00:00.000Z,5/10/2004 2:27:00 PM,Driveway Junction,18.0,"MOTOR VEHICLE STRUCK PEDALCYCLIST, FRONT END AT ANGLE",,0,Raining,Wet,Daylight,,,45,Vehicle - Pedalcyclist,0,N,Washington,47.70505326295174,-122.34536647150128
Block,AURORA AVE N BETWEEN HALLADAY ST AND RAYE ST,2,Injury Collision,Cycles,2,0,1,1,1,0,0,2004-04-01T00:00:00.000Z,4/1/2004,Mid-Block (not related to intersection),51.0,PEDALCYCLIST STRUCK MOTOR VEHICLE FRONT END AT ANGLE,,0,Clear or Partly Cloudy,Dry,Daylight,,,45,Vehicle - Pedalcyclist,0,N,Washington,47.64262435675069,-122.34705467696834
Intersection,MERIDIAN AVE N AND N NORTHLAKE WAY,2,Injury Collision,Cycles,2,0,1,1,1,0,0,2004-09-11T00:00:00.000Z,9/11/2004 12:25:00 PM,At Intersection (intersection related),18.0,"MOTOR VEHICLE STRUCK PEDALCYCLIST, FRONT END AT ANGLE",,0,Clear or Partly Cloudy,Dry,Daylight,Y,,45,Vehicle - Pedalcyclist,0,N,Washington,47.64686730963511,-122.33392663488449
Intersection,CARR PL N AND N 35TH ST,2,Injury Collision,Cycles,2,0,1,1,1,0,0,2004-11-11T00:00:00.000Z,11/11/2004 5:18:00 PM,At Intersection (intersection related),51.0,PEDALCYCLIST STRUCK MOTOR VEHICLE FRONT END AT ANGLE,,0,Clear or Partly Cloudy,Dry,Dusk,,,45,Vehicle - Pedalcyclist,0,N,Washington,47.649210561546184,-122.33937997170008
Block,NE 40TH ST BETWEEN 7TH AVE NE AND UNIVERSITY BR OFF RP,2,Injury Collision,Cycles,2,0,1,1,1,0,0,2004-10-14T00:00:00.000Z,10/14/2004 5:30:00 PM,Mid-Block (not related to intersection),18.0,"MOTOR VEHICLE STRUCK PEDALCYCLIST, FRONT END AT ANGLE",,0,Unknown,Unknown,Unknown,,,45,Vehicle - Pedalcyclist,0,N,Washington,47.65552427770179,-122.31914655244414