addrtype,location,severitycode,severitydesc,collisiontype,personcount,pedcount,pedcylcount,vehcount,injuries,seriousinjuries,fatalities,incdate,incdttm,junctiontype,sdot_colcode,sdot_coldesc,inattentionind,underinfl,weather,roadcond,lightcond,pedrownotgrnt,speeding,st_colcode,st_coldesc,crosswalkkey,hitparkedcar,state,latitude,longitude
Block,EASTLAKE AVE E BETWEEN HARVARD AVE E AND FUHRMAN AVE E,2,Injury Collision,Cycles,2,0,1,1,1,0,0,2004-06-05T00:00:00.000Z,6/5/2004,Driveway Junction,51.0,PEDALCYCLIST STRUCK MOTOR VEHICLE FRONT END AT ANGLE,,0,Raining,Dry,Daylight,,,45,Vehicle - Pedalcyclist,0,N,Washington,47.65104751116883,-122.32168580219019
Intersection,8TH AVE NW AND NW 65TH ST,1,Property Damage Only Collision,Cycles,2,0,1,1,0,0,0,2004-07-26T00:00:00.000Z,7/26/2004 2:48:00 PM,At Intersection (intersection related),18.0,"MOTOR VEHICLE STRUCK PEDALCYCLIST, FRONT END AT ANGLE",,0,Clear or Partly Cloudy,Dry,Daylight,,,45,Vehicle - Pedalcyclist,0,N,Washington,47.67598534672824,-122.36602339873885
Intersection,EASTLAKE AVE E AND E LOUISA ST,2,Injury Collision,Cycles,3,0,1,1,1,0,0,2004-08-14T00:00:00.000Z,8/14/2004 6:47:00 PM,At Intersection (intersection related),18.0,"MOTOR VEHICLE STRUCK PEDALCYCLIST, FRONT END AT ANGLE",,0,Clear or Partly Cloudy,Dry,Daylight,,,45,Vehicle - Pedalcyclist,0,N,Washington,47.6420304999034,-122.3258883695456
Intersection,MERIDIAN AVE N AND N 44TH ST,2,Injury Collision,Cycles,2,0,1,1,1,0,0,2004-09-08T00:00:00.000Z,9/8/2004,At Intersection (intersection related),51.0,PEDALCYCLIST STRUCK MOTOR VEHICLE FRONT END AT ANGLE,,1,Overcast,Dry,Dark - No Street Lights,,,45,Vehicle - Pedalcyclist,0,N,Washington,47.660296472018345,-122.33374316862532
Intersection,FREMONT AVE N AND N 73RD ST,2,Injury Collision,Cycles,2,0,1,1,1,0,0,2004-08-17T00:00:00.000Z,8/17/2004 4:18:00 PM,At Intersection (intersection related),51.0,PEDALCYCLIST STRUCK MOTOR VEHICLE FRONT END AT ANGLE,,0,Clear or Partly Cloudy,Dry,Daylight,,,45,Vehicle - Pedalcyclist,0,N,Washington,47.68180341478351,-122.34989069164983
Intersection,24TH AVE NW AND NW 58TH ST,2,Injury Collision,Cycles,2,0,1,1,1,0,0,2004-05-07T00:00:00.000Z,5/7/2004,At Intersection (intersection related),18.0,"MOTOR VEHICLE STRUCK PEDALCYCLIST, FRONT END AT ANGLE",,0,Raining,Wet,Daylight,Y,,45,Vehicle - Pedalcyclist,0,N,Washington,47.670916205125216,-122.38758736922723
Intersection,FREMONT AVE N AND N 34TH ST,2b,Serious Injury Collision,Cycles,2,0,1,1,1,1,0,2004-04-29T00:00:00.000Z,4/29/2004 10:10:00 AM,At Intersection (intersection related),18.0,"MOTOR VEHICLE STRUCK PEDALCYCLIST, FRONT END AT ANGLE",,0,Clear or Partly Cloudy,Dry,Daylight,Y,,45,Vehicle - Pedalcyclist,0,N,Washington,47.64958972852735,-122.34974744884168
Block,LAKE WASHINGTON BLVD BETWEEN E TERRACE ST AND E JEFFERSON ST,2,Injury Collision,Cycles,2,0,1,1,1,0,0,2004-08-14T00:00:00.000Z,8/14/2004 6:55:00 AM,Mid-Block (not related to intersection),18.0,"MOTOR VEHICLE STRUCK PEDALCYCLIST, FRONT END AT ANGLE",,0,Clear or Partly Cloudy,Dry,Daylight,,,45,Vehicle - Pedalcyclist,0,N,Washington,47.605276946308095,-122.28350343522449
Block,ALASKAN WAY BETWEEN VIRGINIA ST AND LENORA ST,2,Injury Collision,Cycles,3,0,1,1,1,0,0,2004-09-22T00:00:00.000Z,9/22/2004 5:51:00 AM,Mid-Block (not related to intersection),56.0,PEDALCYCLIST STRUCK MOTOR VEHICLE LEFT SIDE SIDESWIPE,,0,Clear or Partly Cloudy,Dry,Dawn,,,45,Vehicle - Pedalcyclist,0,N,Washington,47.60961130134375,-122.34564511274179
Block,SW BARTON ST BETWEEN 26TH AVE SW AND 29TH AVE SW,2,Injury Collision,Cycles,2,0,1,1,1,0,0,2004-06-25T00:00:00.000Z,6/25/2004 6:16:00 PM,Driveway Junction,18.0,"MOTOR VEHICLE STRUCK PEDALCYCLIST, FRONT END AT ANGLE",,1,Clear or Partly Cloudy,Dry,Daylight,,,45,Vehicle - Pedalcyclist,0,N,Washington,47.521030096861274,-122.36792955729484
Intersection,15TH AVE NW AND NW 58TH ST,2,Injury Collision,Cycles,2,0,1,1,1,0,0,2004-02-13T00:00:00.000Z,2/13/2004 11:34:00 PM,At Intersection (intersection related),18.0,"MOTOR VEHICLE STRUCK PEDALCYCLIST, FRONT END AT ANGLE",,0,Raining,Wet,Dark - Street Lights On,Y,,45,Vehicle - Pedalcyclist,0,N,Washington,47.67090128374682,-122.37621244394563
Intersection,DENNY WAY AND WESTLAKE AVE,2,Injury Collision,Cycles,3,0,1,1,1,0,0,2004-05-14T00:00:00.000Z,5/14/2004 10:24:00 AM,At Intersection (intersection related),51.0,PEDALCYCLIST STRUCK MOTOR VEHICLE FRONT END AT ANGLE,Y,0,Clear or Partly Cloudy,Dry,Daylight,,,45,Vehicle - Pedalcyclist,0,N,Washington,47.61853426901042,-122.338484568197
Block,AURORA AVE N BETWEEN N 100TH ST AND N 101ST ST,2,Injury Collision,Cycles,2,0,1,1,1,0,0,2004-10-31T00:00:00.000Z,10/31/2004 8:32:00 PM,Driveway Junction,18.0,"MOTOR VEHICLE STRUCK PEDALCYCLIST, FRONT END AT ANGLE",,1,Clear or Partly Cloudy,Dry,Dark - Street Lights On,Y,,45,Vehicle - Pedalcyclist,0,N,Washington,47.7017907382411,-122.34465536396776
Intersection,3RD AVE NW AND NW 73RD ST,2,Injury Collision,Cycles,2,0,1,1,1,0,0,2004-05-18T00:00:00.000Z,5/18/2004 6:42:00 AM,At Intersection (intersection related),18.0,"MOTOR VEHICLE STRUCK PEDALCYCLIST, FRONT END AT ANGLE",,0,Clear or Partly Cloudy,Dry,Daylight,Y,,45,Vehicle - Pedalcyclist,0,N,Washington,47.68179301439542,-122.3604890504713
Intersection,ELLIOTT ER AVE W AND WESTERN AVE W,2,Injury Collision,Cycles,2,0,1,1,1,0,0,2004-03-02T00:00:00.000Z,3/2/2004,At Intersection (intersection related),18.0,"MOTOR VEHICLE STRUCK PEDALCYCLIST, FRONT END AT ANGLE",,0,Clear or Partly Cloudy,Dry,Daylight,Y,,45,Vehicle - Pedalcyclist,0,N,Washington,47.620188592254344,-122.36004223714892
Block,LAKE WASHINGTON BLVD E BETWEEN ARBORETUM DR E AND E INTERLAKEN BLVD,2,Injury Collision,Cycles,1,0,1,0,1,0,0,2004-10-02T00:00:00.000Z,10/2/2004,Driveway Junction,69.0,PEDALCYCLIST OVERTURNED IN ROAD,,0,Clear or Partly Cloudy,Dry,Daylight,,,45,Vehicle - Pedalcyclist,0,N,Washington,47.629205173238745,-122.29605706114181
Block,20TH AVE W BETWEEN ELLIOTT BAY TRL AND THORNDYKE AVE W,2,Injury Collision,Cycles,2,0,1,1,1,0,0,2004-07-23T00:00:00.000Z,7/23/2004 8:14:00 AM,Driveway Junction,18.0,"MOTOR VEHICLE STRUCK PEDALCYCLIST, FRONT END AT ANGLE",,0,Clear or Partly Cloudy,Dry,Daylight,Y,,45,Vehicle - Pedalcyclist,0,N,Washington,47.644250170507746,-122.38206636444221
Block,STONE WAY N BETWEEN N 38TH ST AND N 39TH ST,2b,Serious Injury Collision,Cycles,2,0,1,1,1,1,0,2004-08-27T00:00:00.000Z,8/27/2004 5:20:00 PM,Driveway Junction,18.0,"MOTOR VEHICLE STRUCK PEDALCYCLIST, FRONT END AT ANGLE",,0,Overcast,Dry,Daylight,Y,,45,Vehicle - Pedalcyclist,0,N,Washington,47.65341193706911,-122.3425383690312
Intersection,LEARY WAY NW AND NW 46TH ST,2,Injury Collision,Cycles,2,0,1,1,1,0,0,2004-05-05T00:00:00.000Z,5/5/2004,At Intersection (intersection related),18.0,"MOTOR VEHICLE STRUCK PEDALCYCLIST, FRONT END AT ANGLE",,0,Clear or Partly Cloudy,Dry,Daylight,Y,,45,Vehicle - Pedalcyclist,0,N,Washington,47.6621954055336,-122.36786512751544
Block,WALL ST BETWEEN ALASKAN WAY AND ELLIOTT AVE,2b,Serious Injury Collision,Cycles,2,0,1,1,1,1,0,2004-09-29T00:00:00.000Z,9/29/2004 6:06:00 PM,Driveway Junction,18.0,"MOTOR VEHICLE STRUCK PEDALCYCLIST, FRONT END AT ANGLE",,0,Clear or Partly Cloudy,Dry,Daylight,,,45,Vehicle - Pedalcyclist,0,N,Washington,47.61308846623163,-122.35082566503341
Intersection,2ND AVE AND BLANCHARD ST,2,Injury Collision,Cycles,2,0,1,1,1,0,0,2004-05-13T00:00:00.000Z,5/13/2004 7:27:00 PM,At Intersection (intersection related),18.0,"MOTOR VEHICLE STRUCK PEDALCYCLIST, FRONT END AT ANGLE",,0,Clear or Partly Cloudy,Dry,Daylight,,,45,Vehicle - Pedalcyclist,0,N,Washington,47.61327122303532,-122.34435339889595
Intersection,7TH AVE S AND S KING ST,2,Injury Collision,Cycles,3,0,1,1,1,0,0,2004-10-08T00:00:00.000Z,10/8/2004,At Intersection (intersection related),51.0,PEDALCYCLIST STRUCK MOTOR VEHICLE FRONT END AT ANGLE,Y,0,Raining,Wet,Daylight,,,45,Vehicle - Pedalcyclist,0,N,Washington,47.598349839694045,-122.32375375188171
Block,E JEFFERSON ST BETWEEN 15TH AVE AND 16TH AVE,2,Injury Collision,Cycles,5,0,1,1,1,0,0,2004-07-07T00:00:00.000Z,7/7/2004,Driveway Junction,51.0,PEDALCYCLIST STRUCK MOTOR VEHICLE FRONT END AT ANGLE,,0,Clear or Partly Cloudy,Dry,Daylight,,,45,Vehicle - Pedalcyclist,0,N,Washington,47.60618397425597,-122.31220935983181
Intersection,39TH AVE S AND S OREGON ST,2,Injury Collision,Cycles,2,0,1,1,1,0,0,2004-04-08T00:00:00.000Z,4/8/2004,At Intersection (intersection related),18.0,"MOTOR VEHICLE STRUCK PEDALCYCLIST, FRONT END AT ANGLE",,0,Clear or Partly Cloudy,Dry,Daylight,,,45,Vehicle - Pedalcyclist,0,N,Washington,47.562838655666205,-122.28385814855864
Block,NE 65TH ST BETWEEN 25TH AVE NE AND 26TH AVE NE,2,Injury Collision,Cycles,2,0,1,1,1,0,0,2004-08-18T00:00:00.000Z,8/18/2004 8:20:00 AM,Driveway Junction,11.0,"MOTOR VEHICLE STRUCK MOTOR VEHICLE, FRONT END AT ANGLE",,0,Clear or Partly Cloudy,Dry,Daylight,Y,,45,Vehicle - Pedalcyclist,0,N,Washington,47.6757747867256,-122.30012567257162
Intersection,TAYLOR AVE N AND WARD PL,2,Injury Collision,Cycles,2,0,1,1,1,0,0,2004-10-07T00:00:00.000Z,10/7/2004,At Intersection (intersection related),51.0,PEDALCYCLIST STRUCK MOTOR VEHICLE FRONT END AT ANGLE,Y,0,Clear or Partly Cloudy,Dry,Daylight,,,45,Vehicle - Pedalcyclist,0,N,Washington,47.6273974511162,-122.3462427013949
Block,4TH AVE S BETWEEN SEATTLE BLVD S AND I90 WB 4TH AV OFF RP,2,Injury Collision,Cycles,2,0,1,1,1,0,0,2004-04-21T00:00:00.000Z,4/21/2004 12:45:00 PM,Driveway Junction,18.0,"MOTOR VEHICLE STRUCK PEDALCYCLIST, FRONT END AT ANGLE",,0,Clear or Partly Cloudy,Wet,Daylight,,,45,Vehicle - Pedalcyclist,0,N,Washington,47.59538834052639,-122.32904689956757
Intersection,MERCER ST AND QUEEN ANNE AVE N,2,Injury Collision,Cycles,2,0,1,1,1,0,0,2004-08-12T00:00:00.000Z,8/12/2004 1:25:00 AM,At Intersection (intersection related),18.0,"MOTOR VEHICLE STRUCK PEDALCYCLIST, FRONT END AT ANGLE",,0,Clear or Partly Cloudy,Dry,Dark - Street Lights On,Y,,45,Vehicle - Pedalcyclist,0,N,Washington,47.6245829734798,-122.3567092208327
Block,ALASKAN WAY S BETWEEN ALASKAN E RDWY WAY S AND S ROYAL BROUGHAM WAY,2b,Serious Injury Collision,Cycles,2,0,1,1,1,1,0,2004-08-24T00:00:00.000Z,8/24/2004 7:03:00 AM,Mid-Block (not related to intersection),51.0,PEDALCYCLIST STRUCK MOTOR VEHICLE FRONT END AT ANGLE,,0,Raining,Wet,Dawn,,,45,Vehicle - Pedalcyclist,0,N,Washington,,
Block,28TH AVE S BETWEEN S MONTEREY PL AND S WARSAW ST,2,Injury Collision,Cycles,4,0,1,1,1,0,0,2004-04-03T00:00:00.000Z,4/3/2004,Mid-Block (but intersection related),18.0,"MOTOR VEHICLE STRUCK PEDALCYCLIST, FRONT END AT ANGLE",,0,Clear or Partly Cloudy,Dry,Dusk,,,45,Vehicle - Pedalcyclist,0,N,Washington,47.5437810144451,-122.29689429596807
Block,DELRIDGE WAY SW BETWEEN SW ANDOVER ST AND SW DAKOTA ST,2,Injury Collision,Cycles,2,0,1,1,1,0,0,2004-02-05T00:00:00.000Z,2/5/2004,Mid-Block (not related to intersection),23.0,"MOTOR VEHICLE STRUCK PEDALCYCLIST, LEFT SIDE SIDESWIPE",,0,Clear or Partly Cloudy,Dry,Daylight,Y,,45,Vehicle - Pedalcyclist,0,N,Washington,47.56744415989258,-122.36329650536146
Intersection,11TH CR AVE SW AND SW SPOKANE ST,2,Injury Collision,Cycles,2,0,1,1,1,0,0,2004-09-24T00:00:00.000Z,9/24/2004 11:00:00 AM,At Intersection (intersection related),18.0,"MOTOR VEHICLE STRUCK PEDALCYCLIST, FRONT END AT ANGLE",,0,Overcast,Dry,Daylight,,,45,Vehicle - Pedalcyclist,0,N,Washington,47.57141301795942,-122.3488003873795
Block,RAINIER AVE S BETWEEN S CHARLESTOWN ST AND S ANDOVER ST,2,Injury Collision,Cycles,2,0,1,1,1,0,0,2004-03-23T00:00:00.000Z,3/23/2004 11:59:00 AM,Driveway Junction,18.0,"MOTOR VEHICLE STRUCK PEDALCYCLIST, FRONT END AT ANGLE",,0,Clear or Partly Cloudy,Dry,Daylight,Y,,45,Vehicle - Pedalcyclist,0,N,Washington,47.56888238389964,-122.28992285306899
Block,BROOKLYN AVE NE BETWEEN NE 43RD ST AND NE 45TH ST,2,Injury Collision,Cycles,3,0,1,1,1,0,0,2004-09-24T00:00:00.000Z,9/24/2004 6:24:00 PM,Mid-Block (not related to intersection),18.0,"MOTOR VEHICLE STRUCK PEDALCYCLIST, FRONT END AT ANGLE",Y,0,Overcast,Dry,Daylight,,,45,Vehicle - Pedalcyclist,0,N,Washington,47.66054160814501,-122.31430558850401
Block,RAINIER AVE S BETWEEN S OTHELLO ST AND S FONTANELLE ST,2,Injury Collision,Cycles,2,0,1,1,1,0,0,2004-01-21T00:00:00.000Z,1/21/2004 1:16:00 PM,Driveway Junction,21.0,"MOTOR VEHICLE STRUCK PEDALCYCLIST, REAR END",,0,Clear or Partly Cloudy,Dry,Daylight,,,45,Vehicle - Pedalcyclist,0,N,Washington,47.53644521702946,-122.270155015883
Block,ALASKAN WAY BETWEEN UNIVERSITY ST AND UNION ST,2,Injury Collision,Other,2,0,1,1,1,0,0,2004-05-21T00:00:00.000Z,5/21/2004 8:30:00 AM,Driveway Junction,18.0,"MOTOR VEHICLE STRUCK PEDALCYCLIST, FRONT END AT ANGLE",,0,Clear or Partly Cloudy,Dry,Daylight,Y,,52,Vehicle overturned,0,N,Washington,47.60640582032722,-122.34087258975242
Block,DENNY WAY BETWEEN BOREN AVE AND FAIRVIEW AVE,2,Injury Collision,Cycles,2,0,1,1,1,0,0,2004-05-14T00:00:00.000Z,5/14/2004 6:49:00 PM,Mid-Block (not related to intersection),21.0,"MOTOR VEHICLE STRUCK PEDALCYCLIST, REAR END",,0,Clear or Partly Cloudy,Dry,Daylight,,,45,Vehicle - Pedalcyclist,0,N,Washington,47.61851947172324,-122.33478978900352
Intersection,50TH AVE S AND S ROSE ST,2,Injury Collision,Cycles,2,0,1,1,1,0,0,2004-05-06T00:00:00.000Z,5/6/2004,At Intersection (intersection related),18.0,"MOTOR VEHICLE STRUCK PEDALCYCLIST, FRONT END AT ANGLE",,0,Overcast,Dry,Daylight,Y,,45,Vehicle - Pedalcyclist,0,N,Washington,47.5291175683023,-122.27079530916004
Block,AURORA AVE N BETWEEN N 104TH ST AND N NORTHGATE WAY,2,Injury Collision,Cycles,2,0,1,1,1,0,0,2004-07-09T00:00:00.000Z,7/9/2004,Mid-Block (not related to intersection),21.0,"MOTOR VEHICLE STRUCK PEDALCYCLIST, REAR END",Y,0,Clear or Partly Cloudy,Wet,Daylight,,,45,Vehicle - Pedalcyclist,0,N,Washington,47.70468772397645,-122.34468980524905
Intersection,RENTON AVE S AND S HENDERSON ST,2,Injury Collision,Cycles,2,0,1,1,1,0,0,2004-06-15T00:00:00.000Z,6/15/2004 6:35:00 PM,At Intersection (intersection related),18.0,"MOTOR VEHICLE STRUCK PEDALCYCLIST, FRONT END AT ANGLE",,0,Clear or Partly Cloudy,Dry,Daylight,,,45,Vehicle - Pedalcyclist,0,N,Washington,47.52331233900897,-122.2764032545482
Block,30TH AVE NE BETWEEN BURKE GILMAN TRL AND NE BLAKELEY S ST,2,Injury Collision,Cycles,2,0,1,1,1,0,0,2004-09-11T00:00:00.000Z,9/11/2004 1:47:00 PM,Mid-Block (not related to intersection),18.0,"MOTOR VEHICLE STRUCK PEDALCYCLIST, FRONT END AT ANGLE",,0,Overcast,Wet,Dawn,Y,,45,Vehicle - Pedalcyclist,0,N,Washington,47.66456879354945,-122.29561849579152
Block,MADISON ST BETWEEN ALASKAN WAY AND ALASKAN E RDWY WAY,2,Injury Collision,Cycles,2,0,1,1,1,0,0,2004-08-28T00:00:00.000Z,8/28/2004 6:39:00 AM,Mid-Block (but intersection related),18.0,"MOTOR VEHICLE STRUCK PEDALCYCLIST, FRONT END AT ANGLE",,0,Clear or Partly Cloudy,Dry,Daylight,,,45,Vehicle - Pedalcyclist,0,N,Washington,47.603851292294216,-122.3382510412801
Intersection,40TH AVE NE AND NE 55TH ST,2b,Serious Injury Collision,Cycles,2,0,1,1,1,1,0,2004-08-28T00:00:00.000Z,8/28/2004 1:48:00 PM,At Intersection (intersection related),51.0,PEDALCYCLIST STRUCK MOTOR VEHICLE FRONT END AT ANGLE,,0,Clear or Partly Cloudy,Dry,Daylight,,,45,Vehicle - Pedalcyclist,0,N,Washington,47.6685093016896,-122.28482300439441
Intersection,ALASKAN WAY S AND S ATLANTIC ST,2,Injury Collision,Cycles,2,0,1,1,1,0,0,2004-06-04T00:00:00.000Z,6/4/2004,At Intersection (intersection related),51.0,PEDALCYCLIST STRUCK MOTOR VEHICLE FRONT END AT ANGLE,,0,Clear or Partly Cloudy,Dry,Daylight,Y,,45,Vehicle - Pedalcyclist,0,N,Washington,47.59073208493333,-122.33733580156671
Intersection,BROADWAY E AND E REPUBLICAN ST,2,Injury Collision,Cycles,3,0,1,1,1,0,0,2004-05-22T00:00:00.000Z,5/22/2004 4:27:00 PM,At Intersection (intersection related),18.0,"MOTOR VEHICLE STRUCK PEDALCYCLIST, FRONT END AT ANGLE",,0,Overcast,Dry,Daylight,Y,,45,Vehicle - Pedalcyclist,0,N,Washington,47.623128921405176,-122.32092426151337
Block,NE 65TH ST BETWEEN 25TH AVE NE AND 26TH AVE NE,2,Injury Collision,Cycles,2,0,1,1,1,0,0,2004-09-09T00:00:00.000Z,9/9/2004,Driveway Junction,18.0,"MOTOR VEHICLE STRUCK PEDALCYCLIST, FRONT END AT ANGLE",,0,Clear or Partly Cloudy,Dry,Daylight,,,45,Vehicle - Pedalcyclist,0,N,Washington,47.6757747867256,-122.30012567257162
Intersection,5TH AVE N AND HARRISON ST,2,Injury Collision,Cycles,3,0,1,1,1,0,0,2004-08-27T00:00:00.000Z,8/27/2004 8:54:00 AM,At Intersection (intersection related),51.0,PEDALCYCLIST STRUCK MOTOR VEHICLE FRONT END AT ANGLE,,0,Clear or Partly Cloudy,Dry,Daylight,,,45,Vehicle - Pedalcyclist,0,N,Washington,47.62207493549256,-122.34759184798416
Intersection,SUMMIT AVE AND E PINE ST,2,Injury Collision,Cycles,2,0,1,1,1,0,0,2004-04-21T00:00:00.000Z,4/21/2004 9:42:00 AM,At Intersection (intersection related),51.0,PEDALCYCLIST STRUCK MOTOR VEHICLE FRONT END AT ANGLE,,0,Clear or Partly Cloudy,Dry,Daylight,,,45,Vehicle - Pedalcyclist,0,N,Washington,47.615218748198224,-122.32552884050469
Block,4TH AVE S BETWEEN S MAIN ST AND S JACKSON ST,2,Injury Collision,Cycles,2,0,1,1,1,0,0,2004-10-14T00:00:00.000Z,10/14/2004 1:29:00 PM,Mid-Block (but intersection related),55.0,PEDALCYCLIST STRUCK MOTOR VEHICLE RIGHT SIDE SIDESWIPE,,0,Clear or Partly Cloudy,Dry,Daylight,,,45,Vehicle - Pedalcyclist,0,N,Washington,47.59961782030045,-122.32896629872035
Block,2ND AVE BETWEEN SPRING ST AND SENECA ST,1,Property Damage Only Collision,Cycles,2,0,1,1,0,0,0,2004-05-05T00:00:00.000Z,5/5/2004,Mid-Block (not related to intersection),54.0,PEDALCYCLIST STRUCK MOTOR VEHICLE REAR END,Y,0,Clear or Partly Cloudy,Dry,Daylight,,,45,Vehicle - Pedalcyclist,0,N,Washington,47.6062280427684,-122.33610689085634
Block,18TH AVE S BETWEEN S STEVENS ST AND S HANFORD ST,2,Injury Collision,Cycles,3,0,1,1,1,0,0,2004-03-21T00:00:00.000Z,3/21/2004 1:35:00 PM,Driveway Junction,18.0,"MOTOR VEHICLE STRUCK PEDALCYCLIST, FRONT END AT ANGLE",,0,Clear or Partly Cloudy,Dry,Daylight,,,45,Vehicle - Pedalcyclist,0,N,Washington,47.57606733004357,-122.30880441029863
Block,EASTLAKE AVE E BETWEEN HARVARD AVE E AND FUHRMAN AVE E,2,Injury Collision,Cycles,2,0,1,1,1,0,0,2004-09-02T00:00:00.000Z,9/2/2004,Mid-Block (not related to intersection),23.0,"MOTOR VEHICLE STRUCK PEDALCYCLIST, LEFT SIDE SIDESWIPE",,0,Overcast,Dry,Daylight,Y,,45,Vehicle - Pedalcyclist,0,N,Washington,47.65104751116883,-122.32168580219019
Intersection,25TH AVE NE AND NE BLAKELEY ST,2,Injury Collision,Cycles,2,0,1,1,1,0,0,2004-10-01T00:00:00.000Z,10/1/2004,At Intersection (intersection related),18.0,"MOTOR VEHICLE STRUCK PEDALCYCLIST, FRONT END AT ANGLE",,0,Clear or Partly Cloudy,Dry,Daylight,Y,,45,Vehicle - Pedalcyclist,0,N,Washington,47.66626671821327,-122.30060498001896
Block,15TH AVE NW BETWEEN NW 53RD ST AND NW 54TH ST,2,Injury Collision,Cycles,3,0,1,1,1,0,0,2004-08-02T00:00:00.000Z,8/2/2004,Mid-Block (not related to intersection),51.0,PEDALCYCLIST STRUCK MOTOR VEHICLE FRONT END AT ANGLE,Y,0,Clear or Partly Cloudy,Dry,Daylight,,,45,Vehicle - Pedalcyclist,0,N,Washington,47.667525362035825,-122.37621628585288
Block,N NORTHGATE WAY BETWEEN CORLISS AVE N AND 1ST AVE NE,2,Injury Collision,Cycles,2,0,1,1,1,0,0,2004-08-16T00:00:00.000Z,8/16/2004 6:10:00 PM,Mid-Block (not related to intersection),11.0,"MOTOR VEHICLE STRUCK MOTOR VEHICLE, FRONT END AT ANGLE",,0,Clear or Partly Cloudy,Dry,Daylight,,,45,Vehicle - Pedalcyclist,0,N,Washington,47.70863744809575,-122.32997598594513
Intersection,BOREN AVE AND PINE ST,2b,Serious Injury Collision,Cycles,2,0,1,1,1,1,0,2004-03-23T00:00:00.000Z,3/23/2004 9:18:00 AM,At Intersection (intersection related),18.0,"MOTOR VEHICLE STRUCK PEDALCYCLIST, FRONT END AT ANGLE",,0,Clear or Partly Cloudy,Dry,Daylight,,,45,Vehicle - Pedalcyclist,0,N,Washington,47.614457242057235,-122.3298224327749
Block,S WASHINGTON ST BETWEEN 20TH AVE S AND 21ST AVE S,2,Injury Collision,Cycles,2,0,1,1,1,0,0,2004-09-02T00:00:00.000Z,9/2/2004,Driveway Junction,23.0,"MOTOR VEHICLE STRUCK PEDALCYCLIST, LEFT SIDE SIDESWIPE",,0,Clear or Partly Cloudy,Dry,Daylight,,,45,Vehicle - Pedalcyclist,0,N,Washington,47.60083341982696,-122.30570302165098
Block,STEWART ST BETWEEN 9TH AVE AND TERRY AVE,2,Injury Collision,Cycles,2,0,1,1,1,0,0,2004-11-19T00:00:00.000Z,11/19/2004 6:27:00 PM,Driveway Junction,18.0,"MOTOR VEHICLE STRUCK PEDALCYCLIST, FRONT END AT ANGLE",,0,Overcast,Dry,Dark - Street Lights On,Y,,45,Vehicle - Pedalcyclist,0,N,Washington,47.615947568874724,-122.33400804365507
Intersection,DEXTER AVE N AND HARRISON ST,2,Injury Collision,Cycles,2,0,1,1,1,0,0,2004-09-22T00:00:00.000Z,9/22/2004 11:36:00 PM,At Intersection (intersection related),18.0,"MOTOR VEHICLE STRUCK PEDALCYCLIST, FRONT END AT ANGLE",,0,Clear or Partly Cloudy,Dry,Dark - Street Lights On,,,45,Vehicle - Pedalcyclist,0,N,Washington,47.62205574526417,-122.34237158587831
Block,YESLER WAY BETWEEN 8TH AVE AND BROADWAY,2,Injury Collision,Cycles,2,0,1,1,1,0,0,2004-09-21T00:00:00.000Z,9/21/2004 6:12:00 PM,Mid-Block (not related to intersection),24.0,MOTOR VEHCILE STRUCK PEDESTRIAN,,0,Clear or Partly Cloudy,Dry,Dusk,,,45,Vehicle - Pedalcyclist,0,N,Washington,47.601701922953254,-122.32159412317623
Block,BROADWAY BETWEEN E HOWELL ST AND E DENNY WAY,2,Injury Collision,Cycles,3,0,1,2,1,0,0,2004-05-04T00:00:00.000Z,5/4/2004,Mid-Block (not related to intersection),11.0,"MOTOR VEHICLE STRUCK MOTOR VEHICLE, FRONT END AT ANGLE",,0,Clear or Partly Cloudy,Dry,Daylight,Y,,45,Vehicle - Pedalcyclist,0,N,Washington,47.618154047457764,-122.3208451357006
Intersection,STONE WAY N AND N 40TH ST,2,Injury Collision,Cycles,2,0,1,1,1,0,0,2004-12-08T00:00:00.000Z,12/8/2004,At Intersection (intersection related),18.0,"MOTOR VEHICLE STRUCK PEDALCYCLIST, FRONT END AT ANGLE",,0,Raining,Wet,Dark - Street Lights On,Y,,45,Vehicle - Pedalcyclist,0,N,Washington,47.655382876420056,-122.34243924105127
Intersection,6TH AVE N AND DEXTER AVE N,2b,Serious Injury Collision,Cycles,2,0,1,1,1,1,0,2004-11-16T00:00:00.000Z,11/16/2004 8:03:00 AM,At Intersection (intersection related),51.0,PEDALCYCLIST STRUCK MOTOR VEHICLE FRONT END AT ANGLE,,0,Overcast,Wet,Daylight,,,45,Vehicle - Pedalcyclist,0,N,Washington,47.640325073055884,-122.34439623021316
Intersection,RAINIER AVE S AND S HENDERSON ST,2b,Serious Injury Collision,Cycles,2,0,1,1,1,1,0,2004-08-10T00:00:00.000Z,8/10/2004 5:42:00 PM,At Intersection (intersection related),18.0,"MOTOR VEHICLE STRUCK PEDALCYCLIST, FRONT END AT ANGLE",,0,Clear or Partly Cloudy,Dry,Daylight,Y,,45,Vehicle - Pedalcyclist,0,N,Washington,47.52330726789338,-122.26998603945191
Intersection,BROADWAY E AND E OLIVE WAY,2,Injury Collision,Cycles,2,0,1,1,1,0,0,2004-06-08T00:00:00.000Z,6/8/2004,At Intersection (intersection related),51.0,PEDALCYCLIST STRUCK MOTOR VEHICLE FRONT END AT ANGLE,,0,Overcast,Dry,Daylight,,,45,Vehicle - Pedalcyclist,0,N,Washington,47.61990774686424,-122.32087289209669