addrtype,location,severitycode,severitydesc,collisiontype,personcount,pedcount,pedcylcount,vehcount,injuries,seriousinjuries,fatalities,incdate,incdttm,junctiontype,sdot_colcode,sdot_coldesc,inattentionind,underinfl,weather,roadcond,lightcond,pedrownotgrnt,speeding,st_colcode,st_coldesc,crosswalkkey,hitparkedcar,state,latitude,longitude
Intersection,AURORA AVE N AND N 117TH PL,2,Injury Collision,Cycles,2,0,1,1,1,0,0,2004-07-16T00:00:00.000Z,7/16/2004 3:53:00 PM,At Intersection (intersection related),51.0,PEDALCYCLIST STRUCK MOTOR VEHICLE FRONT END AT ANGLE,,0,Clear or Partly Cloudy,Dry,Daylight,,,45,Vehicle - Pedalcyclist,0,N,Washington,47.71477675389059,-122.34485254918008
Intersection,PHINNEY AVE N AND N ARGYLE PL,2,Injury Collision,Cycles,2,0,1,1,1,0,0,2004-01-12T00:00:00.000Z,1/12/2004 7:30:00 AM,At Intersection (intersection related),18.0,"MOTOR VEHICLE STRUCK PEDALCYCLIST, FRONT END AT ANGLE",,0,Clear or Partly Cloudy,Wet,Dawn,Y,,45,Vehicle - Pedalcyclist,0,N,Washington,47.669109054399605,-122.35440494941307
Block,WEST MARGINAL WAY SW BETWEEN SW BRANDON ST AND SW FRONT ST,2,Injury Collision,Cycles,2,0,1,1,1,0,0,2004-05-11T00:00:00.000Z,5/11/2004 6:45:00 AM,Driveway Junction,18.0,"MOTOR VEHICLE STRUCK PEDALCYCLIST, FRONT END AT ANGLE",Y,0,Clear or Partly Cloudy,Wet,Daylight,,,45,Vehicle - Pedalcyclist,0,N,Washington,47.5473705510147,-122.34509634424455
Intersection,UNIVERSITY WAY NE AND NE PACIFIC ST,2,Injury Collision,Cycles,0,0,1,1,1,0,0,2004-03-22T00:00:00.000Z,3/22/2004 2:10:00 PM,At Intersection (intersection related),18.0,"MOTOR VEHICLE STRUCK PEDALCYCLIST, FRONT END AT ANGLE",,0,Clear or Partly Cloudy,Dry,Daylight,Y,,45,Vehicle - Pedalcyclist,0,N,Washington,47.653399440542536,-122.31333457571537
Block,N 34TH ST BETWEEN WOODLAND PARK AVE N AND STONE WAY N,2,Injury Collision,Cycles,0,0,1,1,1,0,0,2004-04-27T00:00:00.000Z,4/27/2004 7:53:00 AM,Mid-Block (not related to intersection),23.0,"MOTOR VEHICLE STRUCK PEDALCYCLIST, LEFT SIDE SIDESWIPE",,0,Clear or Partly Cloudy,Dry,Daylight,Y,,45,Vehicle - Pedalcyclist,0,N,Washington,47.64863709622514,-122.34341043180699
Block,UNIVERSITY WAY NE BETWEEN NE 47TH ST AND NE 50TH ST,2,Injury Collision,Cycles,2,0,1,1,1,0,0,2004-07-30T00:00:00.000Z,7/30/2004 7:00:00 AM,Mid-Block (not related to intersection),56.0,PEDALCYCLIST STRUCK MOTOR VEHICLE LEFT SIDE SIDESWIPE,,0,Overcast,Dry,Daylight,Y,,45,Vehicle - Pedalcyclist,0,N,Washington,47.663994887860014,-122.31308797808485
Block,ALASKAN E RDWY WAY S BETWEEN YESLER WAY AND S WASHINGTON ST,2b,Serious Injury Collision,Cycles,2,0,1,1,1,1,0,2004-08-04T00:00:00.000Z,8/4/2004,Mid-Block (not related to intersection),51.0,PEDALCYCLIST STRUCK MOTOR VEHICLE FRONT END AT ANGLE,,0,Clear or Partly Cloudy,Dry,Daylight,,,45,Vehicle - Pedalcyclist,0,N,Washington,47.601520773034906,-122.33587639193048
Block,8TH AVE NW BETWEEN NW 48TH ST AND NW 49TH ST,1,Property Damage Only Collision,Cycles,2,0,1,1,0,0,0,2004-06-29T00:00:00.000Z,6/29/2004 3:40:00 PM,Mid-Block (not related to intersection),21.0,"MOTOR VEHICLE STRUCK PEDALCYCLIST, REAR END",,0,Clear or Partly Cloudy,Dry,Daylight,Y,,45,Vehicle - Pedalcyclist,0,N,Washington,47.66401468389161,-122.36619032424457
Block,LAKE CITY WAY NE BETWEEN NE 127TH ST AND NE 130TH ST,1,Property Damage Only Collision,Cycles,2,0,1,1,0,0,0,2004-08-28T00:00:00.000Z,8/28/2004 2:30:00 PM,Driveway Junction,18.0,"MOTOR VEHICLE STRUCK PEDALCYCLIST, FRONT END AT ANGLE",Y,0,Clear or Partly Cloudy,Dry,Daylight,Y,,45,Vehicle - Pedalcyclist,0,N,Washington,47.721985407450845,-122.29364266767223
Intersection,1ST AVE N AND MERCER ST,2,Injury Collision,Cycles,2,0,1,1,1,0,0,2004-08-20T00:00:00.000Z,8/20/2004 9:36:00 AM,At Intersection (intersection related),18.0,"MOTOR VEHICLE STRUCK PEDALCYCLIST, FRONT END AT ANGLE",,0,Clear or Partly Cloudy,Dry,Daylight,Y,,45,Vehicle - Pedalcyclist,0,N,Washington,47.62457824619377,-122.35540392237381
Intersection,MELROSE AVE AND PINE ST,2,Injury Collision,Cycles,2,0,1,1,1,0,0,2004-06-30T00:00:00.000Z,6/30/2004 10:00:00 AM,At Intersection (intersection related),51.0,PEDALCYCLIST STRUCK MOTOR VEHICLE FRONT END AT ANGLE,,0,Clear or Partly Cloudy,Dry,Daylight,,,45,Vehicle - Pedalcyclist,0,N,Washington,47.61523842026632,-122.32790375541016
Intersection,4TH AVE N AND DEXTER S AVE N,1,Property Damage Only Collision,Cycles,2,0,1,1,0,0,0,2004-08-02T00:00:00.000Z,8/2/2004,At Intersection (intersection related),18.0,"MOTOR VEHICLE STRUCK PEDALCYCLIST, FRONT END AT ANGLE",,0,Clear or Partly Cloudy,Unknown,Daylight,Y,,45,Vehicle - Pedalcyclist,0,N,Washington,47.64570977099386,-122.34948774878293
Intersection,FREMONT AVE N AND N 34TH ST,2,Injury Collision,Cycles,2,0,1,1,1,0,0,2004-03-01T00:00:00.000Z,3/1/2004,At Intersection (intersection related),18.0,"MOTOR VEHICLE STRUCK PEDALCYCLIST, FRONT END AT ANGLE",,0,Clear or Partly Cloudy,Dry,Daylight,Y,,45,Vehicle - Pedalcyclist,0,N,Washington,47.64958972852735,-122.34974744884168
Block,12TH AVE BETWEEN E COLUMBIA ST AND E MARION ST,2,Injury Collision,Cycles,3,0,1,1,1,0,0,2004-10-07T00:00:00.000Z,10/7/2004,Mid-Block (not related to intersection),56.0,PEDALCYCLIST STRUCK MOTOR VEHICLE LEFT SIDE SIDESWIPE,Y,0,Clear or Partly Cloudy,Dry,Daylight,,,45,Vehicle - Pedalcyclist,0,N,Washington,47.60980943523944,-122.3167796621427
,,2,Injury Collision,Cycles,2,0,1,1,1,0,0,2005-05-04T00:00:00.000Z,5/4/2005,Mid-Block (not related to intersection),0.0,NOT ENOUGH INFORMATION / NOT APPLICABLE,,0,Clear or Partly Cloudy,Dry,Dark - Street Lights On,Y,,45,Vehicle - Pedalcyclist,0,N,Washington,,
Intersection,SUMMIT AVE AND E PINE ST,2,Injury Collision,Cycles,2,0,1,1,1,0,0,2005-01-19T00:00:00.000Z,1/19/2005 6:50:00 PM,At Intersection (intersection related),18.0,"MOTOR VEHICLE STRUCK PEDALCYCLIST, FRONT END AT ANGLE",,0,Clear or Partly Cloudy,Dry,Dark - Street Lights On,Y,,45,Vehicle - Pedalcyclist,0,N,Washington,47.615218748198224,-122.32552884050469
Intersection,LAKE WASHINGTON BLVD S AND S CHARLES ST,2,Injury Collision,Cycles,2,0,1,1,1,0,0,2004-11-07T00:00:00.000Z,11/7/2004,At Intersection (intersection related),69.0,PEDALCYCLIST OVERTURNED IN ROAD,,0,Overcast,Dry,Daylight,,,45,Vehicle - Pedalcyclist,0,N,Washington,47.59458293526368,-122.28916024636038
Block,MINOR AVE BETWEEN HOWELL ST AND STEWART ST,2,Injury Collision,Cycles,2,0,1,1,1,0,0,2005-12-02T00:00:00.000Z,12/2/2005,Mid-Block (but intersection related),18.0,"MOTOR VEHICLE STRUCK PEDALCYCLIST, FRONT END AT ANGLE",,0,Raining,Wet,Dark - Street Lights On,,,45,Vehicle - Pedalcyclist,0,N,Washington,47.6172241008391,-122.3312071802497
Block,NW BALLARD WAY BETWEEN 11TH AVE NW AND 14TH AVE NW,1,Property Damage Only Collision,Cycles,2,0,1,1,0,0,0,2005-11-09T00:00:00.000Z,11/9/2005,Driveway Junction,51.0,PEDALCYCLIST STRUCK MOTOR VEHICLE FRONT END AT ANGLE,,0,Overcast,Dry,Daylight,,,45,Vehicle - Pedalcyclist,0,N,Washington,47.66293138108326,-122.37217902508912
Block,8TH AVE NW BETWEEN NW MARKET ST AND NW 56TH ST,2,Injury Collision,Cycles,2,0,1,1,1,0,0,2005-12-15T00:00:00.000Z,12/15/2005 6:24:00 PM,Driveway Junction,18.0,"MOTOR VEHICLE STRUCK PEDALCYCLIST, FRONT END AT ANGLE",,0,Clear or Partly Cloudy,Dry,Dark - Street Lights On,Y,,45,Vehicle - Pedalcyclist,0,N,Washington,47.66904055691744,-122.36617843981155
Intersection,12TH AVE E AND E MERCER ST,2,Injury Collision,Cycles,2,0,1,1,1,0,0,2005-09-21T00:00:00.000Z,9/21/2005 12:27:00 AM,At Intersection (intersection related),51.0,PEDALCYCLIST STRUCK MOTOR VEHICLE FRONT END AT ANGLE,,0,Clear or Partly Cloudy,Dry,Dark - Street Lights On,,,45,Vehicle - Pedalcyclist,0,N,Washington,47.624262227719285,-122.31673674062874
Block,LAKE WASHINGTON BLVD E BETWEEN E MADISON ST AND ARBORETUM DR E,2,Injury Collision,Cycles,2,0,1,1,1,0,0,2005-04-30T00:00:00.000Z,4/30/2005 8:43:00 AM,Mid-Block (not related to intersection),21.0,"MOTOR VEHICLE STRUCK PEDALCYCLIST, REAR END",,0,Raining,Wet,Daylight,,,45,Vehicle - Pedalcyclist,0,N,Washington,47.627191362075216,-122.29298983476741
Block,N 36TH ST BETWEEN 1ST AVE NW AND PALATINE AVE N,2,Injury Collision,Cycles,2,0,1,1,1,0,0,2005-08-31T00:00:00.000Z,8/31/2005 8:00:00 PM,Mid-Block (not related to intersection),18.0,"MOTOR VEHICLE STRUCK PEDALCYCLIST, FRONT END AT ANGLE",,0,Clear or Partly Cloudy,Dry,Daylight,,,45,Vehicle - Pedalcyclist,0,N,Washington,47.65284458149613,-122.35713136973106
Intersection,5TH AVE AND JEFFERSON ST,2,Injury Collision,Cycles,2,0,1,1,1,0,0,2005-05-11T00:00:00.000Z,5/11/2005 5:05:00 PM,At Intersection (intersection related),24.0,MOTOR VEHCILE STRUCK PEDESTRIAN,,0,Clear or Partly Cloudy,Dry,Daylight,,,45,Vehicle - Pedalcyclist,0,N,Washington,47.60298463291854,-122.32853489031004
Block,NE 40 UPPER ST BETWEEN 9TH AVE NE AND UNIVERSITY BR,2,Injury Collision,Cycles,2,0,1,1,1,0,0,2005-05-11T00:00:00.000Z,5/11/2005 5:52:00 PM,Driveway Junction,18.0,"MOTOR VEHICLE STRUCK PEDALCYCLIST, FRONT END AT ANGLE",,0,Overcast,Dry,Daylight,Y,,45,Vehicle - Pedalcyclist,0,N,Washington,47.65563351915095,-122.31850528809136
Block,12TH AVE BETWEEN E SPRING ST AND E MADISON ST,2,Injury Collision,Cycles,2,0,1,1,1,0,0,2005-01-26T00:00:00.000Z,1/26/2005 5:41:00 PM,Mid-Block (not related to intersection),18.0,"MOTOR VEHICLE STRUCK PEDALCYCLIST, FRONT END AT ANGLE",,0,Overcast,Wet,Dark - Street Lights On,,,45,Vehicle - Pedalcyclist,0,N,Washington,47.61222458831647,-122.31675618733473
Block,35TH AVE SW BETWEEN SW GRAHAM ST AND SW MORGAN ST,2,Injury Collision,Cycles,2,0,1,1,1,0,0,2005-11-14T00:00:00.000Z,11/14/2005 9:49:00 AM,Driveway Junction,11.0,"MOTOR VEHICLE STRUCK MOTOR VEHICLE, FRONT END AT ANGLE",,0,Clear or Partly Cloudy,Dry,Daylight,,,45,Vehicle - Pedalcyclist,0,N,Washington,47.545594645768396,-122.3764225392052
Block,ELLIOTT AVE W BETWEEN W GALER ST FLYOVER AND W GALER ST,2,Injury Collision,Cycles,2,0,1,1,1,0,0,2005-06-21T00:00:00.000Z,6/21/2005 7:31:00 AM,Mid-Block (not related to intersection),56.0,PEDALCYCLIST STRUCK MOTOR VEHICLE LEFT SIDE SIDESWIPE,,0,Clear or Partly Cloudy,Dry,Daylight,Y,,45,Vehicle - Pedalcyclist,0,N,Washington,47.631861623343255,-122.37515622851562
Block,ROOSEVELT WAY NE BETWEEN PINEHURST N WAY NE AND NE 113TH S ST,2,Injury Collision,Cycles,2,0,1,1,1,0,0,2005-06-24T00:00:00.000Z,6/24/2005 5:36:00 PM,Mid-Block (but intersection related),21.0,"MOTOR VEHICLE STRUCK PEDALCYCLIST, REAR END",,0,Clear or Partly Cloudy,Dry,Daylight,Y,,45,Vehicle - Pedalcyclist,0,N,Washington,47.710434330232204,-122.31777742829759
Block,LAKE CITY WAY NE BETWEEN NE 117TH ST AND NE 120TH ST,2,Injury Collision,Cycles,2,0,1,1,1,0,0,2005-06-01T00:00:00.000Z,6/1/2005,Driveway Junction,18.0,"MOTOR VEHICLE STRUCK PEDALCYCLIST, FRONT END AT ANGLE",,0,Clear or Partly Cloudy,Dry,Daylight,Y,,45,Vehicle - Pedalcyclist,0,N,Washington,47.714911925974505,-122.29781601099751
Intersection,23RD AVE NW AND NW 75TH ST,2,Injury Collision,Cycles,2,0,1,1,1,0,0,2005-06-19T00:00:00.000Z,6/19/2005 7:30:00 PM,At Intersection (intersection related),51.0,PEDALCYCLIST STRUCK MOTOR VEHICLE FRONT END AT ANGLE,,0,Clear or Partly Cloudy,Dry,Daylight,,,45,Vehicle - Pedalcyclist,0,N,Washington,47.683191035477094,-122.38538411447672
Block,LAKE CITY WAY NE BETWEEN NE 117TH ST AND NE 120TH ST,2,Injury Collision,Cycles,3,0,1,1,1,0,0,2005-09-21T00:00:00.000Z,9/21/2005 2:22:00 PM,Driveway Junction,18.0,"MOTOR VEHICLE STRUCK PEDALCYCLIST, FRONT END AT ANGLE",,0,Clear or Partly Cloudy,Dry,Daylight,Y,,45,Vehicle - Pedalcyclist,0,N,Washington,47.714911925974505,-122.29781601099751
Intersection,7TH AVE AND BLANCHARD ST,2,Injury Collision,Cycles,2,0,1,1,1,0,0,2005-07-26T00:00:00.000Z,7/26/2005 6:02:00 PM,At Intersection (intersection related),51.0,PEDALCYCLIST STRUCK MOTOR VEHICLE FRONT END AT ANGLE,,0,Clear or Partly Cloudy,Dry,Daylight,,,45,Vehicle - Pedalcyclist,0,N,Washington,47.6165946541522,-122.3400549449465
Block,AIRPORT WAY S BETWEEN S HOLGATE SR ST AND S PLUM ST,2,Injury Collision,Cycles,2,0,1,1,1,0,0,2005-08-17T00:00:00.000Z,8/17/2005 7:08:00 AM,Mid-Block (but intersection related),51.0,PEDALCYCLIST STRUCK MOTOR VEHICLE FRONT END AT ANGLE,,0,Raining,Wet,Daylight,,,45,Vehicle - Pedalcyclist,0,N,Washington,47.585707964868185,-122.32139337204836
Intersection,EASTLAKE AVE E AND E ROANOKE ST,2,Injury Collision,Cycles,2,0,1,1,1,0,0,2005-12-02T00:00:00.000Z,12/2/2005,At Intersection (intersection related),18.0,"MOTOR VEHICLE STRUCK PEDALCYCLIST, FRONT END AT ANGLE",,0,Raining,Wet,Dark - Street Lights On,Y,,45,Vehicle - Pedalcyclist,0,N,Washington,47.64319064257319,-122.32588681195922
Block,E MADISON ST BETWEEN 28TH AVE E AND 29TH W AVE E,2,Injury Collision,Cycles,2,0,1,1,1,0,0,2005-08-18T00:00:00.000Z,8/18/2005 4:12:00 PM,Mid-Block (not related to intersection),56.0,PEDALCYCLIST STRUCK MOTOR VEHICLE LEFT SIDE SIDESWIPE,Y,0,Clear or Partly Cloudy,Dry,Daylight,,,45,Vehicle - Pedalcyclist,0,N,Washington,47.62371497310322,-122.29583475293619
Block,S ATLANTIC ST BETWEEN ALASKAN WAY S AND COLORADO AVE S,2,Injury Collision,Cycles,2,0,1,1,1,0,0,2005-09-07T00:00:00.000Z,9/7/2005,Mid-Block (but intersection related),55.0,PEDALCYCLIST STRUCK MOTOR VEHICLE RIGHT SIDE SIDESWIPE,Y,0,Clear or Partly Cloudy,Dry,Daylight,Y,,45,Vehicle - Pedalcyclist,0,N,Washington,47.590566430774295,-122.33695371062332
Intersection,DENNY WAY AND DEXTER AVE,2,Injury Collision,Cycles,2,0,1,1,1,0,0,2005-06-07T00:00:00.000Z,6/7/2005,At Intersection (intersection related),18.0,"MOTOR VEHICLE STRUCK PEDALCYCLIST, FRONT END AT ANGLE",,0,Overcast,Dry,Daylight,Y,,45,Vehicle - Pedalcyclist,0,N,Washington,47.618550164551785,-122.34240185261628
Intersection,9TH AVE AND SENECA ST,1,Property Damage Only Collision,Cycles,2,0,1,1,0,0,0,2005-02-10T00:00:00.000Z,2/10/2005 10:03:00 AM,At Intersection (intersection related),23.0,"MOTOR VEHICLE STRUCK PEDALCYCLIST, LEFT SIDE SIDESWIPE",,0,Clear or Partly Cloudy,Dry,Dark - Street Lights On,Y,,45,Vehicle - Pedalcyclist,0,N,Washington,47.60983626783924,-122.32866572275415
Intersection,15TH AVE NE AND NE 43RD ST,2,Injury Collision,Cycles,2,0,1,1,1,0,0,2005-03-20T00:00:00.000Z,3/20/2005 11:17:00 AM,At Intersection (intersection related),18.0,"MOTOR VEHICLE STRUCK PEDALCYCLIST, FRONT END AT ANGLE",,0,Raining,Wet,Daylight,Y,,45,Vehicle - Pedalcyclist,0,N,Washington,47.65978147538043,-122.31203248405404
Block,LAKE WASHINGTON BLVD S BETWEEN S FRINK PL AND S DEARBORN ST,2,Injury Collision,Cycles,2,0,1,1,1,0,0,2005-06-22T00:00:00.000Z,6/22/2005 8:32:00 AM,Mid-Block (not related to intersection),56.0,PEDALCYCLIST STRUCK MOTOR VEHICLE LEFT SIDE SIDESWIPE,,0,Overcast,Dry,Daylight,,,45,Vehicle - Pedalcyclist,0,N,Washington,47.598116035966996,-122.2901495600966
Intersection,40TH AVE SW AND SW MORGAN ST,2b,Serious Injury Collision,Cycles,3,0,1,1,1,1,0,2005-08-05T00:00:00.000Z,8/5/2005,At Intersection (intersection related),51.0,PEDALCYCLIST STRUCK MOTOR VEHICLE FRONT END AT ANGLE,,0,Clear or Partly Cloudy,Dry,Daylight,,,45,Vehicle - Pedalcyclist,0,N,Washington,47.54481980195529,-122.3831548601397
Intersection,2ND AVE NE AND NE 40TH ST,2,Injury Collision,Cycles,2,0,1,1,1,0,0,2005-12-13T00:00:00.000Z,12/13/2005 7:29:00 AM,At Intersection (intersection related),51.0,PEDALCYCLIST STRUCK MOTOR VEHICLE FRONT END AT ANGLE,,0,Raining,Wet,Dark - Street Lights On,,,45,Vehicle - Pedalcyclist,0,N,Washington,47.6555429073838,-122.32682256981859
Intersection,EAST GREEN LAKE DR N AND NE RAVENNA EB BV,2,Injury Collision,Cycles,3,0,1,2,1,0,0,2005-08-30T00:00:00.000Z,8/30/2005 12:25:00 PM,At Intersection (intersection related),18.0,"MOTOR VEHICLE STRUCK PEDALCYCLIST, FRONT END AT ANGLE",,0,Overcast,Dry,Daylight,Y,,45,Vehicle - Pedalcyclist,0,N,Washington,47.67981701513979,-122.32571289789236
Intersection,WALLINGFORD AVE N AND N 85TH ST,2b,Serious Injury Collision,Cycles,2,0,1,1,1,1,0,2005-07-08T00:00:00.000Z,7/8/2005,At Intersection (intersection related),51.0,PEDALCYCLIST STRUCK MOTOR VEHICLE FRONT END AT ANGLE,,0,Raining,Wet,Daylight,Y,,45,Vehicle - Pedalcyclist,0,N,Washington,47.69050090267224,-122.33644048168063
Block,EASTLAKE AVE E BETWEEN HARVARD AVE E AND FUHRMAN AVE E,2,Injury Collision,Cycles,4,0,1,1,1,0,0,2005-05-07T00:00:00.000Z,5/7/2005,Mid-Block (not related to intersection),22.0,"MOTOR VEHICLE STRUCK PEDALCYCLIST, RIGHT SIDE SIDESWIPE",,0,Overcast,Dry,Dark - Street Lights On,Y,,45,Vehicle - Pedalcyclist,0,N,Washington,47.65104751116883,-122.32168580219019
Block,5TH AVE S BETWEEN S WELLER ST AND S DEARBORN ST,1,Property Damage Only Collision,Cycles,4,0,1,1,0,0,0,2005-05-25T00:00:00.000Z,5/25/2005 4:02:00 PM,Mid-Block (not related to intersection),51.0,PEDALCYCLIST STRUCK MOTOR VEHICLE FRONT END AT ANGLE,,0,Clear or Partly Cloudy,Dry,Daylight,,,45,Vehicle - Pedalcyclist,0,N,Washington,47.596656745123475,-122.32768064879758
Intersection,27TH AVE AND E SPRING ST,2,Injury Collision,Cycles,3,0,1,1,1,0,0,2005-05-17T00:00:00.000Z,5/17/2005 6:54:00 PM,At Intersection (intersection related),18.0,"MOTOR VEHICLE STRUCK PEDALCYCLIST, FRONT END AT ANGLE",,0,Clear or Partly Cloudy,Dry,Daylight,,,45,Vehicle - Pedalcyclist,0,N,Washington,47.61155607369405,-122.29751578791965
Block,6TH AVE BETWEEN PINE ST AND OLIVE WAY,2,Injury Collision,Cycles,2,0,1,1,1,0,0,2005-06-09T00:00:00.000Z,6/9/2005,Mid-Block (not related to intersection),21.0,"MOTOR VEHICLE STRUCK PEDALCYCLIST, REAR END",,0,Clear or Partly Cloudy,Dry,Daylight,,,45,Vehicle - Pedalcyclist,0,N,Washington,47.612633293520936,-122.3358274826033
Intersection,SEWARD PARK AVE S AND S OTHELLO ST,2b,Serious Injury Collision,Cycles,3,0,1,1,1,1,0,2005-09-26T00:00:00.000Z,9/26/2005 5:39:00 PM,At Intersection (intersection related),18.0,"MOTOR VEHICLE STRUCK PEDALCYCLIST, FRONT END AT ANGLE",,0,Clear or Partly Cloudy,Dry,Daylight,,,45,Vehicle - Pedalcyclist,0,N,Washington,47.5369767972722,-122.26727180764665
Block,MADISON ST BETWEEN WESTERN AVE AND POST AVE,2,Injury Collision,Cycles,2,0,1,1,1,0,0,2005-06-27T00:00:00.000Z,6/27/2005 6:11:00 PM,Mid-Block (but intersection related),56.0,PEDALCYCLIST STRUCK MOTOR VEHICLE LEFT SIDE SIDESWIPE,Y,0,Overcast,Dry,Daylight,,,45,Vehicle - Pedalcyclist,0,N,Washington,47.60433852899628,-122.3370900305113
Intersection,BROADWAY E AND E OLIVE WAY,2,Injury Collision,Cycles,3,0,1,1,1,0,0,2005-02-23T00:00:00.000Z,2/23/2005 11:31:00 AM,At Intersection (intersection related),51.0,PEDALCYCLIST STRUCK MOTOR VEHICLE FRONT END AT ANGLE,,0,Clear or Partly Cloudy,Dry,Daylight,,,45,Vehicle - Pedalcyclist,0,N,Washington,47.61990774686424,-122.32087289209669
Intersection,BOREN AVE AND OLIVE WAY,2,Injury Collision,Cycles,2,0,1,1,1,0,0,2005-02-12T00:00:00.000Z,2/12/2005 1:50:00 AM,At Intersection (intersection related),18.0,"MOTOR VEHICLE STRUCK PEDALCYCLIST, FRONT END AT ANGLE",,0,Clear or Partly Cloudy,Dry,Dark - Street Lights On,Y,,45,Vehicle - Pedalcyclist,0,N,Washington,47.615449718161365,-122.33072969571377
Block,14TH AVE S BETWEEN S DONOVAN ST AND S TRENTON ST,2,Injury Collision,Cycles,2,0,1,1,1,0,0,2005-09-06T00:00:00.000Z,9/6/2005,Driveway Junction,18.0,"MOTOR VEHICLE STRUCK PEDALCYCLIST, FRONT END AT ANGLE",,0,Clear or Partly Cloudy,Dry,Dark - Street Lights On,Y,,45,Vehicle - Pedalcyclist,0,N,Washington,47.525168411857436,-122.3149315239993
Intersection,1ST AVE S AND S HUDSON ST,2,Injury Collision,Cycles,2,0,1,1,1,0,0,2005-07-26T00:00:00.000Z,7/26/2005 7:25:00 AM,At Intersection (intersection related),18.0,"MOTOR VEHICLE STRUCK PEDALCYCLIST, FRONT END AT ANGLE",,0,Clear or Partly Cloudy,Dry,Daylight,Y,,45,Vehicle - Pedalcyclist,0,N,Washington,47.55741244286303,-122.33421371766391
Intersection,FREMONT AVE N AND N 102ND ST,2,Injury Collision,Cycles,2,0,1,1,1,0,0,2005-05-07T00:00:00.000Z,5/7/2005,At Intersection (intersection related),51.0,PEDALCYCLIST STRUCK MOTOR VEHICLE FRONT END AT ANGLE,,0,Clear or Partly Cloudy,Dry,Daylight,,,45,Vehicle - Pedalcyclist,0,N,Washington,47.7028943919867,-122.35004982279776
Block,WALLINGFORD AVE N BETWEEN N 85TH ST AND N 88TH ST,2,Injury Collision,Cycles,2,0,1,1,1,0,0,2005-05-27T00:00:00.000Z,5/27/2005 4:05:00 PM,Driveway Junction,18.0,"MOTOR VEHICLE STRUCK PEDALCYCLIST, FRONT END AT ANGLE",,0,Clear or Partly Cloudy,Dry,Daylight,Y,,45,Vehicle - Pedalcyclist,0,N,Washington,47.691409282626864,-122.33645031023224
Block,PINE ST BETWEEN 5TH AVE AND 6TH AVE,2,Injury Collision,Cycles,2,0,1,1,1,0,0,2005-05-27T00:00:00.000Z,5/27/2005 7:00:00 AM,Mid-Block (not related to intersection),23.0,"MOTOR VEHICLE STRUCK PEDALCYCLIST, LEFT SIDE SIDESWIPE",,0,Clear or Partly Cloudy,Dry,Daylight,Y,,45,Vehicle - Pedalcyclist,0,N,Washington,47.6119035165331,-122.33593027346771
Intersection,BOREN AVE AND PIKE ST,2b,Serious Injury Collision,Cycles,2,0,1,1,1,1,0,2005-01-18T00:00:00.000Z,1/18/2005 7:58:00 AM,At Intersection (intersection related),18.0,"MOTOR VEHICLE STRUCK PEDALCYCLIST, FRONT END AT ANGLE",,0,Raining,Wet,Dawn,Y,Y,45,Vehicle - Pedalcyclist,0,N,Washington,47.61346582031274,-122.328913101671
Block,N 45TH ST BETWEEN CORLISS AVE N AND SUNNYSIDE AVE N,2,Injury Collision,Cycles,3,0,1,2,1,0,0,2005-04-21T00:00:00.000Z,4/21/2005 2:46:00 PM,Mid-Block (but intersection related),55.0,PEDALCYCLIST STRUCK MOTOR VEHICLE RIGHT SIDE SIDESWIPE,,0,Clear or Partly Cloudy,Dry,Daylight,,,45,Vehicle - Pedalcyclist,0,N,Washington,47.661372083756454,-122.33076105166441
Intersection,SHAFFER AVE S AND S HOLLY ST,2,Injury Collision,Cycles,2,0,1,1,1,0,0,2005-04-20T00:00:00.000Z,4/20/2005 7:16:00 PM,At Intersection (intersection related),18.0,"MOTOR VEHICLE STRUCK PEDALCYCLIST, FRONT END AT ANGLE",,0,Clear or Partly Cloudy,Dry,Daylight,Y,,45,Vehicle - Pedalcyclist,0,N,Washington,47.542647936085366,-122.29475489781693
Block,LAKE WASHINGTON BLVD E BETWEEN E HOWELL ST AND E DENNY BLAINE S PL,2,Injury Collision,Cycles,2,0,1,1,1,0,0,2005-01-02T00:00:00.000Z,1/2/2005,Driveway Junction,18.0,"MOTOR VEHICLE STRUCK PEDALCYCLIST, FRONT END AT ANGLE",,0,Clear or Partly Cloudy,Dry,Daylight,Y,,45,Vehicle - Pedalcyclist,0,N,Washington,47.61881411655502,-122.28168169545792
Block,8TH AVE NW BETWEEN NW 64TH ST AND NW 65TH ST,2b,Serious Injury Collision,Cycles,2,0,1,1,1,1,0,2005-10-10T00:00:00.000Z,10/10/2005 7:45:00 AM,Driveway Junction,14.0,"MOTOR VEHICLE STRUCK MOTOR VEHICLE, REAR END",,0,Clear or Partly Cloudy,Dry,Daylight,,,45,Vehicle - Pedalcyclist,0,N,Washington,47.67562403644207,-122.36603812592386
Block,N 85TH ST BETWEEN AURORA AVE N AND NESBIT AVE N,1,Property Damage Only Collision,Cycles,2,0,1,1,0,0,0,2005-12-02T00:00:00.000Z,12/2/2005,Driveway Junction,18.0,"MOTOR VEHICLE STRUCK PEDALCYCLIST, FRONT END AT ANGLE",,0,Clear or Partly Cloudy,Wet,Daylight,Y,,45,Vehicle - Pedalcyclist,0,N,Washington,47.690558525976044,-122.34398756026363
Block,NW 83RD ST BETWEEN 8TH AVE NW AND DIBBLE AVE NW,2,Injury Collision,Cycles,2,0,1,1,1,0,0,2005-12-19T00:00:00.000Z,12/19/2005 5:45:00 PM,Mid-Block (but intersection related),18.0,"MOTOR VEHICLE STRUCK PEDALCYCLIST, FRONT END AT ANGLE",,0,Overcast,Wet,Dark - Street Lights On,,,45,Vehicle - Pedalcyclist,0,N,Washington,47.689108812152135,-122.36663159732375