addrtype,location,severitycode,severitydesc,collisiontype,personcount,pedcount,pedcylcount,vehcount,injuries,seriousinjuries,fatalities,incdate,incdttm,junctiontype,sdot_colcode,sdot_coldesc,inattentionind,underinfl,weather,roadcond,lightcond,pedrownotgrnt,speeding,st_colcode,st_coldesc,crosswalkkey,hitparkedcar,state,latitude,longitude
Intersection,3RD AVE S AND S WASHINGTON ST,2,Injury Collision,Cycles,2,0,2,0,2,0,0,2005-10-10T00:00:00.000Z,10/10/2005 9:02:00 AM,At Intersection (intersection related),58.0,PEDALCYCLIST STRUCK PEDALCYCLIST FRONT END AT ANGLE,,0,Overcast,Dry,Daylight,,,45,Vehicle - Pedalcyclist,0,N,Washington,47.600877114480895,-122.33026811081852
Intersection,3RD AVE W AND W NICKERSON ST,2b,Serious Injury Collision,Cycles,3,0,1,1,1,1,0,2005-06-18T00:00:00.000Z,6/18/2005 3:03:00 PM,At Intersection (intersection related),18.0,"MOTOR VEHICLE STRUCK PEDALCYCLIST, FRONT END AT ANGLE",,0,Clear or Partly Cloudy,Dry,Daylight,,,45,Vehicle - Pedalcyclist,0,N,Washington,47.65082920711631,-122.36087725545349
Block,6TH AVE BETWEEN OLIVE WAY AND STEWART ST,1,Property Damage Only Collision,Cycles,2,0,1,1,0,0,0,2005-07-15T00:00:00.000Z,7/15/2005 9:43:00 AM,Mid-Block (not related to intersection),55.0,PEDALCYCLIST STRUCK MOTOR VEHICLE RIGHT SIDE SIDESWIPE,,0,Clear or Partly Cloudy,Dry,Daylight,Y,,45,Vehicle - Pedalcyclist,0,N,Washington,47.613375268453424,-122.33664679369764
Block,15TH AVE W BETWEEN W RUFFNER ST AND NICKERSON 15TH RP,2,Injury Collision,Cycles,2,0,1,1,1,0,0,2005-03-13T00:00:00.000Z,3/13/2005 12:44:00 PM,Mid-Block (not related to intersection),23.0,"MOTOR VEHICLE STRUCK PEDALCYCLIST, LEFT SIDE SIDESWIPE",,0,Clear or Partly Cloudy,Dry,Daylight,,,45,Vehicle - Pedalcyclist,0,N,Washington,47.65229796450539,-122.37620785739315
Block,12TH AVE BETWEEN E COLUMBIA ST AND E MARION ST,2,Injury Collision,Cycles,2,0,1,1,1,0,0,2005-10-05T00:00:00.000Z,10/5/2005,Mid-Block (not related to intersection),51.0,PEDALCYCLIST STRUCK MOTOR VEHICLE FRONT END AT ANGLE,,0,Overcast,Dry,Daylight,,,45,Vehicle - Pedalcyclist,0,N,Washington,47.60980943523944,-122.3167796621427
Intersection,EASTLAKE AVE E AND FUHRMAN AVE E,2,Injury Collision,Cycles,2,0,1,1,1,0,0,2005-09-07T00:00:00.000Z,9/7/2005,At Intersection (intersection related),18.0,"MOTOR VEHICLE STRUCK PEDALCYCLIST, FRONT END AT ANGLE",,0,Clear or Partly Cloudy,Dry,Daylight,Y,,45,Vehicle - Pedalcyclist,0,N,Washington,47.65157827163786,-122.32127525687477
Block,15TH AVE NE BETWEEN NE 41ST ST AND NE 42ND ST,2,Injury Collision,Cycles,3,0,1,1,1,0,0,2005-04-22T00:00:00.000Z,4/22/2005 4:52:00 PM,Mid-Block (not related to intersection),23.0,"MOTOR VEHICLE STRUCK PEDALCYCLIST, LEFT SIDE SIDESWIPE",,0,Clear or Partly Cloudy,Dry,Daylight,,,45,Vehicle - Pedalcyclist,0,N,Washington,47.65755909785182,-122.31209078949702
Intersection,EASTLAKE AVE E AND FUHRMAN AVE E,2,Injury Collision,Cycles,2,0,1,1,1,0,0,2005-05-03T00:00:00.000Z,5/3/2005,At Intersection (intersection related),51.0,PEDALCYCLIST STRUCK MOTOR VEHICLE FRONT END AT ANGLE,,0,Overcast,Dry,Daylight,,,45,Vehicle - Pedalcyclist,0,N,Washington,47.65157827163786,-122.32127525687477
Block,PHINNEY AVE N BETWEEN N 65TH ST AND N 67TH S ST,2,Injury Collision,Cycles,2,0,1,1,1,0,0,2005-08-09T00:00:00.000Z,8/9/2005,Mid-Block (not related to intersection),56.0,PEDALCYCLIST STRUCK MOTOR VEHICLE LEFT SIDE SIDESWIPE,,0,Clear or Partly Cloudy,Dry,Daylight,,,45,Vehicle - Pedalcyclist,0,N,Washington,47.676882823099426,-122.35435821999585
Block,5TH AVE BETWEEN PINE ST AND OLIVE WAY,2,Injury Collision,Cycles,3,0,1,1,1,0,0,2005-09-01T00:00:00.000Z,9/1/2005,Mid-Block (but intersection related),55.0,PEDALCYCLIST STRUCK MOTOR VEHICLE RIGHT SIDE SIDESWIPE,,0,Clear or Partly Cloudy,Dry,Daylight,,Y,45,Vehicle - Pedalcyclist,0,N,Washington,47.61216761780154,-122.3369374731836
Block,ROY ST BETWEEN 3RD AVE N AND NOB HILL AVE N,2,Injury Collision,Cycles,2,0,1,1,1,0,0,2005-09-20T00:00:00.000Z,9/20/2005 5:09:00 PM,Driveway Junction,18.0,"MOTOR VEHICLE STRUCK PEDALCYCLIST, FRONT END AT ANGLE",Y,0,Clear or Partly Cloudy,Dry,Daylight,,,45,Vehicle - Pedalcyclist,0,N,Washington,47.62543523967359,-122.3508273427482
Block,S AUSTIN ST BETWEEN 40TH AVE S AND M L KING JR WR WAY S,1,Property Damage Only Collision,Cycles,3,0,1,1,0,0,0,2005-06-08T00:00:00.000Z,6/8/2005,Driveway Junction,51.0,PEDALCYCLIST STRUCK MOTOR VEHICLE FRONT END AT ANGLE,,0,Clear or Partly Cloudy,Dry,Dusk,,,45,Vehicle - Pedalcyclist,0,N,Washington,47.53420099446016,-122.28134696437219
Intersection,BOREN AVE AND HOWELL ST,1,Property Damage Only Collision,Cycles,2,0,1,1,0,0,0,2005-04-29T00:00:00.000Z,4/29/2005 7:50:00 AM,At Intersection (intersection related),18.0,"MOTOR VEHICLE STRUCK PEDALCYCLIST, FRONT END AT ANGLE",,0,Raining,Wet,Daylight,,,45,Vehicle - Pedalcyclist,0,N,Washington,47.61617112419289,-122.33141659886962
Block,OCCIDENTAL AVE S BETWEEN RAILROAD WAY S AND S ROYAL BROUGHAM WAY,2,Injury Collision,Cycles,2,0,1,1,1,0,0,2005-07-26T00:00:00.000Z,7/26/2005 11:18:00 AM,Mid-Block (but intersection related),21.0,"MOTOR VEHICLE STRUCK PEDALCYCLIST, REAR END",,0,Clear or Partly Cloudy,Dry,Daylight,,,45,Vehicle - Pedalcyclist,0,N,Washington,47.59383726566239,-122.33326869971707
Intersection,27TH AVE AND E SPRING ST,2,Injury Collision,Cycles,3,0,1,1,1,0,0,2005-09-21T00:00:00.000Z,9/21/2005 6:38:00 PM,At Intersection (intersection related),18.0,"MOTOR VEHICLE STRUCK PEDALCYCLIST, FRONT END AT ANGLE",,0,Clear or Partly Cloudy,Dry,Dusk,Y,,45,Vehicle - Pedalcyclist,0,N,Washington,47.61155607369405,-122.29751578791965
Intersection,BATTERY ST AND ELLIOTT AVE,2b,Serious Injury Collision,Cycles,2,0,1,1,1,1,0,2005-04-08T00:00:00.000Z,4/8/2005,At Intersection (intersection related),18.0,"MOTOR VEHICLE STRUCK PEDALCYCLIST, FRONT END AT ANGLE",,0,Clear or Partly Cloudy,Dry,Daylight,Y,,45,Vehicle - Pedalcyclist,0,N,Washington,47.61281476551749,-122.34953250095222
Block,BROOKLYN AVE NE BETWEEN NE 45TH ST AND NE 47TH ST,2,Injury Collision,Cycles,2,0,1,1,1,0,0,2005-10-29T00:00:00.000Z,10/29/2005 5:41:00 PM,Mid-Block (not related to intersection),18.0,"MOTOR VEHICLE STRUCK PEDALCYCLIST, FRONT END AT ANGLE",,0,Clear or Partly Cloudy,Dry,Daylight,,,45,Vehicle - Pedalcyclist,0,N,Washington,47.66218694396605,-122.3142619528075
Intersection,PHINNEY AVE N AND N 67TH S ST,2,Injury Collision,Cycles,2,0,1,1,1,0,0,2005-07-11T00:00:00.000Z,7/11/2005 9:44:00 PM,At Intersection (intersection related),18.0,"MOTOR VEHICLE STRUCK PEDALCYCLIST, FRONT END AT ANGLE",Y,0,Clear or Partly Cloudy,Dry,Dark - Street Lights On,,,45,Vehicle - Pedalcyclist,0,N,Washington,47.6776682609726,-122.3546775787715
Block,UNIVERSITY WAY NE BETWEEN NE 47TH ST AND NE 50TH ST,2,Injury Collision,Cycles,3,0,1,1,1,0,0,2005-09-02T00:00:00.000Z,9/2/2005,Driveway Junction,18.0,"MOTOR VEHICLE STRUCK PEDALCYCLIST, FRONT END AT ANGLE",,0,Clear or Partly Cloudy,Dry,Daylight,Y,,45,Vehicle - Pedalcyclist,0,N,Washington,47.663994887860014,-122.31308797808485
Block,UNIVERSITY WAY NE BETWEEN NE 47TH ST AND NE 50TH ST,2,Injury Collision,Cycles,2,0,1,1,1,0,0,2005-03-18T00:00:00.000Z,3/18/2005 1:46:00 PM,Mid-Block (but intersection related),18.0,"MOTOR VEHICLE STRUCK PEDALCYCLIST, FRONT END AT ANGLE",,0,Clear or Partly Cloudy,Dry,Daylight,Y,,45,Vehicle - Pedalcyclist,0,N,Washington,47.663994887860014,-122.31308797808485
Intersection,5TH AVE N AND HARRISON ST,1,Property Damage Only Collision,Cycles,2,0,1,1,0,0,0,2005-08-31T00:00:00.000Z,8/31/2005 12:20:00 PM,At Intersection (intersection related),18.0,"MOTOR VEHICLE STRUCK PEDALCYCLIST, FRONT END AT ANGLE",,0,Clear or Partly Cloudy,Dry,Daylight,,,45,Vehicle - Pedalcyclist,0,N,Washington,47.62207493549256,-122.34759184798416
Intersection,MERCER ST AND TAYLOR AVE N,2,Injury Collision,Cycles,3,0,1,1,1,0,0,2005-06-08T00:00:00.000Z,6/8/2005,At Intersection (intersection related),51.0,PEDALCYCLIST STRUCK MOTOR VEHICLE FRONT END AT ANGLE,,0,Clear or Partly Cloudy,Wet,Daylight,,,45,Vehicle - Pedalcyclist,0,N,Washington,47.624558047947815,-122.34626626345265
Intersection,11TH CR AVE SW AND SW SPOKANE ST,2,Injury Collision,Cycles,2,0,1,1,1,0,0,2005-06-29T00:00:00.000Z,6/29/2005 1:01:00 PM,At Intersection (intersection related),18.0,"MOTOR VEHICLE STRUCK PEDALCYCLIST, FRONT END AT ANGLE",,0,Clear or Partly Cloudy,Dry,Daylight,,,45,Vehicle - Pedalcyclist,0,N,Washington,47.57141301795942,-122.3488003873795
Block,LAKE CITY WAY NE BETWEEN NE 88TH ST AND NE 89TH ST,2b,Serious Injury Collision,Cycles,2,0,1,1,1,1,0,2005-05-17T00:00:00.000Z,5/17/2005 5:28:00 PM,Driveway Junction,18.0,"MOTOR VEHICLE STRUCK PEDALCYCLIST, FRONT END AT ANGLE",,0,Clear or Partly Cloudy,Dry,Daylight,Y,,45,Vehicle - Pedalcyclist,0,N,Washington,47.69255512024346,-122.3056081639483
Intersection,RAINIER AVE S AND S DAKOTA ST,2,Injury Collision,Cycles,2,0,1,1,1,0,0,2005-07-26T00:00:00.000Z,7/26/2005 5:42:00 PM,At Intersection (intersection related),18.0,"MOTOR VEHICLE STRUCK PEDALCYCLIST, FRONT END AT ANGLE",,0,Unknown,Dry,Unknown,Y,,45,Vehicle - Pedalcyclist,0,N,Washington,47.56614568946647,-122.28874784432355
Block,WALLINGFORD AVE N BETWEEN N 80TH ST AND N 82ND ST,2,Injury Collision,Cycles,2,0,1,1,1,0,0,2005-03-17T00:00:00.000Z,3/17/2005 2:26:00 PM,Mid-Block (not related to intersection),54.0,PEDALCYCLIST STRUCK MOTOR VEHICLE REAR END,Y,0,Clear or Partly Cloudy,Dry,Daylight,,,45,Vehicle - Pedalcyclist,0,N,Washington,47.68781239146367,-122.33641385258522
Intersection,2ND AVE S AND S WASHINGTON ST,2,Injury Collision,Cycles,4,0,1,1,1,0,0,2005-02-19T00:00:00.000Z,2/19/2005 3:02:00 PM,At Intersection (intersection related),18.0,"MOTOR VEHICLE STRUCK PEDALCYCLIST, FRONT END AT ANGLE",,1,Clear or Partly Cloudy,Dry,Daylight,Y,,45,Vehicle - Pedalcyclist,0,N,Washington,47.600879251512396,-122.3315717292089
Intersection,MERIDIAN AVE N AND N NORTHLAKE WAY,1,Property Damage Only Collision,Cycles,2,0,1,1,0,0,0,2005-02-13T00:00:00.000Z,2/13/2005 3:13:00 PM,At Intersection (intersection related),51.0,PEDALCYCLIST STRUCK MOTOR VEHICLE FRONT END AT ANGLE,,0,Clear or Partly Cloudy,Wet,Daylight,Y,,45,Vehicle - Pedalcyclist,0,N,Washington,47.64686730963511,-122.33392663488449
Intersection,28TH AVE NW AND NW 85TH ST,2,Injury Collision,Cycles,2,0,1,1,1,0,0,2005-10-19T00:00:00.000Z,10/19/2005 2:34:00 PM,At Intersection (intersection related),51.0,PEDALCYCLIST STRUCK MOTOR VEHICLE FRONT END AT ANGLE,,0,Overcast,Dry,Daylight,,Y,45,Vehicle - Pedalcyclist,0,N,Washington,47.69057214882722,-122.39300033517759
Intersection,15TH AV W SB OFF RP AND W DRAVUS ST,2,Injury Collision,Cycles,2,0,1,1,1,0,0,2005-07-19T00:00:00.000Z,7/19/2005 10:22:00 PM,At Intersection (intersection related),51.0,PEDALCYCLIST STRUCK MOTOR VEHICLE FRONT END AT ANGLE,,0,Clear or Partly Cloudy,Dry,Dark - Street Lights On,,,45,Vehicle - Pedalcyclist,0,N,Washington,47.648472817218725,-122.37675943114832
Block,NE 50TH ST BETWEEN 15TH AVE NE AND 16TH AVE NE,2,Injury Collision,Cycles,3,0,1,1,1,0,0,2005-03-23T00:00:00.000Z,3/23/2005 3:00:00 PM,Driveway Junction,18.0,"MOTOR VEHICLE STRUCK PEDALCYCLIST, FRONT END AT ANGLE",,0,Clear or Partly Cloudy,Dry,Daylight,Y,,45,Vehicle - Pedalcyclist,0,N,Washington,47.66488853831376,-122.31137174788343
Intersection,1ST AVE NE AND NE 100TH ST,1,Property Damage Only Collision,Cycles,2,0,1,1,0,0,0,2005-05-24T00:00:00.000Z,5/24/2005 4:05:00 PM,At Intersection (intersection related),51.0,PEDALCYCLIST STRUCK MOTOR VEHICLE FRONT END AT ANGLE,,0,Clear or Partly Cloudy,Dry,Daylight,,,45,Vehicle - Pedalcyclist,0,N,Washington,47.701363825904615,-122.32850177182225
Intersection,DEXTER AVE N AND GARFIELD N ST,2,Injury Collision,Cycles,2,0,1,1,1,0,0,2005-05-24T00:00:00.000Z,5/24/2005 7:30:00 AM,At Intersection (intersection related),18.0,"MOTOR VEHICLE STRUCK PEDALCYCLIST, FRONT END AT ANGLE",,0,Clear or Partly Cloudy,Dry,Daylight,Y,,45,Vehicle - Pedalcyclist,0,N,Washington,47.63342020133894,-122.34228296417204
Intersection,7TH AVE AND VIRGINIA ST,2,Injury Collision,Cycles,2,0,1,1,1,0,0,2005-02-23T00:00:00.000Z,2/23/2005 11:54:00 PM,At Intersection (intersection related),51.0,PEDALCYCLIST STRUCK MOTOR VEHICLE FRONT END AT ANGLE,,0,Clear or Partly Cloudy,Dry,Dark - Street Lights On,,Y,45,Vehicle - Pedalcyclist,0,N,Washington,47.615056751488396,-122.33745423673818
Block,GREENWOOD AVE N BETWEEN N 70TH ST AND N 71ST ST,2,Injury Collision,Cycles,2,0,1,1,1,0,0,2005-10-29T00:00:00.000Z,10/29/2005 2:40:00 PM,Mid-Block (not related to intersection),18.0,"MOTOR VEHICLE STRUCK PEDALCYCLIST, FRONT END AT ANGLE",,0,Clear or Partly Cloudy,Dry,Daylight,Y,,45,Vehicle - Pedalcyclist,0,N,Washington,47.67995859208217,-122.35531640076904
Block,MERIDIAN AVE N BETWEEN N NORTHLAKE WAY AND N 34TH ST,2,Injury Collision,Cycles,2,0,1,1,1,0,0,2005-09-01T00:00:00.000Z,9/1/2005,Mid-Block (but intersection related),18.0,"MOTOR VEHICLE STRUCK PEDALCYCLIST, FRONT END AT ANGLE",,0,Clear or Partly Cloudy,Dry,Daylight,Y,,45,Vehicle - Pedalcyclist,0,N,Washington,47.64744824079396,-122.33392032891355
Intersection,20TH AVE NE AND NE 65TH ST,2,Injury Collision,Cycles,3,0,1,1,2,0,0,2005-05-19T00:00:00.000Z,5/19/2005 12:33:00 PM,At Intersection (intersection related),18.0,"MOTOR VEHICLE STRUCK PEDALCYCLIST, FRONT END AT ANGLE",,0,Raining,Wet,Daylight,Y,,45,Vehicle - Pedalcyclist,0,N,Washington,47.67577850067682,-122.30651871524023
Intersection,40TH AVE NE AND NE 58TH ST,2,Injury Collision,Cycles,2,0,1,1,1,0,0,2005-01-28T00:00:00.000Z,1/28/2005 3:00:00 PM,At Intersection (intersection related),18.0,"MOTOR VEHICLE STRUCK PEDALCYCLIST, FRONT END AT ANGLE",,0,Clear or Partly Cloudy,Dry,Daylight,,,45,Vehicle - Pedalcyclist,0,N,Washington,47.6711970245226,-122.28485295128294
Intersection,STANLEY AVE S AND S ALBRO PL,2,Injury Collision,Cycles,2,0,1,1,1,0,0,2005-09-06T00:00:00.000Z,9/6/2005,At Intersection (intersection related),18.0,"MOTOR VEHICLE STRUCK PEDALCYCLIST, FRONT END AT ANGLE",,0,Clear or Partly Cloudy,Dry,Daylight,,,45,Vehicle - Pedalcyclist,0,N,Washington,47.546991109169596,-122.31491442195984
Intersection,27TH AVE AND E UNION ST,1,Property Damage Only Collision,Cycles,2,0,1,1,0,0,0,2005-09-10T00:00:00.000Z,9/10/2005 9:55:00 AM,At Intersection (intersection related),18.0,"MOTOR VEHICLE STRUCK PEDALCYCLIST, FRONT END AT ANGLE",,0,Raining,Wet,Daylight,,,45,Vehicle - Pedalcyclist,0,N,Washington,47.61293562970684,-122.29750018240736
Intersection,50TH AVE S AND LAKE WASHINGTON BLVD S,2,Injury Collision,Cycles,3,0,1,1,1,0,0,2005-11-18T00:00:00.000Z,11/18/2005 3:41:00 PM,At Intersection (intersection related),18.0,"MOTOR VEHICLE STRUCK PEDALCYCLIST, FRONT END AT ANGLE",Y,0,Clear or Partly Cloudy,Dry,Daylight,,,45,Vehicle - Pedalcyclist,0,N,Washington,47.56766712733555,-122.27075367107204
Block,58TH AVE SW BETWEEN SW LANDER W ST AND SW STEVENS ST,2,Injury Collision,Cycles,2,0,1,1,1,0,0,2005-07-04T00:00:00.000Z,7/4/2005,Driveway Junction,51.0,PEDALCYCLIST STRUCK MOTOR VEHICLE FRONT END AT ANGLE,,0,Clear or Partly Cloudy,Dry,Daylight,,,45,Vehicle - Pedalcyclist,0,N,Washington,47.57859676484732,-122.40668469259222
Block,35TH AVE SW BETWEEN SW AUSTIN ST AND SW IDA ST,2,Injury Collision,Cycles,2,0,1,1,1,0,0,2005-03-13T00:00:00.000Z,3/13/2005 2:50:00 PM,Driveway Junction,18.0,"MOTOR VEHICLE STRUCK PEDALCYCLIST, FRONT END AT ANGLE",,0,Clear or Partly Cloudy,Dry,Daylight,Y,,45,Vehicle - Pedalcyclist,0,N,Washington,47.53445065621352,-122.37661323320887
Intersection,BROADWAY E AND E THOMAS ST,2,Injury Collision,Cycles,2,0,1,1,1,0,0,2005-07-27T00:00:00.000Z,7/27/2005 5:28:00 PM,At Intersection (intersection related),18.0,"MOTOR VEHICLE STRUCK PEDALCYCLIST, FRONT END AT ANGLE",,1,Unknown,Unknown,Unknown,Y,,45,Vehicle - Pedalcyclist,0,N,Washington,47.621075870889555,-122.32089166929796
Block,ELLIOTT AVE W BETWEEN W MERCER ST AND W MERCER PL,2,Injury Collision,Cycles,2,0,1,1,1,0,0,2005-12-21T00:00:00.000Z,12/21/2005 4:30:00 PM,Driveway Junction,18.0,"MOTOR VEHICLE STRUCK PEDALCYCLIST, FRONT END AT ANGLE",,0,Raining,Wet,Dark - Street Lights On,Y,,45,Vehicle - Pedalcyclist,0,N,Washington,47.62559164233637,-122.36702219782462
Intersection,STROUD AVE N AND EAST GREEN LAKE DR N,2,Injury Collision,Cycles,4,0,1,1,1,0,0,2005-03-02T00:00:00.000Z,3/2/2005,At Intersection (intersection related),18.0,"MOTOR VEHICLE STRUCK PEDALCYCLIST, FRONT END AT ANGLE",,0,Clear or Partly Cloudy,Dry,Daylight,Y,,45,Vehicle - Pedalcyclist,0,N,Washington,47.685423206302026,-122.33623019403689
Intersection,EAST MARGINAL WAY S AND S SPOKANE NR ST,2,Injury Collision,Cycles,0,0,1,1,1,0,0,2005-05-02T00:00:00.000Z,5/2/2005,At Intersection (intersection related),51.0,PEDALCYCLIST STRUCK MOTOR VEHICLE FRONT END AT ANGLE,,0,Clear or Partly Cloudy,Dry,Dark - Street Lights On,,,45,Vehicle - Pedalcyclist,0,N,Washington,47.57170032652751,-122.33968006859773
Block,6TH AVE BETWEEN UNIVERSITY ST AND UNION ST,2b,Serious Injury Collision,Cycles,2,0,1,1,1,1,0,2005-04-27T00:00:00.000Z,4/27/2005 6:47:00 AM,Mid-Block (but intersection related),24.0,MOTOR VEHCILE STRUCK PEDESTRIAN,Y,0,Overcast,Dry,Daylight,,,45,Vehicle - Pedalcyclist,0,N,Washington,47.60965387076256,-122.3330970486663
Intersection,9TH AVE N AND MERCER SR ST,2,Injury Collision,Cycles,2,0,1,1,1,0,0,2005-09-20T00:00:00.000Z,9/20/2005 8:20:00 PM,At Intersection (intersection related),18.0,"MOTOR VEHICLE STRUCK PEDALCYCLIST, FRONT END AT ANGLE",,0,Clear or Partly Cloudy,Dry,Dark - Street Lights On,Y,,45,Vehicle - Pedalcyclist,0,N,Washington,47.62454415652432,-122.33974058588238
Intersection,M L KING JR WAY S AND S WALKER ST,2,Injury Collision,Cycles,2,0,1,1,1,0,0,2005-04-01T00:00:00.000Z,4/1/2005,At Intersection (intersection related),18.0,"MOTOR VEHICLE STRUCK PEDALCYCLIST, FRONT END AT ANGLE",,0,Clear or Partly Cloudy,Dry,Daylight,Y,,45,Vehicle - Pedalcyclist,0,N,Washington,47.58364221086597,-122.29814457032698
Intersection,PHINNEY AVE N AND N 36TH ST,2,Injury Collision,Cycles,3,0,1,1,1,0,0,2005-08-24T00:00:00.000Z,8/24/2005 5:08:00 PM,At Intersection (intersection related),18.0,"MOTOR VEHICLE STRUCK PEDALCYCLIST, FRONT END AT ANGLE",,0,Clear or Partly Cloudy,Dry,Daylight,,,45,Vehicle - Pedalcyclist,0,N,Washington,47.65224596339296,-122.35447474540057
Block,SAND POINT WAY NE BETWEEN NE 45TH ST AND 40TH AVE NE,2,Injury Collision,Cycles,2,0,1,1,1,0,0,2005-04-07T00:00:00.000Z,4/7/2005,Driveway Junction,18.0,"MOTOR VEHICLE STRUCK PEDALCYCLIST, FRONT END AT ANGLE",,0,Clear or Partly Cloudy,Wet,Dusk,Y,,45,Vehicle - Pedalcyclist,0,N,Washington,47.66206200272005,-122.285799071736
Block,ALASKAN WAY BETWEEN VINE ST AND CLAY ST,2,Injury Collision,Cycles,2,0,1,1,1,0,0,2005-11-15T00:00:00.000Z,11/15/2005 4:38:00 PM,Mid-Block (not related to intersection),18.0,"MOTOR VEHICLE STRUCK PEDALCYCLIST, FRONT END AT ANGLE",,1,Clear or Partly Cloudy,Dry,Daylight,,,45,Vehicle - Pedalcyclist,0,N,Washington,47.61388302316643,-122.35309719792409
Intersection,4TH AVE N AND MERCER ST,2,Injury Collision,Cycles,3,0,1,1,1,0,0,2005-04-16T00:00:00.000Z,4/16/2005 7:33:00 PM,At Intersection (intersection related),51.0,PEDALCYCLIST STRUCK MOTOR VEHICLE FRONT END AT ANGLE,,0,Clear or Partly Cloudy,Dry,Dark - Street Lights On,,,45,Vehicle - Pedalcyclist,0,N,Washington,47.62456433085206,-122.34887678061644
Intersection,CLAY ST AND WESTERN AVE,1,Property Damage Only Collision,Cycles,2,0,1,1,0,0,0,2005-09-28T00:00:00.000Z,9/28/2005 5:15:00 AM,At Intersection (intersection related),18.0,"MOTOR VEHICLE STRUCK PEDALCYCLIST, FRONT END AT ANGLE",,0,Clear or Partly Cloudy,Dry,Dark - Street Lights On,,,45,Vehicle - Pedalcyclist,0,N,Washington,47.61568913746143,-122.3524093206737
Block,NE 45TH ST BETWEEN 2ND AVE NE AND THACKERAY PL NE,2,Injury Collision,Cycles,5,0,1,1,1,0,0,2005-08-10T00:00:00.000Z,8/10/2005 11:29:00 PM,Driveway Junction,18.0,"MOTOR VEHICLE STRUCK PEDALCYCLIST, FRONT END AT ANGLE",,0,Clear or Partly Cloudy,Dry,Dark - Street Lights On,Y,,45,Vehicle - Pedalcyclist,0,N,Washington,47.66135208576847,-122.3267166126382
Block,WESTLAKE EAST RDWY AVE N BETWEEN MCGRAW ST AND HALLADAY ST,2,Injury Collision,Cycles,2,0,1,1,1,0,0,2005-09-07T00:00:00.000Z,9/7/2005,Driveway Junction,18.0,"MOTOR VEHICLE STRUCK PEDALCYCLIST, FRONT END AT ANGLE",,0,Clear or Partly Cloudy,Dry,Dusk,,,45,Vehicle - Pedalcyclist,0,N,Washington,47.64097829326417,-122.34232421476759
Intersection,OSWEGO PL NE AND NE 65TH ST,2,Injury Collision,Cycles,2,0,1,1,1,0,0,2005-09-17T00:00:00.000Z,9/17/2005 7:08:00 PM,At Intersection (intersection related),18.0,"MOTOR VEHICLE STRUCK PEDALCYCLIST, FRONT END AT ANGLE",,0,Clear or Partly Cloudy,Dry,Dusk,,,45,Vehicle - Pedalcyclist,0,N,Washington,47.67586264471456,-122.32130097755487
Block,INTERLAKEN DR E BETWEEN E GALER ST AND E INTERLAKEN BLVD,2,Injury Collision,Cycles,3,0,1,1,1,0,0,2005-05-26T00:00:00.000Z,5/26/2005 10:14:00 AM,Mid-Block (not related to intersection),51.0,PEDALCYCLIST STRUCK MOTOR VEHICLE FRONT END AT ANGLE,,0,Clear or Partly Cloudy,Dry,Daylight,,,45,Vehicle - Pedalcyclist,0,N,Washington,47.635419748597926,-122.30783249795314
Block,DENSMORE AVE N BETWEEN N NORTHLAKE WAY AND N 34TH ST,2,Injury Collision,Cycles,2,0,1,1,1,0,0,2005-06-09T00:00:00.000Z,6/9/2005,Mid-Block (but intersection related),18.0,"MOTOR VEHICLE STRUCK PEDALCYCLIST, FRONT END AT ANGLE",,0,Clear or Partly Cloudy,Dry,Daylight,,,45,Vehicle - Pedalcyclist,0,N,Washington,47.64746661581614,-122.33755010895737
Intersection,DENNY WAY AND STEWART ST,2,Injury Collision,Cycles,2,0,1,1,1,0,0,2005-12-24T00:00:00.000Z,12/24/2005 12:26:00 AM,At Intersection (intersection related),51.0,PEDALCYCLIST STRUCK MOTOR VEHICLE FRONT END AT ANGLE,,0,Raining,Wet,Dark - Street Lights On,,,45,Vehicle - Pedalcyclist,0,N,Washington,47.61849175725489,-122.33072296070412
Intersection,CALIFORNIA AVE SW AND SW ATLANTIC ST,2,Injury Collision,Cycles,1,0,1,0,1,0,0,2005-07-09T00:00:00.000Z,7/9/2005,At Intersection (intersection related),28.0,MOTOR VEHICLE RAN OFF ROAD - HIT FIXED OBJECT,,0,Clear or Partly Cloudy,Dry,Daylight,,,45,Vehicle - Pedalcyclist,0,N,Washington,47.59059643592701,-122.38618323585214
Block,DEXTER AVE N BETWEEN LEE ST AND GALER ST,2b,Serious Injury Collision,Cycles,2,0,1,1,1,1,0,2005-09-01T00:00:00.000Z,9/1/2005,Driveway Junction,18.0,"MOTOR VEHICLE STRUCK PEDALCYCLIST, FRONT END AT ANGLE",,0,Clear or Partly Cloudy,Dry,Daylight,Y,,45,Vehicle - Pedalcyclist,0,N,Washington,47.63185406627962,-122.34228516459429
Intersection,RAINIER AVE S AND S ANDOVER ST,2,Injury Collision,Cycles,2,0,1,1,1,0,0,2005-02-20T00:00:00.000Z,2/20/2005 2:13:00 PM,At Intersection (intersection related),18.0,"MOTOR VEHICLE STRUCK PEDALCYCLIST, FRONT END AT ANGLE",,0,Clear or Partly Cloudy,Dry,Daylight,Y,,45,Vehicle - Pedalcyclist,0,N,Washington,47.56794837511272,-122.28924364207222