addrtype,location,severitycode,severitydesc,collisiontype,personcount,pedcount,pedcylcount,vehcount,injuries,seriousinjuries,fatalities,incdate,incdttm,junctiontype,sdot_colcode,sdot_coldesc,inattentionind,underinfl,weather,roadcond,lightcond,pedrownotgrnt,speeding,st_colcode,st_coldesc,crosswalkkey,hitparkedcar,state,latitude,longitude
Intersection,DRAVUS ST AND NICKERSON ST,2,Injury Collision,Cycles,2,0,1,1,1,0,0,2005-10-31T00:00:00.000Z,10/31/2005 5:43:00 PM,At Intersection (intersection related),21.0,"MOTOR VEHICLE STRUCK PEDALCYCLIST, REAR END",,0,Raining,Wet,Dark - Street Lights On,Y,,45,Vehicle - Pedalcyclist,0,N,Washington,47.64865710435704,-122.35524468645887
Block,NW MARKET ST BETWEEN 5TH AVE NW AND 6TH E AVE NW,2,Injury Collision,Cycles,2,0,1,1,1,0,0,2005-06-15T00:00:00.000Z,6/15/2005 8:22:00 PM,Mid-Block (not related to intersection),18.0,"MOTOR VEHICLE STRUCK PEDALCYCLIST, FRONT END AT ANGLE",,0,Clear or Partly Cloudy,Dry,Dusk,,,45,Vehicle - Pedalcyclist,0,N,Washington,47.66865021637825,-122.36310816837921
Block,10TH AVE E BETWEEN E DENNY WAY AND E JOHN ST,2,Injury Collision,Cycles,2,0,1,1,1,0,0,2005-06-01T00:00:00.000Z,6/1/2005,Driveway Junction,18.0,"MOTOR VEHICLE STRUCK PEDALCYCLIST, FRONT END AT ANGLE",Y,0,Raining,Wet,Daylight,Y,,45,Vehicle - Pedalcyclist,0,N,Washington,47.619331883851274,-122.31952990045907
Intersection,9TH AVE NE AND NE 53RD ST,2,Injury Collision,Cycles,2,0,1,1,1,0,0,2005-08-15T00:00:00.000Z,8/15/2005 5:42:00 PM,At Intersection (intersection related),18.0,"MOTOR VEHICLE STRUCK PEDALCYCLIST, FRONT END AT ANGLE",,0,Clear or Partly Cloudy,Dry,Daylight,Y,,45,Vehicle - Pedalcyclist,0,N,Washington,47.6671136596068,-122.31841424396092
Intersection,CALIFORNIA AVE SW AND SW OTHELLO N ST,2,Injury Collision,Cycles,2,0,1,1,1,0,0,2005-12-02T00:00:00.000Z,12/2/2005,At Intersection (intersection related),18.0,"MOTOR VEHICLE STRUCK PEDALCYCLIST, FRONT END AT ANGLE",,0,Overcast,Wet,Dusk,,,45,Vehicle - Pedalcyclist,0,N,Washington,47.538532869366094,-122.38728399819273
Intersection,2ND AVE AND JAMES ST,2,Injury Collision,Cycles,2,1,1,0,1,0,0,2005-09-22T00:00:00.000Z,9/22/2005 5:14:00 PM,At Intersection (intersection related),64.0,PEDALCYCLIST STRUCK PEDESTRIAN,,0,Clear or Partly Cloudy,Dry,Daylight,Y,,45,Vehicle - Pedalcyclist,0,N,Washington,47.602305601181115,-122.33251943988401
Block,FAUNTLEROY WAY SW BETWEEN SW CLOVERDALE ST AND SW TRENTON ST,2,Injury Collision,Cycles,4,0,1,1,1,0,0,2005-05-14T00:00:00.000Z,5/14/2005 6:03:00 PM,Mid-Block (not related to intersection),23.0,"MOTOR VEHICLE STRUCK PEDALCYCLIST, LEFT SIDE SIDESWIPE",,0,Overcast,Dry,Daylight,,,45,Vehicle - Pedalcyclist,0,N,Washington,47.525827963475656,-122.39276747367548
Block,AURORA AVE N BETWEEN N 67TH ST AND N 68TH ST,2,Injury Collision,Cycles,2,0,1,1,2,0,0,2005-06-13T00:00:00.000Z,6/13/2005 6:32:00 PM,Mid-Block (not related to intersection),21.0,"MOTOR VEHICLE STRUCK PEDALCYCLIST, REAR END",Y,0,Clear or Partly Cloudy,Dry,Daylight,,,45,Vehicle - Pedalcyclist,0,N,Washington,47.678227373847285,-122.3455716643178
Block,35TH AVE SW BETWEEN SW GRAHAM ST AND SW MORGAN ST,2b,Serious Injury Collision,Cycles,2,0,1,1,1,1,0,2005-10-22T00:00:00.000Z,10/22/2005 9:30:00 AM,Driveway Junction,18.0,"MOTOR VEHICLE STRUCK PEDALCYCLIST, FRONT END AT ANGLE",,0,Clear or Partly Cloudy,Dry,Daylight,Y,,45,Vehicle - Pedalcyclist,0,N,Washington,47.545594645768396,-122.3764225392052
Block,LAKESIDE AVE BETWEEN E YESLER WAY AND LAKE WASHINGTON BLVD,2,Injury Collision,Cycles,2,0,1,1,1,0,0,2005-07-12T00:00:00.000Z,7/12/2005 7:49:00 AM,Mid-Block (not related to intersection),23.0,"MOTOR VEHICLE STRUCK PEDALCYCLIST, LEFT SIDE SIDESWIPE",,0,Clear or Partly Cloudy,Dry,Daylight,,,45,Vehicle - Pedalcyclist,0,N,Washington,47.60233101679013,-122.28498130977427
Intersection,UNIVERSITY WAY NE AND NE PACIFIC ST,2,Injury Collision,Cycles,2,0,1,1,2,0,0,2005-10-03T00:00:00.000Z,10/3/2005,At Intersection (intersection related),18.0,"MOTOR VEHICLE STRUCK PEDALCYCLIST, FRONT END AT ANGLE",,0,Clear or Partly Cloudy,Dry,Daylight,Y,,45,Vehicle - Pedalcyclist,0,N,Washington,47.653399440542536,-122.31333457571537
Block,E HARRISON ST BETWEEN 12TH AVE E AND 13TH AVE E,2,Injury Collision,Cycles,2,0,1,1,1,0,0,2005-07-26T00:00:00.000Z,7/26/2005 5:46:00 PM,Mid-Block (but intersection related),51.0,PEDALCYCLIST STRUCK MOTOR VEHICLE FRONT END AT ANGLE,,0,Clear or Partly Cloudy,Dry,Daylight,,,45,Vehicle - Pedalcyclist,0,N,Washington,47.621962959819044,-122.31624993025079
Intersection,9TH AVE AND STEWART ST,1,Property Damage Only Collision,Cycles,2,0,1,1,0,0,0,2005-09-10T00:00:00.000Z,9/10/2005 4:38:00 PM,At Intersection (intersection related),18.0,"MOTOR VEHICLE STRUCK PEDALCYCLIST, FRONT END AT ANGLE",,0,Clear or Partly Cloudy,Dry,Daylight,Y,,45,Vehicle - Pedalcyclist,0,N,Washington,47.61561647974671,-122.33443632064116
Alley,,2,Injury Collision,Cycles,2,0,1,1,1,0,0,2005-06-14T00:00:00.000Z,6/14/2005 6:44:00 PM,,0.0,NOT ENOUGH INFORMATION / NOT APPLICABLE,,0,Clear or Partly Cloudy,Dry,Daylight,,,45,Vehicle - Pedalcyclist,0,N,Washington,,
Intersection,SUMMIT AVE AND E HOWELL W ST,2,Injury Collision,Cycles,2,0,1,1,1,0,0,2005-08-29T00:00:00.000Z,8/29/2005 10:33:00 PM,At Intersection (intersection related),51.0,PEDALCYCLIST STRUCK MOTOR VEHICLE FRONT END AT ANGLE,,0,Clear or Partly Cloudy,Dry,Dark - Street Lights On,Y,,45,Vehicle - Pedalcyclist,0,N,Washington,47.61773949906849,-122.32556151986546
Intersection,11TH AVE NW AND NW 52ND ST,2,Injury Collision,Cycles,2,0,1,1,1,0,0,2005-03-21T00:00:00.000Z,3/21/2005 8:59:00 PM,At Intersection (intersection related),18.0,"MOTOR VEHICLE STRUCK PEDALCYCLIST, FRONT END AT ANGLE",,0,Clear or Partly Cloudy,Dry,Dark - No Street Lights,,,45,Vehicle - Pedalcyclist,0,N,Washington,47.666426070771855,-122.37076266951323
Intersection,BEACON AVE S AND S HORTON ST,2,Injury Collision,Cycles,3,0,1,1,1,0,0,2005-04-09T00:00:00.000Z,4/9/2005,At Intersection (intersection related),18.0,"MOTOR VEHICLE STRUCK PEDALCYCLIST, FRONT END AT ANGLE",,0,Clear or Partly Cloudy,Dry,Daylight,Y,,45,Vehicle - Pedalcyclist,0,N,Washington,47.57404819132466,-122.3088994514824
Intersection,DEXTER AVE N AND GALER ST,2,Injury Collision,Cycles,2,0,1,1,1,0,0,2005-08-19T00:00:00.000Z,8/19/2005 8:11:00 AM,At Intersection (intersection related),18.0,"MOTOR VEHICLE STRUCK PEDALCYCLIST, FRONT END AT ANGLE",,0,Clear or Partly Cloudy,Dry,Daylight,Y,,45,Vehicle - Pedalcyclist,0,N,Washington,47.63230008734601,-122.34228138854944
Block,S JACKSON ST BETWEEN 2ND AVE S AND 3RD AVE S,2,Injury Collision,Cycles,2,0,1,1,1,0,0,2005-01-20T00:00:00.000Z,1/20/2005 1:00:00 PM,Mid-Block (not related to intersection),23.0,"MOTOR VEHICLE STRUCK PEDALCYCLIST, LEFT SIDE SIDESWIPE",,0,Overcast,Unknown,Daylight,,,45,Vehicle - Pedalcyclist,0,N,Washington,47.59919974365463,-122.33092876817821
Intersection,COLUMBIA ST AND WESTERN AVE,1,Property Damage Only Collision,Cycles,5,0,1,1,0,0,0,2005-01-25T00:00:00.000Z,1/25/2005 5:10:00 PM,At Intersection (intersection related),18.0,"MOTOR VEHICLE STRUCK PEDALCYCLIST, FRONT END AT ANGLE",Y,0,Overcast,Dry,Dusk,,,45,Vehicle - Pedalcyclist,0,N,Washington,47.60280436630142,-122.33604389007351
Intersection,2ND AVE AND PIKE ST,2,Injury Collision,Cycles,4,0,1,1,1,0,0,2005-05-21T00:00:00.000Z,5/21/2005 9:06:00 AM,At Intersection (intersection related),18.0,"MOTOR VEHICLE STRUCK PEDALCYCLIST, FRONT END AT ANGLE",,0,Clear or Partly Cloudy,Dry,Daylight,,,45,Vehicle - Pedalcyclist,0,N,Washington,47.60928514308913,-122.33890369362145
Intersection,ROOSEVELT WAY NE AND NE 104TH ST,2,Injury Collision,Cycles,2,0,1,1,1,0,0,2005-01-26T00:00:00.000Z,1/26/2005 5:15:00 PM,At Intersection (intersection related),18.0,"MOTOR VEHICLE STRUCK PEDALCYCLIST, FRONT END AT ANGLE",,0,Raining,Wet,Dark - Street Lights On,Y,,45,Vehicle - Pedalcyclist,0,N,Washington,47.70401196199528,-122.31777236384815
Block,PINE ST BETWEEN 9TH AVE AND TERRY AVE,2,Injury Collision,Cycles,2,0,1,1,1,0,0,2005-10-22T00:00:00.000Z,10/22/2005 6:19:00 PM,Mid-Block (but intersection related),55.0,PEDALCYCLIST STRUCK MOTOR VEHICLE RIGHT SIDE SIDESWIPE,,0,Clear or Partly Cloudy,Dry,Dark - Street Lights On,,,45,Vehicle - Pedalcyclist,0,N,Washington,47.61375947447676,-122.33148857878041
Intersection,4TH AVE N AND FREMONT BR,2,Injury Collision,Cycles,2,0,1,1,1,0,0,2005-08-20T00:00:00.000Z,8/20/2005 2:14:00 PM,At Intersection (intersection related),18.0,"MOTOR VEHICLE STRUCK PEDALCYCLIST, FRONT END AT ANGLE",,0,Clear or Partly Cloudy,Dry,Daylight,,,45,Vehicle - Pedalcyclist,0,N,Washington,47.64687975524714,-122.34975371354541
Intersection,26TH AVE SW AND SW HOLDEN ST,2,Injury Collision,Cycles,3,0,1,1,1,0,0,2005-02-03T00:00:00.000Z,2/3/2005,At Intersection (intersection related),18.0,"MOTOR VEHICLE STRUCK PEDALCYCLIST, FRONT END AT ANGLE",,0,Clear or Partly Cloudy,Dry,Daylight,Y,,45,Vehicle - Pedalcyclist,0,N,Washington,47.5337031702074,-122.36581642970407
Intersection,UNIVERSITY WAY NE AND NE CAMPUS EB PY,1,Property Damage Only Collision,Cycles,2,0,1,1,0,0,0,2005-09-22T00:00:00.000Z,9/22/2005 3:49:00 PM,At Intersection (intersection related),51.0,PEDALCYCLIST STRUCK MOTOR VEHICLE FRONT END AT ANGLE,,0,Clear or Partly Cloudy,Dry,Daylight,,,45,Vehicle - Pedalcyclist,0,N,Washington,47.65598766705076,-122.31326821384809
Block,N 85TH ST BETWEEN ASHWORTH AVE N AND DENSMORE AVE N,2,Injury Collision,Cycles,2,0,1,1,1,0,0,2005-05-22T00:00:00.000Z,5/22/2005 5:43:00 AM,Mid-Block (not related to intersection),55.0,PEDALCYCLIST STRUCK MOTOR VEHICLE RIGHT SIDE SIDESWIPE,Y,0,Clear or Partly Cloudy,Dry,Daylight,,,45,Vehicle - Pedalcyclist,0,N,Washington,47.690517026409,-122.33854571661966
Intersection,ALASKAN WAY S AND S KING ST,2,Injury Collision,Cycles,2,0,1,1,1,0,0,2005-12-23T00:00:00.000Z,12/23/2005 3:05:00 PM,At Intersection (intersection related),18.0,"MOTOR VEHICLE STRUCK PEDALCYCLIST, FRONT END AT ANGLE",,0,Raining,Wet,Daylight,,,45,Vehicle - Pedalcyclist,0,N,Washington,,
Intersection,51ST AVE S AND S ROXBURY ST,2,Injury Collision,Cycles,2,0,1,1,1,0,0,2005-04-28T00:00:00.000Z,4/28/2005 2:14:00 PM,At Intersection (intersection related),18.0,"MOTOR VEHICLE STRUCK PEDALCYCLIST, FRONT END AT ANGLE",Y,0,Clear or Partly Cloudy,Dry,Daylight,Y,,45,Vehicle - Pedalcyclist,0,N,Washington,47.516851137069644,-122.27002476583569
Intersection,CALIFORNIA AVE SW AND SW LANDER ST,2,Injury Collision,Cycles,2,0,1,1,1,0,0,2005-05-26T00:00:00.000Z,5/26/2005 7:40:00 PM,At Intersection (intersection related),18.0,"MOTOR VEHICLE STRUCK PEDALCYCLIST, FRONT END AT ANGLE",,0,Clear or Partly Cloudy,Dry,Daylight,Y,,45,Vehicle - Pedalcyclist,0,N,Washington,47.57931014473638,-122.38662137608777
Block,S JACKSON ST BETWEEN 5TH AVE S AND 6TH AVE S,2,Injury Collision,Cycles,2,0,1,1,1,0,0,2005-10-26T00:00:00.000Z,10/26/2005 7:16:00 AM,Driveway Junction,18.0,"MOTOR VEHICLE STRUCK PEDALCYCLIST, FRONT END AT ANGLE",,0,Overcast,Wet,Dawn,,,45,Vehicle - Pedalcyclist,0,N,Washington,47.599193845107024,-122.32701578160648
Intersection,22ND AVE E AND EAST MONTLAKE PL E,2,Injury Collision,Cycles,2,0,1,1,1,0,0,2005-06-17T00:00:00.000Z,6/17/2005 2:34:00 PM,At Intersection (intersection related),18.0,"MOTOR VEHICLE STRUCK PEDALCYCLIST, FRONT END AT ANGLE",,0,Clear or Partly Cloudy,Dry,Daylight,,,45,Vehicle - Pedalcyclist,0,N,Washington,47.643699661615905,-122.30381996283629
Block,NE 43RD ST BETWEEN 12TH AVE NE AND DEAD END 1,1,Property Damage Only Collision,Cycles,2,0,1,1,0,0,0,2005-09-08T00:00:00.000Z,9/8/2005,Driveway Junction,51.0,PEDALCYCLIST STRUCK MOTOR VEHICLE FRONT END AT ANGLE,,0,Clear or Partly Cloudy,Dry,Daylight,,,45,Vehicle - Pedalcyclist,0,N,Washington,47.6598160846196,-122.31519386336558
Intersection,GREEN LAKE WAY N AND STONE AVE N,1,Property Damage Only Collision,Cycles,2,0,1,1,0,0,0,2005-06-10T00:00:00.000Z,6/10/2005 8:45:00 AM,At Intersection (intersection related),18.0,"MOTOR VEHICLE STRUCK PEDALCYCLIST, FRONT END AT ANGLE",,0,Unknown,Dry,Daylight,Y,,45,Vehicle - Pedalcyclist,0,N,Washington,47.664127080531046,-122.34209293995727
Block,2ND AV ET S BETWEEN S JACKSON ST AND S MAIN ST,2,Injury Collision,Cycles,2,0,1,1,1,0,0,2005-06-10T00:00:00.000Z,6/10/2005 5:11:00 PM,Mid-Block (not related to intersection),21.0,"MOTOR VEHICLE STRUCK PEDALCYCLIST, REAR END",,0,Clear or Partly Cloudy,Dry,Daylight,Y,,45,Vehicle - Pedalcyclist,0,N,Washington,47.59959343580528,-122.3300094981593
Intersection,BURKE GILMAN TRL AND NE 77TH ST,2,Injury Collision,Cycles,4,0,1,1,1,0,0,2005-08-05T00:00:00.000Z,8/5/2005,At Intersection (intersection related),18.0,"MOTOR VEHICLE STRUCK PEDALCYCLIST, FRONT END AT ANGLE",,0,Clear or Partly Cloudy,Dry,Daylight,,,45,Vehicle - Pedalcyclist,0,N,Washington,,
Intersection,ELLIOTT AVE AND WALL ST,2,Injury Collision,Cycles,0,0,1,1,1,0,0,2005-05-02T00:00:00.000Z,5/2/2005,At Intersection (intersection related),18.0,"MOTOR VEHICLE STRUCK PEDALCYCLIST, FRONT END AT ANGLE",,0,Clear or Partly Cloudy,Dry,Daylight,Y,,45,Vehicle - Pedalcyclist,0,N,Washington,47.61336696327822,-122.35046554669461
Intersection,E HOWELL ST AND E OLIVE WAY,2,Injury Collision,Cycles,2,0,1,1,1,0,0,2005-08-29T00:00:00.000Z,8/29/2005 12:56:00 PM,At Intersection (intersection related),18.0,"MOTOR VEHICLE STRUCK PEDALCYCLIST, FRONT END AT ANGLE",,0,Clear or Partly Cloudy,Dry,Daylight,,,45,Vehicle - Pedalcyclist,0,N,Washington,47.617736467590845,-122.32625385468852
Intersection,GREEN LAKE DR N AND N 80TH ST,2,Injury Collision,Cycles,2,0,1,1,1,0,0,2005-09-22T00:00:00.000Z,9/22/2005 6:00:00 PM,At Intersection (intersection related),11.0,"MOTOR VEHICLE STRUCK MOTOR VEHICLE, FRONT END AT ANGLE",,0,Clear or Partly Cloudy,Dry,Dusk,,,45,Vehicle - Pedalcyclist,0,N,Washington,47.68692953892702,-122.34045581877588
Intersection,3RD AVE AND VIRGINIA ST,2,Injury Collision,Cycles,2,0,1,1,1,0,0,2005-07-14T00:00:00.000Z,7/14/2005 8:00:00 PM,At Intersection (intersection related),18.0,"MOTOR VEHICLE STRUCK PEDALCYCLIST, FRONT END AT ANGLE",,0,Clear or Partly Cloudy,Dry,Daylight,Y,,45,Vehicle - Pedalcyclist,0,N,Washington,47.61239802571792,-122.34089245510886
Intersection,24TH AVE E AND INTERLAKEN PL E,2b,Serious Injury Collision,Cycles,2,0,1,1,1,1,0,2005-01-03T00:00:00.000Z,1/3/2005,At Intersection (intersection related),18.0,"MOTOR VEHICLE STRUCK PEDALCYCLIST, FRONT END AT ANGLE",,0,Clear or Partly Cloudy,Dry,Daylight,Y,,45,Vehicle - Pedalcyclist,0,N,Washington,47.63359430393036,-122.30159187433512
Intersection,EASTLAKE AVE E AND FUHRMAN AVE E,2,Injury Collision,Cycles,2,0,1,1,1,0,0,2005-02-18T00:00:00.000Z,2/18/2005 12:44:00 PM,At Intersection (intersection related),18.0,"MOTOR VEHICLE STRUCK PEDALCYCLIST, FRONT END AT ANGLE",,0,Clear or Partly Cloudy,Dry,Daylight,Y,,45,Vehicle - Pedalcyclist,0,N,Washington,47.65157827163786,-122.32127525687477
Intersection,FREMONT WAY N AND N 38TH ST,2,Injury Collision,Cycles,2,0,1,1,1,0,0,2005-10-14T00:00:00.000Z,10/14/2005 9:15:00 AM,At Intersection (intersection related),23.0,"MOTOR VEHICLE STRUCK PEDALCYCLIST, LEFT SIDE SIDESWIPE",,0,Clear or Partly Cloudy,Dry,Daylight,,,45,Vehicle - Pedalcyclist,0,N,Washington,47.65272750384285,-122.3485889843192
Block,DEXTER AVE N BETWEEN LEE ST AND GALER ST,2,Injury Collision,Cycles,2,0,1,1,1,0,0,2005-08-12T00:00:00.000Z,8/12/2005 8:07:00 AM,Driveway Junction,18.0,"MOTOR VEHICLE STRUCK PEDALCYCLIST, FRONT END AT ANGLE",,0,Overcast,Dry,Daylight,Y,,45,Vehicle - Pedalcyclist,0,N,Washington,47.63185406627962,-122.34228516459429
Intersection,40TH AVE NE AND NE 45TH ST,2b,Serious Injury Collision,Cycles,2,0,1,1,1,1,0,2005-08-02T00:00:00.000Z,8/2/2005,At Intersection (intersection related),18.0,"MOTOR VEHICLE STRUCK PEDALCYCLIST, FRONT END AT ANGLE",,0,Clear or Partly Cloudy,Dry,Daylight,Y,,45,Vehicle - Pedalcyclist,0,N,Washington,47.66126550371032,-122.28475410713122
Intersection,UNIVERSITY WAY NE AND NE PACIFIC ST,1,Property Damage Only Collision,Cycles,2,0,1,1,0,0,0,2005-02-11T00:00:00.000Z,2/11/2005 11:40:00 AM,At Intersection (intersection related),18.0,"MOTOR VEHICLE STRUCK PEDALCYCLIST, FRONT END AT ANGLE",,0,Clear or Partly Cloudy,Dry,Daylight,Y,,45,Vehicle - Pedalcyclist,0,N,Washington,47.653399440542536,-122.31333457571537
Intersection,DENSMORE AVE N AND N NORTHLAKE WAY,2b,Serious Injury Collision,Cycles,2,0,1,1,1,1,0,2005-08-26T00:00:00.000Z,8/26/2005 6:15:00 PM,At Intersection (intersection related),51.0,PEDALCYCLIST STRUCK MOTOR VEHICLE FRONT END AT ANGLE,,0,Clear or Partly Cloudy,Dry,Dusk,,,45,Vehicle - Pedalcyclist,0,N,Washington,47.64688448077725,-122.33755585653577
Block,EASTLAKE AVE E BETWEEN E LYNN ST AND E LOUISA ST,2,Injury Collision,Cycles,2,0,1,1,1,0,0,2005-09-14T00:00:00.000Z,9/14/2005 3:53:00 PM,Driveway Junction,11.0,"MOTOR VEHICLE STRUCK MOTOR VEHICLE, FRONT END AT ANGLE",,0,Clear or Partly Cloudy,Dry,Daylight,,,45,Vehicle - Pedalcyclist,0,N,Washington,47.64087739090343,-122.32588991601541
Intersection,23RD AVE E AND E ALOHA ST,2,Injury Collision,Cycles,2,0,1,1,1,0,0,2005-07-25T00:00:00.000Z,7/25/2005 9:21:00 AM,At Intersection (intersection related),51.0,PEDALCYCLIST STRUCK MOTOR VEHICLE FRONT END AT ANGLE,,0,Clear or Partly Cloudy,Dry,Daylight,,,45,Vehicle - Pedalcyclist,0,N,Washington,47.62675925838626,-122.30238184524136
Intersection,LAKE CITY WAY NE AND NE 130TH ST,2,Injury Collision,Cycles,2,0,1,1,1,0,0,2005-11-04T00:00:00.000Z,11/4/2005,At Intersection (intersection related),18.0,"MOTOR VEHICLE STRUCK PEDALCYCLIST, FRONT END AT ANGLE",,0,Raining,Wet,Daylight,,,45,Vehicle - Pedalcyclist,0,N,Washington,47.722899065717534,-122.29319374521921
Block,BOYLSTON AVE E BETWEEN E LYNN ST AND E LOUISA ST,2,Injury Collision,Cycles,2,0,1,1,1,0,0,2005-03-02T00:00:00.000Z,3/2/2005,Mid-Block (not related to intersection),21.0,"MOTOR VEHICLE STRUCK PEDALCYCLIST, REAR END",,0,Clear or Partly Cloudy,Unknown,Dark - Street Lights On,,,45,Vehicle - Pedalcyclist,0,N,Washington,47.64087666140613,-122.32345946604595
Intersection,49TH AVE SW AND SW SPOKANE ST,1,Property Damage Only Collision,Cycles,2,0,1,1,0,0,0,2005-05-06T00:00:00.000Z,5/6/2005,At Intersection (intersection related),18.0,"MOTOR VEHICLE STRUCK PEDALCYCLIST, FRONT END AT ANGLE",,0,Clear or Partly Cloudy,Dry,Daylight,,,45,Vehicle - Pedalcyclist,0,N,Washington,47.57209456456681,-122.39474694517106
Block,PHINNEY AVE N BETWEEN N 65TH ST AND N 67TH S ST,2,Injury Collision,Cycles,2,0,1,1,1,0,0,2005-08-18T00:00:00.000Z,8/18/2005 12:13:00 PM,Mid-Block (not related to intersection),56.0,PEDALCYCLIST STRUCK MOTOR VEHICLE LEFT SIDE SIDESWIPE,,0,Clear or Partly Cloudy,Dry,Daylight,,,45,Vehicle - Pedalcyclist,0,N,Washington,47.676882823099426,-122.35435821999585
Block,E PINE ST BETWEEN 12TH AVE AND 13TH AVE,2,Injury Collision,Cycles,2,0,1,1,1,0,0,2005-07-26T00:00:00.000Z,7/26/2005 9:51:00 AM,Mid-Block (not related to intersection),18.0,"MOTOR VEHICLE STRUCK PEDALCYCLIST, FRONT END AT ANGLE",,0,Clear or Partly Cloudy,Dry,Daylight,,,45,Vehicle - Pedalcyclist,0,N,Washington,47.61526838699429,-122.31620339796265
Block,28TH AVE S BETWEEN S MAIN W ST AND S JACKSON ST,2b,Serious Injury Collision,Cycles,2,0,1,1,1,1,0,2005-06-14T00:00:00.000Z,6/14/2005 5:30:00 PM,Mid-Block (not related to intersection),23.0,"MOTOR VEHICLE STRUCK PEDALCYCLIST, LEFT SIDE SIDESWIPE",,0,Clear or Partly Cloudy,Dry,Daylight,,,45,Vehicle - Pedalcyclist,0,N,Washington,47.59975139878657,-122.2962190895455
Block,S KING ST BETWEEN 5TH AVE S AND 6TH AVE S,2,Injury Collision,Cycles,5,0,1,1,1,0,0,2005-09-23T00:00:00.000Z,9/23/2005 12:38:00 PM,Driveway Junction,18.0,"MOTOR VEHICLE STRUCK PEDALCYCLIST, FRONT END AT ANGLE",,0,Clear or Partly Cloudy,Dry,Daylight,Y,,45,Vehicle - Pedalcyclist,0,N,Washington,47.59835485359495,-122.3270193036339
Block,7TH AVE BETWEEN VIRGINIA ST AND WESTLAKE AVE,1,Property Damage Only Collision,Cycles,2,0,1,1,0,0,0,2005-06-01T00:00:00.000Z,6/1/2005,Mid-Block (but intersection related),56.0,PEDALCYCLIST STRUCK MOTOR VEHICLE LEFT SIDE SIDESWIPE,,0,Overcast,Wet,Daylight,,,45,Vehicle - Pedalcyclist,0,N,Washington,47.61516915783986,-122.33764411577712
Block,UNIVERSITY BR BETWEEN POINT A AND POINT B,2,Injury Collision,Cycles,2,0,2,0,1,0,0,2005-08-25T00:00:00.000Z,8/25/2005 4:51:00 PM,Mid-Block (not related to intersection),61.0,PEDALCYCLIST STRUCK PEDALCYCLIST REAR END,,0,Clear or Partly Cloudy,Dry,Daylight,,,45,Vehicle - Pedalcyclist,0,N,Washington,47.65271931655129,-122.32039379049515
Intersection,2ND AVE NE AND NE 45TH ST,2,Injury Collision,Cycles,2,0,1,1,1,0,0,2005-10-22T00:00:00.000Z,10/22/2005 5:00:00 PM,At Intersection (intersection related),18.0,"MOTOR VEHICLE STRUCK PEDALCYCLIST, FRONT END AT ANGLE",,0,Clear or Partly Cloudy,Dry,Daylight,Y,,45,Vehicle - Pedalcyclist,0,N,Washington,47.661354746959546,-122.32725022505704
Intersection,THACKERAY PL NE AND NE 45TH ST,2,Injury Collision,Cycles,1,0,1,0,1,0,0,2005-04-09T00:00:00.000Z,4/9/2005,At Intersection (intersection related),66.0,PEDALCYCLIST STRUCK OBJECT IN ROAD,,0,Clear or Partly Cloudy,Dry,Daylight,,,45,Vehicle - Pedalcyclist,0,N,Washington,47.66134940346185,-122.32617895782892
Block,22ND AVE S BETWEEN S MAIN ST AND S JACKSON ST,1,Property Damage Only Collision,Cycles,2,0,1,1,0,0,0,2005-08-25T00:00:00.000Z,8/25/2005 6:00:00 PM,Mid-Block (not related to intersection),13.0,"MOTOR VEHICLE STRUCK MOTOR VEHICLE, LEFT SIDE AT ANGLE",,0,Other,Dry,Daylight,,,45,Vehicle - Pedalcyclist,0,N,Washington,47.59979968812222,-122.30328771614359
Intersection,15TH AVE NE AND NE 77TH ST,2,Injury Collision,Cycles,2,0,1,1,1,0,0,2005-09-07T00:00:00.000Z,9/7/2005,At Intersection (intersection related),18.0,"MOTOR VEHICLE STRUCK PEDALCYCLIST, FRONT END AT ANGLE",,0,Clear or Partly Cloudy,Dry,Daylight,Y,,45,Vehicle - Pedalcyclist,0,N,Washington,47.68485997866935,-122.31211713300095
Intersection,4TH AVE S AND S MICHIGAN ST,2,Injury Collision,Cycles,2,0,1,1,1,0,0,2005-06-29T00:00:00.000Z,6/29/2005 5:41:00 PM,At Intersection (intersection related),18.0,"MOTOR VEHICLE STRUCK PEDALCYCLIST, FRONT END AT ANGLE",,0,Clear or Partly Cloudy,Dry,Daylight,Y,,45,Vehicle - Pedalcyclist,0,N,Washington,47.5453368960427,-122.32958821360921
Block,12TH AVE BETWEEN E CHERRY ST AND E COLUMBIA ST,2,Injury Collision,Cycles,2,0,1,1,1,0,0,2005-08-01T00:00:00.000Z,8/1/2005,Driveway Junction,18.0,"MOTOR VEHICLE STRUCK PEDALCYCLIST, FRONT END AT ANGLE",Y,0,Overcast,Dry,Daylight,Y,,45,Vehicle - Pedalcyclist,0,N,Washington,47.608641318892914,-122.31677994237629
Intersection,37TH AVE S AND S MYRTLE ST,2,Injury Collision,Cycles,2,0,1,1,1,0,0,2005-04-28T00:00:00.000Z,4/28/2005 8:30:00 PM,At Intersection (intersection related),18.0,"MOTOR VEHICLE STRUCK PEDALCYCLIST, FRONT END AT ANGLE",,0,Clear or Partly Cloudy,Dry,Dusk,,,45,Vehicle - Pedalcyclist,0,N,Washington,47.53887780261837,-122.28609611009273