addrtype,location,severitycode,severitydesc,collisiontype,personcount,pedcount,pedcylcount,vehcount,injuries,seriousinjuries,fatalities,incdate,incdttm,junctiontype,sdot_colcode,sdot_coldesc,inattentionind,underinfl,weather,roadcond,lightcond,pedrownotgrnt,speeding,st_colcode,st_coldesc,crosswalkkey,hitparkedcar,state,latitude,longitude
Intersection,DENNY WAY AND DEXTER AVE,2b,Serious Injury Collision,Cycles,2,0,1,1,1,1,0,2005-10-29T00:00:00.000Z,10/29/2005 1:27:00 AM,At Intersection (intersection related),51.0,PEDALCYCLIST STRUCK MOTOR VEHICLE FRONT END AT ANGLE,,0,Raining,Wet,Dark - Street Lights On,,,45,Vehicle - Pedalcyclist,0,N,Washington,47.618550164551785,-122.34240185261628
Block,WESTERN AVE BETWEEN VIRGINIA ST AND LENORA ST,2,Injury Collision,Cycles,2,0,1,1,1,0,0,2005-02-04T00:00:00.000Z,2/4/2005,Mid-Block (but intersection related),18.0,"MOTOR VEHICLE STRUCK PEDALCYCLIST, FRONT END AT ANGLE",,0,Clear or Partly Cloudy,Dry,Daylight,,,45,Vehicle - Pedalcyclist,0,N,Washington,47.61078945065449,-122.34412175458955
Intersection,OCCIDENTAL AVE S AND S JACKSON ST,2,Injury Collision,Cycles,2,0,1,1,1,0,0,2005-01-24T00:00:00.000Z,1/24/2005 6:30:00 PM,At Intersection (intersection related),23.0,"MOTOR VEHICLE STRUCK PEDALCYCLIST, LEFT SIDE SIDESWIPE",,0,Clear or Partly Cloudy,Dry,Dark - Street Lights On,,,45,Vehicle - Pedalcyclist,0,N,Washington,47.59920288700086,-122.3328824131685
Intersection,BOYLSTON AVE E AND E OLIVE W WAY,2,Injury Collision,Cycles,2,0,1,1,1,0,0,2005-11-27T00:00:00.000Z,11/27/2005 4:49:00 PM,At Intersection (intersection related),18.0,"MOTOR VEHICLE STRUCK PEDALCYCLIST, FRONT END AT ANGLE",,0,Overcast,Wet,Unknown,,,45,Vehicle - Pedalcyclist,0,N,Washington,47.61980872991254,-122.3234714583492
Intersection,PIKE ST AND TERRY AVE,2,Injury Collision,Cycles,2,0,1,1,1,0,0,2005-09-11T00:00:00.000Z,9/11/2005 4:15:00 PM,At Intersection (intersection related),18.0,"MOTOR VEHICLE STRUCK PEDALCYCLIST, FRONT END AT ANGLE",,0,Clear or Partly Cloudy,Dry,Daylight,,,45,Vehicle - Pedalcyclist,0,N,Washington,47.61300140916818,-122.33002503075434
Block,DENNY WAY BETWEEN PONTIUS AVE N AND YALE AVE,2,Injury Collision,Cycles,2,0,1,1,1,0,0,2005-04-06T00:00:00.000Z,4/6/2005,Mid-Block (not related to intersection),18.0,"MOTOR VEHICLE STRUCK PEDALCYCLIST, FRONT END AT ANGLE",,0,Clear or Partly Cloudy,Dry,Daylight,,,45,Vehicle - Pedalcyclist,0,N,Washington,,
Intersection,2ND AVE AND SPRING ST,2,Injury Collision,Cycles,2,0,1,1,1,0,0,2005-08-08T00:00:00.000Z,8/8/2005,At Intersection (intersection related),18.0,"MOTOR VEHICLE STRUCK PEDALCYCLIST, FRONT END AT ANGLE",,0,Clear or Partly Cloudy,Dry,Daylight,Y,,45,Vehicle - Pedalcyclist,0,N,Washington,47.60587261716152,-122.33578172373925
Block,18TH AVE BETWEEN E CHERRY ST AND E COLUMBIA ST,2,Injury Collision,Cycles,2,0,1,1,1,0,0,2005-02-23T00:00:00.000Z,2/23/2005 4:30:00 PM,Mid-Block (not related to intersection),18.0,"MOTOR VEHICLE STRUCK PEDALCYCLIST, FRONT END AT ANGLE",,0,Clear or Partly Cloudy,Dry,Daylight,Y,,45,Vehicle - Pedalcyclist,0,N,Washington,47.60860905162698,-122.30892640440872
Intersection,15TH AVE AND E MADISON ST,2,Injury Collision,Cycles,2,0,1,1,1,0,0,2005-04-23T00:00:00.000Z,4/23/2005 12:10:00 PM,At Intersection (intersection related),18.0,"MOTOR VEHICLE STRUCK PEDALCYCLIST, FRONT END AT ANGLE",,0,Clear or Partly Cloudy,Dry,Daylight,Y,,45,Vehicle - Pedalcyclist,0,N,Washington,47.61449898544244,-122.31277145484923
Block,8TH AVE NW BETWEEN NW 67TH ST AND NW 70TH ST,2,Injury Collision,Cycles,2,0,1,1,1,0,0,2005-08-08T00:00:00.000Z,8/8/2005,Mid-Block (not related to intersection),18.0,"MOTOR VEHICLE STRUCK PEDALCYCLIST, FRONT END AT ANGLE",,0,Clear or Partly Cloudy,Dry,Daylight,,,45,Vehicle - Pedalcyclist,0,N,Washington,47.67865720538058,-122.36601865632281
Block,ALASKAN E RDWY WAY BETWEEN COLUMBIA ST AND MARION ST,2,Injury Collision,Cycles,2,0,1,1,1,0,0,2005-07-27T00:00:00.000Z,7/27/2005 10:26:00 PM,Mid-Block (not related to intersection),23.0,"MOTOR VEHICLE STRUCK PEDALCYCLIST, LEFT SIDE SIDESWIPE",,0,Clear or Partly Cloudy,Dry,Dark - Street Lights On,Y,,45,Vehicle - Pedalcyclist,0,N,Washington,47.60285961597706,-122.33708628016326
Intersection,15TH AVE NE AND COWEN PL NE,2,Injury Collision,Cycles,6,0,1,1,1,0,0,2005-02-18T00:00:00.000Z,2/18/2005 3:57:00 PM,At Intersection (intersection related),18.0,"MOTOR VEHICLE STRUCK PEDALCYCLIST, FRONT END AT ANGLE",,0,Clear or Partly Cloudy,Dry,Daylight,Y,,45,Vehicle - Pedalcyclist,0,N,Washington,47.672105522709806,-122.311905246909
Block,BROADWAY E BETWEEN E MERCER ST AND E ROY E ST,2,Injury Collision,Cycles,2,0,1,1,1,0,0,2005-08-02T00:00:00.000Z,8/2/2005,Mid-Block (not related to intersection),22.0,"MOTOR VEHICLE STRUCK PEDALCYCLIST, RIGHT SIDE SIDESWIPE",Y,0,Clear or Partly Cloudy,Dry,Daylight,,,45,Vehicle - Pedalcyclist,0,N,Washington,47.62466032512614,-122.32093668815158
Intersection,25TH AVE NE AND NE 55TH ST,2,Injury Collision,Cycles,2,0,1,1,1,0,0,2005-10-27T00:00:00.000Z,10/27/2005 7:18:00 PM,At Intersection (intersection related),18.0,"MOTOR VEHICLE STRUCK PEDALCYCLIST, FRONT END AT ANGLE",,0,Raining,Wet,Dark - Street Lights On,Y,,45,Vehicle - Pedalcyclist,0,N,Washington,47.668525747833385,-122.30061895388829
Intersection,GREEN LAKE WAY N AND MIDVALE AVE N,2b,Serious Injury Collision,Cycles,4,0,1,1,1,1,0,2005-10-11T00:00:00.000Z,10/11/2005 4:24:00 PM,At Intersection (intersection related),18.0,"MOTOR VEHICLE STRUCK PEDALCYCLIST, FRONT END AT ANGLE",,0,Clear or Partly Cloudy,Dry,Daylight,,,45,Vehicle - Pedalcyclist,0,N,Washington,47.663302062203144,-122.34375644848149
Intersection,4TH AVE N AND RAYE ST,2,Injury Collision,Cycles,2,0,1,1,1,0,0,2005-09-28T00:00:00.000Z,9/28/2005 5:12:00 AM,At Intersection (intersection related),51.0,PEDALCYCLIST STRUCK MOTOR VEHICLE FRONT END AT ANGLE,,0,Clear or Partly Cloudy,Dry,Dark - Street Lights On,,,45,Vehicle - Pedalcyclist,0,N,Washington,47.64297291474063,-122.34957550600699
Block,38TH AVE S BETWEEN S MYRTLE ST AND S OTHELLO ST,2,Injury Collision,Cycles,2,0,1,1,1,0,0,2005-08-17T00:00:00.000Z,8/17/2005 4:33:00 PM,Driveway Junction,11.0,"MOTOR VEHICLE STRUCK MOTOR VEHICLE, FRONT END AT ANGLE",,0,Clear or Partly Cloudy,Dry,Daylight,,,45,Vehicle - Pedalcyclist,0,N,Washington,47.53795902005522,-122.28472560822891
Block,SHAFFER AVE S BETWEEN S MORGAN ST AND S HOLLY ST,2,Injury Collision,Cycles,2,0,1,1,1,0,0,2005-06-07T00:00:00.000Z,6/7/2005,Driveway Junction,18.0,"MOTOR VEHICLE STRUCK PEDALCYCLIST, FRONT END AT ANGLE",,0,Raining,Wet,Daylight,,,45,Vehicle - Pedalcyclist,0,N,Washington,47.54352115952306,-122.29474867001468
Intersection,BOREN AVE AND E YESLER WAY,2b,Serious Injury Collision,Cycles,2,0,1,1,1,1,0,2005-07-27T00:00:00.000Z,7/27/2005 12:48:00 PM,At Intersection (intersection related),18.0,"MOTOR VEHICLE STRUCK PEDALCYCLIST, FRONT END AT ANGLE",,0,Clear or Partly Cloudy,Dry,Daylight,,,45,Vehicle - Pedalcyclist,0,N,Washington,47.60169516353701,-122.31782315609017
Intersection,1ST AVE AND LENORA ST,2,Injury Collision,Cycles,2,0,1,1,1,0,0,2005-06-05T00:00:00.000Z,6/5/2005,At Intersection (intersection related),18.0,"MOTOR VEHICLE STRUCK PEDALCYCLIST, FRONT END AT ANGLE",,0,Overcast,Dry,Daylight,Y,,45,Vehicle - Pedalcyclist,0,N,Washington,47.61183728823285,-122.34391211396604
Intersection,5TH AVE AND PIKE ST,1,Property Damage Only Collision,Cycles,3,0,1,1,0,0,0,2005-01-07T00:00:00.000Z,1/7/2005,At Intersection (intersection related),18.0,"MOTOR VEHICLE STRUCK PEDALCYCLIST, FRONT END AT ANGLE",,0,Overcast,Dry,Daylight,Y,,45,Vehicle - Pedalcyclist,0,N,Washington,47.61067790284203,-122.33557402523344
Block,STEWART ST BETWEEN 9TH AVE AND TERRY AVE,1,Property Damage Only Collision,Cycles,2,0,1,1,0,0,0,2005-09-22T00:00:00.000Z,9/22/2005 11:00:00 AM,Driveway Junction,18.0,"MOTOR VEHICLE STRUCK PEDALCYCLIST, FRONT END AT ANGLE",,0,Clear or Partly Cloudy,Dry,Daylight,Y,,45,Vehicle - Pedalcyclist,0,N,Washington,47.615947568874724,-122.33400804365507
Intersection,GREEN LAKE WAY N AND N 52ND ST,2,Injury Collision,Cycles,2,0,1,1,1,0,0,2005-03-12T00:00:00.000Z,3/12/2005 1:00:00 PM,At Intersection (intersection related),18.0,"MOTOR VEHICLE STRUCK PEDALCYCLIST, FRONT END AT ANGLE",,0,Clear or Partly Cloudy,Dry,Daylight,,,45,Vehicle - Pedalcyclist,0,N,Washington,47.666407174206384,-122.34009052508308
Intersection,UNIVERSITY WAY NE AND NE 47TH ST,2,Injury Collision,Cycles,2,0,1,1,1,0,0,2005-07-22T00:00:00.000Z,7/22/2005 4:56:00 PM,At Intersection (intersection related),18.0,"MOTOR VEHICLE STRUCK PEDALCYCLIST, FRONT END AT ANGLE",,0,Clear or Partly Cloudy,Dry,Daylight,Y,,45,Vehicle - Pedalcyclist,0,N,Washington,47.663091788500566,-122.31310175369732
Intersection,10TH AVE E AND E HOWE ST,2b,Serious Injury Collision,Cycles,2,0,1,1,1,1,0,2005-03-28T00:00:00.000Z,3/28/2005 1:24:00 AM,At Intersection (intersection related),18.0,"MOTOR VEHICLE STRUCK PEDALCYCLIST, FRONT END AT ANGLE",,0,Clear or Partly Cloudy,Dry,Dark - Street Lights On,,,45,Vehicle - Pedalcyclist,0,N,Washington,47.635912816798495,-122.32008947713736
Intersection,8TH AVE NW AND NW 60TH ST,2,Injury Collision,Cycles,2,0,1,1,1,0,0,2005-01-31T00:00:00.000Z,1/31/2005 7:37:00 AM,At Intersection (intersection related),18.0,"MOTOR VEHICLE STRUCK PEDALCYCLIST, FRONT END AT ANGLE",,0,Clear or Partly Cloudy,Wet,Daylight,Y,,45,Vehicle - Pedalcyclist,0,N,Washington,47.672349086987104,-122.36616763326359
Block,LAKE WASHINGTON BLVD S BETWEEN LAKE PARK DR S AND S HORTON NR ST,2,Injury Collision,Cycles,2,0,1,1,1,0,0,2005-02-10T00:00:00.000Z,2/10/2005 2:52:00 PM,Mid-Block (not related to intersection),18.0,"MOTOR VEHICLE STRUCK PEDALCYCLIST, FRONT END AT ANGLE",,0,Clear or Partly Cloudy,Dry,Daylight,,,45,Vehicle - Pedalcyclist,0,N,Washington,47.57887321646986,-122.28369058723595
Block,S WARSAW ST BETWEEN CARLETON AVE S AND FLORA AVE S,2,Injury Collision,Cycles,2,0,1,1,1,0,0,2005-08-05T00:00:00.000Z,8/5/2005,Driveway Junction,18.0,"MOTOR VEHICLE STRUCK PEDALCYCLIST, FRONT END AT ANGLE",,0,Clear or Partly Cloudy,Dry,Daylight,,,45,Vehicle - Pedalcyclist,0,N,Washington,47.544190592144396,-122.32059367494108
Intersection,21ST AVE AND E UNION ST,1,Property Damage Only Collision,Cycles,2,0,1,1,0,0,0,2005-08-22T00:00:00.000Z,8/22/2005 5:14:00 PM,At Intersection (intersection related),18.0,"MOTOR VEHICLE STRUCK PEDALCYCLIST, FRONT END AT ANGLE",,0,Clear or Partly Cloudy,Dry,Daylight,,,45,Vehicle - Pedalcyclist,0,N,Washington,47.6129212902877,-122.30494951080604
Block,4TH AVE S BETWEEN COSTCO DR AND 4TH AV S VI,2b,Serious Injury Collision,Cycles,2,0,1,1,1,1,0,2005-11-08T00:00:00.000Z,11/8/2005,Driveway Junction,18.0,"MOTOR VEHICLE STRUCK PEDALCYCLIST, FRONT END AT ANGLE",,0,Clear or Partly Cloudy,Dry,Daylight,Y,,45,Vehicle - Pedalcyclist,0,N,Washington,47.56380565685677,-122.3293685325968
Block,3RD AVE NW BETWEEN NW 84TH ST AND NW 85TH ST,2,Injury Collision,Cycles,2,0,1,1,1,0,0,2005-03-06T00:00:00.000Z,3/6/2005,Driveway Junction,51.0,PEDALCYCLIST STRUCK MOTOR VEHICLE FRONT END AT ANGLE,,0,Clear or Partly Cloudy,Dry,Daylight,,,45,Vehicle - Pedalcyclist,0,N,Washington,47.69022895250267,-122.36064780115349
Block,2ND AVE BETWEEN PIKE ST AND PINE ST,1,Property Damage Only Collision,Cycles,2,0,1,1,0,0,0,2005-09-09T00:00:00.000Z,9/9/2005,Driveway Junction,18.0,"MOTOR VEHICLE STRUCK PEDALCYCLIST, FRONT END AT ANGLE",,0,Clear or Partly Cloudy,Dry,Daylight,,,45,Vehicle - Pedalcyclist,0,N,Washington,47.609780570210454,-122.33935700687486
Block,UNIVERSITY WAY NE BETWEEN NE 42ND ST AND NE 43RD ST,2b,Serious Injury Collision,Cycles,2,0,1,1,1,1,0,2005-04-07T00:00:00.000Z,4/7/2005,Driveway Junction,18.0,"MOTOR VEHICLE STRUCK PEDALCYCLIST, FRONT END AT ANGLE",,0,Raining,Wet,Daylight,Y,,45,Vehicle - Pedalcyclist,0,N,Washington,47.6590536166544,-122.313187788016
Intersection,19TH AVE AND E CHERRY ST,2,Injury Collision,Cycles,2,0,1,1,1,0,0,2005-12-30T00:00:00.000Z,12/30/2005 5:15:00 PM,At Intersection (intersection related),11.0,"MOTOR VEHICLE STRUCK MOTOR VEHICLE, FRONT END AT ANGLE",,0,Raining,Wet,Dark - Street Lights On,,,45,Vehicle - Pedalcyclist,0,N,Washington,47.608021074698,-122.3076226269288
Intersection,WOODLAND PL N AND N 63RD ST,2,Injury Collision,Cycles,7,0,1,1,1,0,0,2005-01-28T00:00:00.000Z,1/28/2005 9:30:00 AM,At Intersection (intersection related),51.0,PEDALCYCLIST STRUCK MOTOR VEHICLE FRONT END AT ANGLE,,0,Overcast,Dry,Daylight,,,45,Vehicle - Pedalcyclist,0,N,Washington,47.674577696130044,-122.34768389485464
Block,N 91ST ST BETWEEN AURORA AVE N AND STONE AVE N,2,Injury Collision,Cycles,2,0,1,1,1,0,0,2005-07-16T00:00:00.000Z,7/16/2005 10:30:00 AM,Driveway Junction,18.0,"MOTOR VEHICLE STRUCK PEDALCYCLIST, FRONT END AT ANGLE",,0,Clear or Partly Cloudy,Dry,Daylight,,,45,Vehicle - Pedalcyclist,0,N,Washington,47.69490230907006,-122.34322795475306
Intersection,22ND AVE AND E UNION ST,1,Property Damage Only Collision,Cycles,2,0,1,1,0,0,0,2005-07-12T00:00:00.000Z,7/12/2005 5:14:00 PM,At Intersection (intersection related),18.0,"MOTOR VEHICLE STRUCK PEDALCYCLIST, FRONT END AT ANGLE",,0,Clear or Partly Cloudy,Dry,Daylight,,,45,Vehicle - Pedalcyclist,0,N,Washington,47.61293310447872,-122.30363535135231
Intersection,25TH AVE SW AND SW THISTLE ST,2b,Serious Injury Collision,Cycles,2,0,1,1,1,1,0,2005-03-17T00:00:00.000Z,3/17/2005 4:31:00 PM,At Intersection (intersection related),18.0,"MOTOR VEHICLE STRUCK PEDALCYCLIST, FRONT END AT ANGLE",,0,Clear or Partly Cloudy,Dry,Daylight,Y,,45,Vehicle - Pedalcyclist,0,N,Washington,47.5282812443169,-122.36450774932243
Intersection,1ST AVE NW AND NW 85TH ST,2,Injury Collision,Cycles,2,0,1,1,1,0,0,2005-12-26T00:00:00.000Z,12/26/2005 11:30:00 AM,At Intersection (intersection related),18.0,"MOTOR VEHICLE STRUCK PEDALCYCLIST, FRONT END AT ANGLE",,0,Overcast,Wet,Daylight,Y,,45,Vehicle - Pedalcyclist,0,N,Washington,47.69061033125208,-122.35798195029793
Block,LAKEVIEW BLVD E BETWEEN E HIGHLAND DR AND BOYLSTON S AVE E,2,Injury Collision,Cycles,2,0,1,1,1,0,0,2005-12-25T00:00:00.000Z,12/25/2005 7:21:00 PM,Mid-Block (not related to intersection),18.0,"MOTOR VEHICLE STRUCK PEDALCYCLIST, FRONT END AT ANGLE",,1,Overcast,Wet,Dark - Street Lights On,Y,,45,Vehicle - Pedalcyclist,0,N,Washington,47.632069507401106,-122.32381193348026
Block,EASTLAKE AVE E BETWEEN HARVARD AVE E AND FUHRMAN AVE E,2,Injury Collision,Cycles,2,0,1,1,1,0,0,2005-05-26T00:00:00.000Z,5/26/2005 3:51:00 PM,Driveway Junction,18.0,"MOTOR VEHICLE STRUCK PEDALCYCLIST, FRONT END AT ANGLE",,0,Clear or Partly Cloudy,Dry,Daylight,Y,,45,Vehicle - Pedalcyclist,0,N,Washington,47.65104751116883,-122.32168580219019
Intersection,SUMMIT AVE AND E PINE ST,2,Injury Collision,Cycles,2,0,1,1,1,0,0,2005-09-16T00:00:00.000Z,9/16/2005 1:07:00 PM,At Intersection (intersection related),18.0,"MOTOR VEHICLE STRUCK PEDALCYCLIST, FRONT END AT ANGLE",,0,Clear or Partly Cloudy,Dry,Daylight,Y,,45,Vehicle - Pedalcyclist,0,N,Washington,47.615218748198224,-122.32552884050469
Block,UNIVERSITY WAY NE BETWEEN NE 42ND ST AND NE 43RD ST,2,Injury Collision,Cycles,2,0,1,1,1,0,0,2005-06-01T00:00:00.000Z,6/1/2005,Mid-Block (not related to intersection),56.0,PEDALCYCLIST STRUCK MOTOR VEHICLE LEFT SIDE SIDESWIPE,,0,Clear or Partly Cloudy,Dry,Daylight,,,45,Vehicle - Pedalcyclist,0,N,Washington,47.6590536166544,-122.313187788016
Block,E PIKE ST BETWEEN BELMONT AVE AND BOYLSTON AVE,2,Injury Collision,Cycles,3,0,1,1,1,0,0,2005-07-07T00:00:00.000Z,7/7/2005,Mid-Block (not related to intersection),51.0,PEDALCYCLIST STRUCK MOTOR VEHICLE FRONT END AT ANGLE,,0,Clear or Partly Cloudy,Dry,Daylight,,,45,Vehicle - Pedalcyclist,0,N,Washington,47.61410020127426,-122.32392864341921
Intersection,AURORA AVE N AND N 130TH ST,1,Property Damage Only Collision,Cycles,3,0,1,1,0,0,0,2005-06-18T00:00:00.000Z,6/18/2005 1:25:00 PM,At Intersection (intersection related),18.0,"MOTOR VEHICLE STRUCK PEDALCYCLIST, FRONT END AT ANGLE",Y,0,Clear or Partly Cloudy,Dry,Daylight,,,45,Vehicle - Pedalcyclist,0,N,Washington,47.723211547190374,-122.34497687998308
Block,UNIVERSITY BR OFF RP BETWEEN EASTLAKE AVE NE AND NE 40TH ST,2,Injury Collision,Cycles,2,0,1,1,1,0,0,2005-10-21T00:00:00.000Z,10/21/2005 8:30:00 AM,Mid-Block (not related to intersection),22.0,"MOTOR VEHICLE STRUCK PEDALCYCLIST, RIGHT SIDE SIDESWIPE",,0,Raining,Wet,Daylight,Y,,45,Vehicle - Pedalcyclist,0,N,Washington,47.655860304447785,-122.31764045812236
Intersection,BROOKLYN AVE NE AND NE 50TH ST,1,Property Damage Only Collision,Cycles,2,0,1,1,0,0,0,2005-05-20T00:00:00.000Z,5/20/2005 5:29:00 PM,At Intersection (intersection related),18.0,"MOTOR VEHICLE STRUCK PEDALCYCLIST, FRONT END AT ANGLE",Y,0,Clear or Partly Cloudy,Dry,Daylight,,,45,Vehicle - Pedalcyclist,0,N,Washington,47.66490847462878,-122.3142100907226
Block,EASTLAKE AVE E BETWEEN FAIRVIEW AVE N AND E GARFIELD ST,2,Injury Collision,Cycles,2,0,1,1,1,0,0,2005-10-11T00:00:00.000Z,10/11/2005 8:44:00 AM,Driveway Junction,51.0,PEDALCYCLIST STRUCK MOTOR VEHICLE FRONT END AT ANGLE,,0,Clear or Partly Cloudy,Dry,Daylight,,,45,Vehicle - Pedalcyclist,0,N,Washington,47.63305620768371,-122.32582946459524
Intersection,LAKE WASHINGTON BLVD E AND E MADISON ST,2,Injury Collision,Cycles,2,0,1,1,1,0,0,2005-09-19T00:00:00.000Z,9/19/2005 4:57:00 PM,At Intersection (intersection related),18.0,"MOTOR VEHICLE STRUCK PEDALCYCLIST, FRONT END AT ANGLE",,0,Clear or Partly Cloudy,Dry,Daylight,Y,,45,Vehicle - Pedalcyclist,0,N,Washington,47.626017800549825,-122.29244003313448
Intersection,14TH AVE S AND S CONCORD ST,2,Injury Collision,Cycles,2,0,1,1,1,0,0,2005-07-10T00:00:00.000Z,7/10/2005 3:49:00 PM,At Intersection (intersection related),51.0,PEDALCYCLIST STRUCK MOTOR VEHICLE FRONT END AT ANGLE,,0,Clear or Partly Cloudy,Dry,Daylight,,,45,Vehicle - Pedalcyclist,0,N,Washington,47.523892085295394,-122.3149532887854
Block,2ND AVE BETWEEN SENECA ST AND UNIVERSITY ST,2,Injury Collision,Cycles,2,0,1,1,1,0,0,2005-05-16T00:00:00.000Z,5/16/2005 5:41:00 PM,Mid-Block (not related to intersection),22.0,"MOTOR VEHICLE STRUCK PEDALCYCLIST, RIGHT SIDE SIDESWIPE",,0,Raining,Wet,Daylight,Y,,45,Vehicle - Pedalcyclist,0,N,Washington,47.6069412631206,-122.33675942777063
Intersection,23RD AVE S AND S COLLEGE ST,2,Injury Collision,Cycles,2,0,1,1,1,0,0,2005-03-01T00:00:00.000Z,3/1/2005,At Intersection (intersection related),18.0,"MOTOR VEHICLE STRUCK PEDALCYCLIST, FRONT END AT ANGLE",,0,Raining,Wet,Daylight,,,45,Vehicle - Pedalcyclist,0,N,Washington,47.582945680349596,-122.30295409478278
Block,6TH AVE BETWEEN PIKE ST AND PINE ST,2,Injury Collision,Cycles,3,0,1,1,1,0,0,2005-03-11T00:00:00.000Z,3/11/2005 3:40:00 PM,Mid-Block (not related to intersection),56.0,PEDALCYCLIST STRUCK MOTOR VEHICLE LEFT SIDE SIDESWIPE,,0,Clear or Partly Cloudy,Dry,Daylight,,,45,Vehicle - Pedalcyclist,0,N,Washington,47.611638265254136,-122.334917384009
Block,9TH AVE BETWEEN HOWELL ST AND STEWART ST,2,Injury Collision,Cycles,3,0,1,1,1,0,0,2005-02-22T00:00:00.000Z,2/22/2005 1:59:00 PM,Driveway Junction,18.0,"MOTOR VEHICLE STRUCK PEDALCYCLIST, FRONT END AT ANGLE",Y,0,Clear or Partly Cloudy,Dry,Daylight,Y,,45,Vehicle - Pedalcyclist,0,N,Washington,47.615223411692455,-122.33379265753513
Intersection,1ST AVE AND WALL ST,2,Injury Collision,Cycles,2,0,1,1,1,0,0,2005-12-05T00:00:00.000Z,12/5/2005,At Intersection (intersection related),18.0,"MOTOR VEHICLE STRUCK PEDALCYCLIST, FRONT END AT ANGLE",,0,Clear or Partly Cloudy,Dry,Dark - Street Lights On,Y,,45,Vehicle - Pedalcyclist,0,N,Washington,47.61469580432635,-122.3487461073868
Intersection,5TH AVE S AND S TRENTON S ST,2,Injury Collision,Cycles,2,0,1,1,1,0,0,2005-03-12T00:00:00.000Z,3/12/2005 3:47:00 PM,At Intersection (intersection related),51.0,PEDALCYCLIST STRUCK MOTOR VEHICLE FRONT END AT ANGLE,,0,Clear or Partly Cloudy,Snow/Slush,Daylight,,,45,Vehicle - Pedalcyclist,0,N,Washington,47.52462865383829,-122.32822898179028
Intersection,20TH AVE NE AND NE 50TH ST,1,Property Damage Only Collision,Cycles,2,0,1,1,0,0,0,2005-02-28T00:00:00.000Z,2/28/2005 9:05:00 AM,At Intersection (intersection related),18.0,"MOTOR VEHICLE STRUCK PEDALCYCLIST, FRONT END AT ANGLE",,0,Overcast,Dry,Daylight,,,45,Vehicle - Pedalcyclist,0,N,Washington,47.66485432992572,-122.30650659932436
Intersection,5TH AVE S AND S JACKSON ST,2,Injury Collision,Cycles,5,1,1,1,1,0,0,2005-08-23T00:00:00.000Z,8/23/2005 3:10:00 PM,At Intersection (intersection related),64.0,PEDALCYCLIST STRUCK PEDESTRIAN,Y,0,Clear or Partly Cloudy,Dry,Daylight,,,45,Vehicle - Pedalcyclist,0,N,Washington,47.59919492412836,-122.3276669944082
Block,RAINIER AVE S BETWEEN S BRANDON ST AND S LUCILE ST,2,Injury Collision,Cycles,2,0,1,1,1,0,0,2005-03-22T00:00:00.000Z,3/22/2005 10:50:00 AM,Driveway Junction,18.0,"MOTOR VEHICLE STRUCK PEDALCYCLIST, FRONT END AT ANGLE",,0,Clear or Partly Cloudy,Dry,Daylight,Y,,45,Vehicle - Pedalcyclist,0,N,Washington,47.55309182895135,-122.27898849655588
Block,WESTLAKE AVE N BETWEEN NEWELL ST AND NICKERSON ST,2,Injury Collision,Cycles,1,0,1,0,1,0,0,2005-03-31T00:00:00.000Z,3/31/2005 11:58:00 AM,Driveway Junction,66.0,PEDALCYCLIST STRUCK OBJECT IN ROAD,,0,Clear or Partly Cloudy,Dry,Daylight,,,45,Vehicle - Pedalcyclist,0,N,Washington,47.645029689803174,-122.347300705301
Block,RAINIER AVE S BETWEEN S DEARBORN ST AND S CHARLES N ST,1,Property Damage Only Collision,Cycles,3,0,1,1,0,0,0,2005-09-08T00:00:00.000Z,9/8/2005,Driveway Junction,18.0,"MOTOR VEHICLE STRUCK PEDALCYCLIST, FRONT END AT ANGLE",,0,Clear or Partly Cloudy,Dry,Daylight,Y,,45,Vehicle - Pedalcyclist,0,N,Washington,47.59511628373849,-122.31094941914199
Block,FREMONT AVE N BETWEEN N 45TH ST AND N 46TH ST,2,Injury Collision,Cycles,2,0,1,1,1,0,0,2005-04-23T00:00:00.000Z,4/23/2005 11:00:00 AM,Mid-Block (not related to intersection),23.0,"MOTOR VEHICLE STRUCK PEDALCYCLIST, LEFT SIDE SIDESWIPE",,0,Clear or Partly Cloudy,Dry,Daylight,Y,,45,Vehicle - Pedalcyclist,0,N,Washington,47.661763636595325,-122.35003672226927
Block,4TH AVE S BETWEEN S HOLGATE ST AND S WALKER ST,2,Injury Collision,Cycles,3,0,1,1,1,0,0,2005-05-17T00:00:00.000Z,5/17/2005 7:59:00 AM,Driveway Junction,18.0,"MOTOR VEHICLE STRUCK PEDALCYCLIST, FRONT END AT ANGLE",,0,Overcast,Dry,Daylight,Y,,45,Vehicle - Pedalcyclist,0,N,Washington,47.58507506548098,-122.32905801152904
Intersection,19TH AVE AND E PINE ST,2,Injury Collision,Cycles,2,0,1,1,1,0,0,2005-02-22T00:00:00.000Z,2/22/2005 3:30:00 PM,At Intersection (intersection related),18.0,"MOTOR VEHICLE STRUCK PEDALCYCLIST, FRONT END AT ANGLE",,0,Clear or Partly Cloudy,Dry,Daylight,Y,,45,Vehicle - Pedalcyclist,0,N,Washington,47.61526760827635,-122.30744480657472