addrtype,location,severitycode,severitydesc,collisiontype,personcount,pedcount,pedcylcount,vehcount,injuries,seriousinjuries,fatalities,incdate,incdttm,junctiontype,sdot_colcode,sdot_coldesc,inattentionind,underinfl,weather,roadcond,lightcond,pedrownotgrnt,speeding,st_colcode,st_coldesc,crosswalkkey,hitparkedcar,state,latitude,longitude
Intersection,19TH AVE AND E MADISON ST,2,Injury Collision,Cycles,2,0,1,1,1,0,0,2005-07-06T00:00:00.000Z,7/6/2005,At Intersection (intersection related),18.0,"MOTOR VEHICLE STRUCK PEDALCYCLIST, FRONT END AT ANGLE",,0,Clear or Partly Cloudy,Dry,Daylight,Y,,45,Vehicle - Pedalcyclist,0,N,Washington,47.61673275898729,-122.30740915787302
Block,3RD AVE BETWEEN UNION ST AND PIKE ST,2,Injury Collision,Cycles,3,0,1,1,1,0,0,2005-10-03T00:00:00.000Z,10/3/2005,Mid-Block (not related to intersection),56.0,PEDALCYCLIST STRUCK MOTOR VEHICLE LEFT SIDE SIDESWIPE,,0,Clear or Partly Cloudy,Dry,Daylight,,,45,Vehicle - Pedalcyclist,0,N,Washington,47.60925181650052,-122.33733769183495
Intersection,BARTLETT AVE NE AND NE 110TH ST,2,Injury Collision,Cycles,3,0,1,1,1,0,0,2005-12-09T00:00:00.000Z,12/9/2005,At Intersection (intersection related),51.0,PEDALCYCLIST STRUCK MOTOR VEHICLE FRONT END AT ANGLE,,0,Clear or Partly Cloudy,Dry,Daylight,,,45,Vehicle - Pedalcyclist,0,N,Washington,47.708623376960134,-122.2814713382737
Intersection,DIVISION AVE NW AND NW 67TH ST,2,Injury Collision,Cycles,2,0,1,1,1,0,0,2005-12-14T00:00:00.000Z,12/14/2005 6:49:00 AM,At Intersection (intersection related),18.0,"MOTOR VEHICLE STRUCK PEDALCYCLIST, FRONT END AT ANGLE",,0,Clear or Partly Cloudy,Dry,Dark - Street Lights On,Y,,45,Vehicle - Pedalcyclist,0,N,Washington,47.67775364585225,-122.36658333229981
Block,S JACKSON ST BETWEEN 22ND AVE S AND 23RD AVE S,2,Injury Collision,Cycles,2,0,1,1,1,0,0,2005-08-08T00:00:00.000Z,8/8/2005,Driveway Junction,18.0,"MOTOR VEHICLE STRUCK PEDALCYCLIST, FRONT END AT ANGLE",,0,Clear or Partly Cloudy,Dry,Daylight,Y,,45,Vehicle - Pedalcyclist,0,N,Washington,47.59927789920498,-122.30276121736144
Block,W DRAVUS ST BETWEEN 15TH AV W SB OFF RP AND 16TH AVE W,1,Property Damage Only Collision,Cycles,2,0,1,1,0,0,0,2005-04-15T00:00:00.000Z,4/15/2005 11:15:00 AM,Mid-Block (not related to intersection),11.0,"MOTOR VEHICLE STRUCK MOTOR VEHICLE, FRONT END AT ANGLE",,0,Raining,Dry,Daylight,,,45,Vehicle - Pedalcyclist,0,N,Washington,47.64846994197255,-122.37712693439207
Block,NE 63RD ST BETWEEN BROOKLYN AVE NE AND 14TH AVE NE,2,Injury Collision,Cycles,3,0,1,1,1,0,0,2005-06-04T00:00:00.000Z,6/4/2005,Mid-Block (not related to intersection),56.0,PEDALCYCLIST STRUCK MOTOR VEHICLE LEFT SIDE SIDESWIPE,,0,Overcast,Dry,Daylight,,,45,Vehicle - Pedalcyclist,0,N,Washington,47.67431729441586,-122.3137319407064
Block,19TH AVE E BETWEEN E THOMAS ST AND E HARRISON ST,1,Property Damage Only Collision,Cycles,4,0,1,1,0,0,0,2005-06-19T00:00:00.000Z,6/19/2005 8:54:00 PM,Mid-Block (not related to intersection),18.0,"MOTOR VEHICLE STRUCK PEDALCYCLIST, FRONT END AT ANGLE",,0,Clear or Partly Cloudy,Dry,Dusk,,,45,Vehicle - Pedalcyclist,0,N,Washington,47.6212750125968,-122.30733746411084
Block,S WELLER ST BETWEEN 5TH AVE S AND 6TH AVE S,2,Injury Collision,Cycles,2,0,1,1,1,0,0,2005-09-12T00:00:00.000Z,9/12/2005 6:10:00 PM,Mid-Block (not related to intersection),56.0,PEDALCYCLIST STRUCK MOTOR VEHICLE LEFT SIDE SIDESWIPE,,0,Clear or Partly Cloudy,Dry,Daylight,,,45,Vehicle - Pedalcyclist,0,N,Washington,47.59751593243264,-122.32702317366596
Intersection,UNIVERSITY WAY NE AND NE 50TH ST,2,Injury Collision,Cycles,2,0,1,1,1,0,0,2005-03-22T00:00:00.000Z,3/22/2005 9:50:00 AM,At Intersection (intersection related),51.0,PEDALCYCLIST STRUCK MOTOR VEHICLE FRONT END AT ANGLE,,0,Clear or Partly Cloudy,Dry,Daylight,,,45,Vehicle - Pedalcyclist,0,N,Washington,47.664900723928135,-122.3130741604038
Block,4TH AVE S BETWEEN S STACY ST AND S LANDER ST,2,Injury Collision,Cycles,2,0,1,1,1,0,0,2005-07-30T00:00:00.000Z,7/30/2005 2:07:00 PM,Driveway Junction,18.0,"MOTOR VEHICLE STRUCK PEDALCYCLIST, FRONT END AT ANGLE",,0,Clear or Partly Cloudy,Dry,Daylight,Y,,45,Vehicle - Pedalcyclist,0,N,Washington,47.580852706239035,-122.32905596148373
Intersection,25TH AVE NE AND NE 75TH ST,2,Injury Collision,Cycles,3,0,1,1,1,0,0,2005-11-03T00:00:00.000Z,11/3/2005,At Intersection (intersection related),51.0,PEDALCYCLIST STRUCK MOTOR VEHICLE FRONT END AT ANGLE,,0,Overcast,Wet,Daylight,,,45,Vehicle - Pedalcyclist,0,N,Washington,47.68304742746073,-122.30075822811523
Intersection,EAST GREEN LAKE WAY N AND N 64TH ST,2b,Serious Injury Collision,Cycles,2,0,1,1,1,1,0,2005-04-25T00:00:00.000Z,4/25/2005 6:08:00 PM,At Intersection (intersection related),18.0,"MOTOR VEHICLE STRUCK PEDALCYCLIST, FRONT END AT ANGLE",,0,Clear or Partly Cloudy,Dry,Daylight,Y,,45,Vehicle - Pedalcyclist,0,N,Washington,47.675264828488224,-122.33353290780359
Intersection,PHINNEY AVE N AND N 36TH ST,2,Injury Collision,Cycles,2,0,1,1,1,0,0,2005-02-16T00:00:00.000Z,2/16/2005 5:38:00 PM,At Intersection (intersection related),18.0,"MOTOR VEHICLE STRUCK PEDALCYCLIST, FRONT END AT ANGLE",,0,Clear or Partly Cloudy,Dry,Dawn,Y,,45,Vehicle - Pedalcyclist,0,N,Washington,47.65224596339296,-122.35447474540057
Intersection,3RD AVE AND UNION ST,3,Fatality Collision,Pedestrian,2,1,1,0,0,0,1,2005-04-13T00:00:00.000Z,4/13/2005 4:20:00 PM,At Intersection (intersection related),64.0,PEDALCYCLIST STRUCK PEDESTRIAN,,0,Unknown,Dry,Daylight,,,0,Vehicle going straight hits pedestrian,0,N,Washington,47.60875622459481,-122.3368846034067
Block,NW MARKET ST BETWEEN 14TH AVE NW AND 15TH AVE NW,2,Injury Collision,Cycles,2,0,1,1,1,0,0,2005-06-22T00:00:00.000Z,6/22/2005 6:30:00 PM,Driveway Junction,18.0,"MOTOR VEHICLE STRUCK PEDALCYCLIST, FRONT END AT ANGLE",,0,Unknown,Unknown,Dusk,Y,,45,Vehicle - Pedalcyclist,0,N,Washington,47.668666144477655,-122.37489946277462
Intersection,PALATINE AVE N AND N 62ND ST,2b,Serious Injury Collision,Cycles,2,0,1,1,1,1,0,2005-07-20T00:00:00.000Z,7/20/2005 7:50:00 AM,At Intersection (intersection related),18.0,"MOTOR VEHICLE STRUCK PEDALCYCLIST, FRONT END AT ANGLE",,0,Clear or Partly Cloudy,Dry,Daylight,Y,,45,Vehicle - Pedalcyclist,0,N,Washington,47.67403553776799,-122.35641799983858
Intersection,15TH AVE S AND S HOLGATE ST,2,Injury Collision,Cycles,2,0,1,1,1,0,0,2005-01-26T00:00:00.000Z,1/26/2005 11:39:00 AM,At Intersection (intersection related),18.0,"MOTOR VEHICLE STRUCK PEDALCYCLIST, FRONT END AT ANGLE",,0,Raining,Wet,Daylight,,,45,Vehicle - Pedalcyclist,0,N,Washington,47.586362679013384,-122.31336274842444
Intersection,7TH AVE S AND S CLOVERDALE ST,2,Injury Collision,Cycles,2,0,1,1,1,0,0,2005-07-01T00:00:00.000Z,7/1/2005,At Intersection (intersection related),18.0,"MOTOR VEHICLE STRUCK PEDALCYCLIST, FRONT END AT ANGLE",Y,0,Overcast,Dry,Daylight,,,45,Vehicle - Pedalcyclist,0,N,Washington,47.52647326377181,-122.32558706563371
Intersection,11TH AVE NW AND NW 46TH ST,2,Injury Collision,Cycles,3,0,1,1,1,0,0,2005-06-28T00:00:00.000Z,6/28/2005 3:50:00 PM,At Intersection (intersection related),18.0,"MOTOR VEHICLE STRUCK PEDALCYCLIST, FRONT END AT ANGLE",,0,Clear or Partly Cloudy,Dry,Daylight,Y,,45,Vehicle - Pedalcyclist,0,N,Washington,47.662199390820454,-122.37076845015278
Intersection,26TH AVE E AND BOYER AVE E,2,Injury Collision,Cycles,2,0,1,1,1,0,0,2005-11-21T00:00:00.000Z,11/21/2005 11:02:00 AM,At Intersection (intersection related),51.0,PEDALCYCLIST STRUCK MOTOR VEHICLE FRONT END AT ANGLE,,0,Clear or Partly Cloudy,Dry,Daylight,,,45,Vehicle - Pedalcyclist,0,N,Washington,47.63392922494858,-122.29951751608014
Block,PINE ST BETWEEN 9TH AVE AND TERRY AVE,2,Injury Collision,Cycles,1,0,1,0,1,0,0,2005-04-19T00:00:00.000Z,4/19/2005 4:40:00 PM,Mid-Block (not related to intersection),69.0,PEDALCYCLIST OVERTURNED IN ROAD,,0,Clear or Partly Cloudy,Dry,Daylight,,,45,Vehicle - Pedalcyclist,0,N,Washington,47.61375947447676,-122.33148857878041
Block,MINOR AVE N BETWEEN JOHN ST AND THOMAS ST,2,Injury Collision,Cycles,2,0,1,1,1,0,0,2005-09-09T00:00:00.000Z,9/9/2005,Mid-Block (not related to intersection),56.0,PEDALCYCLIST STRUCK MOTOR VEHICLE LEFT SIDE SIDESWIPE,,0,Clear or Partly Cloudy,Dry,Daylight,Y,,45,Vehicle - Pedalcyclist,0,N,Washington,47.62023642146082,-122.33298307462128
Block,15TH AVE NW BETWEEN NW 80TH ST AND NW 83RD ST,2,Injury Collision,Cycles,2,0,1,1,1,0,0,2005-05-28T00:00:00.000Z,5/28/2005 4:00:00 PM,Driveway Junction,18.0,"MOTOR VEHICLE STRUCK PEDALCYCLIST, FRONT END AT ANGLE",Y,0,Clear or Partly Cloudy,Dry,Daylight,,,45,Vehicle - Pedalcyclist,0,N,Washington,47.687799878428535,-122.37679617733265
Block,2ND AVE BETWEEN PINE ST AND STEWART ST,2,Injury Collision,Cycles,3,0,1,1,1,0,0,2005-05-12T00:00:00.000Z,5/12/2005 5:28:00 PM,Driveway Junction,18.0,"MOTOR VEHICLE STRUCK PEDALCYCLIST, FRONT END AT ANGLE",,0,Clear or Partly Cloudy,Dry,Daylight,Y,,45,Vehicle - Pedalcyclist,0,N,Washington,47.61062229598858,-122.34012716975988
Intersection,HAMLIN ST ON RP AND HARVARD AVE E,2,Injury Collision,Cycles,2,0,1,1,1,0,0,2005-11-16T00:00:00.000Z,11/16/2005 5:47:00 PM,At Intersection (intersection related),18.0,"MOTOR VEHICLE STRUCK PEDALCYCLIST, FRONT END AT ANGLE",Y,0,Clear or Partly Cloudy,Dry,Dark - Street Lights On,,,45,Vehicle - Pedalcyclist,0,N,Washington,47.64561992115539,-122.3221055088722
Block,E ROY ST BETWEEN 19TH AVE E AND 20TH AVE E,2,Injury Collision,Cycles,3,0,1,1,1,0,0,2005-09-08T00:00:00.000Z,9/8/2005,Driveway Junction,18.0,"MOTOR VEHICLE STRUCK PEDALCYCLIST, FRONT END AT ANGLE",,0,Clear or Partly Cloudy,Dry,Daylight,Y,,45,Vehicle - Pedalcyclist,0,N,Washington,47.62523008589043,-122.30667415031428
Intersection,LAKE CITY WAY NE AND NE 143RD ST,2,Injury Collision,Cycles,2,0,1,1,1,0,0,2005-05-05T00:00:00.000Z,5/5/2005,At Intersection (intersection related),18.0,"MOTOR VEHICLE STRUCK PEDALCYCLIST, FRONT END AT ANGLE",Y,0,Overcast,Dry,Daylight,Y,,45,Vehicle - Pedalcyclist,0,N,Washington,47.731942928279544,-122.29237274553455
Intersection,THACKERAY PL NE AND NE 44TH ST,2,Injury Collision,Cycles,3,0,1,1,1,0,0,2005-11-16T00:00:00.000Z,11/16/2005 2:30:00 PM,At Intersection (intersection related),18.0,"MOTOR VEHICLE STRUCK PEDALCYCLIST, FRONT END AT ANGLE",,0,Clear or Partly Cloudy,Dry,Daylight,Y,,45,Vehicle - Pedalcyclist,0,N,Washington,47.66021769173758,-122.32619547018021
Intersection,24TH AVE E AND E LEE ST,2,Injury Collision,Cycles,3,0,1,1,1,0,0,2005-08-10T00:00:00.000Z,8/10/2005 11:40:00 PM,At Intersection (intersection related),18.0,"MOTOR VEHICLE STRUCK PEDALCYCLIST, FRONT END AT ANGLE",,0,Clear or Partly Cloudy,Dry,Dark - Street Lights On,Y,,45,Vehicle - Pedalcyclist,0,N,Washington,47.63127418504062,-122.30163003018829
Intersection,BELMONT AVE E AND E HARRISON ST,2,Injury Collision,Cycles,2,0,1,1,1,0,0,2005-10-08T00:00:00.000Z,10/8/2005,At Intersection (intersection related),11.0,"MOTOR VEHICLE STRUCK MOTOR VEHICLE, FRONT END AT ANGLE",,0,Clear or Partly Cloudy,Wet,Dark - Street Lights On,,,45,Vehicle - Pedalcyclist,0,N,Washington,47.62198950662799,-122.32402408018923
Intersection,MELROSE AVE AND PIKE ST,1,Property Damage Only Collision,Cycles,2,0,1,1,0,0,0,2005-07-11T00:00:00.000Z,7/11/2005 8:15:00 AM,At Intersection (intersection related),51.0,PEDALCYCLIST STRUCK MOTOR VEHICLE FRONT END AT ANGLE,,0,Overcast,Dry,Daylight,,,45,Vehicle - Pedalcyclist,0,N,Washington,47.613930229686225,-122.32780457563459
Intersection,5TH AVE AND JEFFERSON ST,2,Injury Collision,Cycles,2,0,1,1,1,0,0,2005-11-08T00:00:00.000Z,11/8/2005,At Intersection (intersection related),18.0,"MOTOR VEHICLE STRUCK PEDALCYCLIST, FRONT END AT ANGLE",,0,Clear or Partly Cloudy,Dry,Dawn,Y,,45,Vehicle - Pedalcyclist,0,N,Washington,47.60298463291854,-122.32853489031004
Block,E DENNY WAY BETWEEN 13TH AVE AND 14TH AVE,2,Injury Collision,Cycles,2,0,1,1,1,0,0,2005-11-05T00:00:00.000Z,11/5/2005,Mid-Block (not related to intersection),18.0,"MOTOR VEHICLE STRUCK PEDALCYCLIST, FRONT END AT ANGLE",,0,Raining,Wet,Daylight,,,45,Vehicle - Pedalcyclist,0,N,Washington,47.61878279113952,-122.31495357568836
Block,WESTERN AVE BETWEEN MADISON ST AND SPRING ST,2,Injury Collision,Cycles,2,0,1,1,1,0,0,2005-06-08T00:00:00.000Z,6/8/2005,Mid-Block (not related to intersection),16.0,"MOTOR VEHICLE STRUCK MOTOR VEHICLE, LEFT SIDE SIDESWIPE",,0,Overcast,Dry,Daylight,,,45,Vehicle - Pedalcyclist,0,N,Washington,47.60458570387658,-122.33767380668266
Intersection,EAST GREEN LAKE WAY N AND N 64TH ST,2,Injury Collision,Cycles,4,0,1,2,1,0,0,2006-05-10T00:00:00.000Z,5/10/2006 11:29:00 AM,At Intersection (but not related to intersection),18.0,"MOTOR VEHICLE STRUCK PEDALCYCLIST, FRONT END AT ANGLE",,0,Clear or Partly Cloudy,Dry,Daylight,,,45,Vehicle - Pedalcyclist,0,N,Washington,47.675264828488224,-122.33353290780359
Alley,,1,Property Damage Only Collision,Cycles,2,0,1,1,0,0,0,2006-05-08T00:00:00.000Z,5/8/2006,Driveway Junction,18.0,"MOTOR VEHICLE STRUCK PEDALCYCLIST, FRONT END AT ANGLE",,0,Overcast,Dry,Daylight,Y,,45,Vehicle - Pedalcyclist,0,N,Washington,,
Block,EASTLAKE AVE E BETWEEN HARVARD AVE E AND FUHRMAN AVE E,2,Injury Collision,Cycles,2,0,1,1,1,0,0,2006-09-11T00:00:00.000Z,9/11/2006 4:50:00 PM,Driveway Junction,18.0,"MOTOR VEHICLE STRUCK PEDALCYCLIST, FRONT END AT ANGLE",,0,Clear or Partly Cloudy,Dry,Daylight,Y,,45,Vehicle - Pedalcyclist,0,N,Washington,47.65104751116883,-122.32168580219019
Intersection,1ST AVE NE AND NE 45TH ST,2,Injury Collision,Cycles,2,0,1,1,1,0,0,2006-11-19T00:00:00.000Z,11/19/2006 1:04:00 PM,At Intersection (intersection related),18.0,"MOTOR VEHICLE STRUCK PEDALCYCLIST, FRONT END AT ANGLE",,0,Overcast,Wet,Daylight,Y,,45,Vehicle - Pedalcyclist,0,N,Washington,47.661359783929186,-122.32826075553051
Intersection,ASHWORTH AVE N AND N 97TH ST,2,Injury Collision,Cycles,2,0,1,1,1,0,0,2006-03-23T00:00:00.000Z,3/23/2006 1:46:00 PM,At Intersection (intersection related),18.0,"MOTOR VEHICLE STRUCK PEDALCYCLIST, FRONT END AT ANGLE",,0,Overcast,Dry,Daylight,,,45,Vehicle - Pedalcyclist,0,N,Washington,47.6996041790092,-122.33972520281807
Intersection,4TH AVE N AND FREMONT BR,2,Injury Collision,Cycles,2,0,1,1,1,0,0,2006-07-26T00:00:00.000Z,7/26/2006 7:30:00 AM,At Intersection (intersection related),18.0,"MOTOR VEHICLE STRUCK PEDALCYCLIST, FRONT END AT ANGLE",,0,Unknown,Dry,Daylight,,,45,Vehicle - Pedalcyclist,0,N,Washington,47.64687975524714,-122.34975371354541
Intersection,LEARY WAY NW AND NW 46TH ST,2,Injury Collision,Cycles,2,0,1,1,1,0,0,2006-03-16T00:00:00.000Z,3/16/2006 5:49:00 PM,At Intersection (intersection related),51.0,PEDALCYCLIST STRUCK MOTOR VEHICLE FRONT END AT ANGLE,Y,0,Overcast,Dry,Daylight,,,45,Vehicle - Pedalcyclist,0,N,Washington,47.6621954055336,-122.36786512751544
Block,NW 39TH ST BETWEEN 2ND AVE NW AND LEARY WAY NW,2,Injury Collision,Cycles,2,0,1,1,1,0,0,2006-09-25T00:00:00.000Z,9/25/2006 4:39:00 PM,Mid-Block (but intersection related),18.0,"MOTOR VEHICLE STRUCK PEDALCYCLIST, FRONT END AT ANGLE",,0,Clear or Partly Cloudy,Dry,Daylight,,,45,Vehicle - Pedalcyclist,0,N,Washington,47.654146458297824,-122.35953190659089
Block,42ND AVE S BETWEEN S TRENTON ST AND S HENDERSON ST,1,Property Damage Only Collision,Cycles,2,0,1,1,0,0,0,2006-09-24T00:00:00.000Z,9/24/2006 3:34:00 PM,Mid-Block (not related to intersection),18.0,"MOTOR VEHICLE STRUCK PEDALCYCLIST, FRONT END AT ANGLE",,0,Clear or Partly Cloudy,Dry,Daylight,,,45,Vehicle - Pedalcyclist,0,N,Washington,47.523655960121786,-122.28069540897155
Block,12TH AVE S BETWEEN S ATLANTIC ST AND S MASSACHUSETTS ST,2b,Serious Injury Collision,Cycles,2,0,1,1,1,1,0,2006-10-29T00:00:00.000Z,10/29/2006 12:21:00 PM,Mid-Block (but intersection related),51.0,PEDALCYCLIST STRUCK MOTOR VEHICLE FRONT END AT ANGLE,,0,Overcast,Wet,Daylight,,Y,45,Vehicle - Pedalcyclist,0,N,Washington,47.589213656485974,-122.31727813965466
Block,15TH AVE S BETWEEN S DAKOTA ST AND S NEVADA ST,2,Injury Collision,Cycles,2,0,1,1,1,0,0,2006-07-26T00:00:00.000Z,7/26/2006 11:17:00 PM,Mid-Block (not related to intersection),21.0,"MOTOR VEHICLE STRUCK PEDALCYCLIST, REAR END",,0,Clear or Partly Cloudy,Dry,Dark - Street Lights On,,,45,Vehicle - Pedalcyclist,0,N,Washington,47.56628349594798,-122.31347635895256
Block,ALASKAN WAY S BETWEEN ALASKAN E RDWY WAY S AND S ROYAL BROUGHAM WAY,2,Injury Collision,Cycles,4,0,1,1,1,0,0,2006-05-14T00:00:00.000Z,5/14/2006 11:15:00 AM,Mid-Block (not related to intersection),51.0,PEDALCYCLIST STRUCK MOTOR VEHICLE FRONT END AT ANGLE,,0,Clear or Partly Cloudy,Dry,Daylight,,,45,Vehicle - Pedalcyclist,0,N,Washington,,
Intersection,24TH AVE E AND E LYNN ST,2,Injury Collision,Cycles,2,0,1,1,1,0,0,2006-04-17T00:00:00.000Z,4/17/2006 1:00:00 PM,At Intersection (intersection related),18.0,"MOTOR VEHICLE STRUCK PEDALCYCLIST, FRONT END AT ANGLE",,0,Clear or Partly Cloudy,Dry,Daylight,,,45,Vehicle - Pedalcyclist,0,N,Washington,47.639530077717936,-122.30208058106712
Intersection,UNIVERSITY WAY NE AND NE 45TH ST,2,Injury Collision,Cycles,2,0,1,1,1,0,0,2006-07-08T00:00:00.000Z,7/8/2006,At Intersection (intersection related),18.0,"MOTOR VEHICLE STRUCK PEDALCYCLIST, FRONT END AT ANGLE",,0,Clear or Partly Cloudy,Dry,Daylight,Y,,45,Vehicle - Pedalcyclist,0,N,Washington,47.661269365816295,-122.31312965833612
Block,DEXTER AVE N BETWEEN REPUBLICAN ST AND MERCER ST,1,Property Damage Only Collision,Cycles,2,0,1,1,0,0,0,2006-03-22T00:00:00.000Z,3/22/2006 5:35:00 PM,Driveway Junction,51.0,PEDALCYCLIST STRUCK MOTOR VEHICLE FRONT END AT ANGLE,,0,Raining,Wet,Daylight,Y,,45,Vehicle - Pedalcyclist,0,N,Washington,47.62388537142114,-122.34235544630623
Intersection,NW 54TH ST AND NW MARKET ST,2,Injury Collision,Cycles,2,0,1,1,1,0,0,2006-01-23T00:00:00.000Z,1/23/2006 7:35:00 AM,At Intersection (intersection related),18.0,"MOTOR VEHICLE STRUCK PEDALCYCLIST, FRONT END AT ANGLE",,0,Overcast,Wet,Dawn,,,45,Vehicle - Pedalcyclist,0,N,Washington,47.66864793888204,-122.39450901116116
Intersection,GILMAN AVE W AND W EMERSON ST,2b,Serious Injury Collision,Cycles,2,0,1,1,1,1,0,2006-10-11T00:00:00.000Z,10/11/2006 4:28:00 PM,At Intersection (intersection related),18.0,"MOTOR VEHICLE STRUCK PEDALCYCLIST, FRONT END AT ANGLE",,0,Clear or Partly Cloudy,Dry,Dusk,Y,,45,Vehicle - Pedalcyclist,0,N,Washington,47.65397898107649,-122.3846160787377
Intersection,M L KING JR WAY AND E ALDER ST,2,Injury Collision,Cycles,3,0,1,1,1,0,0,2006-05-30T00:00:00.000Z,5/30/2006 7:39:00 PM,At Intersection (intersection related),18.0,"MOTOR VEHICLE STRUCK PEDALCYCLIST, FRONT END AT ANGLE",Y,0,Clear or Partly Cloudy,Dry,Daylight,Y,,45,Vehicle - Pedalcyclist,0,N,Washington,47.60424209795997,-122.29679819285737
Block,1ST AVE BETWEEN MARION ST AND MADISON ST,2,Injury Collision,Cycles,2,0,1,1,1,0,0,2006-10-26T00:00:00.000Z,10/26/2006 7:17:00 PM,Mid-Block (not related to intersection),18.0,"MOTOR VEHICLE STRUCK PEDALCYCLIST, FRONT END AT ANGLE",,0,Clear or Partly Cloudy,Dry,Dark - Street Lights On,,,45,Vehicle - Pedalcyclist,0,N,Washington,47.60433748210866,-122.33591138587856
Block,NE 55TH ST BETWEEN 40TH AVE NE AND 43RD AVE NE,2,Injury Collision,Cycles,3,0,1,1,1,0,0,2006-03-22T00:00:00.000Z,3/22/2006 6:16:00 PM,Driveway Junction,18.0,"MOTOR VEHICLE STRUCK PEDALCYCLIST, FRONT END AT ANGLE",,0,Raining,Wet,Daylight,Y,,45,Vehicle - Pedalcyclist,0,N,Washington,47.66850834676453,-122.28347867534218
Block,15TH AVE NW BETWEEN NW 65TH ST AND NW 67TH ST,2,Injury Collision,Cycles,2,0,1,1,1,0,0,2006-08-25T00:00:00.000Z,8/25/2006 6:19:00 PM,Mid-Block (not related to intersection),18.0,"MOTOR VEHICLE STRUCK PEDALCYCLIST, FRONT END AT ANGLE",,1,Clear or Partly Cloudy,Dry,Daylight,Y,,45,Vehicle - Pedalcyclist,0,N,Washington,47.67682047183223,-122.37676111696787
Intersection,DEXTER AVE N AND MERCER ST,2,Injury Collision,Cycles,2,0,1,1,1,0,0,2006-05-26T00:00:00.000Z,5/26/2006 2:35:00 PM,At Intersection (intersection related),18.0,"MOTOR VEHICLE STRUCK PEDALCYCLIST, FRONT END AT ANGLE",,0,Overcast,Dry,Daylight,,,45,Vehicle - Pedalcyclist,0,N,Washington,47.62454972661586,-122.34234960108273
Block,E BARBARA BAILEY WAY BETWEEN BROADWAY AND NAGLE PL,1,Property Damage Only Collision,Cycles,2,0,1,1,0,0,0,2006-06-27T00:00:00.000Z,6/27/2006 8:00:00 AM,Driveway Junction,18.0,"MOTOR VEHICLE STRUCK PEDALCYCLIST, FRONT END AT ANGLE",,0,Clear or Partly Cloudy,Dry,Daylight,Y,,45,Vehicle - Pedalcyclist,0,N,Washington,47.61874242064166,-122.3204654038786
Block,5TH AVE BETWEEN TERRACE ST AND JEFFERSON ST,2,Injury Collision,Cycles,2,0,1,1,1,0,0,2006-07-24T00:00:00.000Z,7/24/2006 7:45:00 AM,Mid-Block (but intersection related),54.0,PEDALCYCLIST STRUCK MOTOR VEHICLE REAR END,Y,0,Clear or Partly Cloudy,Dry,Daylight,,,45,Vehicle - Pedalcyclist,0,N,Washington,47.60262737277213,-122.32820809208343
Block,E HOWE ST BETWEEN 22ND AVE E AND E BLAINE ST,2b,Serious Injury Collision,Cycles,2,0,1,1,1,1,0,2006-01-05T00:00:00.000Z,1/5/2006,Driveway Junction,18.0,"MOTOR VEHICLE STRUCK PEDALCYCLIST, FRONT END AT ANGLE",,0,Raining,Dry,Dark - Street Lights On,Y,,45,Vehicle - Pedalcyclist,0,N,Washington,47.6373466270279,-122.30343303238676
Block,UNIVERSITY WAY NE BETWEEN NE 45TH ST AND NE 47TH ST,2b,Serious Injury Collision,Cycles,2,1,1,0,1,1,0,2006-02-10T00:00:00.000Z,2/10/2006 11:30:00 AM,Mid-Block (not related to intersection),64.0,PEDALCYCLIST STRUCK PEDESTRIAN,,0,Unknown,Unknown,Daylight,Y,,45,Vehicle - Pedalcyclist,0,N,Washington,47.66217920897607,-122.31311572731876
Block,15TH AVE NE BETWEEN NE CAMPUS WB PY AND NE 41ST ST,1,Property Damage Only Collision,Cycles,2,0,1,1,0,0,0,2006-07-20T00:00:00.000Z,7/20/2006 9:02:00 AM,Mid-Block (not related to intersection),56.0,PEDALCYCLIST STRUCK MOTOR VEHICLE LEFT SIDE SIDESWIPE,,0,Clear or Partly Cloudy,Dry,Daylight,,,45,Vehicle - Pedalcyclist,0,N,Washington,47.65651125731833,-122.31211827490542
Block,16TH AVE E BETWEEN E DENNY WAY AND E JOHN ST,2,Injury Collision,Cycles,2,0,1,1,1,0,0,2006-02-11T00:00:00.000Z,2/11/2006 4:53:00 PM,Mid-Block (not related to intersection),56.0,PEDALCYCLIST STRUCK MOTOR VEHICLE LEFT SIDE SIDESWIPE,Y,0,Clear or Partly Cloudy,Dry,Daylight,,,45,Vehicle - Pedalcyclist,0,N,Washington,47.61909533471772,-122.3114204371554
Intersection,MELROSE AVE AND PIKE ST,2,Injury Collision,Cycles,2,0,1,1,1,0,0,2006-11-07T00:00:00.000Z,11/7/2006,At Intersection (intersection related),18.0,"MOTOR VEHICLE STRUCK PEDALCYCLIST, FRONT END AT ANGLE",,0,Overcast,Wet,Dusk,,,45,Vehicle - Pedalcyclist,0,N,Washington,47.613930229686225,-122.32780457563459
Block,NW MARKET ST BETWEEN 20TH AVE NW AND RUSSELL AVE NW,2,Injury Collision,Cycles,2,0,1,1,1,0,0,2006-09-01T00:00:00.000Z,9/1/2006,Mid-Block (not related to intersection),18.0,"MOTOR VEHICLE STRUCK PEDALCYCLIST, FRONT END AT ANGLE",,0,Clear or Partly Cloudy,Dry,Daylight,,,45,Vehicle - Pedalcyclist,0,N,Washington,47.66867628627983,-122.38261883062908