addrtype,location,severitycode,severitydesc,collisiontype,personcount,pedcount,pedcylcount,vehcount,injuries,seriousinjuries,fatalities,incdate,incdttm,junctiontype,sdot_colcode,sdot_coldesc,inattentionind,underinfl,weather,roadcond,lightcond,pedrownotgrnt,speeding,st_colcode,st_coldesc,crosswalkkey,hitparkedcar,state,latitude,longitude
Intersection,ALASKAN WAY S AND S MASSACHUSETTS ST,2,Injury Collision,Cycles,2,0,1,1,1,0,0,2006-06-28T00:00:00.000Z,6/28/2006 3:17:00 PM,At Intersection (intersection related),18.0,"MOTOR VEHICLE STRUCK PEDALCYCLIST, FRONT END AT ANGLE",Y,0,Clear or Partly Cloudy,Dry,Daylight,Y,,45,Vehicle - Pedalcyclist,0,N,Washington,47.5883104032964,-122.33844063721847
Block,JAMES ST BETWEEN YESLER WAY AND 2ND AVE,2,Injury Collision,Cycles,2,0,1,1,1,0,0,2006-08-08T00:00:00.000Z,8/8/2006,Mid-Block (not related to intersection),18.0,"MOTOR VEHICLE STRUCK PEDALCYCLIST, FRONT END AT ANGLE",,0,Clear or Partly Cloudy,Dry,Daylight,,,45,Vehicle - Pedalcyclist,0,N,Washington,47.602015334685184,-122.33321300673904
Block,16TH AVE SW BETWEEN SW TRENTON ST AND SW HENDERSON ST,2,Injury Collision,Cycles,2,0,1,1,1,0,0,2006-10-26T00:00:00.000Z,10/26/2006 4:46:00 PM,Mid-Block (not related to intersection),51.0,PEDALCYCLIST STRUCK MOTOR VEHICLE FRONT END AT ANGLE,,0,Clear or Partly Cloudy,Dry,Daylight,,,45,Vehicle - Pedalcyclist,0,N,Washington,47.523789464550134,-122.35509357493498
Intersection,STANLEY AVE S AND S ALBRO PL,2,Injury Collision,Cycles,3,0,1,1,1,0,0,2006-11-01T00:00:00.000Z,11/1/2006,At Intersection (intersection related),18.0,"MOTOR VEHICLE STRUCK PEDALCYCLIST, FRONT END AT ANGLE",,0,Clear or Partly Cloudy,Dry,Dark - Street Lights On,,,45,Vehicle - Pedalcyclist,0,N,Washington,47.546991109169596,-122.31491442195984
Intersection,9TH AVE NW AND NW 45TH ST,2,Injury Collision,Cycles,2,0,1,1,1,0,0,2006-10-11T00:00:00.000Z,10/11/2006 9:37:00 AM,At Intersection (intersection related),18.0,"MOTOR VEHICLE STRUCK PEDALCYCLIST, FRONT END AT ANGLE",,0,Clear or Partly Cloudy,Dry,Daylight,Y,,45,Vehicle - Pedalcyclist,0,N,Washington,47.661466928808316,-122.36861555357004
Block,S HOLGATE ST BETWEEN 5TH AVE S AND 6TH AVE S,1,Property Damage Only Collision,Cycles,2,0,1,1,0,0,0,2006-01-31T00:00:00.000Z,1/31/2006 7:20:00 PM,Mid-Block (not related to intersection),23.0,"MOTOR VEHICLE STRUCK PEDALCYCLIST, LEFT SIDE SIDESWIPE",,0,Raining,Standing Water,Dark - Street Lights On,,,45,Vehicle - Pedalcyclist,0,N,Washington,47.58617509891343,-122.32675966683695
Block,5TH AVE BETWEEN TERRACE ST AND JEFFERSON ST,2,Injury Collision,Cycles,2,0,1,1,1,0,0,2006-02-18T00:00:00.000Z,2/18/2006 3:01:00 PM,Mid-Block (not related to intersection),18.0,"MOTOR VEHICLE STRUCK PEDALCYCLIST, FRONT END AT ANGLE",,0,Clear or Partly Cloudy,Dry,Daylight,,,45,Vehicle - Pedalcyclist,0,N,Washington,47.60262737277213,-122.32820809208343
Intersection,16TH AVE AND E YESLER WAY,2,Injury Collision,Cycles,3,0,1,1,3,0,0,2006-10-03T00:00:00.000Z,10/3/2006,At Intersection (intersection related),18.0,"MOTOR VEHICLE STRUCK PEDALCYCLIST, FRONT END AT ANGLE",,0,Clear or Partly Cloudy,Dry,Daylight,Y,,45,Vehicle - Pedalcyclist,0,N,Washington,47.601682762896054,-122.3115690628753
Intersection,6TH AVE NW AND NW 65TH E ST,2,Injury Collision,Cycles,3,0,1,1,1,0,0,2006-10-03T00:00:00.000Z,10/3/2006,At Intersection (intersection related),18.0,"MOTOR VEHICLE STRUCK PEDALCYCLIST, FRONT END AT ANGLE",,0,Raining,Wet,Daylight,Y,,45,Vehicle - Pedalcyclist,0,N,Washington,47.675991583418245,-122.3635275261503
Block,ELLIOTT AVE BETWEEN BROAD ST AND BAY ST,1,Property Damage Only Collision,Cycles,3,0,1,1,0,0,0,2006-10-22T00:00:00.000Z,10/22/2006 10:23:00 PM,Mid-Block (but intersection related),11.0,"MOTOR VEHICLE STRUCK MOTOR VEHICLE, FRONT END AT ANGLE",,0,Clear or Partly Cloudy,Dry,Dark - Street Lights On,,Y,45,Vehicle - Pedalcyclist,0,N,Washington,47.61642001958071,-122.3554625249713
Block,FAUNTLEROY WAY SW BETWEEN SW BRANDON ST AND SW FINDLAY ST,1,Property Damage Only Collision,Cycles,2,0,1,1,0,0,0,2006-03-03T00:00:00.000Z,3/3/2006,Mid-Block (not related to intersection),23.0,"MOTOR VEHICLE STRUCK PEDALCYCLIST, LEFT SIDE SIDESWIPE",Y,0,Clear or Partly Cloudy,Dry,Daylight,,,45,Vehicle - Pedalcyclist,0,N,Washington,47.55292971982147,-122.38162009885565
Block,E COLUMBIA ST BETWEEN 25TH AVE AND 26TH AVE,2,Injury Collision,Cycles,1,0,1,0,1,0,0,2006-09-18T00:00:00.000Z,9/18/2006 12:15:00 PM,Driveway Junction,69.0,PEDALCYCLIST OVERTURNED IN ROAD,,0,Clear or Partly Cloudy,Wet,Daylight,,,45,Vehicle - Pedalcyclist,0,N,Washington,47.609012934406,-122.2995100004283
Intersection,LATONA AVE NE AND EAST GREEN LAKE DR N,2,Injury Collision,Cycles,2,0,1,1,1,0,0,2006-03-27T00:00:00.000Z,3/27/2006 5:44:00 PM,At Intersection (intersection related),51.0,PEDALCYCLIST STRUCK MOTOR VEHICLE FRONT END AT ANGLE,,0,Clear or Partly Cloudy,Dry,Daylight,Y,,45,Vehicle - Pedalcyclist,0,N,Washington,47.68165808077612,-122.32748855205195
Intersection,FREMONT AVE N AND N 34TH ST,2,Injury Collision,Cycles,2,0,1,1,1,0,0,2006-05-12T00:00:00.000Z,5/12/2006 7:28:00 PM,At Intersection (intersection related),18.0,"MOTOR VEHICLE STRUCK PEDALCYCLIST, FRONT END AT ANGLE",,0,Clear or Partly Cloudy,Dry,Daylight,,,45,Vehicle - Pedalcyclist,0,N,Washington,47.64958972852735,-122.34974744884168
Intersection,7TH AVE NE AND NE 45TH ST,2,Injury Collision,Cycles,2,0,1,1,1,0,0,2006-07-10T00:00:00.000Z,7/10/2006 11:08:00 AM,At Intersection (intersection related),18.0,"MOTOR VEHICLE STRUCK PEDALCYCLIST, FRONT END AT ANGLE",,0,Overcast,Dry,Daylight,,,45,Vehicle - Pedalcyclist,0,N,Washington,47.66131900334303,-122.32072786134597
Intersection,DELRIDGE WAY SW AND SW OREGON ST,2,Injury Collision,Cycles,2,0,1,1,1,0,0,2006-10-11T00:00:00.000Z,10/11/2006 11:00:00 PM,At Intersection (intersection related),18.0,"MOTOR VEHICLE STRUCK PEDALCYCLIST, FRONT END AT ANGLE",,0,Clear or Partly Cloudy,Snow/Slush,Dark - Street Lights On,Y,,45,Vehicle - Pedalcyclist,0,N,Washington,47.562896845006115,-122.3633611471112
Block,W ROY ST BETWEEN 4TH AVE W AND 5TH AVE W,1,Property Damage Only Collision,Cycles,2,0,1,1,0,0,0,2006-01-31T00:00:00.000Z,1/31/2006 2:15:00 PM,Driveway Junction,51.0,PEDALCYCLIST STRUCK MOTOR VEHICLE FRONT END AT ANGLE,,0,Overcast,Dry,Daylight,,,45,Vehicle - Pedalcyclist,0,N,Washington,47.62585633593229,-122.36257578896554
Block,NE 45TH ST BETWEEN 15TH AVE NE AND 16TH AVE NE,2,Injury Collision,Cycles,2,0,1,1,1,0,0,2006-06-27T00:00:00.000Z,6/27/2006 3:17:00 PM,Mid-Block (not related to intersection),21.0,"MOTOR VEHICLE STRUCK PEDALCYCLIST, REAR END",,0,Clear or Partly Cloudy,Dry,Daylight,,,45,Vehicle - Pedalcyclist,0,N,Washington,47.66126147109687,-122.31142720823166
Block,24TH AVE E BETWEEN E GALER ST AND INTERLAKEN PL E,2,Injury Collision,Cycles,2,0,1,1,1,0,0,2006-06-23T00:00:00.000Z,6/23/2006 4:30:00 AM,Mid-Block (not related to intersection),18.0,"MOTOR VEHICLE STRUCK PEDALCYCLIST, FRONT END AT ANGLE",,0,Clear or Partly Cloudy,Dry,Daylight,,,45,Vehicle - Pedalcyclist,0,N,Washington,47.632935060948476,-122.30160244321587
Intersection,23RD AVE W AND W EMERSON PL,2,Injury Collision,Cycles,2,0,1,1,1,0,0,2006-12-07T00:00:00.000Z,12/7/2006,At Intersection (intersection related),18.0,"MOTOR VEHICLE STRUCK PEDALCYCLIST, FRONT END AT ANGLE",,0,Overcast,Dry,Dusk,,,45,Vehicle - Pedalcyclist,0,N,Washington,47.65613586531178,-122.38551131624155
Block,COLLEGE WAY N BETWEEN N 100TH ST AND MERIDIAN AVE N,1,Property Damage Only Collision,Cycles,2,0,1,1,0,0,0,2006-08-14T00:00:00.000Z,8/14/2006 10:41:00 AM,Mid-Block (not related to intersection),18.0,"MOTOR VEHICLE STRUCK PEDALCYCLIST, FRONT END AT ANGLE",,0,Clear or Partly Cloudy,Dry,Daylight,Y,,45,Vehicle - Pedalcyclist,0,N,Washington,47.70233063728874,-122.33452572611755
Block,15TH AVE NW BETWEEN NW 60TH ST AND NW 61ST ST,2,Injury Collision,Cycles,2,0,1,1,1,0,0,2006-02-27T00:00:00.000Z,2/27/2006 4:25:00 PM,Driveway Junction,51.0,PEDALCYCLIST STRUCK MOTOR VEHICLE FRONT END AT ANGLE,,0,Overcast,Dry,Daylight,,Y,45,Vehicle - Pedalcyclist,0,N,Washington,47.672722856596316,-122.37621107217292
Intersection,15TH AVE W AND W ARMORY WAY,2,Injury Collision,Cycles,2,0,1,1,1,0,0,2006-08-07T00:00:00.000Z,8/7/2006,At Intersection (intersection related),18.0,"MOTOR VEHICLE STRUCK PEDALCYCLIST, FRONT END AT ANGLE",,1,Clear or Partly Cloudy,Dry,Daylight,,,45,Vehicle - Pedalcyclist,0,N,Washington,47.63766086399764,-122.3761427587283
Intersection,2ND AVE AND BELL ST,2,Injury Collision,Cycles,2,0,1,1,1,0,0,2006-01-23T00:00:00.000Z,1/23/2006 12:47:00 AM,At Intersection (intersection related),51.0,PEDALCYCLIST STRUCK MOTOR VEHICLE FRONT END AT ANGLE,,0,Clear or Partly Cloudy,Dry,Dark - Street Lights On,,,45,Vehicle - Pedalcyclist,0,N,Washington,47.61403982280334,-122.34565345699836
Intersection,AURORA AVE N AND GREEN LAKE DR N,2,Injury Collision,Cycles,2,0,1,1,1,0,0,2006-05-18T00:00:00.000Z,5/18/2006 7:41:00 PM,At Intersection (intersection related),51.0,PEDALCYCLIST STRUCK MOTOR VEHICLE FRONT END AT ANGLE,,0,Clear or Partly Cloudy,Dry,Daylight,,,45,Vehicle - Pedalcyclist,0,N,Washington,47.68911276551052,-122.3445144354172
Block,BALLARD AVE NW BETWEEN 22ND AVE NW AND NW MARKET ST,2,Injury Collision,Cycles,2,0,1,1,1,0,0,2006-07-20T00:00:00.000Z,7/20/2006 5:20:00 PM,Mid-Block (not related to intersection),18.0,"MOTOR VEHICLE STRUCK PEDALCYCLIST, FRONT END AT ANGLE",,0,Clear or Partly Cloudy,Dry,Daylight,Y,,45,Vehicle - Pedalcyclist,0,N,Washington,47.66813983389346,-122.3855784362713
Block,LAKESIDE AVE BETWEEN E YESLER WAY AND LAKE WASHINGTON BLVD,2,Injury Collision,Cycles,2,0,1,1,1,0,0,2006-07-05T00:00:00.000Z,7/5/2006,Driveway Junction,18.0,"MOTOR VEHICLE STRUCK PEDALCYCLIST, FRONT END AT ANGLE",,0,Overcast,Dry,Daylight,Y,,45,Vehicle - Pedalcyclist,0,N,Washington,47.60233101679013,-122.28498130977427
Block,PIKE ST BETWEEN 4TH AVE AND 5TH AVE,2,Injury Collision,Cycles,2,0,1,1,1,0,0,2006-07-13T00:00:00.000Z,7/13/2006 8:39:00 AM,Mid-Block (not related to intersection),18.0,"MOTOR VEHICLE STRUCK PEDALCYCLIST, FRONT END AT ANGLE",,0,Overcast,Dry,Daylight,Y,,45,Vehicle - Pedalcyclist,0,N,Washington,47.610445255664025,-122.33613044666157
Block,5TH AVE NE BETWEEN NE 94TH ST AND NE 95TH ST,2,Injury Collision,Cycles,2,0,1,1,1,0,0,2006-06-30T00:00:00.000Z,6/30/2006 2:45:00 PM,Mid-Block (not related to intersection),53.0,PEDALCYCLIST STRUCK MOTOR VEHICLE LEFT SIDE AT ANGLE,Y,0,Clear or Partly Cloudy,Dry,Daylight,,,45,Vehicle - Pedalcyclist,0,N,Washington,47.6972339047704,-122.32307956696381
Intersection,10TH AVE E AND E BOSTON ST,1,Property Damage Only Collision,Cycles,3,0,1,1,0,0,0,2006-10-08T00:00:00.000Z,10/8/2006,At Intersection (intersection related),18.0,"MOTOR VEHICLE STRUCK PEDALCYCLIST, FRONT END AT ANGLE",,0,Clear or Partly Cloudy,Dry,Dark - Street Lights On,Y,,45,Vehicle - Pedalcyclist,0,N,Washington,47.63840322495143,-122.32007129508058
Block,SW ALASKA ST BETWEEN DELRIDGE WAY SW AND 25TH AVE SW,1,Property Damage Only Collision,Cycles,2,0,1,1,0,0,0,2006-09-11T00:00:00.000Z,9/11/2006 6:30:00 PM,Driveway Junction,51.0,PEDALCYCLIST STRUCK MOTOR VEHICLE FRONT END AT ANGLE,,0,Clear or Partly Cloudy,Dry,Daylight,,,45,Vehicle - Pedalcyclist,0,N,Washington,47.561088978709,-122.36353918012944
Intersection,30TH AVE NE AND NE 55TH E ST,2,Injury Collision,Cycles,2,0,1,1,1,0,0,2006-10-26T00:00:00.000Z,10/26/2006 6:26:00 PM,At Intersection (intersection related),18.0,"MOTOR VEHICLE STRUCK PEDALCYCLIST, FRONT END AT ANGLE",,0,Clear or Partly Cloudy,Dry,Dark - Street Lights On,Y,,45,Vehicle - Pedalcyclist,0,N,Washington,47.66851834819447,-122.29506361364314
Intersection,BROADWAY E AND E ROY E ST,2,Injury Collision,Cycles,2,0,1,1,1,0,0,2006-12-04T00:00:00.000Z,12/4/2006,At Intersection (intersection related),11.0,"MOTOR VEHICLE STRUCK MOTOR VEHICLE, FRONT END AT ANGLE",,0,Overcast,Dry,Dawn,Y,,45,Vehicle - Pedalcyclist,0,N,Washington,47.62504920326732,-122.32089298819996
Block,PINE ST BETWEEN 8TH AVE AND 9TH AVE,2,Injury Collision,Cycles,2,0,1,1,1,0,0,2006-08-07T00:00:00.000Z,8/7/2006,Driveway Junction,18.0,"MOTOR VEHICLE STRUCK PEDALCYCLIST, FRONT END AT ANGLE",,0,Clear or Partly Cloudy,Dry,Daylight,,,45,Vehicle - Pedalcyclist,0,N,Washington,47.613295215899704,-122.33259897598568
Intersection,12TH AVE NE AND NE 73RD ST,1,Property Damage Only Collision,Cycles,2,0,1,1,0,0,0,2006-08-22T00:00:00.000Z,8/22/2006 3:47:00 PM,At Intersection (intersection related),18.0,"MOTOR VEHICLE STRUCK PEDALCYCLIST, FRONT END AT ANGLE",,0,Clear or Partly Cloudy,Dry,Daylight,Y,,45,Vehicle - Pedalcyclist,0,N,Washington,47.68153242189369,-122.31534594589813
Intersection,25TH AVE NE AND NE 117TH ST,2b,Serious Injury Collision,Cycles,2,0,1,1,1,1,0,2006-07-21T00:00:00.000Z,7/21/2006 2:06:00 PM,At Intersection (intersection related),18.0,"MOTOR VEHICLE STRUCK PEDALCYCLIST, FRONT END AT ANGLE",,0,Clear or Partly Cloudy,Dry,Daylight,Y,,45,Vehicle - Pedalcyclist,0,N,Washington,47.713878096852255,-122.3017724316402
Block,S HENDERSON ST BETWEEN 10TH AVE S AND 12TH AVE S,2,Injury Collision,Cycles,2,0,1,1,1,0,0,2006-06-11T00:00:00.000Z,6/11/2006 1:06:00 PM,Mid-Block (not related to intersection),18.0,"MOTOR VEHICLE STRUCK PEDALCYCLIST, FRONT END AT ANGLE",,0,Clear or Partly Cloudy,Dry,Daylight,,,45,Vehicle - Pedalcyclist,0,N,Washington,47.52305433954042,-122.31899208242872
Intersection,7TH AVE AND PIKE ST,2b,Serious Injury Collision,Cycles,2,0,1,1,1,1,0,2006-03-14T00:00:00.000Z,3/14/2006 7:26:00 AM,At Intersection (intersection related),18.0,"MOTOR VEHICLE STRUCK PEDALCYCLIST, FRONT END AT ANGLE",,0,Clear or Partly Cloudy,Dry,Daylight,Y,,45,Vehicle - Pedalcyclist,0,N,Washington,47.61160634961557,-122.333353807343
Block,LAKE WASHINGTON BLVD S BETWEEN LAKE PARK DR S AND S HORTON NR ST,2,Injury Collision,Cycles,2,0,1,1,1,0,0,2006-09-30T00:00:00.000Z,9/30/2006 12:04:00 PM,Mid-Block (not related to intersection),21.0,"MOTOR VEHICLE STRUCK PEDALCYCLIST, REAR END",,0,Clear or Partly Cloudy,Dry,Daylight,Y,,45,Vehicle - Pedalcyclist,0,N,Washington,47.57887321646986,-122.28369058723595
Intersection,ALOHA ST AND QUEEN ANNE AVE N,2,Injury Collision,Cycles,2,0,1,1,2,0,0,2006-07-13T00:00:00.000Z,7/13/2006 8:38:00 AM,At Intersection (intersection related),18.0,"MOTOR VEHICLE STRUCK PEDALCYCLIST, FRONT END AT ANGLE",Y,0,Clear or Partly Cloudy,Dry,Daylight,,,45,Vehicle - Pedalcyclist,0,N,Washington,47.62719238596771,-122.3566895551185
Intersection,27TH AVE NE AND NE 65TH ST,2,Injury Collision,Cycles,2,0,1,1,1,0,0,2006-12-22T00:00:00.000Z,12/22/2006 5:06:00 PM,At Intersection (intersection related),51.0,PEDALCYCLIST STRUCK MOTOR VEHICLE FRONT END AT ANGLE,,0,Clear or Partly Cloudy,Dry,Dark - Street Lights On,,,45,Vehicle - Pedalcyclist,0,N,Washington,47.67577636514592,-122.29839932432127
Intersection,HARVARD AVE AND SENECA ST,2b,Serious Injury Collision,Cycles,2,0,1,1,1,1,0,2006-05-22T00:00:00.000Z,5/22/2006 9:42:00 AM,At Intersection (intersection related),18.0,"MOTOR VEHICLE STRUCK PEDALCYCLIST, FRONT END AT ANGLE",,0,Raining,Wet,Daylight,Y,,45,Vehicle - Pedalcyclist,0,N,Washington,47.61273574843943,-122.3220859035964
Intersection,6TH AVE NW AND NW 47TH ST,2,Injury Collision,Cycles,3,0,1,1,1,0,0,2006-11-05T00:00:00.000Z,11/5/2006,At Intersection (intersection related),18.0,"MOTOR VEHICLE STRUCK PEDALCYCLIST, FRONT END AT ANGLE",,0,Raining,Wet,Daylight,Y,,45,Vehicle - Pedalcyclist,0,N,Washington,47.66292074397728,-122.36400075351892
Intersection,11TH CR AVE SW AND SW SPOKANE ST,1,Property Damage Only Collision,Cycles,2,0,1,1,0,0,0,2006-05-15T00:00:00.000Z,5/15/2006 7:37:00 AM,At Intersection (intersection related),51.0,PEDALCYCLIST STRUCK MOTOR VEHICLE FRONT END AT ANGLE,,0,Clear or Partly Cloudy,Dry,Daylight,,,45,Vehicle - Pedalcyclist,0,N,Washington,47.57141301795942,-122.3488003873795
Intersection,PHINNEY AVE N AND N 62ND ST,2,Injury Collision,Cycles,2,0,1,1,1,0,0,2006-01-10T00:00:00.000Z,1/10/2006 6:45:00 PM,At Intersection (intersection related),18.0,"MOTOR VEHICLE STRUCK PEDALCYCLIST, FRONT END AT ANGLE",,0,Raining,Wet,Dark - Street Lights On,,,45,Vehicle - Pedalcyclist,0,N,Washington,47.67386526715344,-122.35436969309963
Intersection,FAIRVIEW AVE N AND MERCER ST,2,Injury Collision,Cycles,2,0,1,1,1,0,0,2006-05-26T00:00:00.000Z,5/26/2006 9:35:00 AM,At Intersection (intersection related),18.0,"MOTOR VEHICLE STRUCK PEDALCYCLIST, FRONT END AT ANGLE",Y,0,Overcast,Dry,Daylight,Y,,45,Vehicle - Pedalcyclist,0,N,Washington,47.62469377702693,-122.33428796866355
Intersection,THACKERAY PL NE AND NE 45TH ST,2,Injury Collision,Cycles,2,0,1,1,1,0,0,2006-07-15T00:00:00.000Z,7/15/2006 5:21:00 PM,At Intersection (intersection related),18.0,"MOTOR VEHICLE STRUCK PEDALCYCLIST, FRONT END AT ANGLE",,0,Clear or Partly Cloudy,Dry,Daylight,,,45,Vehicle - Pedalcyclist,0,N,Washington,47.66134940346185,-122.32617895782892
Intersection,10TH AVE E AND E BOSTON ST,2,Injury Collision,Cycles,2,0,1,1,1,0,0,2006-08-03T00:00:00.000Z,8/3/2006,At Intersection (intersection related),18.0,"MOTOR VEHICLE STRUCK PEDALCYCLIST, FRONT END AT ANGLE",,0,Clear or Partly Cloudy,Dry,Daylight,Y,,45,Vehicle - Pedalcyclist,0,N,Washington,47.63840322495143,-122.32007129508058
Intersection,DAYTON AVE N AND N 102ND ST,2,Injury Collision,Cycles,2,0,1,1,1,0,0,2006-10-06T00:00:00.000Z,10/6/2006,At Intersection (intersection related),18.0,"MOTOR VEHICLE STRUCK PEDALCYCLIST, FRONT END AT ANGLE",,0,Raining,Wet,Daylight,Y,,45,Vehicle - Pedalcyclist,0,N,Washington,47.702902264475696,-122.35273957557855
Intersection,WOODLAWN AVE NE AND NE RAVENNA EB BV,2,Injury Collision,Cycles,2,0,1,1,1,0,0,2006-08-06T00:00:00.000Z,8/6/2006,At Intersection (intersection related),18.0,"MOTOR VEHICLE STRUCK PEDALCYCLIST, FRONT END AT ANGLE",,0,Clear or Partly Cloudy,Dry,Daylight,Y,,45,Vehicle - Pedalcyclist,0,N,Washington,47.678757570659,-122.32498923023235
Intersection,20TH AVE AND E UNION ST,2b,Serious Injury Collision,Cycles,2,0,1,1,1,1,0,2006-07-24T00:00:00.000Z,7/24/2006 3:38:00 PM,At Intersection (intersection related),18.0,"MOTOR VEHICLE STRUCK PEDALCYCLIST, FRONT END AT ANGLE",,0,Clear or Partly Cloudy,Dry,Daylight,Y,,45,Vehicle - Pedalcyclist,0,N,Washington,47.612909621074635,-122.3062455482968
Block,12TH AVE BETWEEN E JEFFERSON ST AND E BARCLAY CT,2,Injury Collision,Cycles,2,0,1,1,1,0,0,2006-03-10T00:00:00.000Z,3/10/2006 5:55:00 PM,Mid-Block (not related to intersection),51.0,PEDALCYCLIST STRUCK MOTOR VEHICLE FRONT END AT ANGLE,,0,Clear or Partly Cloudy,Dry,Dusk,,,45,Vehicle - Pedalcyclist,0,N,Washington,47.60651901650144,-122.31678037851285
Block,25TH AVE NE BETWEEN NE 60TH ST AND NE 65TH ST,2,Injury Collision,Cycles,2,0,1,1,1,0,0,2006-01-31T00:00:00.000Z,1/31/2006 10:23:00 AM,Mid-Block (not related to intersection),16.0,"MOTOR VEHICLE STRUCK MOTOR VEHICLE, LEFT SIDE SIDESWIPE",Y,0,Overcast,Dry,Daylight,,,45,Vehicle - Pedalcyclist,0,N,Washington,47.67396072401391,-122.30064519165957
Block,NW 57TH ST BETWEEN 24TH AVE NW AND 26TH AVE NW,2,Injury Collision,Cycles,2,0,1,1,1,0,0,2006-01-20T00:00:00.000Z,1/20/2006 8:18:00 PM,Mid-Block (not related to intersection),18.0,"MOTOR VEHICLE STRUCK PEDALCYCLIST, FRONT END AT ANGLE",,1,Clear or Partly Cloudy,Wet,Dark - Street Lights On,,,45,Vehicle - Pedalcyclist,0,N,Washington,47.67018833301244,-122.38886319442129
Intersection,UNIVERSITY WAY NE AND NE 41ST ST,2,Injury Collision,Cycles,3,0,1,1,1,0,0,2006-12-04T00:00:00.000Z,12/4/2006,At Intersection (intersection related),18.0,"MOTOR VEHICLE STRUCK PEDALCYCLIST, FRONT END AT ANGLE",,0,Clear or Partly Cloudy,Dry,Daylight,,,45,Vehicle - Pedalcyclist,0,N,Washington,47.656834220462564,-122.31324600840885
Intersection,6TH AVE AND LENORA ST,2,Injury Collision,Cycles,2,0,1,1,1,0,0,2006-10-20T00:00:00.000Z,10/20/2006 9:29:00 PM,At Intersection (intersection related),18.0,"MOTOR VEHICLE STRUCK PEDALCYCLIST, FRONT END AT ANGLE",,0,Clear or Partly Cloudy,Dry,Daylight,,,45,Vehicle - Pedalcyclist,0,N,Washington,47.615160157872104,-122.33961434908302
Intersection,3RD AVE AND VIRGINIA ST,2,Injury Collision,Cycles,2,0,1,1,1,0,0,2006-04-05T00:00:00.000Z,4/5/2006,At Intersection (intersection related),56.0,PEDALCYCLIST STRUCK MOTOR VEHICLE LEFT SIDE SIDESWIPE,,0,Clear or Partly Cloudy,Dry,Daylight,,,45,Vehicle - Pedalcyclist,0,N,Washington,47.61239802571792,-122.34089245510886
Block,STEWART ST BETWEEN TERRY AVE AND BOREN AVE,1,Property Damage Only Collision,Cycles,2,0,1,1,0,0,0,2006-04-20T00:00:00.000Z,4/20/2006 5:25:00 PM,Mid-Block (but intersection related),21.0,"MOTOR VEHICLE STRUCK PEDALCYCLIST, REAR END",Y,0,Clear or Partly Cloudy,Dry,Daylight,,,45,Vehicle - Pedalcyclist,0,N,Washington,47.61661180923626,-122.3331489800814
Block,DEXTER AVE N BETWEEN HAYES ST AND HOWE ST,2,Injury Collision,Cycles,2,0,1,1,1,0,0,2006-05-18T00:00:00.000Z,5/18/2006 4:21:00 PM,Driveway Junction,18.0,"MOTOR VEHICLE STRUCK PEDALCYCLIST, FRONT END AT ANGLE",,0,Clear or Partly Cloudy,Dry,Daylight,Y,,45,Vehicle - Pedalcyclist,0,N,Washington,47.63498698711708,-122.34228517989065
Block,W DRAVUS ST BETWEEN 23RD AVE W AND 24TH AVE W,2b,Serious Injury Collision,Cycles,2,0,1,1,2,1,0,2006-10-07T00:00:00.000Z,10/7/2006,Driveway Junction,18.0,"MOTOR VEHICLE STRUCK PEDALCYCLIST, FRONT END AT ANGLE",,0,Clear or Partly Cloudy,Dry,Daylight,Y,,45,Vehicle - Pedalcyclist,0,N,Washington,47.64847111520998,-122.38669609234327
Block,UNIVERSITY BR BETWEEN FUHRMAN AVE E AND POINT A,2,Injury Collision,Cycles,2,0,1,1,1,0,0,2006-10-20T00:00:00.000Z,10/20/2006 4:20:00 PM,Mid-Block (not related to intersection),18.0,"MOTOR VEHICLE STRUCK PEDALCYCLIST, FRONT END AT ANGLE",,0,Clear or Partly Cloudy,Dry,Daylight,,,45,Vehicle - Pedalcyclist,0,N,Washington,47.65202472754186,-122.32092404908016
Intersection,36TH AVE S AND S HANFORD ST,2,Injury Collision,Cycles,2,0,1,1,1,0,0,2006-02-18T00:00:00.000Z,2/18/2006 5:12:00 PM,At Intersection (intersection related),51.0,PEDALCYCLIST STRUCK MOTOR VEHICLE FRONT END AT ANGLE,,0,Clear or Partly Cloudy,Dry,Daylight,,,45,Vehicle - Pedalcyclist,0,N,Washington,47.575229625587596,-122.28770682093365
Intersection,1ST AVE AND BLANCHARD ST,2,Injury Collision,Cycles,2,0,1,1,1,0,0,2006-11-08T00:00:00.000Z,11/8/2006,At Intersection (intersection related),18.0,"MOTOR VEHICLE STRUCK PEDALCYCLIST, FRONT END AT ANGLE",,0,Clear or Partly Cloudy,Dry,Daylight,Y,,45,Vehicle - Pedalcyclist,0,N,Washington,47.61260645701254,-122.34521327139605
Block,EASTLAKE AVE E BETWEEN THOMAS ST AND HARRISON ST,2,Injury Collision,Cycles,3,0,1,1,1,0,0,2006-06-08T00:00:00.000Z,6/8/2006,Mid-Block (not related to intersection),55.0,PEDALCYCLIST STRUCK MOTOR VEHICLE RIGHT SIDE SIDESWIPE,,0,Clear or Partly Cloudy,Dry,Daylight,,,45,Vehicle - Pedalcyclist,0,N,Washington,47.62139831384432,-122.3291456278563