addrtype,location,severitycode,severitydesc,collisiontype,personcount,pedcount,pedcylcount,vehcount,injuries,seriousinjuries,fatalities,incdate,incdttm,junctiontype,sdot_colcode,sdot_coldesc,inattentionind,underinfl,weather,roadcond,lightcond,pedrownotgrnt,speeding,st_colcode,st_coldesc,crosswalkkey,hitparkedcar,state,latitude,longitude
Block,3RD AVE BETWEEN YESLER WAY AND JAMES ST,2,Injury Collision,Cycles,3,0,1,1,1,0,0,2006-09-01T00:00:00.000Z,9/1/2006,Mid-Block (but intersection related),55.0,PEDALCYCLIST STRUCK MOTOR VEHICLE RIGHT SIDE SIDESWIPE,,0,Clear or Partly Cloudy,Dry,Daylight,,,45,Vehicle - Pedalcyclist,0,N,Washington,47.60220929607378,-122.33089641482124
Block,N 145TH ST BETWEEN WHITMAN AVE N AND AURORA AVE N,2,Injury Collision,Cycles,2,0,1,1,1,0,0,2006-04-01T00:00:00.000Z,4/1/2006,Driveway Junction,18.0,"MOTOR VEHICLE STRUCK PEDALCYCLIST, FRONT END AT ANGLE",,0,Overcast,Dry,Daylight,,,45,Vehicle - Pedalcyclist,0,N,Washington,47.73412856334121,-122.34569997670349
Intersection,PHINNEY AVE N AND N 64TH ST,2,Injury Collision,Cycles,2,0,1,1,1,0,0,2006-09-28T00:00:00.000Z,9/28/2006 4:51:00 AM,At Intersection (intersection related),18.0,"MOTOR VEHICLE STRUCK PEDALCYCLIST, FRONT END AT ANGLE",,0,Clear or Partly Cloudy,Dry,Dark - Street Lights On,,,45,Vehicle - Pedalcyclist,0,N,Washington,47.67529516882762,-122.3543497852818
Intersection,37TH AVE SW AND SW HINDS ST,2,Injury Collision,Cycles,3,0,1,1,1,0,0,2006-03-31T00:00:00.000Z,3/31/2006 2:34:00 PM,At Intersection (intersection related),51.0,PEDALCYCLIST STRUCK MOTOR VEHICLE FRONT END AT ANGLE,,0,Clear or Partly Cloudy,Dry,Daylight,,,45,Vehicle - Pedalcyclist,0,N,Washington,47.573130798289995,-122.37815976841215
Block,15TH AVE NW BETWEEN NW 61ST ST AND NW 62ND ST,2,Injury Collision,Cycles,3,0,1,1,1,0,0,2006-05-13T00:00:00.000Z,5/13/2006 1:15:00 PM,Driveway Junction,51.0,PEDALCYCLIST STRUCK MOTOR VEHICLE FRONT END AT ANGLE,,0,Clear or Partly Cloudy,Dry,Daylight,,,45,Vehicle - Pedalcyclist,0,N,Washington,47.673452037117436,-122.37621097745935
Block,34TH AVE W BETWEEN W RUFFNER ST AND W EMERSON ST,2,Injury Collision,Cycles,2,0,1,1,1,0,0,2006-12-06T00:00:00.000Z,12/6/2006,Mid-Block (not related to intersection),18.0,"MOTOR VEHICLE STRUCK PEDALCYCLIST, FRONT END AT ANGLE",,0,Clear or Partly Cloudy,Dry,Daylight,Y,,45,Vehicle - Pedalcyclist,0,N,Washington,47.65315075416105,-122.40090243471388
Intersection,GREEN LAKE DR N AND N 80TH ST,2,Injury Collision,Cycles,2,0,1,1,1,0,0,2006-11-06T00:00:00.000Z,11/6/2006,At Intersection (intersection related),51.0,PEDALCYCLIST STRUCK MOTOR VEHICLE FRONT END AT ANGLE,,0,Raining,Wet,Dark - Street Lights On,,,45,Vehicle - Pedalcyclist,0,N,Washington,47.68692953892702,-122.34045581877588
Block,DEXTER AVE N BETWEEN REPUBLICAN ST AND MERCER ST,2,Injury Collision,Cycles,2,0,1,1,1,0,0,2006-03-14T00:00:00.000Z,3/14/2006 9:25:00 AM,Driveway Junction,18.0,"MOTOR VEHICLE STRUCK PEDALCYCLIST, FRONT END AT ANGLE",,0,Overcast,Dry,Daylight,Y,,45,Vehicle - Pedalcyclist,0,N,Washington,47.62388537142114,-122.34235544630623
Intersection,GREEN LAKE WAY N AND N 46TH ST,2,Injury Collision,Cycles,2,0,1,1,1,0,0,2006-03-22T00:00:00.000Z,3/22/2006 11:35:00 PM,At Intersection (intersection related),51.0,PEDALCYCLIST STRUCK MOTOR VEHICLE FRONT END AT ANGLE,,0,Overcast,Wet,Dark - Street Lights On,Y,,45,Vehicle - Pedalcyclist,0,N,Washington,47.66212734235389,-122.34608880057839
Block,NE 75TH ST BETWEEN 34TH AVE NE AND 35TH AVE NE,2,Injury Collision,Cycles,2,0,1,1,1,0,0,2006-04-09T00:00:00.000Z,4/9/2006,Mid-Block (not related to intersection),18.0,"MOTOR VEHICLE STRUCK PEDALCYCLIST, FRONT END AT ANGLE",Y,0,Overcast,Wet,Daylight,,,45,Vehicle - Pedalcyclist,0,N,Washington,47.68304844221176,-122.29102051597832
Intersection,PIKE ST AND CONVENTION PL,2,Injury Collision,Cycles,2,0,1,1,2,0,0,2006-07-13T00:00:00.000Z,7/13/2006 4:04:00 PM,At Intersection (intersection related),51.0,PEDALCYCLIST STRUCK MOTOR VEHICLE FRONT END AT ANGLE,Y,0,Clear or Partly Cloudy,Dry,Daylight,,,45,Vehicle - Pedalcyclist,0,N,Washington,47.61253536978686,-122.331133851864
Intersection,23RD AVE W AND W GARFIELD ST OFF RP,2,Injury Collision,Cycles,2,0,1,1,1,0,0,2006-08-28T00:00:00.000Z,8/28/2006 2:28:00 PM,At Intersection (intersection related),51.0,PEDALCYCLIST STRUCK MOTOR VEHICLE FRONT END AT ANGLE,Y,0,Clear or Partly Cloudy,Dry,Daylight,,,45,Vehicle - Pedalcyclist,0,N,Washington,47.63356858339225,-122.38698753951569
Intersection,27TH AVE AND E UNION ST,1,Property Damage Only Collision,Cycles,2,0,1,1,0,0,0,2006-10-26T00:00:00.000Z,10/26/2006 3:30:00 PM,At Intersection (intersection related),51.0,PEDALCYCLIST STRUCK MOTOR VEHICLE FRONT END AT ANGLE,,0,Clear or Partly Cloudy,Dry,Unknown,,,45,Vehicle - Pedalcyclist,0,N,Washington,47.61293562970684,-122.29750018240736
Block,DEXTER AVE N BETWEEN VALLEY ST AND ALOHA ST,2,Injury Collision,Cycles,2,0,1,1,1,0,0,2006-06-01T00:00:00.000Z,6/1/2006,Driveway Junction,18.0,"MOTOR VEHICLE STRUCK PEDALCYCLIST, FRONT END AT ANGLE",,0,Raining,Wet,Daylight,Y,,45,Vehicle - Pedalcyclist,0,N,Washington,47.62669856751781,-122.34233050695565
Intersection,DEXTER AVE N AND GARFIELD S ST,2,Injury Collision,Cycles,2,0,1,1,1,0,0,2006-05-03T00:00:00.000Z,5/3/2006,At Intersection (intersection related),18.0,"MOTOR VEHICLE STRUCK PEDALCYCLIST, FRONT END AT ANGLE",,0,Clear or Partly Cloudy,Dry,Daylight,Y,,45,Vehicle - Pedalcyclist,0,N,Washington,47.6329991107635,-122.34228237237309
Intersection,7TH AVE S AND S DEARBORN ST,2,Injury Collision,Cycles,2,0,1,1,1,0,0,2006-05-17T00:00:00.000Z,5/17/2006 7:53:00 AM,At Intersection (intersection related),18.0,"MOTOR VEHICLE STRUCK PEDALCYCLIST, FRONT END AT ANGLE",,0,Clear or Partly Cloudy,Dry,Daylight,Y,,45,Vehicle - Pedalcyclist,0,N,Washington,47.59583330499116,-122.32376363084963
Intersection,5TH AVE AND COLUMBIA ST,1,Property Damage Only Collision,Cycles,2,0,1,1,0,0,0,2006-08-25T00:00:00.000Z,8/25/2006 3:16:00 PM,At Intersection (intersection related),18.0,"MOTOR VEHICLE STRUCK PEDALCYCLIST, FRONT END AT ANGLE",,0,Clear or Partly Cloudy,Dry,Daylight,Y,,45,Vehicle - Pedalcyclist,0,N,Washington,47.60512615150692,-122.33049384171488
Block,RAINIER AVE S BETWEEN S THISTLE ST AND S CLOVERDALE ST,2,Injury Collision,Cycles,4,0,2,1,1,0,0,2006-08-11T00:00:00.000Z,8/11/2006 12:10:00 PM,Driveway Junction,18.0,"MOTOR VEHICLE STRUCK PEDALCYCLIST, FRONT END AT ANGLE",,0,Clear or Partly Cloudy,Dry,Daylight,Y,,45,Vehicle - Pedalcyclist,0,N,Washington,47.52704456985138,-122.26998428262644
Intersection,FREMONT AVE N AND N 101ST ST,2,Injury Collision,Cycles,3,0,1,1,1,0,0,2006-05-01T00:00:00.000Z,5/1/2006,At Intersection (intersection related),18.0,"MOTOR VEHICLE STRUCK PEDALCYCLIST, FRONT END AT ANGLE",,0,Clear or Partly Cloudy,Dry,Daylight,,,45,Vehicle - Pedalcyclist,0,N,Washington,47.70217002326722,-122.3500419554763
Intersection,GREENWOOD AVE N AND N 70TH ST,2,Injury Collision,Cycles,2,0,1,1,1,0,0,2006-09-28T00:00:00.000Z,9/28/2006 11:27:00 AM,At Intersection (intersection related),11.0,"MOTOR VEHICLE STRUCK MOTOR VEHICLE, FRONT END AT ANGLE",,0,Clear or Partly Cloudy,Dry,Daylight,Y,,45,Vehicle - Pedalcyclist,0,N,Washington,47.67960648836892,-122.35532276846816
Block,ALKI AVE SW BETWEEN 58TH AVE SW AND MARINE AVE SW,2,Injury Collision,Cycles,2,0,1,1,1,0,0,2006-09-12T00:00:00.000Z,9/12/2006 6:00:00 PM,Mid-Block (not related to intersection),56.0,PEDALCYCLIST STRUCK MOTOR VEHICLE LEFT SIDE SIDESWIPE,,0,Clear or Partly Cloudy,Dry,Daylight,,,45,Vehicle - Pedalcyclist,0,N,Washington,47.580671239463435,-122.40659696543509
Intersection,62ND AVE SW AND ALKI AVE SW,2,Injury Collision,Cycles,3,0,1,1,1,0,0,2006-05-03T00:00:00.000Z,5/3/2006,At Intersection (intersection related),51.0,PEDALCYCLIST STRUCK MOTOR VEHICLE FRONT END AT ANGLE,,0,Clear or Partly Cloudy,Dry,Daylight,,,45,Vehicle - Pedalcyclist,0,N,Washington,47.57874046371157,-122.4119646114925
Block,YESLER WAY BETWEEN 8TH AVE AND BROADWAY,2,Injury Collision,Cycles,2,0,1,1,1,0,0,2006-05-10T00:00:00.000Z,5/10/2006 5:12:00 PM,Mid-Block (not related to intersection),51.0,PEDALCYCLIST STRUCK MOTOR VEHICLE FRONT END AT ANGLE,,0,Overcast,Dry,Daylight,,,45,Vehicle - Pedalcyclist,0,N,Washington,47.601701922953254,-122.32159412317623
Intersection,15TH AVE NW AND NW 90TH S ST,2,Injury Collision,Cycles,2,0,1,1,1,0,0,2006-04-26T00:00:00.000Z,4/26/2006 4:09:00 PM,At Intersection (intersection related),51.0,PEDALCYCLIST STRUCK MOTOR VEHICLE FRONT END AT ANGLE,,0,Clear or Partly Cloudy,Dry,Daylight,,,45,Vehicle - Pedalcyclist,0,N,Washington,47.69424969498025,-122.37679920082685
Intersection,23RD AVE AND E YESLER WAY,2,Injury Collision,Cycles,2,0,1,1,1,0,0,2006-08-24T00:00:00.000Z,8/24/2006 2:50:00 PM,At Intersection (intersection related),18.0,"MOTOR VEHICLE STRUCK PEDALCYCLIST, FRONT END AT ANGLE",,0,Clear or Partly Cloudy,Dry,Daylight,Y,,45,Vehicle - Pedalcyclist,0,N,Washington,47.60166729869864,-122.30233880190495
Block,PIKE ST BETWEEN 1ST AVE AND 2ND AVE,1,Property Damage Only Collision,Cycles,2,0,1,1,0,0,0,2006-08-02T00:00:00.000Z,8/2/2006,Mid-Block (not related to intersection),21.0,"MOTOR VEHICLE STRUCK PEDALCYCLIST, REAR END",,0,Clear or Partly Cloudy,Dry,Daylight,,,45,Vehicle - Pedalcyclist,0,N,Washington,47.60905233418724,-122.33946028088049
Block,WOODLAND PARK AVE N BETWEEN N 43RD N ST AND N 44TH ST,2,Injury Collision,Cycles,2,0,1,1,1,0,0,2006-08-14T00:00:00.000Z,8/14/2006 6:00:00 PM,Mid-Block (not related to intersection),18.0,"MOTOR VEHICLE STRUCK PEDALCYCLIST, FRONT END AT ANGLE",,0,Clear or Partly Cloudy,Dry,Daylight,,,45,Vehicle - Pedalcyclist,0,N,Washington,47.659765729853504,-122.34457721934031
Intersection,30TH AVE NE AND BURKE GILMAN TRL,2,Injury Collision,Cycles,2,0,1,1,1,0,0,2006-05-16T00:00:00.000Z,5/16/2006 6:13:00 PM,At Intersection (intersection related),18.0,"MOTOR VEHICLE STRUCK PEDALCYCLIST, FRONT END AT ANGLE",,0,Clear or Partly Cloudy,Dry,Daylight,,,45,Vehicle - Pedalcyclist,0,N,Washington,47.66444733589821,-122.29561786302312
Intersection,15TH AVE NE AND NE PACIFIC ST,2,Injury Collision,Cycles,2,0,1,1,1,0,0,2006-07-26T00:00:00.000Z,7/26/2006 8:12:00 PM,At Intersection (intersection related),18.0,"MOTOR VEHICLE STRUCK PEDALCYCLIST, FRONT END AT ANGLE",,0,Clear or Partly Cloudy,Dry,Daylight,,,45,Vehicle - Pedalcyclist,0,N,Washington,47.65297596413605,-122.31246414473328
Intersection,4TH AVE AND COLUMBIA ST,2,Injury Collision,Cycles,2,0,1,1,1,0,0,2006-07-30T00:00:00.000Z,7/30/2006 10:20:00 AM,At Intersection (intersection related),18.0,"MOTOR VEHICLE STRUCK PEDALCYCLIST, FRONT END AT ANGLE",,0,Clear or Partly Cloudy,Dry,Daylight,Y,,45,Vehicle - Pedalcyclist,0,N,Washington,47.604661558350756,-122.33160430850334
Block,LAKE WASHINGTON BLVD S BETWEEN LAKE PARK DR S AND S HORTON NR ST,2,Injury Collision,Cycles,2,0,1,1,1,0,0,2006-10-06T00:00:00.000Z,10/6/2006,Mid-Block (not related to intersection),18.0,"MOTOR VEHICLE STRUCK PEDALCYCLIST, FRONT END AT ANGLE",,0,Overcast,Wet,Daylight,,,45,Vehicle - Pedalcyclist,0,N,Washington,47.57887321646986,-122.28369058723595
Block,NW 80TH ST BETWEEN 3RD AVE NW AND 6TH AVE NW,1,Property Damage Only Collision,Cycles,2,0,1,1,0,0,0,2006-04-18T00:00:00.000Z,4/18/2006 8:40:00 AM,Mid-Block (not related to intersection),23.0,"MOTOR VEHICLE STRUCK PEDALCYCLIST, LEFT SIDE SIDESWIPE",,0,Clear or Partly Cloudy,Unknown,Daylight,,,45,Vehicle - Pedalcyclist,0,N,Washington,47.6869384805259,-122.36198588727373
Intersection,4TH AVE AND BELL ST,2,Injury Collision,Cycles,3,0,1,1,1,0,0,2006-10-14T00:00:00.000Z,10/14/2006 10:27:00 PM,At Intersection (intersection related),18.0,"MOTOR VEHICLE STRUCK PEDALCYCLIST, FRONT END AT ANGLE",,0,Raining,Wet,Dark - Street Lights On,,,45,Vehicle - Pedalcyclist,0,N,Washington,47.61536891668615,-122.34393441251535
Block,STONE WAY N BETWEEN N 38TH ST AND N 39TH ST,2,Injury Collision,Cycles,1,0,1,0,1,0,0,2006-06-30T00:00:00.000Z,6/30/2006 12:15:00 PM,Mid-Block (not related to intersection),66.0,PEDALCYCLIST STRUCK OBJECT IN ROAD,,0,Clear or Partly Cloudy,Dry,Daylight,,,45,Vehicle - Pedalcyclist,0,N,Washington,47.65341193706911,-122.3425383690312
Intersection,FREMONT AVE N AND N 34TH ST,2b,Serious Injury Collision,Cycles,2,0,1,1,1,1,0,2006-04-19T00:00:00.000Z,4/19/2006 4:10:00 PM,At Intersection (intersection related),18.0,"MOTOR VEHICLE STRUCK PEDALCYCLIST, FRONT END AT ANGLE",,0,Clear or Partly Cloudy,Dry,Daylight,,,45,Vehicle - Pedalcyclist,0,N,Washington,47.64958972852735,-122.34974744884168
Intersection,14TH AVE S AND S HENDERSON ST,2,Injury Collision,Cycles,2,0,1,1,1,0,0,2006-05-22T00:00:00.000Z,5/22/2006 5:00:00 PM,At Intersection (intersection related),18.0,"MOTOR VEHICLE STRUCK PEDALCYCLIST, FRONT END AT ANGLE",,0,Clear or Partly Cloudy,Dry,Daylight,Y,,45,Vehicle - Pedalcyclist,0,N,Washington,47.523042181246126,-122.31496810830735
Intersection,3RD AVE W AND W NICKERSON ST,2,Injury Collision,Cycles,3,0,1,2,1,0,0,2006-05-17T00:00:00.000Z,5/17/2006 7:02:00 PM,At Intersection (intersection related),18.0,"MOTOR VEHICLE STRUCK PEDALCYCLIST, FRONT END AT ANGLE",,0,Clear or Partly Cloudy,Dry,Daylight,Y,,45,Vehicle - Pedalcyclist,0,N,Washington,47.65082920711631,-122.36087725545349
Intersection,FREMONT AVE N AND N 45TH ST,2b,Serious Injury Collision,Cycles,2,0,1,1,1,1,0,2006-10-20T00:00:00.000Z,10/20/2006 6:30:00 AM,At Intersection (intersection related),18.0,"MOTOR VEHICLE STRUCK PEDALCYCLIST, FRONT END AT ANGLE",,0,Overcast,Wet,Dark - Street Lights On,,,45,Vehicle - Pedalcyclist,0,N,Washington,47.66139442661329,-122.35003951084462
Intersection,45TH AVE SW AND SW WILDWOOD PL,1,Property Damage Only Collision,Cycles,2,0,1,1,0,0,0,2006-11-20T00:00:00.000Z,11/20/2006 8:23:00 AM,At Intersection (intersection related),18.0,"MOTOR VEHICLE STRUCK PEDALCYCLIST, FRONT END AT ANGLE",,0,Clear or Partly Cloudy,Wet,Daylight,Y,,45,Vehicle - Pedalcyclist,0,N,Washington,47.52078703197172,-122.3902215685216
Block,4TH AVE BETWEEN MARION ST AND MADISON ST,2,Injury Collision,Cycles,2,1,1,0,2,0,0,2006-09-18T00:00:00.000Z,9/18/2006 11:50:00 AM,Mid-Block (not related to intersection),64.0,PEDALCYCLIST STRUCK PEDESTRIAN,,0,Clear or Partly Cloudy,Dry,Daylight,Y,,45,Vehicle - Pedalcyclist,0,N,Washington,47.60572988950647,-122.33258176468016
Intersection,11TH AVE AND E PINE ST,2b,Serious Injury Collision,Cycles,2,0,1,1,1,1,0,2006-10-02T00:00:00.000Z,10/2/2006,At Intersection (intersection related),18.0,"MOTOR VEHICLE STRUCK PEDALCYCLIST, FRONT END AT ANGLE",,0,Clear or Partly Cloudy,Dry,Daylight,Y,,45,Vehicle - Pedalcyclist,0,N,Washington,47.61525439144628,-122.31815943391057
Block,WEST MARGINAL WAY S BETWEEN 1ST AVE S AND S HOLDEN ST,2,Injury Collision,Cycles,4,0,1,1,1,0,0,2006-02-09T00:00:00.000Z,2/9/2006,Mid-Block (not related to intersection),51.0,PEDALCYCLIST STRUCK MOTOR VEHICLE FRONT END AT ANGLE,,0,Clear or Partly Cloudy,Dry,Daylight,Y,,45,Vehicle - Pedalcyclist,0,N,Washington,47.53616843234032,-122.33352700324068
Intersection,17TH NB AVE NE AND NE 45TH ST,2,Injury Collision,Cycles,3,0,1,2,1,0,0,2006-02-08T00:00:00.000Z,2/8/2006,At Intersection (intersection related),18.0,"MOTOR VEHICLE STRUCK PEDALCYCLIST, FRONT END AT ANGLE",,0,Clear or Partly Cloudy,Dry,Daylight,,,45,Vehicle - Pedalcyclist,0,N,Washington,47.66125925264302,-122.30951223578201
Block,NW LEARY WAY BETWEEN 11TH AVE NW AND 14TH AVE NW,2,Injury Collision,Cycles,2,0,1,1,1,0,0,2006-08-24T00:00:00.000Z,8/24/2006 12:39:00 PM,Mid-Block (not related to intersection),51.0,PEDALCYCLIST STRUCK MOTOR VEHICLE FRONT END AT ANGLE,,0,Clear or Partly Cloudy,Dry,Daylight,,,45,Vehicle - Pedalcyclist,0,N,Washington,47.663659811758635,-122.37217813906281
Intersection,RAINIER AVE S AND S OTHELLO ST,2,Injury Collision,Cycles,2,0,1,1,1,0,0,2006-11-18T00:00:00.000Z,11/18/2006 4:42:00 PM,At Intersection (intersection related),18.0,"MOTOR VEHICLE STRUCK PEDALCYCLIST, FRONT END AT ANGLE",,0,Clear or Partly Cloudy,Dry,Dark - No Street Lights,,,45,Vehicle - Pedalcyclist,0,N,Washington,47.53695787759902,-122.27027401651137
Block,W DRAVUS ST BETWEEN 15TH AV W SB OFF RP AND 16TH AVE W,2,Injury Collision,Cycles,2,0,1,1,1,0,0,2006-08-12T00:00:00.000Z,8/12/2006 1:25:00 PM,Mid-Block (but intersection related),21.0,"MOTOR VEHICLE STRUCK PEDALCYCLIST, REAR END",Y,0,Clear or Partly Cloudy,Dry,Daylight,,,45,Vehicle - Pedalcyclist,0,N,Washington,47.64846994197255,-122.37712693439207
Block,BROADWAY BETWEEN HARVARD AVE AND E UNION ST,2,Injury Collision,Cycles,2,0,1,1,1,0,0,2006-03-13T00:00:00.000Z,3/13/2006 9:18:00 AM,Mid-Block (not related to intersection),51.0,PEDALCYCLIST STRUCK MOTOR VEHICLE FRONT END AT ANGLE,,0,Clear or Partly Cloudy,Dry,Daylight,Y,,45,Vehicle - Pedalcyclist,0,N,Washington,47.612109989989754,-122.32076121797354
Block,DELRIDGE WAY SW BETWEEN SW GENESEE ST AND SW OREGON ST,2b,Serious Injury Collision,Cycles,2,0,1,1,1,1,0,2006-09-28T00:00:00.000Z,9/28/2006 5:30:00 PM,Mid-Block (not related to intersection),23.0,"MOTOR VEHICLE STRUCK PEDALCYCLIST, LEFT SIDE SIDESWIPE",,0,Clear or Partly Cloudy,Dry,Daylight,,,45,Vehicle - Pedalcyclist,0,N,Washington,47.56381410056913,-122.36333748031765
Intersection,BURKE GILMAN TRL AND NE 70TH ST,2,Injury Collision,Cycles,2,0,1,1,1,0,0,2006-04-29T00:00:00.000Z,4/29/2006 2:31:00 PM,At Intersection (intersection related),18.0,"MOTOR VEHICLE STRUCK PEDALCYCLIST, FRONT END AT ANGLE",,0,Raining,Wet,Daylight,,,45,Vehicle - Pedalcyclist,0,N,Washington,47.67937219886514,-122.2653146199442
Intersection,STONE WAY N AND N 35TH ST,2,Injury Collision,Cycles,2,0,1,1,1,0,0,2006-05-18T00:00:00.000Z,5/18/2006 4:55:00 PM,At Intersection (intersection related),18.0,"MOTOR VEHICLE STRUCK PEDALCYCLIST, FRONT END AT ANGLE",,0,Clear or Partly Cloudy,Dry,Daylight,Y,,45,Vehicle - Pedalcyclist,0,N,Washington,47.64941986653472,-122.34273258653992
Intersection,23RD AVE S AND S JACKSON ST,1,Property Damage Only Collision,Cycles,2,0,1,1,0,0,0,2006-11-29T00:00:00.000Z,11/29/2006 3:30:00 PM,At Intersection (intersection related),18.0,"MOTOR VEHICLE STRUCK PEDALCYCLIST, FRONT END AT ANGLE",,0,Overcast,Ice,Daylight,,,45,Vehicle - Pedalcyclist,0,N,Washington,47.59928129268522,-122.30223345138604
Block,LAKE CITY WAY NE BETWEEN NE 110TH ST AND NE NORTHGATE WAY,2,Injury Collision,Cycles,2,1,1,0,1,0,0,2006-09-23T00:00:00.000Z,9/23/2006 5:20:00 PM,Mid-Block (not related to intersection),64.0,PEDALCYCLIST STRUCK PEDESTRIAN,,0,Unknown,Unknown,Daylight,,,45,Vehicle - Pedalcyclist,0,N,Washington,47.70943603867549,-122.30098650435566
Intersection,HARVARD AVE E AND E OLIVE WAY,2,Injury Collision,Cycles,2,0,1,1,1,0,0,2006-10-30T00:00:00.000Z,10/30/2006 8:15:00 PM,At Intersection (intersection related),18.0,"MOTOR VEHICLE STRUCK PEDALCYCLIST, FRONT END AT ANGLE",,0,Clear or Partly Cloudy,Dry,Dark - Street Lights On,Y,,45,Vehicle - Pedalcyclist,0,N,Washington,47.61989819980036,-122.3222059875378
Intersection,2ND AVE AND UNIVERSITY ST,2,Injury Collision,Cycles,2,0,1,1,1,0,0,2006-06-14T00:00:00.000Z,6/14/2006 8:10:00 AM,At Intersection (intersection related),51.0,PEDALCYCLIST STRUCK MOTOR VEHICLE FRONT END AT ANGLE,,0,Clear or Partly Cloudy,Dry,Daylight,Y,,45,Vehicle - Pedalcyclist,0,N,Washington,47.60729905819726,-122.33708679815666
Intersection,3RD AVE W AND W NICKERSON ST,2,Injury Collision,Cycles,2,0,1,1,1,0,0,2006-06-15T00:00:00.000Z,6/15/2006 7:12:00 AM,At Intersection (intersection related),18.0,"MOTOR VEHICLE STRUCK PEDALCYCLIST, FRONT END AT ANGLE",,0,Clear or Partly Cloudy,Dry,Daylight,Y,,45,Vehicle - Pedalcyclist,0,N,Washington,47.65082920711631,-122.36087725545349
Block,WESTLAKE EAST RDWY AVE N BETWEEN CROCKETT ST AND MCGRAW ST,2,Injury Collision,Cycles,2,0,1,1,1,0,0,2006-09-05T00:00:00.000Z,9/5/2006,Driveway Junction,11.0,"MOTOR VEHICLE STRUCK MOTOR VEHICLE, FRONT END AT ANGLE",,0,Clear or Partly Cloudy,Dry,Daylight,,,45,Vehicle - Pedalcyclist,0,N,Washington,47.638882327121095,-122.34103054004385
Block,6TH AVE BETWEEN PIKE ST AND PINE ST,1,Property Damage Only Collision,Cycles,2,0,1,1,0,0,0,2006-12-19T00:00:00.000Z,12/19/2006 2:30:00 PM,Mid-Block (not related to intersection),56.0,PEDALCYCLIST STRUCK MOTOR VEHICLE LEFT SIDE SIDESWIPE,,0,Clear or Partly Cloudy,Dry,Daylight,,,45,Vehicle - Pedalcyclist,0,N,Washington,47.611638265254136,-122.334917384009
Intersection,ALOHA ST AND EASTLAKE AVE E,2,Injury Collision,Cycles,2,0,1,1,1,0,0,2006-10-30T00:00:00.000Z,10/30/2006 7:47:00 PM,At Intersection (intersection related),18.0,"MOTOR VEHICLE STRUCK PEDALCYCLIST, FRONT END AT ANGLE",,0,Clear or Partly Cloudy,Dry,Dark - Street Lights On,,,45,Vehicle - Pedalcyclist,0,N,Washington,47.62687702695404,-122.3292163090526
Block,EASTLAKE AVE E BETWEEN E LYNN ST AND E LOUISA ST,2,Injury Collision,Cycles,2,0,1,1,1,0,0,2006-07-20T00:00:00.000Z,7/20/2006 9:13:00 AM,Mid-Block (not related to intersection),56.0,PEDALCYCLIST STRUCK MOTOR VEHICLE LEFT SIDE SIDESWIPE,,0,Clear or Partly Cloudy,Dry,Daylight,,,45,Vehicle - Pedalcyclist,0,N,Washington,47.64087739090343,-122.32588991601541
Block,MONTLAKE BR BETWEEN MONTLAKE BLVD E AND POINT A,2,Injury Collision,Cycles,1,0,1,0,1,0,0,2006-09-28T00:00:00.000Z,9/28/2006 7:44:00 PM,Mid-Block (not related to intersection),69.0,PEDALCYCLIST OVERTURNED IN ROAD,,0,Clear or Partly Cloudy,Other,Dark - Street Lights On,,,45,Vehicle - Pedalcyclist,0,N,Washington,47.64715114296732,-122.3046092448236
Intersection,BURKE GILMAN TRL AND NE 65TH ST,2,Injury Collision,Cycles,2,0,1,1,1,0,0,2006-07-16T00:00:00.000Z,7/16/2006 2:18:00 PM,At Intersection (intersection related),18.0,"MOTOR VEHICLE STRUCK PEDALCYCLIST, FRONT END AT ANGLE",,0,Clear or Partly Cloudy,Dry,Daylight,Y,,45,Vehicle - Pedalcyclist,0,N,Washington,47.67573704171851,-122.26656513433059
Intersection,RENTON AVE S AND S HENDERSON ST,2,Injury Collision,Cycles,2,0,1,1,1,0,0,2006-04-23T00:00:00.000Z,4/23/2006 4:25:00 PM,At Intersection (intersection related),18.0,"MOTOR VEHICLE STRUCK PEDALCYCLIST, FRONT END AT ANGLE",,0,Clear or Partly Cloudy,Dry,Daylight,Y,,45,Vehicle - Pedalcyclist,0,N,Washington,47.52331233900897,-122.2764032545482
Intersection,35TH AVE NE AND NE 77TH ST,2,Injury Collision,Cycles,2,0,1,1,1,0,0,2006-04-04T00:00:00.000Z,4/4/2006,At Intersection (intersection related),18.0,"MOTOR VEHICLE STRUCK PEDALCYCLIST, FRONT END AT ANGLE",,0,Clear or Partly Cloudy,Dry,Daylight,,,45,Vehicle - Pedalcyclist,0,N,Washington,47.68485752898552,-122.29053796491476
Block,ALASKAN WAY BETWEEN VINE ST AND CLAY ST,2,Injury Collision,Cycles,2,0,1,1,1,0,0,2006-05-03T00:00:00.000Z,5/3/2006,Driveway Junction,51.0,PEDALCYCLIST STRUCK MOTOR VEHICLE FRONT END AT ANGLE,,0,Clear or Partly Cloudy,Dry,Daylight,,,45,Vehicle - Pedalcyclist,0,N,Washington,47.61388302316643,-122.35309719792409