addrtype,location,severitycode,severitydesc,collisiontype,personcount,pedcount,pedcylcount,vehcount,injuries,seriousinjuries,fatalities,incdate,incdttm,junctiontype,sdot_colcode,sdot_coldesc,inattentionind,underinfl,weather,roadcond,lightcond,pedrownotgrnt,speeding,st_colcode,st_coldesc,crosswalkkey,hitparkedcar,state,latitude,longitude
Block,E OLIVE WAY BETWEEN SUMMIT AVE E AND E JOHN ST,2,Injury Collision,Cycles,2,0,1,1,1,0,0,2006-11-01T00:00:00.000Z,11/1/2006,Driveway Junction,18.0,"MOTOR VEHICLE STRUCK PEDALCYCLIST, FRONT END AT ANGLE",,0,Clear or Partly Cloudy,Dry,Daylight,Y,,45,Vehicle - Pedalcyclist,0,N,Washington,47.61927351293272,-122.32483051743284
Block,E PINE ST BETWEEN BOYLSTON AVE AND HARVARD AVE,2,Injury Collision,Cycles,2,0,1,1,1,0,0,2006-06-08T00:00:00.000Z,6/8/2006,Mid-Block (but intersection related),18.0,"MOTOR VEHICLE STRUCK PEDALCYCLIST, FRONT END AT ANGLE",,0,Overcast,Wet,Dusk,Y,,45,Vehicle - Pedalcyclist,0,N,Washington,47.61522861996618,-122.32277471159632
Intersection,DAYTON AVE N AND N 103RD ST,2,Injury Collision,Cycles,2,0,1,1,1,0,0,2006-11-18T00:00:00.000Z,11/18/2006 1:49:00 PM,At Intersection (intersection related),11.0,"MOTOR VEHICLE STRUCK MOTOR VEHICLE, FRONT END AT ANGLE",,0,Clear or Partly Cloudy,Dry,Daylight,Y,,45,Vehicle - Pedalcyclist,0,N,Washington,47.703626695081695,-122.35274740341123
Intersection,15TH AVE W AND W BOSTON ST,2,Injury Collision,Cycles,2,0,1,1,1,0,0,2006-09-06T00:00:00.000Z,9/6/2006,At Intersection (intersection related),18.0,"MOTOR VEHICLE STRUCK PEDALCYCLIST, FRONT END AT ANGLE",Y,0,Clear or Partly Cloudy,Dry,Daylight,,,45,Vehicle - Pedalcyclist,0,N,Washington,47.638632858198434,-122.37614859833953
Intersection,FREMONT AVE N AND FREMONT PL N,2,Injury Collision,Cycles,2,0,1,1,1,0,0,2006-08-03T00:00:00.000Z,8/3/2006,At Intersection (intersection related),18.0,"MOTOR VEHICLE STRUCK PEDALCYCLIST, FRONT END AT ANGLE",,0,Clear or Partly Cloudy,Dry,Daylight,,,45,Vehicle - Pedalcyclist,0,N,Washington,47.65043101671818,-122.34983490359792
Block,35TH AVE SW BETWEEN SW AUSTIN ST AND SW IDA ST,2,Injury Collision,Cycles,2,0,1,1,1,0,0,2006-09-25T00:00:00.000Z,9/25/2006 6:30:00 PM,Driveway Junction,18.0,"MOTOR VEHICLE STRUCK PEDALCYCLIST, FRONT END AT ANGLE",,0,Clear or Partly Cloudy,Dry,Daylight,,,45,Vehicle - Pedalcyclist,0,N,Washington,47.53445065621352,-122.37661323320887
Block,ALASKAN WAY BETWEEN LENORA ST AND BLANCHARD ST,2,Injury Collision,Cycles,5,0,1,1,1,0,0,2006-09-02T00:00:00.000Z,9/2/2006,Mid-Block (not related to intersection),14.0,"MOTOR VEHICLE STRUCK MOTOR VEHICLE, REAR END",Y,0,Clear or Partly Cloudy,Dry,Daylight,,,45,Vehicle - Pedalcyclist,0,N,Washington,47.61037733880475,-122.34695317506771
Intersection,LATONA AVE NE AND NE PACIFIC ST,2,Injury Collision,Cycles,2,0,1,1,1,0,0,2006-09-05T00:00:00.000Z,9/5/2006,At Intersection (intersection related),51.0,PEDALCYCLIST STRUCK MOTOR VEHICLE FRONT END AT ANGLE,,0,Clear or Partly Cloudy,Dry,Daylight,,,45,Vehicle - Pedalcyclist,0,N,Washington,47.65488891153886,-122.32570273372149
Block,VALLEY ST BETWEEN BOREN AVE N AND FAIRVIEW AVE N,2,Injury Collision,Cycles,2,0,1,1,1,0,0,2006-02-07T00:00:00.000Z,2/7/2006,Driveway Junction,18.0,"MOTOR VEHICLE STRUCK PEDALCYCLIST, FRONT END AT ANGLE",,0,Clear or Partly Cloudy,Dry,Dark - Street Lights On,,,45,Vehicle - Pedalcyclist,0,N,Washington,47.62577678511252,-122.3350870019462
Block,E DENNY WAY BETWEEN BELLEVUE AVE AND E OLIVE WAY,1,Property Damage Only Collision,Cycles,2,0,1,1,0,0,0,2006-10-08T00:00:00.000Z,10/8/2006,Mid-Block (not related to intersection),23.0,"MOTOR VEHICLE STRUCK PEDALCYCLIST, LEFT SIDE SIDESWIPE",,0,Clear or Partly Cloudy,Dry,Daylight,,,45,Vehicle - Pedalcyclist,0,N,Washington,47.61849072175995,-122.3261814885882
Block,18TH AVE BETWEEN E JEFFERSON ST AND E CHERRY ST,2b,Serious Injury Collision,Cycles,2,0,1,1,1,1,0,2006-05-12T00:00:00.000Z,5/12/2006 4:00:00 PM,Mid-Block (not related to intersection),18.0,"MOTOR VEHICLE STRUCK PEDALCYCLIST, FRONT END AT ANGLE",,0,Clear or Partly Cloudy,Dry,Daylight,Y,,45,Vehicle - Pedalcyclist,0,N,Washington,47.60709668985418,-122.30893627731207
Alley,,2,Injury Collision,Cycles,2,0,1,1,1,0,0,2006-05-09T00:00:00.000Z,5/9/2006,Mid-Block (not related to intersection),22.0,"MOTOR VEHICLE STRUCK PEDALCYCLIST, RIGHT SIDE SIDESWIPE",,0,Clear or Partly Cloudy,Dry,Daylight,,,45,Vehicle - Pedalcyclist,0,N,Washington,,
Intersection,11TH AVE AND E PINE ST,2,Injury Collision,Cycles,3,0,1,1,1,0,0,2006-03-01T00:00:00.000Z,3/1/2006,At Intersection (intersection related),18.0,"MOTOR VEHICLE STRUCK PEDALCYCLIST, FRONT END AT ANGLE",,0,Clear or Partly Cloudy,Dry,Dark - Street Lights On,Y,,45,Vehicle - Pedalcyclist,0,N,Washington,47.61525439144628,-122.31815943391057
Block,2ND AVE BETWEEN PIKE ST AND PINE ST,2,Injury Collision,Cycles,2,0,1,1,1,0,0,2006-01-04T00:00:00.000Z,1/4/2006,Driveway Junction,18.0,"MOTOR VEHICLE STRUCK PEDALCYCLIST, FRONT END AT ANGLE",,0,Clear or Partly Cloudy,Dry,Daylight,Y,,45,Vehicle - Pedalcyclist,0,N,Washington,47.609780570210454,-122.33935700687486
Intersection,LATONA AVE NE AND EAST GREEN LAKE DR N,2,Injury Collision,Cycles,2,0,1,1,1,0,0,2006-08-09T00:00:00.000Z,8/9/2006,At Intersection (intersection related),28.0,MOTOR VEHICLE RAN OFF ROAD - HIT FIXED OBJECT,,0,Clear or Partly Cloudy,Dry,Daylight,Y,,45,Vehicle - Pedalcyclist,0,N,Washington,47.68165808077612,-122.32748855205195
Block,S LANDER ST BETWEEN 5TH PL S AND 6TH AVE S,1,Property Damage Only Collision,Cycles,2,0,1,1,0,0,0,2006-09-11T00:00:00.000Z,9/11/2006 7:34:00 AM,Mid-Block (but intersection related),21.0,"MOTOR VEHICLE STRUCK PEDALCYCLIST, REAR END",,0,Clear or Partly Cloudy,Dry,Daylight,Y,,45,Vehicle - Pedalcyclist,0,N,Washington,47.579809346002705,-122.32636353984505
Intersection,BOREN AVE AND OLIVE WAY,2,Injury Collision,Cycles,2,0,1,1,1,0,0,2006-03-15T00:00:00.000Z,3/15/2006 5:17:00 PM,At Intersection (intersection related),23.0,"MOTOR VEHICLE STRUCK PEDALCYCLIST, LEFT SIDE SIDESWIPE",,0,Clear or Partly Cloudy,Dry,Daylight,,,45,Vehicle - Pedalcyclist,0,N,Washington,47.615449718161365,-122.33072969571377
Intersection,12TH AVE S AND S KING ST,2,Injury Collision,Cycles,2,0,1,1,1,0,0,2006-04-27T00:00:00.000Z,4/27/2006 10:33:00 AM,At Intersection (intersection related),51.0,PEDALCYCLIST STRUCK MOTOR VEHICLE FRONT END AT ANGLE,,0,Clear or Partly Cloudy,Dry,Daylight,,,45,Vehicle - Pedalcyclist,0,N,Washington,47.598337593315385,-122.31722797859959
Block,4TH AVE BETWEEN UNIVERSITY ST AND UNION ST,2,Injury Collision,Cycles,2,0,1,1,1,0,0,2006-04-10T00:00:00.000Z,4/10/2006 7:55:00 AM,Mid-Block (but intersection related),21.0,"MOTOR VEHICLE STRUCK PEDALCYCLIST, REAR END",,0,Overcast,Dry,Daylight,,,45,Vehicle - Pedalcyclist,0,N,Washington,47.6087233530366,-122.33531971877683
Intersection,8TH AVE NE AND NE 40 UPPER ST,2,Injury Collision,Cycles,2,0,1,1,1,0,0,2006-08-25T00:00:00.000Z,8/25/2006 1:53:00 PM,At Intersection (intersection related),18.0,"MOTOR VEHICLE STRUCK PEDALCYCLIST, FRONT END AT ANGLE",,0,Clear or Partly Cloudy,Dry,Daylight,Y,,45,Vehicle - Pedalcyclist,0,N,Washington,47.65585828440232,-122.31979632525896
Intersection,24TH AVE E AND E ROANOKE ST,2,Injury Collision,Cycles,2,0,1,1,1,0,0,2006-07-06T00:00:00.000Z,7/6/2006,At Intersection (intersection related),18.0,"MOTOR VEHICLE STRUCK PEDALCYCLIST, FRONT END AT ANGLE",,0,Overcast,Dry,Daylight,,,45,Vehicle - Pedalcyclist,0,N,Washington,47.64315393189997,-122.30204704254218
Intersection,LATONA AVE NE AND NE 45TH ST,1,Property Damage Only Collision,Cycles,2,0,1,1,0,0,0,2006-08-16T00:00:00.000Z,8/16/2006 5:30:00 PM,At Intersection (intersection related),18.0,"MOTOR VEHICLE STRUCK PEDALCYCLIST, FRONT END AT ANGLE",,0,Unknown,Unknown,Unknown,Y,,45,Vehicle - Pedalcyclist,0,N,Washington,47.66134408729115,-122.32510772930044
Block,M L KING JR WR WAY S BETWEEN S ORCAS ST AND S RAYMOND ST,2,Injury Collision,Cycles,2,0,1,1,1,0,0,2006-07-07T00:00:00.000Z,7/7/2006,Mid-Block (not related to intersection),23.0,"MOTOR VEHICLE STRUCK PEDALCYCLIST, LEFT SIDE SIDESWIPE",,0,Clear or Partly Cloudy,Dry,Daylight,,,45,Vehicle - Pedalcyclist,0,N,Washington,47.54959667945357,-122.2873363400777
Block,NE RAVENNA WB BV BETWEEN 21ST AVE NE AND NE PARK RD,2,Injury Collision,Cycles,2,0,1,1,1,0,0,2006-09-18T00:00:00.000Z,9/18/2006 11:46:00 AM,Mid-Block (not related to intersection),66.0,PEDALCYCLIST STRUCK OBJECT IN ROAD,,0,Overcast,Wet,Daylight,,,45,Vehicle - Pedalcyclist,0,N,Washington,47.66953608498372,-122.30484305939513
Intersection,WOODLAWN AVE NE AND NE RAVENNA EB BV,2,Injury Collision,Cycles,2,0,1,1,1,0,0,2006-11-16T00:00:00.000Z,11/16/2006 7:05:00 PM,At Intersection (intersection related),51.0,PEDALCYCLIST STRUCK MOTOR VEHICLE FRONT END AT ANGLE,,0,Clear or Partly Cloudy,Dry,Dark - Street Lights On,,,45,Vehicle - Pedalcyclist,0,N,Washington,47.678757570659,-122.32498923023235
Intersection,4TH AVE NW AND NW 130TH ST,2,Injury Collision,Cycles,2,0,1,1,1,0,0,2006-04-21T00:00:00.000Z,4/21/2006 3:00:00 PM,At Intersection (intersection related),18.0,"MOTOR VEHICLE STRUCK PEDALCYCLIST, FRONT END AT ANGLE",,0,Clear or Partly Cloudy,Dry,Daylight,,Y,45,Vehicle - Pedalcyclist,0,N,Washington,47.72327032300744,-122.36230234782127
Intersection,8TH AVE AND SPRING ST,2,Injury Collision,Cycles,2,0,1,1,1,0,0,2006-10-04T00:00:00.000Z,10/4/2006,At Intersection (intersection related),51.0,PEDALCYCLIST STRUCK MOTOR VEHICLE FRONT END AT ANGLE,,0,Clear or Partly Cloudy,Dry,Daylight,,,45,Vehicle - Pedalcyclist,0,N,Washington,47.60865809544408,-122.32912359482559
Intersection,BELLEVUE AVE AND E PINE ST,2,Injury Collision,Cycles,2,0,1,1,1,0,0,2006-01-07T00:00:00.000Z,1/7/2006,At Intersection (intersection related),18.0,"MOTOR VEHICLE STRUCK PEDALCYCLIST, FRONT END AT ANGLE",,0,Raining,Wet,Daylight,Y,,45,Vehicle - Pedalcyclist,0,N,Washington,47.61521815296026,-122.32680418837404
Intersection,25TH AVE NE AND NE BLAKELEY ST,2,Injury Collision,Cycles,2,0,1,1,1,0,0,2006-05-26T00:00:00.000Z,5/26/2006 6:30:00 PM,At Intersection (intersection related),18.0,"MOTOR VEHICLE STRUCK PEDALCYCLIST, FRONT END AT ANGLE",,0,Clear or Partly Cloudy,Dry,Daylight,,,45,Vehicle - Pedalcyclist,0,N,Washington,47.66626671821327,-122.30060498001896
Intersection,3RD AVE AND CHERRY ST,2,Injury Collision,Cycles,2,0,1,1,1,0,0,2006-11-08T00:00:00.000Z,11/8/2006,At Intersection (intersection related),18.0,"MOTOR VEHICLE STRUCK PEDALCYCLIST, FRONT END AT ANGLE",,0,Clear or Partly Cloudy,Dry,Daylight,,,45,Vehicle - Pedalcyclist,0,N,Washington,47.603483889707505,-122.33206224633403
Intersection,SUMMIT AVE AND UNIVERSITY ST,2,Injury Collision,Cycles,2,0,1,1,1,0,0,2006-04-25T00:00:00.000Z,4/25/2006 6:13:00 PM,At Intersection (intersection related),51.0,PEDALCYCLIST STRUCK MOTOR VEHICLE FRONT END AT ANGLE,,0,Clear or Partly Cloudy,Dry,Daylight,,,45,Vehicle - Pedalcyclist,0,N,Washington,47.61240799514365,-122.32487608472948
Block,NE CAMPUS WB PY BETWEEN UNIVERSITY WAY NE AND 15TH AVE NE,2,Injury Collision,Cycles,2,0,1,1,1,0,0,2006-09-15T00:00:00.000Z,9/15/2006 5:23:00 PM,Mid-Block (not related to intersection),18.0,"MOTOR VEHICLE STRUCK PEDALCYCLIST, FRONT END AT ANGLE",,0,Clear or Partly Cloudy,Dry,Daylight,Y,,45,Vehicle - Pedalcyclist,0,N,Washington,47.65621054315735,-122.31269635281937
Intersection,5TH AVE NE AND NE 80TH ST,2,Injury Collision,Cycles,2,0,1,1,1,0,0,2006-01-15T00:00:00.000Z,1/15/2006 2:30:00 PM,At Intersection (intersection related),18.0,"MOTOR VEHICLE STRUCK PEDALCYCLIST, FRONT END AT ANGLE",Y,0,Clear or Partly Cloudy,Dry,Daylight,,,45,Vehicle - Pedalcyclist,0,N,Washington,47.68678736489454,-122.32295136020734
Intersection,CARLETON AVE S AND S BAILEY ST,2,Injury Collision,Cycles,3,0,2,1,2,0,0,2006-05-21T00:00:00.000Z,5/21/2006 2:00:00 AM,At Intersection (intersection related),18.0,"MOTOR VEHICLE STRUCK PEDALCYCLIST, FRONT END AT ANGLE",,1,Clear or Partly Cloudy,Dry,Dark - Street Lights On,,,45,Vehicle - Pedalcyclist,0,N,Washington,47.54735691145158,-122.32015235327171
Block,SW ADMIRAL WAY BETWEEN 41ST AVE SW AND 42ND AVE SW,2,Injury Collision,Cycles,2,0,1,1,1,0,0,2006-07-27T00:00:00.000Z,7/27/2006 1:00:00 PM,Mid-Block (not related to intersection),18.0,"MOTOR VEHICLE STRUCK PEDALCYCLIST, FRONT END AT ANGLE",,0,Clear or Partly Cloudy,Dry,Daylight,,,45,Vehicle - Pedalcyclist,0,N,Washington,47.58118095701364,-122.38452860211218
Intersection,30TH AVE NE AND NE BLAKELEY N ST,2,Injury Collision,Cycles,2,0,2,0,1,0,0,2006-10-04T00:00:00.000Z,10/4/2006,At Intersection (intersection related),11.0,"MOTOR VEHICLE STRUCK MOTOR VEHICLE, FRONT END AT ANGLE",,0,Clear or Partly Cloudy,Dry,Daylight,,,45,Vehicle - Pedalcyclist,0,N,Washington,47.665141119626824,-122.29562154638501
Block,WESTERN AVE BETWEEN CLAY ST AND BROAD ST,2,Injury Collision,Cycles,3,0,1,1,1,0,0,2006-06-03T00:00:00.000Z,6/3/2006,Mid-Block (not related to intersection),64.0,PEDALCYCLIST STRUCK PEDESTRIAN,,0,Clear or Partly Cloudy,Dry,Daylight,,,45,Vehicle - Pedalcyclist,0,N,Washington,47.615970191487186,-122.35288593630614
Block,E PINE ST BETWEEN 11TH AVE AND 12TH AVE,1,Property Damage Only Collision,Cycles,2,0,1,1,0,0,0,2006-05-23T00:00:00.000Z,5/23/2006 7:34:00 AM,Mid-Block (not related to intersection),56.0,PEDALCYCLIST STRUCK MOTOR VEHICLE LEFT SIDE SIDESWIPE,,0,Clear or Partly Cloudy,Dry,Daylight,,,45,Vehicle - Pedalcyclist,0,N,Washington,47.61525914921324,-122.31750882190089
Intersection,BURKE GILMAN TRL AND NE 70TH ST,2b,Serious Injury Collision,Cycles,2,0,1,1,1,1,0,2006-09-28T00:00:00.000Z,9/28/2006 5:25:00 PM,At Intersection (intersection related),18.0,"MOTOR VEHICLE STRUCK PEDALCYCLIST, FRONT END AT ANGLE",,0,Clear or Partly Cloudy,Dry,Daylight,,,45,Vehicle - Pedalcyclist,0,N,Washington,47.67937219886514,-122.2653146199442
Block,RAINIER AVE S BETWEEN S ADAMS ST AND S GENESEE N ST,2,Injury Collision,Cycles,2,0,1,1,1,0,0,2006-02-14T00:00:00.000Z,2/14/2006 1:45:00 PM,Driveway Junction,18.0,"MOTOR VEHICLE STRUCK PEDALCYCLIST, FRONT END AT ANGLE",,0,Clear or Partly Cloudy,Dry,Daylight,,,45,Vehicle - Pedalcyclist,0,N,Washington,47.5649635314921,-122.28842391502
Intersection,25TH AVE SW AND SW TRENTON ST,2b,Serious Injury Collision,Cycles,2,0,1,1,1,1,0,2006-06-01T00:00:00.000Z,6/1/2006,At Intersection (intersection related),18.0,"MOTOR VEHICLE STRUCK PEDALCYCLIST, FRONT END AT ANGLE",,0,Raining,Wet,Daylight,,,45,Vehicle - Pedalcyclist,0,N,Washington,47.52468360855733,-122.36452635269949
Intersection,31ST AVE SW AND SW 106TH ST,2,Injury Collision,Cycles,2,0,1,1,1,0,0,2006-04-04T00:00:00.000Z,4/4/2006,At Intersection (intersection related),51.0,PEDALCYCLIST STRUCK MOTOR VEHICLE FRONT END AT ANGLE,,0,Clear or Partly Cloudy,Dry,Daylight,Y,,45,Vehicle - Pedalcyclist,0,N,Washington,47.508197040202504,-122.37214076524059
Intersection,SUMMIT AVE AND E PINE ST,2,Injury Collision,Cycles,2,0,1,1,1,0,0,2006-12-17T00:00:00.000Z,12/17/2006 1:30:00 PM,At Intersection (intersection related),51.0,PEDALCYCLIST STRUCK MOTOR VEHICLE FRONT END AT ANGLE,,0,Clear or Partly Cloudy,Dry,Daylight,,,45,Vehicle - Pedalcyclist,0,N,Washington,47.615218748198224,-122.32552884050469
Block,BOYER AVE E BETWEEN 20TH AVE E AND 19TH AVE E,1,Property Damage Only Collision,Cycles,2,0,1,1,0,0,0,2006-02-07T00:00:00.000Z,2/7/2006,Mid-Block (not related to intersection),18.0,"MOTOR VEHICLE STRUCK PEDALCYCLIST, FRONT END AT ANGLE",,0,Clear or Partly Cloudy,Dry,Daylight,Y,,45,Vehicle - Pedalcyclist,0,N,Washington,47.63781489434226,-122.3070462663797
Block,WESTLAKE AVE BETWEEN 9TH AVE AND DENNY WAY,2,Injury Collision,Cycles,5,0,1,1,1,0,0,2006-07-11T00:00:00.000Z,7/11/2006 8:35:00 AM,Mid-Block (but intersection related),54.0,PEDALCYCLIST STRUCK MOTOR VEHICLE REAR END,Y,0,Overcast,Dry,Daylight,,,45,Vehicle - Pedalcyclist,0,N,Washington,47.61832778522556,-122.33845125540967
Intersection,EASTLAKE AVE E AND E ALLISON ST,2,Injury Collision,Cycles,2,0,1,1,1,0,0,2006-07-13T00:00:00.000Z,7/13/2006 6:50:00 PM,At Intersection (intersection related),51.0,PEDALCYCLIST STRUCK MOTOR VEHICLE FRONT END AT ANGLE,,0,Raining,Wet,Daylight,,,45,Vehicle - Pedalcyclist,0,N,Washington,47.64878360260188,-122.32343616749887
Intersection,35TH AVE SW AND SW GRAHAM ST,3,Fatality Collision,Cycles,2,0,1,1,0,0,1,2006-09-27T00:00:00.000Z,9/27/2006 7:43:00 AM,At Intersection (intersection related),18.0,"MOTOR VEHICLE STRUCK PEDALCYCLIST, FRONT END AT ANGLE",,0,Clear or Partly Cloudy,Dry,Daylight,Y,,45,Vehicle - Pedalcyclist,0,N,Washington,47.54650397898805,-122.37640010301406
Block,N 45TH ST BETWEEN STONE WAY N AND INTERLAKE AVE N,2,Injury Collision,Cycles,1,0,1,0,1,0,0,2006-09-27T00:00:00.000Z,9/27/2006 7:48:00 PM,Mid-Block (not related to intersection),51.0,PEDALCYCLIST STRUCK MOTOR VEHICLE FRONT END AT ANGLE,,0,Clear or Partly Cloudy,Dry,Dusk,,,45,Vehicle - Pedalcyclist,0,N,Washington,47.6613854420301,-122.34140593782853
Intersection,BELL ST AND WESTERN AVE,2,Injury Collision,Cycles,2,0,1,1,1,0,0,2006-02-22T00:00:00.000Z,2/22/2006 9:14:00 AM,At Intersection (intersection related),51.0,PEDALCYCLIST STRUCK MOTOR VEHICLE FRONT END AT ANGLE,,0,Clear or Partly Cloudy,Dry,Daylight,,,45,Vehicle - Pedalcyclist,0,N,Washington,47.61271039099492,-122.34737243262128
Intersection,27TH AVE NW AND NW 77TH ST,2,Injury Collision,Cycles,4,0,1,1,2,0,0,2006-08-10T00:00:00.000Z,8/10/2006 8:08:00 PM,At Intersection (intersection related),51.0,PEDALCYCLIST STRUCK MOTOR VEHICLE FRONT END AT ANGLE,,0,Clear or Partly Cloudy,Dry,Daylight,,,45,Vehicle - Pedalcyclist,0,N,Washington,47.68494934959731,-122.39084796601357
Block,NW 73RD ST BETWEEN 3RD AVE NW AND 4TH AVE NW,2b,Serious Injury Collision,Cycles,2,0,1,1,1,1,0,2006-07-15T00:00:00.000Z,7/15/2006 5:03:00 PM,Driveway Junction,51.0,PEDALCYCLIST STRUCK MOTOR VEHICLE FRONT END AT ANGLE,,0,Clear or Partly Cloudy,Dry,Daylight,,,45,Vehicle - Pedalcyclist,0,N,Washington,47.68179174009841,-122.36097931721508
Intersection,36TH AVE NE AND NE 100TH ST,2,Injury Collision,Cycles,2,0,1,1,1,0,0,2006-10-28T00:00:00.000Z,10/28/2006 7:40:00 PM,At Intersection (intersection related),51.0,PEDALCYCLIST STRUCK MOTOR VEHICLE FRONT END AT ANGLE,,0,Clear or Partly Cloudy,Dry,Dark - Street Lights On,,,45,Vehicle - Pedalcyclist,0,N,Washington,47.70110840724521,-122.28933891156453
Intersection,FREMONT AVE N AND N 34TH ST,2,Injury Collision,Cycles,2,0,1,1,1,0,0,2006-01-17T00:00:00.000Z,1/17/2006 10:15:00 AM,At Intersection (intersection related),18.0,"MOTOR VEHICLE STRUCK PEDALCYCLIST, FRONT END AT ANGLE",,0,Clear or Partly Cloudy,Dry,Daylight,Y,,45,Vehicle - Pedalcyclist,0,N,Washington,47.64958972852735,-122.34974744884168
Block,16TH AVE BETWEEN E MARION ST AND E SPRING ST,1,Property Damage Only Collision,Cycles,2,0,1,1,0,0,0,2006-06-29T00:00:00.000Z,6/29/2006 2:00:00 PM,Mid-Block (not related to intersection),12.0,"MOTOR VEHICLE STRUCK MOTOR VEHICLE, RIGHT SIDE AT ANGLE",,0,Clear or Partly Cloudy,Dry,Daylight,,,45,Vehicle - Pedalcyclist,0,N,Washington,47.61095626102577,-122.31148354311992
Intersection,BEACON ER AVE S AND S ORCAS ST,2,Injury Collision,Cycles,2,0,1,1,1,0,0,2006-06-25T00:00:00.000Z,6/25/2006 10:54:00 AM,At Intersection (intersection related),18.0,"MOTOR VEHICLE STRUCK PEDALCYCLIST, FRONT END AT ANGLE",Y,0,Clear or Partly Cloudy,Dry,Daylight,,,45,Vehicle - Pedalcyclist,0,N,Washington,47.55101515293384,-122.3017401915698
Intersection,5TH AVE N AND MERCER ST,2,Injury Collision,Cycles,2,0,1,1,1,0,0,2006-03-21T00:00:00.000Z,3/21/2006 5:59:00 AM,At Intersection (intersection related),51.0,PEDALCYCLIST STRUCK MOTOR VEHICLE FRONT END AT ANGLE,,0,Clear or Partly Cloudy,Dry,Daylight,Y,,45,Vehicle - Pedalcyclist,0,N,Washington,47.62456147767135,-122.34757102031288
Intersection,LEARY AVE NW AND NW MARKET ST,2,Injury Collision,Cycles,2,0,1,1,1,0,0,2006-07-24T00:00:00.000Z,7/24/2006 6:57:00 PM,At Intersection (intersection related),18.0,"MOTOR VEHICLE STRUCK PEDALCYCLIST, FRONT END AT ANGLE",,0,Clear or Partly Cloudy,Dry,Daylight,,,45,Vehicle - Pedalcyclist,0,N,Washington,47.668678389222315,-122.3847455470643
Intersection,6TH AVE AND MADISON ST,2,Injury Collision,Cycles,2,0,1,1,2,0,0,2006-04-04T00:00:00.000Z,4/4/2006,At Intersection (intersection related),51.0,PEDALCYCLIST STRUCK MOTOR VEHICLE FRONT END AT ANGLE,,0,Clear or Partly Cloudy,Dry,Daylight,,,45,Vehicle - Pedalcyclist,0,N,Washington,47.60701683754301,-122.33068899816642
Block,BOREN AVE BETWEEN JEFFERSON ST AND JAMES ST,2,Injury Collision,Cycles,3,0,1,1,1,0,0,2006-08-01T00:00:00.000Z,8/1/2006,Mid-Block (not related to intersection),21.0,"MOTOR VEHICLE STRUCK PEDALCYCLIST, REAR END",,0,Clear or Partly Cloudy,Dry,Daylight,Y,,45,Vehicle - Pedalcyclist,0,N,Washington,47.60612546493049,-122.32220235986127
Intersection,LAKE CITY WAY NE AND NE 117TH ST,2,Injury Collision,Cycles,2,0,1,1,1,0,0,2006-08-11T00:00:00.000Z,8/11/2006 7:55:00 AM,At Intersection (intersection related),18.0,"MOTOR VEHICLE STRUCK PEDALCYCLIST, FRONT END AT ANGLE",,0,Overcast,Dry,Daylight,Y,,45,Vehicle - Pedalcyclist,0,N,Washington,47.71421240711268,-122.29822972659235
Block,BROADWAY BETWEEN E PIKE ST AND E PINE ST,2,Injury Collision,Cycles,2,0,1,1,1,0,0,2006-08-06T00:00:00.000Z,8/6/2006,Driveway Junction,18.0,"MOTOR VEHICLE STRUCK PEDALCYCLIST, FRONT END AT ANGLE",,0,Clear or Partly Cloudy,Dry,Daylight,Y,,45,Vehicle - Pedalcyclist,0,N,Washington,47.61465412128639,-122.32078948868036
Intersection,23RD AVE AND E CHERRY ST,2,Injury Collision,Cycles,2,0,1,1,1,0,0,2006-01-25T00:00:00.000Z,1/25/2006 8:00:00 PM,At Intersection (intersection related),18.0,"MOTOR VEHICLE STRUCK PEDALCYCLIST, FRONT END AT ANGLE",,0,Overcast,Wet,Dark - Street Lights On,Y,,45,Vehicle - Pedalcyclist,0,N,Washington,47.60800896071418,-122.30276995562322
Block,1ST AVE BETWEEN BLANCHARD ST AND BELL ST,2,Injury Collision,Cycles,3,0,1,2,2,0,0,2006-03-19T00:00:00.000Z,3/19/2006 1:59:00 AM,Mid-Block (not related to intersection),18.0,"MOTOR VEHICLE STRUCK PEDALCYCLIST, FRONT END AT ANGLE",,1,Clear or Partly Cloudy,Dry,Dark - Street Lights On,,,45,Vehicle - Pedalcyclist,0,N,Washington,47.612989913993864,-122.34586158783074
Block,GREENWOOD AVE N BETWEEN HOLMAN RD N AND N 107TH ST,2,Injury Collision,Cycles,2,0,1,1,1,0,0,2006-06-23T00:00:00.000Z,6/23/2006 10:06:00 PM,Mid-Block (not related to intersection),11.0,"MOTOR VEHICLE STRUCK MOTOR VEHICLE, FRONT END AT ANGLE",,0,Clear or Partly Cloudy,Dry,Dark - Street Lights On,Y,,45,Vehicle - Pedalcyclist,0,N,Washington,47.705989802578706,-122.3554596781755
Intersection,30TH AVE SW AND SW 97TH ST,2b,Serious Injury Collision,Cycles,2,0,1,1,1,1,0,2006-08-12T00:00:00.000Z,8/12/2006 12:14:00 PM,At Intersection (intersection related),51.0,PEDALCYCLIST STRUCK MOTOR VEHICLE FRONT END AT ANGLE,,0,Clear or Partly Cloudy,Dry,Daylight,,,45,Vehicle - Pedalcyclist,0,N,Washington,47.51604341420036,-122.37129737142885