addrtype,location,severitycode,severitydesc,collisiontype,personcount,pedcount,pedcylcount,vehcount,injuries,seriousinjuries,fatalities,incdate,incdttm,junctiontype,sdot_colcode,sdot_coldesc,inattentionind,underinfl,weather,roadcond,lightcond,pedrownotgrnt,speeding,st_colcode,st_coldesc,crosswalkkey,hitparkedcar,state,latitude,longitude
Block,N 40TH ST BETWEEN SUNNYSIDE AVE N AND EASTERN AVE N,1,Property Damage Only Collision,Cycles,2,0,1,1,0,0,0,2006-06-02T00:00:00.000Z,6/2/2006,Mid-Block (not related to intersection),18.0,"MOTOR VEHICLE STRUCK PEDALCYCLIST, FRONT END AT ANGLE",,0,Overcast,Wet,Daylight,,,45,Vehicle - Pedalcyclist,0,N,Washington,47.6555624429401,-122.32964932399963
Intersection,38TH AVE S AND S OTHELLO ST,2,Injury Collision,Cycles,2,0,1,1,1,0,0,2006-08-23T00:00:00.000Z,8/23/2006 2:30:00 PM,At Intersection (intersection related),18.0,"MOTOR VEHICLE STRUCK PEDALCYCLIST, FRONT END AT ANGLE",,0,Overcast,Dry,Daylight,,,45,Vehicle - Pedalcyclist,0,N,Washington,47.53703456896778,-122.28470685779965
Block,E MADISON ST BETWEEN E PINE ST AND 17TH AVE,2,Injury Collision,Cycles,2,0,1,1,1,0,0,2006-06-04T00:00:00.000Z,6/4/2006,Mid-Block (not related to intersection),21.0,"MOTOR VEHICLE STRUCK PEDALCYCLIST, REAR END",,0,Clear or Partly Cloudy,Dry,Dark - Street Lights On,,,45,Vehicle - Pedalcyclist,0,N,Washington,47.615377589604904,-122.3106605140051
Intersection,STEWART ST AND YALE AVE,2,Injury Collision,Cycles,2,0,1,1,1,0,0,2006-12-08T00:00:00.000Z,12/8/2006,At Intersection (intersection related),18.0,"MOTOR VEHICLE STRUCK PEDALCYCLIST, FRONT END AT ANGLE",,0,Overcast,Dry,Daylight,Y,,45,Vehicle - Pedalcyclist,0,N,Washington,47.618273763101605,-122.3309994102245
Block,LAKE CITY WAY NE BETWEEN NE 143RD ST AND NE 145TH ST,2,Injury Collision,Cycles,2,0,1,1,1,0,0,2006-03-05T00:00:00.000Z,3/5/2006,Driveway Junction,18.0,"MOTOR VEHICLE STRUCK PEDALCYCLIST, FRONT END AT ANGLE",,0,Clear or Partly Cloudy,Dry,Daylight,Y,,45,Vehicle - Pedalcyclist,0,N,Washington,47.7328464994026,-122.29240305378809
Block,WESTLAKE AVE N BETWEEN VALLEY ST AND 9TH AVE N,2,Injury Collision,Cycles,2,0,1,1,1,0,0,2006-05-09T00:00:00.000Z,5/9/2006,Driveway Junction,51.0,PEDALCYCLIST STRUCK MOTOR VEHICLE FRONT END AT ANGLE,Y,0,Clear or Partly Cloudy,Dry,Daylight,,,45,Vehicle - Pedalcyclist,0,N,Washington,47.62648210322236,-122.33912756652096
Intersection,14TH AVE AND E UNION ST,2,Injury Collision,Cycles,2,0,1,1,1,0,0,2006-01-23T00:00:00.000Z,1/23/2006 7:45:00 AM,At Intersection (intersection related),18.0,"MOTOR VEHICLE STRUCK PEDALCYCLIST, FRONT END AT ANGLE",,0,Raining,Wet,Dark - Street Lights Off,Y,,45,Vehicle - Pedalcyclist,0,N,Washington,47.612917397233026,-122.31416739449831
Block,2ND AVE BETWEEN JAMES ST AND CHERRY ST,2,Injury Collision,Cycles,1,0,1,0,1,0,0,2006-04-28T00:00:00.000Z,4/28/2006 5:16:00 PM,Mid-Block (not related to intersection),69.0,PEDALCYCLIST OVERTURNED IN ROAD,,0,Clear or Partly Cloudy,Dry,Daylight,,,45,Vehicle - Pedalcyclist,0,N,Washington,47.602661335858706,-122.33284477631612
Intersection,DENSMORE AVE N AND N 40TH ST,2b,Serious Injury Collision,Cycles,2,0,1,1,1,1,0,2006-10-18T00:00:00.000Z,10/18/2006 7:13:00 PM,At Intersection (intersection related),18.0,"MOTOR VEHICLE STRUCK PEDALCYCLIST, FRONT END AT ANGLE",,0,Raining,Wet,Dark - Street Lights On,,,45,Vehicle - Pedalcyclist,0,N,Washington,47.65565486714734,-122.33745050690466
Intersection,DENNY WAY AND FAIRVIEW AVE,2,Injury Collision,Cycles,2,0,1,1,1,0,0,2006-02-11T00:00:00.000Z,2/11/2006 12:12:00 PM,At Intersection (intersection related),18.0,"MOTOR VEHICLE STRUCK PEDALCYCLIST, FRONT END AT ANGLE",,0,Clear or Partly Cloudy,Dry,Daylight,Y,,45,Vehicle - Pedalcyclist,0,N,Washington,47.61851728831017,-122.33425488148924
Block,ROY ST BETWEEN 9TH AVE N AND VALLEY ST,2b,Serious Injury Collision,Cycles,2,0,1,1,1,1,0,2006-03-31T00:00:00.000Z,3/31/2006 1:00:00 PM,Mid-Block (not related to intersection),23.0,"MOTOR VEHICLE STRUCK PEDALCYCLIST, LEFT SIDE SIDESWIPE",,0,Clear or Partly Cloudy,Dry,Daylight,Y,,45,Vehicle - Pedalcyclist,0,N,Washington,47.625593827697344,-122.33918659664991
Block,FREMONT BR BETWEEN 4TH AVE N AND POINT A,2,Injury Collision,Cycles,2,0,1,1,1,0,0,2006-08-05T00:00:00.000Z,8/5/2006,Mid-Block (not related to intersection),51.0,PEDALCYCLIST STRUCK MOTOR VEHICLE FRONT END AT ANGLE,,0,Clear or Partly Cloudy,Dry,Daylight,,,45,Vehicle - Pedalcyclist,0,N,Washington,47.6470883454034,-122.34975206855756
Intersection,MONTLAKE BLVD E AND E SHELBY ST,2,Injury Collision,Cycles,2,0,1,1,1,0,0,2006-11-01T00:00:00.000Z,11/1/2006,At Intersection (intersection related),18.0,"MOTOR VEHICLE STRUCK PEDALCYCLIST, FRONT END AT ANGLE",,0,Clear or Partly Cloudy,Dry,Daylight,Y,,45,Vehicle - Pedalcyclist,0,N,Washington,47.64639608411817,-122.30461411524813
Block,LAKE WASHINGTON BLVD S BETWEEN 43RD AVE S AND 46TH AVE S,2,Injury Collision,Cycles,2,0,1,1,1,0,0,2006-06-28T00:00:00.000Z,6/28/2006 8:15:00 AM,Driveway Junction,18.0,"MOTOR VEHICLE STRUCK PEDALCYCLIST, FRONT END AT ANGLE",,0,Clear or Partly Cloudy,Dry,Daylight,Y,,45,Vehicle - Pedalcyclist,0,N,Washington,47.57002059923522,-122.27835128600842
Block,MARION ST BETWEEN 2ND AVE AND 3RD AVE,2,Injury Collision,Cycles,2,0,1,1,1,0,0,2006-05-03T00:00:00.000Z,5/3/2006,Driveway Junction,51.0,PEDALCYCLIST STRUCK MOTOR VEHICLE FRONT END AT ANGLE,,0,Clear or Partly Cloudy,Dry,Daylight,,,45,Vehicle - Pedalcyclist,0,N,Washington,47.60467777601554,-122.33392354160402
Block,3RD AVE BETWEEN VIRGINIA ST AND LENORA ST,2,Injury Collision,Cycles,2,0,1,1,1,0,0,2006-01-30T00:00:00.000Z,1/30/2006 3:21:00 PM,Mid-Block (not related to intersection),21.0,"MOTOR VEHICLE STRUCK PEDALCYCLIST, REAR END",,0,Clear or Partly Cloudy,Dry,Daylight,Y,,45,Vehicle - Pedalcyclist,0,N,Washington,47.612781510508185,-122.34154107872972
Intersection,AURORA AVE N AND WINONA AVE N,2,Injury Collision,Cycles,2,0,1,1,1,0,0,2006-05-26T00:00:00.000Z,5/26/2006 3:21:00 PM,At Intersection (intersection related),18.0,"MOTOR VEHICLE STRUCK PEDALCYCLIST, FRONT END AT ANGLE",,0,Clear or Partly Cloudy,Dry,Daylight,,,45,Vehicle - Pedalcyclist,0,N,Washington,47.6827723725016,-122.34448441440495
Intersection,ROY ST AND TAYLOR AVE N,2b,Serious Injury Collision,Cycles,2,0,1,1,1,1,0,2006-05-17T00:00:00.000Z,5/17/2006 7:01:00 PM,At Intersection (intersection related),51.0,PEDALCYCLIST STRUCK MOTOR VEHICLE FRONT END AT ANGLE,,0,Clear or Partly Cloudy,Dry,Daylight,,,45,Vehicle - Pedalcyclist,0,N,Washington,47.625418103081856,-122.34625917417348
Intersection,4TH AVE NE AND EAST GREEN LAKE WAY N,1,Property Damage Only Collision,Cycles,2,0,1,1,0,0,0,2006-06-16T00:00:00.000Z,6/16/2006 5:05:00 PM,At Intersection (intersection related),18.0,"MOTOR VEHICLE STRUCK PEDALCYCLIST, FRONT END AT ANGLE",,0,Clear or Partly Cloudy,Dry,Daylight,Y,,45,Vehicle - Pedalcyclist,0,N,Washington,47.678556370481,-122.32683662731364
Block,S COLUMBIAN WAY BETWEEN 15TH S AVE S AND S OREGON W ST,2,Injury Collision,Cycles,3,0,1,1,1,0,0,2006-12-01T00:00:00.000Z,12/1/2006,Mid-Block (not related to intersection),51.0,PEDALCYCLIST STRUCK MOTOR VEHICLE FRONT END AT ANGLE,,0,Overcast,Wet,Daylight,,,45,Vehicle - Pedalcyclist,0,N,Washington,47.563895037626494,-122.31339860253118
Intersection,1ST AVE S AND S JACKSON ST,2,Injury Collision,Cycles,2,0,1,1,1,0,0,2006-09-12T00:00:00.000Z,9/12/2006 3:50:00 PM,At Intersection (intersection related),51.0,PEDALCYCLIST STRUCK MOTOR VEHICLE FRONT END AT ANGLE,,0,Clear or Partly Cloudy,Dry,Daylight,,,45,Vehicle - Pedalcyclist,0,N,Washington,47.59920482885765,-122.33418803153756
Block,BEACH DR SW BETWEEN SW BEACH DRIVE TER AND SW CANADA DR,1,Property Damage Only Collision,Cycles,2,0,1,1,0,0,0,2006-03-23T00:00:00.000Z,3/23/2006 9:11:00 PM,Mid-Block (not related to intersection),18.0,"MOTOR VEHICLE STRUCK PEDALCYCLIST, FRONT END AT ANGLE",,0,Clear or Partly Cloudy,Dry,Dark - Street Lights On,Y,,45,Vehicle - Pedalcyclist,0,N,Washington,47.556655337738526,-122.40048817748544
Block,24TH AVE E BETWEEN DEAD END 1 AND E NORTH ST,2,Injury Collision,Cycles,2,0,1,1,1,0,0,2006-06-22T00:00:00.000Z,6/22/2006 4:21:00 PM,Driveway Junction,51.0,PEDALCYCLIST STRUCK MOTOR VEHICLE FRONT END AT ANGLE,,0,Clear or Partly Cloudy,Dry,Daylight,,,45,Vehicle - Pedalcyclist,0,N,Washington,47.643612560559156,-122.30212674644044
Intersection,CALIFORNIA AVE SW AND SW OREGON ST,2,Injury Collision,Cycles,2,0,1,1,1,0,0,2006-08-30T00:00:00.000Z,8/30/2006 12:45:00 PM,At Intersection (intersection related),18.0,"MOTOR VEHICLE STRUCK PEDALCYCLIST, FRONT END AT ANGLE",,0,Clear or Partly Cloudy,Dry,Daylight,,,45,Vehicle - Pedalcyclist,0,N,Washington,47.562911624695246,-122.38677531782332
Block,FAIRVIEW AVE E BETWEEN E LYNN ST AND E ROANOKE ST,2b,Serious Injury Collision,Cycles,2,0,1,1,1,1,0,2006-08-14T00:00:00.000Z,8/14/2006 5:47:00 PM,Driveway Junction,18.0,"MOTOR VEHICLE STRUCK PEDALCYCLIST, FRONT END AT ANGLE",,0,Clear or Partly Cloudy,Dry,Daylight,Y,,45,Vehicle - Pedalcyclist,0,N,Washington,47.64151665653793,-122.32940753165335
Intersection,4TH AVE AND VIRGINIA ST,2,Injury Collision,Cycles,3,0,1,1,1,0,0,2006-05-11T00:00:00.000Z,5/11/2006 9:55:00 AM,At Intersection (intersection related),18.0,"MOTOR VEHICLE STRUCK PEDALCYCLIST, FRONT END AT ANGLE",,0,Clear or Partly Cloudy,Dry,Daylight,Y,,45,Vehicle - Pedalcyclist,0,N,Washington,47.61306259489485,-122.34003289773935
Block,LAKE WASHINGTON BLVD S BETWEEN LAKESIDE AVE S AND LAKE PARK DR S,1,Property Damage Only Collision,Cycles,2,0,1,1,0,0,0,2006-05-14T00:00:00.000Z,5/14/2006 3:17:00 PM,Mid-Block (not related to intersection),23.0,"MOTOR VEHICLE STRUCK PEDALCYCLIST, LEFT SIDE SIDESWIPE",,0,Clear or Partly Cloudy,Dry,Daylight,,,45,Vehicle - Pedalcyclist,0,N,Washington,47.58425203588863,-122.28789275696462
Block,N 45TH ST BETWEEN SUNNYSIDE AVE N AND EASTERN AVE N,2b,Serious Injury Collision,Cycles,2,0,1,1,1,1,0,2006-03-03T00:00:00.000Z,3/3/2006,Mid-Block (not related to intersection),56.0,PEDALCYCLIST STRUCK MOTOR VEHICLE LEFT SIDE SIDESWIPE,,0,Clear or Partly Cloudy,Dry,Daylight,,,45,Vehicle - Pedalcyclist,0,N,Washington,47.661366250684935,-122.32956791480395
Block,N 85TH ST BETWEEN LINDEN AVE N AND AURORA AVE N,2b,Serious Injury Collision,Cycles,2,0,1,1,1,1,0,2006-04-10T00:00:00.000Z,4/10/2006 5:30:00 PM,Driveway Junction,18.0,"MOTOR VEHICLE STRUCK PEDALCYCLIST, FRONT END AT ANGLE",,0,Clear or Partly Cloudy,Dry,Daylight,Y,,45,Vehicle - Pedalcyclist,0,N,Washington,47.690566701467645,-122.34586655194221
Intersection,15TH AVE NE AND NE PACIFIC ST,1,Property Damage Only Collision,Cycles,3,0,1,1,0,0,0,2006-09-02T00:00:00.000Z,9/2/2006,At Intersection (intersection related),18.0,"MOTOR VEHICLE STRUCK PEDALCYCLIST, FRONT END AT ANGLE",,0,Clear or Partly Cloudy,Dry,Daylight,Y,,45,Vehicle - Pedalcyclist,0,N,Washington,47.65297596413605,-122.31246414473328
Block,BOREN AVE S BETWEEN E YESLER WAY AND 12TH AVE S TURN RD,2,Injury Collision,Cycles,5,0,1,1,1,0,0,2006-12-07T00:00:00.000Z,12/7/2006,Mid-Block (but intersection related),11.0,"MOTOR VEHICLE STRUCK MOTOR VEHICLE, FRONT END AT ANGLE",,0,Overcast,Wet,Dark - Street Lights On,Y,,45,Vehicle - Pedalcyclist,0,N,Washington,47.601445086056735,-122.31756839878125
Intersection,24TH AVE E AND E NORTH ST,1,Property Damage Only Collision,Cycles,2,0,1,1,0,0,0,2006-08-16T00:00:00.000Z,8/16/2006 4:50:00 PM,At Intersection (intersection related),51.0,PEDALCYCLIST STRUCK MOTOR VEHICLE FRONT END AT ANGLE,,0,Clear or Partly Cloudy,Dry,Daylight,,,45,Vehicle - Pedalcyclist,0,N,Washington,47.643736343292865,-122.30212607447056
Intersection,11TH AVE AND E PINE ST,2,Injury Collision,Cycles,2,0,1,1,1,0,0,2006-08-25T00:00:00.000Z,8/25/2006 6:51:00 PM,At Intersection (intersection related),18.0,"MOTOR VEHICLE STRUCK PEDALCYCLIST, FRONT END AT ANGLE",,0,Clear or Partly Cloudy,Dry,Daylight,Y,,45,Vehicle - Pedalcyclist,0,N,Washington,47.61525439144628,-122.31815943391057
Block,DEXTER AVE N BETWEEN HIGHLAND DR AND COMSTOCK ST,2,Injury Collision,Cycles,2,0,1,1,1,0,0,2006-04-24T00:00:00.000Z,4/24/2006 8:14:00 AM,Mid-Block (not related to intersection),56.0,PEDALCYCLIST STRUCK MOTOR VEHICLE LEFT SIDE SIDESWIPE,,0,Clear or Partly Cloudy,Dry,Daylight,,,45,Vehicle - Pedalcyclist,0,N,Washington,47.630151643151216,-122.3422997762902
Intersection,BURKE AVE N AND N NORTHLAKE WAY,2,Injury Collision,Cycles,2,0,1,1,1,0,0,2006-04-25T00:00:00.000Z,4/25/2006 6:36:00 PM,At Intersection (but not related to intersection),18.0,"MOTOR VEHICLE STRUCK PEDALCYCLIST, FRONT END AT ANGLE",,0,Clear or Partly Cloudy,Dry,Daylight,Y,,45,Vehicle - Pedalcyclist,0,N,Washington,47.64687291252812,-122.3351687568724
Intersection,HIAWATHA PL S AND S CHARLES ST,2,Injury Collision,Cycles,2,0,1,1,1,0,0,2006-06-06T00:00:00.000Z,6/6/2006,At Intersection (intersection related),18.0,"MOTOR VEHICLE STRUCK PEDALCYCLIST, FRONT END AT ANGLE",,0,Clear or Partly Cloudy,Dry,Daylight,,,45,Vehicle - Pedalcyclist,0,N,Washington,47.59443215095732,-122.30912072499359
Intersection,UNIVERSITY WAY NE AND NE PACIFIC ST,2,Injury Collision,Cycles,2,0,1,1,1,0,0,2006-04-28T00:00:00.000Z,4/28/2006 5:30:00 PM,At Intersection (intersection related),18.0,"MOTOR VEHICLE STRUCK PEDALCYCLIST, FRONT END AT ANGLE",,0,Clear or Partly Cloudy,Dry,Daylight,,,45,Vehicle - Pedalcyclist,0,N,Washington,47.653399440542536,-122.31333457571537
Intersection,BROOKLYN AVE NE AND NE 50TH ST,2,Injury Collision,Cycles,2,0,1,1,1,0,0,2006-09-05T00:00:00.000Z,9/5/2006,At Intersection (intersection related),18.0,"MOTOR VEHICLE STRUCK PEDALCYCLIST, FRONT END AT ANGLE",,0,Clear or Partly Cloudy,Dry,Daylight,Y,,45,Vehicle - Pedalcyclist,0,N,Washington,47.66490847462878,-122.3142100907226
Intersection,BROAD ST AND DENNY WAY,2,Injury Collision,Cycles,2,0,1,1,1,0,0,2006-10-27T00:00:00.000Z,10/27/2006 8:19:00 AM,At Intersection (intersection related),18.0,"MOTOR VEHICLE STRUCK PEDALCYCLIST, FRONT END AT ANGLE",Y,0,Clear or Partly Cloudy,Dry,Daylight,Y,,45,Vehicle - Pedalcyclist,0,N,Washington,47.618581919331426,-122.35035531469565
Block,STEWART ST BETWEEN 8TH AVE AND 9TH AVE,2,Injury Collision,Cycles,2,0,1,1,1,0,0,2006-08-15T00:00:00.000Z,8/15/2006 9:27:00 AM,Driveway Junction,18.0,"MOTOR VEHICLE STRUCK PEDALCYCLIST, FRONT END AT ANGLE",,0,Clear or Partly Cloudy,Dry,Daylight,,,45,Vehicle - Pedalcyclist,0,N,Washington,47.6152834716801,-122.33486718071192
Block,HOWELL ST BETWEEN BOREN AVE AND MINOR AVE,1,Property Damage Only Collision,Cycles,2,0,1,1,0,0,0,2006-12-23T00:00:00.000Z,12/23/2006 4:30:00 PM,Mid-Block (not related to intersection),23.0,"MOTOR VEHICLE STRUCK PEDALCYCLIST, LEFT SIDE SIDESWIPE",,0,Clear or Partly Cloudy,Dry,Dark - Street Lights On,,,45,Vehicle - Pedalcyclist,0,N,Washington,47.616505950936705,-122.33099161678236
Block,N NORTHGATE WAY BETWEEN MIDVALE AVE N AND STONE AVE N,2,Injury Collision,Cycles,2,0,1,1,1,0,0,2006-09-09T00:00:00.000Z,9/9/2006,Mid-Block (not related to intersection),21.0,"MOTOR VEHICLE STRUCK PEDALCYCLIST, REAR END",,0,Raining,Wet,Dark - Street Lights On,,,45,Vehicle - Pedalcyclist,0,N,Washington,47.70504850303475,-122.34266812741976
Intersection,ROOSEVELT WAY NE AND NE 42ND S ST,2,Injury Collision,Cycles,2,0,1,1,1,0,0,2006-09-11T00:00:00.000Z,9/11/2006 11:14:00 PM,At Intersection (intersection related),18.0,"MOTOR VEHICLE STRUCK PEDALCYCLIST, FRONT END AT ANGLE",,0,Clear or Partly Cloudy,Dry,Dark - Street Lights On,Y,,45,Vehicle - Pedalcyclist,0,N,Washington,47.657514224809034,-122.317802129097
Block,4TH AVE S BETWEEN S WASHINGTON ST AND S MAIN ST,2,Injury Collision,Cycles,2,0,1,1,1,0,0,2006-10-13T00:00:00.000Z,10/13/2006 12:40:00 PM,Driveway Junction,18.0,"MOTOR VEHICLE STRUCK PEDALCYCLIST, FRONT END AT ANGLE",,0,Unknown,Unknown,Daylight,Y,,45,Vehicle - Pedalcyclist,0,N,Washington,47.60045709635232,-122.328963820014
Block,26TH AVE E BETWEEN BOYER AVE E AND E NEWTON ST,2b,Serious Injury Collision,Cycles,2,0,1,1,1,1,0,2006-12-07T00:00:00.000Z,12/7/2006,Mid-Block (but intersection related),51.0,PEDALCYCLIST STRUCK MOTOR VEHICLE FRONT END AT ANGLE,,0,Overcast,Dry,Daylight,,,45,Vehicle - Pedalcyclist,0,N,Washington,47.635908906439646,-122.29947268423828
Intersection,MAYNARD AVE S AND S DEARBORN ST,2,Injury Collision,Cycles,2,0,1,1,1,0,0,2006-04-10T00:00:00.000Z,4/10/2006 8:38:00 PM,At Intersection (intersection related),51.0,PEDALCYCLIST STRUCK MOTOR VEHICLE FRONT END AT ANGLE,,0,Clear or Partly Cloudy,Dry,Dark - Street Lights On,,,45,Vehicle - Pedalcyclist,0,N,Washington,47.595835342589986,-122.32506845117202
Intersection,SAND POINT WAY NE AND NE 106TH ST,2,Injury Collision,Cycles,2,0,1,1,1,0,0,2006-10-06T00:00:00.000Z,10/6/2006,At Intersection (intersection related),18.0,"MOTOR VEHICLE STRUCK PEDALCYCLIST, FRONT END AT ANGLE",,0,Raining,Wet,Daylight,Y,,45,Vehicle - Pedalcyclist,0,N,Washington,47.70507904273176,-122.27831258289964
Block,6TH AVE BETWEEN BELL ST AND BATTERY ST,2,Injury Collision,Cycles,2,0,1,1,1,0,0,2006-07-19T00:00:00.000Z,7/19/2006 8:49:00 AM,Mid-Block (not related to intersection),18.0,"MOTOR VEHICLE STRUCK PEDALCYCLIST, FRONT END AT ANGLE",,0,Clear or Partly Cloudy,Dry,Daylight,,,45,Vehicle - Pedalcyclist,0,N,Washington,47.617080824580604,-122.34286408573686
Intersection,BOREN AVE AND PIKE ST,2,Injury Collision,Cycles,2,0,1,1,1,0,0,2006-07-20T00:00:00.000Z,7/20/2006 9:45:00 PM,At Intersection (intersection related),18.0,"MOTOR VEHICLE STRUCK PEDALCYCLIST, FRONT END AT ANGLE",,0,Clear or Partly Cloudy,Dry,Dark - Street Lights On,Y,,45,Vehicle - Pedalcyclist,0,N,Washington,47.61346582031274,-122.328913101671
Intersection,CALIFORNIA AVE SW AND SW BEVERIDGE PL,2,Injury Collision,Cycles,2,0,1,1,1,0,0,2006-11-03T00:00:00.000Z,11/3/2006,At Intersection (intersection related),51.0,PEDALCYCLIST STRUCK MOTOR VEHICLE FRONT END AT ANGLE,,0,Raining,Wet,Dark - Street Lights On,,,45,Vehicle - Pedalcyclist,0,N,Washington,47.54532546984792,-122.38721010333704
Intersection,EVANSTON AVE N AND N 102ND ST,2,Injury Collision,Cycles,2,0,1,1,1,0,0,2006-05-12T00:00:00.000Z,5/12/2006 6:54:00 PM,At Intersection (intersection related),51.0,PEDALCYCLIST STRUCK MOTOR VEHICLE FRONT END AT ANGLE,,0,Clear or Partly Cloudy,Dry,Daylight,,,45,Vehicle - Pedalcyclist,0,N,Washington,47.702895299782426,-122.35087226521235
Block,12TH AVE NE BETWEEN NE 63RD ST AND NE 64TH ST,2,Injury Collision,Cycles,2,0,1,1,1,0,0,2006-06-21T00:00:00.000Z,6/21/2006 6:08:00 PM,Mid-Block (not related to intersection),18.0,"MOTOR VEHICLE STRUCK PEDALCYCLIST, FRONT END AT ANGLE",,0,Clear or Partly Cloudy,Dry,Daylight,Y,,45,Vehicle - Pedalcyclist,0,N,Washington,47.67456686735353,-122.31565782575588
Intersection,7TH AVE NE AND NE 40TH ST,1,Property Damage Only Collision,Cycles,2,0,1,1,0,0,0,2006-01-03T00:00:00.000Z,1/3/2006,At Intersection (intersection related),18.0,"MOTOR VEHICLE STRUCK PEDALCYCLIST, FRONT END AT ANGLE",,0,Clear or Partly Cloudy,Wet,Daylight,Y,,45,Vehicle - Pedalcyclist,0,N,Washington,47.65589325279186,-122.3208541451558
Intersection,DEARBORN OFF RP AND S DEARBORN ST,2,Injury Collision,Cycles,2,0,1,1,1,0,0,2006-02-22T00:00:00.000Z,2/22/2006 10:54:00 AM,At Intersection (intersection related),51.0,PEDALCYCLIST STRUCK MOTOR VEHICLE FRONT END AT ANGLE,,0,Overcast,Dry,Daylight,,,45,Vehicle - Pedalcyclist,0,N,Washington,47.595831546540964,-122.32137099496687
Intersection,2ND AVE AND PIKE ST,2,Injury Collision,Cycles,3,0,1,1,1,0,0,2006-05-26T00:00:00.000Z,5/26/2006 9:59:00 PM,At Intersection (intersection related),51.0,PEDALCYCLIST STRUCK MOTOR VEHICLE FRONT END AT ANGLE,,0,Clear or Partly Cloudy,Dry,Dark - Street Lights On,,,45,Vehicle - Pedalcyclist,0,N,Washington,47.60928514308913,-122.33890369362145
Block,N 38TH ST BETWEEN FREMONT WAY N AND FREMONT TURN RD,1,Property Damage Only Collision,Cycles,3,0,1,1,0,0,0,2006-10-23T00:00:00.000Z,10/23/2006 5:13:00 PM,Mid-Block (not related to intersection),21.0,"MOTOR VEHICLE STRUCK PEDALCYCLIST, REAR END",Y,0,Clear or Partly Cloudy,Dry,Daylight,,,45,Vehicle - Pedalcyclist,0,N,Washington,47.65259365382372,-122.34814300462332
Intersection,CORSON AVE S AND S MICHIGAN ST,2,Injury Collision,Cycles,2,0,1,1,1,0,0,2006-06-20T00:00:00.000Z,6/20/2006 9:43:00 PM,At Intersection (intersection related),18.0,"MOTOR VEHICLE STRUCK PEDALCYCLIST, FRONT END AT ANGLE",,0,Clear or Partly Cloudy,Dry,Dark - Street Lights On,Y,,45,Vehicle - Pedalcyclist,0,N,Washington,47.54750295452257,-122.32143892866449
Block,WINONA AVE N BETWEEN AURORA AVE N AND STONE AVE N,2,Injury Collision,Cycles,2,0,1,1,1,0,0,2006-09-27T00:00:00.000Z,9/27/2006 4:58:00 PM,Mid-Block (not related to intersection),18.0,"MOTOR VEHICLE STRUCK PEDALCYCLIST, FRONT END AT ANGLE",Y,0,Clear or Partly Cloudy,Dry,Daylight,,,45,Vehicle - Pedalcyclist,0,N,Washington,47.68315822020728,-122.34360126285841
Block,SW GRAHAM ST BETWEEN LANHAM PL SW AND 34TH AVE SW,1,Property Damage Only Collision,Cycles,2,0,1,1,0,0,0,2006-12-27T00:00:00.000Z,12/27/2006 4:55:00 PM,Mid-Block (not related to intersection),18.0,"MOTOR VEHICLE STRUCK PEDALCYCLIST, FRONT END AT ANGLE",,0,Overcast,Wet,Dark - Street Lights On,,,45,Vehicle - Pedalcyclist,0,N,Washington,47.54662662642273,-122.37413127650488
Block,HIGHLAND PARK WAY SW BETWEEN 2ND AVE SW AND WEST MARGINAL WAY SW,3,Fatality Collision,Cycles,2,0,1,1,0,0,1,2006-03-17T00:00:00.000Z,3/17/2006 1:01:00 PM,Mid-Block (not related to intersection),18.0,"MOTOR VEHICLE STRUCK PEDALCYCLIST, FRONT END AT ANGLE",,0,Clear or Partly Cloudy,Dry,Daylight,,Y,45,Vehicle - Pedalcyclist,0,N,Washington,47.54021972719402,-122.33963325771212
Intersection,LEARY WAY NW AND NW 39TH ST,1,Property Damage Only Collision,Cycles,2,0,1,1,0,0,0,2006-04-18T00:00:00.000Z,4/18/2006 8:12:00 AM,At Intersection (intersection related),18.0,"MOTOR VEHICLE STRUCK PEDALCYCLIST, FRONT END AT ANGLE",Y,0,Clear or Partly Cloudy,Dry,Daylight,Y,,45,Vehicle - Pedalcyclist,0,N,Washington,47.65414586409272,-122.3600631614177
Block,NE 45TH ST BETWEEN UNIVERSITY WAY NE AND 15TH AVE NE,2,Injury Collision,Cycles,2,0,1,1,1,0,0,2006-04-26T00:00:00.000Z,4/26/2006 9:21:00 PM,Driveway Junction,18.0,"MOTOR VEHICLE STRUCK PEDALCYCLIST, FRONT END AT ANGLE",,0,Clear or Partly Cloudy,Dry,Dusk,Y,,45,Vehicle - Pedalcyclist,0,N,Washington,47.66126567422878,-122.31256350599028
Block,SEAVIEW AVE NW BETWEEN NW 61ST ST AND NW 67TH ST,2,Injury Collision,Cycles,2,0,1,1,1,0,0,2006-09-11T00:00:00.000Z,9/11/2006 8:30:00 PM,Driveway Junction,18.0,"MOTOR VEHICLE STRUCK PEDALCYCLIST, FRONT END AT ANGLE",,0,Unknown,Unknown,Unknown,,,45,Vehicle - Pedalcyclist,0,N,Washington,47.67489630560241,-122.40636222592737
Intersection,MONTLAKE BLVD NE AND NE PACIFIC PL,2,Injury Collision,Cycles,2,0,1,1,1,0,0,2006-05-06T00:00:00.000Z,5/6/2006,At Intersection (intersection related),18.0,"MOTOR VEHICLE STRUCK PEDALCYCLIST, FRONT END AT ANGLE",,0,Overcast,Dry,Daylight,Y,,45,Vehicle - Pedalcyclist,0,N,Washington,47.65108342030089,-122.30390735977595