addrtype,location,severitycode,severitydesc,collisiontype,personcount,pedcount,pedcylcount,vehcount,injuries,seriousinjuries,fatalities,incdate,incdttm,junctiontype,sdot_colcode,sdot_coldesc,inattentionind,underinfl,weather,roadcond,lightcond,pedrownotgrnt,speeding,st_colcode,st_coldesc,crosswalkkey,hitparkedcar,state,latitude,longitude
Intersection,12TH AVE AND E YESLER WAY,2,Injury Collision,Cycles,2,0,1,1,1,0,0,2007-05-26T00:00:00.000Z,5/26/2007 3:00:00 PM,At Intersection (intersection related),51.0,PEDALCYCLIST STRUCK MOTOR VEHICLE FRONT END AT ANGLE,,0,Overcast,Dry,Daylight,,,45,Vehicle - Pedalcyclist,0,N,Washington,47.60169336783193,-122.31678189326038
Block,SEAVIEW AVE NW BETWEEN NW 61ST ST AND NW 67TH ST,2,Injury Collision,Cycles,2,0,1,1,1,0,0,2007-06-08T00:00:00.000Z,6/8/2007,Driveway Junction,18.0,"MOTOR VEHICLE STRUCK PEDALCYCLIST, FRONT END AT ANGLE",,0,Clear or Partly Cloudy,Dry,Daylight,Y,,45,Vehicle - Pedalcyclist,0,N,Washington,47.67489630560241,-122.40636222592737
Intersection,32ND AVE W AND W THURMAN ST,2,Injury Collision,Cycles,2,0,1,1,1,0,0,2007-07-07T00:00:00.000Z,7/7/2007,At Intersection (intersection related),18.0,"MOTOR VEHICLE STRUCK PEDALCYCLIST, FRONT END AT ANGLE",,0,Clear or Partly Cloudy,Dry,Daylight,,,45,Vehicle - Pedalcyclist,0,N,Washington,47.6558704373855,-122.39823125754612
Block,WEST MARGINAL WAY SW BETWEEN MARGINAL SB PL SW AND SW ANDOVER ST,2,Injury Collision,Cycles,2,0,1,1,1,0,0,2007-08-21T00:00:00.000Z,8/21/2007 10:50:00 AM,Mid-Block (but intersection related),18.0,"MOTOR VEHICLE STRUCK PEDALCYCLIST, FRONT END AT ANGLE",,0,Overcast,Dry,Daylight,,,45,Vehicle - Pedalcyclist,0,N,Washington,47.56872400841281,-122.35477519877215
Block,S AUSTIN ST BETWEEN 40TH AVE S AND M L KING JR WR WAY S,2,Injury Collision,Cycles,2,0,1,1,1,0,0,2007-05-10T00:00:00.000Z,5/10/2007 6:00:00 PM,Driveway Junction,51.0,PEDALCYCLIST STRUCK MOTOR VEHICLE FRONT END AT ANGLE,,0,Clear or Partly Cloudy,Dry,Daylight,,,45,Vehicle - Pedalcyclist,0,N,Washington,47.53420099446016,-122.28134696437219
Block,2ND AVE BETWEEN UNIVERSITY ST AND UNION ST,2b,Serious Injury Collision,Cycles,4,0,1,2,1,1,0,2007-05-04T00:00:00.000Z,5/4/2007,Mid-Block (not related to intersection),51.0,PEDALCYCLIST STRUCK MOTOR VEHICLE FRONT END AT ANGLE,,0,Clear or Partly Cloudy,Dry,Daylight,,,45,Vehicle - Pedalcyclist,0,N,Washington,47.60779444958214,-122.33754001043816
Block,PINE ST BETWEEN 4TH AVE AND 5TH AVE,1,Property Damage Only Collision,Cycles,2,0,1,1,0,0,0,2007-06-23T00:00:00.000Z,6/23/2007 2:45:00 PM,Mid-Block (not related to intersection),18.0,"MOTOR VEHICLE STRUCK PEDALCYCLIST, FRONT END AT ANGLE",,0,Clear or Partly Cloudy,Dry,Daylight,,,45,Vehicle - Pedalcyclist,0,N,Washington,47.61143896130045,-122.33703968049414
Block,5TH AVE N BETWEEN BROAD ST AND HARRISON ST,2,Injury Collision,Cycles,2,0,1,1,1,0,0,2007-04-30T00:00:00.000Z,4/30/2007 9:37:00 AM,Driveway Junction,18.0,"MOTOR VEHICLE STRUCK PEDALCYCLIST, FRONT END AT ANGLE",Y,0,Clear or Partly Cloudy,Dry,Daylight,,,45,Vehicle - Pedalcyclist,0,N,Washington,47.62148874738534,-122.34759660348777
Block,ELLIOTT AVE BETWEEN BAY ST AND W DENNY WAY,1,Property Damage Only Collision,Cycles,2,0,1,1,0,0,0,2007-01-27T00:00:00.000Z,1/27/2007 1:00:00 PM,Driveway Junction,18.0,"MOTOR VEHICLE STRUCK PEDALCYCLIST, FRONT END AT ANGLE",,0,Clear or Partly Cloudy,Dry,Daylight,,,45,Vehicle - Pedalcyclist,0,N,Washington,47.61795105151784,-122.35756633587404
Intersection,1ST AVE NE AND NE PACIFIC ST,2,Injury Collision,Cycles,2,0,1,1,1,0,0,2007-05-01T00:00:00.000Z,5/1/2007,At Intersection (intersection related),51.0,PEDALCYCLIST STRUCK MOTOR VEHICLE FRONT END AT ANGLE,,0,Raining,Wet,Dark - Street Lights On,,,45,Vehicle - Pedalcyclist,0,N,Washington,47.65369250834043,-122.32790419393694
Intersection,6TH AVE AND PINE ST,2,Injury Collision,Cycles,3,0,1,2,1,0,0,2007-10-02T00:00:00.000Z,10/2/2007,At Intersection (intersection related),18.0,"MOTOR VEHICLE STRUCK PEDALCYCLIST, FRONT END AT ANGLE",,0,Raining,Wet,Daylight,,,45,Vehicle - Pedalcyclist,523150,N,Washington,47.6121364586989,-122.33537313665079
Block,GILMAN UPPER DR W BETWEEN 13TH AVE W AND W WHEELER ST,2,Injury Collision,Cycles,2,0,1,1,1,0,0,2007-07-11T00:00:00.000Z,7/11/2007 3:00:00 PM,Mid-Block (not related to intersection),18.0,"MOTOR VEHICLE STRUCK PEDALCYCLIST, FRONT END AT ANGLE",,0,Clear or Partly Cloudy,Dry,Daylight,Y,,45,Vehicle - Pedalcyclist,0,N,Washington,47.64021208823424,-122.37400223136234
Intersection,5TH AVE AND PINE ST,1,Property Damage Only Collision,Cycles,2,0,1,1,0,0,0,2007-03-07T00:00:00.000Z,3/7/2007,At Intersection (intersection related),51.0,PEDALCYCLIST STRUCK MOTOR VEHICLE FRONT END AT ANGLE,,0,Overcast,Wet,Dark - Street Lights On,,,45,Vehicle - Pedalcyclist,630800,N,Washington,47.611672009747465,-122.33648396621885
Intersection,LINCOLN PARK WAY SW AND MURRAY AVE SW,2b,Serious Injury Collision,Cycles,2,0,1,1,1,1,0,2007-08-26T00:00:00.000Z,8/26/2007 2:44:00 PM,At Intersection (intersection related),18.0,"MOTOR VEHICLE STRUCK PEDALCYCLIST, FRONT END AT ANGLE",,0,Clear or Partly Cloudy,Dry,Daylight,Y,,45,Vehicle - Pedalcyclist,0,N,Washington,47.539916223589884,-122.39537932118776
Block,2ND AVE BETWEEN UNIVERSITY ST AND UNION ST,2b,Serious Injury Collision,Cycles,2,0,1,1,1,1,0,2007-08-10T00:00:00.000Z,8/10/2007 9:04:00 AM,Driveway Junction,18.0,"MOTOR VEHICLE STRUCK PEDALCYCLIST, FRONT END AT ANGLE",,0,Clear or Partly Cloudy,Dry,Daylight,Y,,45,Vehicle - Pedalcyclist,0,N,Washington,47.60779444958214,-122.33754001043816
Block,ALKI AVE SW BETWEEN SW ARKANSAS ST AND SW HAMPSHIRE ST,2,Injury Collision,Cycles,2,0,1,1,1,0,0,2007-10-23T00:00:00.000Z,10/23/2007 5:14:00 PM,Driveway Junction,18.0,"MOTOR VEHICLE STRUCK PEDALCYCLIST, FRONT END AT ANGLE",,0,Clear or Partly Cloudy,Dry,Daylight,Y,,45,Vehicle - Pedalcyclist,0,N,Washington,47.589503781641156,-122.39412509410221
Intersection,2ND AVE AND MARION ST,2b,Serious Injury Collision,Cycles,2,0,1,1,1,1,0,2007-12-06T00:00:00.000Z,12/6/2007,At Intersection (intersection related),18.0,"MOTOR VEHICLE STRUCK PEDALCYCLIST, FRONT END AT ANGLE",,0,Clear or Partly Cloudy,Dry,Daylight,,,45,Vehicle - Pedalcyclist,0,N,Washington,47.604446464596656,-122.33447723507861
Block,11TH AVE NE BETWEEN NE 55TH ST AND NE 56TH ST,2,Injury Collision,Cycles,2,0,1,1,1,0,0,2007-06-18T00:00:00.000Z,6/18/2007 2:50:00 PM,Mid-Block (not related to intersection),18.0,"MOTOR VEHICLE STRUCK PEDALCYCLIST, FRONT END AT ANGLE",,0,Clear or Partly Cloudy,Dry,Daylight,,,45,Vehicle - Pedalcyclist,0,N,Washington,47.66899929837646,-122.31628654112657
Block,BROADWAY BETWEEN MARION ST AND MADISON ST,2,Injury Collision,Cycles,3,0,1,2,1,0,0,2007-11-17T00:00:00.000Z,11/17/2007 8:30:00 PM,Mid-Block (not related to intersection),18.0,"MOTOR VEHICLE STRUCK PEDALCYCLIST, FRONT END AT ANGLE",,0,Overcast,Dry,Dark - Street Lights On,Y,,45,Vehicle - Pedalcyclist,0,N,Washington,47.610675068237384,-122.3207593142374
Block,E MADISON ST BETWEEN M L KING JR WAY E AND 28TH AVE E,2,Injury Collision,Cycles,2,0,1,1,1,0,0,2007-02-21T00:00:00.000Z,2/21/2007 3:44:00 PM,Mid-Block (not related to intersection),56.0,PEDALCYCLIST STRUCK MOTOR VEHICLE LEFT SIDE SIDESWIPE,,0,Clear or Partly Cloudy,Dry,Daylight,,,45,Vehicle - Pedalcyclist,0,N,Washington,47.623395686312904,-122.29630786338006
Intersection,RAINIER AVE S AND S BRANDON ST,2,Injury Collision,Cycles,2,0,1,1,1,0,0,2007-07-13T00:00:00.000Z,7/13/2007 10:45:00 AM,At Intersection (intersection related),18.0,"MOTOR VEHICLE STRUCK PEDALCYCLIST, FRONT END AT ANGLE",,0,Clear or Partly Cloudy,Dry,Daylight,Y,,45,Vehicle - Pedalcyclist,0,N,Washington,47.553404802050714,-122.27965845484405
Intersection,STONE AVE N AND N 50TH ST,2,Injury Collision,Cycles,3,0,1,1,1,0,0,2007-11-27T00:00:00.000Z,11/27/2007 3:47:00 PM,At Intersection (intersection related),51.0,PEDALCYCLIST STRUCK MOTOR VEHICLE FRONT END AT ANGLE,,0,Clear or Partly Cloudy,Dry,Dusk,,,45,Vehicle - Pedalcyclist,0,N,Washington,47.66503744162639,-122.3420820439316
Intersection,23RD AVE AND E CHERRY ST,2b,Serious Injury Collision,Cycles,2,0,1,1,1,1,0,2007-08-14T00:00:00.000Z,8/14/2007 5:59:00 PM,At Intersection (intersection related),18.0,"MOTOR VEHICLE STRUCK PEDALCYCLIST, FRONT END AT ANGLE",,0,Clear or Partly Cloudy,Dry,Daylight,Y,,45,Vehicle - Pedalcyclist,0,N,Washington,47.60800896071418,-122.30276995562322
Intersection,SEWARD PARK AVE S AND S CLOVERDALE ST,2,Injury Collision,Cycles,2,0,1,1,1,0,0,2007-06-28T00:00:00.000Z,6/28/2007 5:36:00 PM,At Intersection (intersection related),18.0,"MOTOR VEHICLE STRUCK PEDALCYCLIST, FRONT END AT ANGLE",,0,Overcast,Dry,Daylight,Y,,45,Vehicle - Pedalcyclist,0,N,Washington,47.526734296479574,-122.26491262299757
Block,NE CAMPUS EB PY BETWEEN NE CAMPUS PY OFF RP AND 12TH AVE NE,1,Property Damage Only Collision,Cycles,2,0,1,1,0,0,0,2007-02-06T00:00:00.000Z,2/6/2007,Mid-Block (not related to intersection),21.0,"MOTOR VEHICLE STRUCK PEDALCYCLIST, REAR END",,0,Overcast,Dry,Daylight,,,45,Vehicle - Pedalcyclist,0,N,Washington,47.65602141940508,-122.31643796748263
Block,SW BARTON ST BETWEEN 25TH AVE SW AND 26TH AVE SW,2,Injury Collision,Cycles,2,0,1,1,1,0,0,2007-03-25T00:00:00.000Z,3/25/2007 2:05:00 PM,Mid-Block (not related to intersection),51.0,PEDALCYCLIST STRUCK MOTOR VEHICLE FRONT END AT ANGLE,,0,Clear or Partly Cloudy,Dry,Daylight,,,45,Vehicle - Pedalcyclist,0,N,Washington,47.52102253862422,-122.3652189957808
Block,E PIKE ST BETWEEN BELMONT AVE AND BOYLSTON AVE,2,Injury Collision,Cycles,2,0,1,1,1,0,0,2007-11-01T00:00:00.000Z,11/1/2007,Mid-Block (not related to intersection),54.0,PEDALCYCLIST STRUCK MOTOR VEHICLE REAR END,,0,Clear or Partly Cloudy,Dry,Dark - Street Lights On,,,45,Vehicle - Pedalcyclist,0,N,Washington,47.61410020127426,-122.32392864341921
Intersection,5TH AVE N AND ROY ST,2,Injury Collision,Cycles,2,0,1,1,1,0,0,2007-08-29T00:00:00.000Z,8/29/2007 4:47:00 PM,At Intersection (intersection related),18.0,"MOTOR VEHICLE STRUCK PEDALCYCLIST, FRONT END AT ANGLE",,0,Clear or Partly Cloudy,Dry,Daylight,Y,,45,Vehicle - Pedalcyclist,521788,N,Washington,47.62542294139034,-122.3475648211598
Block,NE 50TH ST BETWEEN 7TH AVE NE AND 8TH AVE NE,1,Property Damage Only Collision,Cycles,2,0,1,1,0,0,0,2007-09-13T00:00:00.000Z,9/13/2007 2:05:00 PM,Mid-Block (not related to intersection),23.0,"MOTOR VEHICLE STRUCK PEDALCYCLIST, LEFT SIDE SIDESWIPE",,0,Clear or Partly Cloudy,Dry,Daylight,Y,,45,Vehicle - Pedalcyclist,0,N,Washington,47.664954108337355,-122.3201244105086
Block,GREEN LAKE DR N BETWEEN N 80TH ST AND STONE AVE N,2,Injury Collision,Other,2,0,1,1,1,0,0,2007-09-06T00:00:00.000Z,9/6/2007,Mid-Block (but intersection related),69.0,PEDALCYCLIST OVERTURNED IN ROAD,Y,0,Clear or Partly Cloudy,Dry,Daylight,,,53,"Person fell, jumped or was pushed from vehicle",0,N,Washington,47.68729740924585,-122.34112502325121
Block,STEWART ST BETWEEN TERRY AVE AND BOREN AVE,1,Property Damage Only Collision,Cycles,2,0,1,1,0,0,0,2007-07-20T00:00:00.000Z,7/20/2007 8:35:00 AM,Driveway Junction,51.0,PEDALCYCLIST STRUCK MOTOR VEHICLE FRONT END AT ANGLE,,0,Raining,Wet,Daylight,,,45,Vehicle - Pedalcyclist,0,N,Washington,47.61661180923626,-122.3331489800814
Intersection,BOREN AVE AND PIKE ST,2,Injury Collision,Cycles,2,0,1,1,1,0,0,2007-10-18T00:00:00.000Z,10/18/2007 4:35:00 PM,At Intersection (intersection related),18.0,"MOTOR VEHICLE STRUCK PEDALCYCLIST, FRONT END AT ANGLE",,0,Clear or Partly Cloudy,Dry,Daylight,Y,,45,Vehicle - Pedalcyclist,0,N,Washington,47.61346582031274,-122.328913101671
Block,LAKE CITY WAY NE BETWEEN NE 143RD ST AND NE 145TH ST,2b,Serious Injury Collision,Cycles,4,0,2,1,1,1,0,2007-10-19T00:00:00.000Z,10/19/2007 10:03:00 PM,Mid-Block (not related to intersection),18.0,"MOTOR VEHICLE STRUCK PEDALCYCLIST, FRONT END AT ANGLE",,0,Raining,Wet,Dark - Street Lights On,,,45,Vehicle - Pedalcyclist,0,N,Washington,47.7328464994026,-122.29240305378809
Block,15TH AVE E BETWEEN E PROSPECT N ST AND E HIGHLAND DR,2,Injury Collision,Cycles,2,0,1,1,1,0,0,2007-08-09T00:00:00.000Z,8/9/2007,Mid-Block (not related to intersection),21.0,"MOTOR VEHICLE STRUCK PEDALCYCLIST, REAR END",,1,Clear or Partly Cloudy,Dry,Dark - Street Lights On,,,45,Vehicle - Pedalcyclist,0,N,Washington,47.629668315205535,-122.31253178545187
Block,UNIVERSITY WAY NE BETWEEN NE 41ST ST AND NE 42ND ST,2,Injury Collision,Cycles,3,0,1,2,1,0,0,2007-03-28T00:00:00.000Z,3/28/2007 3:50:00 PM,Mid-Block (not related to intersection),56.0,PEDALCYCLIST STRUCK MOTOR VEHICLE LEFT SIDE SIDESWIPE,,0,Clear or Partly Cloudy,Dry,Daylight,,,45,Vehicle - Pedalcyclist,0,N,Washington,47.657573166293204,-122.31322662429108
Block,1ST AVE BETWEEN LENORA ST AND BLANCHARD ST,2,Injury Collision,Cycles,2,0,1,1,1,0,0,2007-05-27T00:00:00.000Z,5/27/2007 1:05:00 AM,Driveway Junction,18.0,"MOTOR VEHICLE STRUCK PEDALCYCLIST, FRONT END AT ANGLE",,0,Clear or Partly Cloudy,Dry,Dark - Street Lights On,Y,,45,Vehicle - Pedalcyclist,0,N,Washington,47.61222096196305,-122.34456117977655
Intersection,26TH AVE AND E UNION ST,2b,Serious Injury Collision,Cycles,2,0,1,1,1,1,0,2007-02-06T00:00:00.000Z,2/6/2007,At Intersection (intersection related),18.0,"MOTOR VEHICLE STRUCK PEDALCYCLIST, FRONT END AT ANGLE",,0,Raining,Wet,Dark - Street Lights On,Y,,45,Vehicle - Pedalcyclist,0,N,Washington,47.612931041693976,-122.29880592049608
Block,AIRPORT WAY S BETWEEN S DAKOTA ST AND S ADAMS ST,2b,Serious Injury Collision,Cycles,2,0,1,1,1,1,0,2007-03-24T00:00:00.000Z,3/24/2007 2:57:00 AM,Mid-Block (not related to intersection),21.0,"MOTOR VEHICLE STRUCK PEDALCYCLIST, REAR END",,1,Raining,Wet,Dark - Street Lights On,,,45,Vehicle - Pedalcyclist,0,N,Washington,47.56669444783793,-122.32267394697641
Block,NE 45TH ST BETWEEN 1ST AVE NE AND 2ND AVE NE,2,Injury Collision,Cycles,2,0,1,1,1,0,0,2007-02-01T00:00:00.000Z,2/1/2007,Driveway Junction,51.0,PEDALCYCLIST STRUCK MOTOR VEHICLE FRONT END AT ANGLE,,0,Clear or Partly Cloudy,Dry,Dark - Street Lights On,Y,,45,Vehicle - Pedalcyclist,0,N,Washington,47.66135727672546,-122.32775751125796
Block,HOLMAN RD NW BETWEEN 9TH AVE NW AND 7TH AVE NW,2,Injury Collision,Cycles,2,0,1,1,1,0,0,2007-05-15T00:00:00.000Z,5/15/2007 3:01:00 PM,Driveway Junction,18.0,"MOTOR VEHICLE STRUCK PEDALCYCLIST, FRONT END AT ANGLE",,0,Clear or Partly Cloudy,Dry,Daylight,Y,,45,Vehicle - Pedalcyclist,0,N,Washington,47.69936489114857,-122.36672257583929
Intersection,5TH AVE AND BELL ST,2,Injury Collision,Cycles,3,0,1,1,1,0,0,2007-06-18T00:00:00.000Z,6/18/2007 9:02:00 AM,At Intersection (intersection related),23.0,"MOTOR VEHICLE STRUCK PEDALCYCLIST, LEFT SIDE SIDESWIPE",,0,Clear or Partly Cloudy,Dry,Daylight,,,45,Vehicle - Pedalcyclist,0,N,Washington,47.61603293947618,-122.34307495297924
Intersection,15TH AVE NE AND NE 43RD ST,1,Property Damage Only Collision,Cycles,2,0,1,1,0,0,0,2007-01-29T00:00:00.000Z,1/29/2007 7:49:00 PM,At Intersection (intersection related),18.0,"MOTOR VEHICLE STRUCK PEDALCYCLIST, FRONT END AT ANGLE",,0,Clear or Partly Cloudy,Dry,Dark - Street Lights On,Y,,45,Vehicle - Pedalcyclist,524562,N,Washington,47.65978147538043,-122.31203248405404
Intersection,8TH AVE NW AND NW 56TH ST,2,Injury Collision,Cycles,2,0,2,0,2,0,0,2007-02-21T00:00:00.000Z,2/21/2007 6:40:00 AM,At Intersection (intersection related),58.0,PEDALCYCLIST STRUCK PEDALCYCLIST FRONT END AT ANGLE,,0,Overcast,Dry,Dawn,,,45,Vehicle - Pedalcyclist,0,N,Washington,47.669430466870644,-122.36617831122828
Intersection,ROOSEVELT WAY NE AND NE RAVENNA WB BV,2,Injury Collision,Cycles,2,0,1,1,1,0,0,2007-04-09T00:00:00.000Z,4/9/2007,At Intersection (intersection related),18.0,"MOTOR VEHICLE STRUCK PEDALCYCLIST, FRONT END AT ANGLE",,0,Clear or Partly Cloudy,Dry,Daylight,,,45,Vehicle - Pedalcyclist,0,N,Washington,47.6722689876671,-122.31736339573135
Block,20TH AVE BETWEEN E JAMES ST AND E CHERRY ST,2,Injury Collision,Cycles,3,0,1,1,1,0,0,2007-04-07T00:00:00.000Z,4/7/2007,Mid-Block (not related to intersection),18.0,"MOTOR VEHICLE STRUCK PEDALCYCLIST, FRONT END AT ANGLE",,0,Overcast,Dry,Daylight,,,45,Vehicle - Pedalcyclist,0,N,Washington,47.60759287548058,-122.30632189701052
Intersection,25TH AVE AND E COLUMBIA ST,2,Injury Collision,Cycles,2,0,1,1,1,0,0,2007-03-09T00:00:00.000Z,3/9/2007,At Intersection (intersection related),51.0,PEDALCYCLIST STRUCK MOTOR VEHICLE FRONT END AT ANGLE,,0,Raining,Wet,Dark - Street Lights On,,,45,Vehicle - Pedalcyclist,0,N,Washington,47.60901406034535,-122.30015994352844
Intersection,7TH AVE AND BLANCHARD ST,2,Injury Collision,Cycles,3,0,1,1,1,0,0,2007-10-03T00:00:00.000Z,10/3/2007,At Intersection (intersection related),51.0,PEDALCYCLIST STRUCK MOTOR VEHICLE FRONT END AT ANGLE,,0,Overcast,Dry,Daylight,,,45,Vehicle - Pedalcyclist,0,N,Washington,47.6165946541522,-122.3400549449465
Intersection,BROADWAY AND MADISON ST,2,Injury Collision,Cycles,5,0,1,1,1,0,0,2007-08-01T00:00:00.000Z,8/1/2007,At Intersection (intersection related),18.0,"MOTOR VEHICLE STRUCK PEDALCYCLIST, FRONT END AT ANGLE",,0,Clear or Partly Cloudy,Dry,Daylight,Y,,45,Vehicle - Pedalcyclist,523946,N,Washington,47.61116907589688,-122.32076019874344
Block,CALIFORNIA AVE SW BETWEEN SW BARTON ST AND SW BRACE POINT E DR,2b,Serious Injury Collision,Cycles,2,0,1,1,1,1,0,2007-07-27T00:00:00.000Z,7/27/2007 6:10:00 PM,Mid-Block (not related to intersection),54.0,PEDALCYCLIST STRUCK MOTOR VEHICLE REAR END,,0,Clear or Partly Cloudy,Dry,Daylight,,,45,Vehicle - Pedalcyclist,0,N,Washington,47.521816695311905,-122.38746939179855
Intersection,33RD AVE NE AND NE 120TH ST,2,Injury Collision,Cycles,2,0,1,1,1,0,0,2007-07-04T00:00:00.000Z,7/4/2007,At Intersection (intersection related),51.0,PEDALCYCLIST STRUCK MOTOR VEHICLE FRONT END AT ANGLE,,0,Clear or Partly Cloudy,Dry,Daylight,,,45,Vehicle - Pedalcyclist,0,N,Washington,47.715530927812004,-122.29285447322322
Block,11TH AVE NE BETWEEN NE 47TH ST AND NE 50TH ST,2,Injury Collision,Cycles,2,0,1,1,1,0,0,2007-02-09T00:00:00.000Z,2/9/2007,Mid-Block (not related to intersection),18.0,"MOTOR VEHICLE STRUCK PEDALCYCLIST, FRONT END AT ANGLE",,0,Overcast,Dry,Daylight,,,45,Vehicle - Pedalcyclist,0,N,Washington,47.66401835563,-122.31634655104645
Intersection,HIGHLAND PARK WAY SW AND WEST MARGINAL WAY SW,2,Injury Collision,Cycles,3,0,1,1,1,0,0,2007-08-22T00:00:00.000Z,8/22/2007 4:38:00 PM,At Intersection (intersection related),18.0,"MOTOR VEHICLE STRUCK PEDALCYCLIST, FRONT END AT ANGLE",,0,Clear or Partly Cloudy,Dry,Daylight,Y,,45,Vehicle - Pedalcyclist,525317,N,Washington,47.540352977347744,-122.34218139153938
Block,FREMONT AVE N BETWEEN N 104TH ST AND N 105TH ST,2,Injury Collision,Cycles,2,0,1,1,1,0,0,2007-09-28T00:00:00.000Z,9/28/2007 5:28:00 PM,Mid-Block (but intersection related),18.0,"MOTOR VEHICLE STRUCK PEDALCYCLIST, FRONT END AT ANGLE",Y,0,Clear or Partly Cloudy,Dry,Daylight,,,45,Vehicle - Pedalcyclist,0,N,Washington,47.704703951428776,-122.35006948607868
Intersection,11TH AVE AND E PIKE ST,2,Injury Collision,Cycles,2,0,1,1,1,0,0,2007-08-23T00:00:00.000Z,8/23/2007 7:25:00 AM,At Intersection (intersection related),18.0,"MOTOR VEHICLE STRUCK PEDALCYCLIST, FRONT END AT ANGLE",Y,0,Clear or Partly Cloudy,Dry,Daylight,Y,,45,Vehicle - Pedalcyclist,0,N,Washington,47.614094432422974,-122.31814095005302
Intersection,UNIVERSITY WAY NE AND NE PACIFIC ST,1,Property Damage Only Collision,Cycles,2,0,1,1,0,0,0,2007-04-18T00:00:00.000Z,4/18/2007 10:30:00 PM,At Intersection (intersection related),18.0,"MOTOR VEHICLE STRUCK PEDALCYCLIST, FRONT END AT ANGLE",,0,Raining,Wet,Dark - Street Lights On,Y,,45,Vehicle - Pedalcyclist,522415,N,Washington,47.653399440542536,-122.31333457571537
Block,ELLIOTT AVE BETWEEN BELL ST AND BATTERY ST,2,Injury Collision,Cycles,2,0,1,1,1,0,0,2007-08-06T00:00:00.000Z,8/6/2007,Mid-Block (not related to intersection),55.0,PEDALCYCLIST STRUCK MOTOR VEHICLE RIGHT SIDE SIDESWIPE,,0,Clear or Partly Cloudy,Dry,Daylight,,,45,Vehicle - Pedalcyclist,0,N,Washington,47.612429248404894,-122.34888072734897
Intersection,12TH AVE E AND E JOHN ST,2,Injury Collision,Cycles,2,0,1,1,1,0,0,2007-01-03T00:00:00.000Z,1/3/2007,At Intersection (intersection related),51.0,PEDALCYCLIST STRUCK MOTOR VEHICLE FRONT END AT ANGLE,,0,Clear or Partly Cloudy,Dry,Dark - Street Lights On,,,45,Vehicle - Pedalcyclist,0,N,Washington,47.6199367074436,-122.3169283424234
Intersection,BROADWAY AND E UNION ST,1,Property Damage Only Collision,Cycles,5,0,1,1,0,0,0,2007-01-25T00:00:00.000Z,1/25/2007 6:40:00 PM,At Intersection (intersection related),18.0,"MOTOR VEHICLE STRUCK PEDALCYCLIST, FRONT END AT ANGLE",,0,Clear or Partly Cloudy,Wet,Dark - Street Lights On,,,45,Vehicle - Pedalcyclist,0,N,Washington,47.612963362786935,-122.32076237817628
Intersection,AURORA AVE N AND N 85TH ST,2,Injury Collision,Cycles,2,0,1,1,1,0,0,2007-11-17T00:00:00.000Z,11/17/2007 9:17:00 PM,At Intersection (intersection related),51.0,PEDALCYCLIST STRUCK MOTOR VEHICLE FRONT END AT ANGLE,,0,Overcast,Dry,Dark - Street Lights On,,,45,Vehicle - Pedalcyclist,0,N,Washington,47.69056258689079,-122.3445219209793
Block,AIRPORT WAY S BETWEEN CITY LIMITS C AND S NORFOLK ST,2,Injury Collision,Cycles,3,0,1,1,1,0,0,2007-08-13T00:00:00.000Z,8/13/2007 5:41:00 PM,Mid-Block (not related to intersection),51.0,PEDALCYCLIST STRUCK MOTOR VEHICLE FRONT END AT ANGLE,,0,Clear or Partly Cloudy,Dry,Daylight,,,45,Vehicle - Pedalcyclist,0,N,Washington,47.51640468502114,-122.2897057755984
Intersection,15TH AVE NE AND NE BROCKMAN S PL,2b,Serious Injury Collision,Cycles,2,0,1,1,1,1,0,2007-08-14T00:00:00.000Z,8/14/2007 5:53:00 AM,At Intersection (intersection related),51.0,PEDALCYCLIST STRUCK MOTOR VEHICLE FRONT END AT ANGLE,,0,Clear or Partly Cloudy,Dry,Dawn,Y,,45,Vehicle - Pedalcyclist,0,N,Washington,47.72399703898532,-122.3126609588477
Intersection,BELMONT AVE E AND LAKEVIEW BLVD E,2b,Serious Injury Collision,Cycles,1,0,1,0,1,1,0,2007-06-02T00:00:00.000Z,6/2/2007,At Intersection (intersection related),69.0,PEDALCYCLIST OVERTURNED IN ROAD,,1,Clear or Partly Cloudy,Dry,Dark - Street Lights On,,,45,Vehicle - Pedalcyclist,0,N,Washington,47.62832451034748,-122.32709992275879
Block,STONE WAY N BETWEEN N 45TH ST AND N 46TH ST,2b,Serious Injury Collision,Cycles,3,0,1,1,1,1,0,2007-08-15T00:00:00.000Z,8/15/2007 7:20:00 AM,Driveway Junction,18.0,"MOTOR VEHICLE STRUCK PEDALCYCLIST, FRONT END AT ANGLE",,0,Clear or Partly Cloudy,Dry,Daylight,Y,,45,Vehicle - Pedalcyclist,0,N,Washington,47.66175394447821,-122.34213066450093
Intersection,7TH AVE AND UNION ST,2,Injury Collision,Cycles,2,0,1,1,1,0,0,2007-06-18T00:00:00.000Z,6/18/2007 5:48:00 AM,At Intersection (intersection related),18.0,"MOTOR VEHICLE STRUCK PEDALCYCLIST, FRONT END AT ANGLE",,0,Overcast,Wet,Daylight,,,45,Vehicle - Pedalcyclist,0,N,Washington,47.610614154037115,-122.33244672351381