addrtype,location,severitycode,severitydesc,collisiontype,personcount,pedcount,pedcylcount,vehcount,injuries,seriousinjuries,fatalities,incdate,incdttm,junctiontype,sdot_colcode,sdot_coldesc,inattentionind,underinfl,weather,roadcond,lightcond,pedrownotgrnt,speeding,st_colcode,st_coldesc,crosswalkkey,hitparkedcar,state,latitude,longitude
Block,S ALASKA ST BETWEEN RAINIER AVE S AND 38TH AVE S,1,Property Damage Only Collision,Cycles,2,0,1,1,0,0,0,2007-12-27T00:00:00.000Z,12/27/2007 6:38:00 PM,Driveway Junction,18.0,"MOTOR VEHICLE STRUCK PEDALCYCLIST, FRONT END AT ANGLE",,0,Raining,Wet,Dark - Street Lights On,,,45,Vehicle - Pedalcyclist,0,N,Washington,47.560744519547995,-122.28596862291019
Intersection,UNIVERSITY WAY NE AND NE 50TH ST,2,Injury Collision,Cycles,2,0,1,1,1,0,0,2007-11-28T00:00:00.000Z,11/28/2007 10:30:00 PM,At Intersection (intersection related),18.0,"MOTOR VEHICLE STRUCK PEDALCYCLIST, FRONT END AT ANGLE",,0,Overcast,Wet,Dark - Street Lights On,,,45,Vehicle - Pedalcyclist,0,N,Washington,47.664900723928135,-122.3130741604038
Alley,,2,Injury Collision,Cycles,2,0,1,1,1,0,0,2007-05-19T00:00:00.000Z,5/19/2007 6:30:00 PM,Mid-Block (not related to intersection),18.0,"MOTOR VEHICLE STRUCK PEDALCYCLIST, FRONT END AT ANGLE",,0,Overcast,Wet,Daylight,,,45,Vehicle - Pedalcyclist,0,N,Washington,,
Intersection,18TH AVE NW AND NW 80TH ST,2b,Serious Injury Collision,Cycles,2,0,1,1,1,1,0,2007-09-07T00:00:00.000Z,9/7/2007,At Intersection (intersection related),51.0,PEDALCYCLIST STRUCK MOTOR VEHICLE FRONT END AT ANGLE,,0,Clear or Partly Cloudy,Dry,Daylight,Y,,45,Vehicle - Pedalcyclist,0,N,Washington,47.6868557509556,-122.38001421793659
Intersection,4TH AVE N AND MERCER ST,2,Injury Collision,Cycles,2,0,1,1,1,0,0,2007-07-06T00:00:00.000Z,7/6/2007,At Intersection (intersection related),18.0,"MOTOR VEHICLE STRUCK PEDALCYCLIST, FRONT END AT ANGLE",,0,Clear or Partly Cloudy,Dry,Daylight,Y,Y,45,Vehicle - Pedalcyclist,521962,N,Washington,47.62456433085206,-122.34887678061644
Intersection,DEXTER AVE N AND REPUBLICAN ST,2b,Serious Injury Collision,Cycles,2,0,1,1,1,1,0,2007-09-05T00:00:00.000Z,9/5/2007,At Intersection (intersection related),18.0,"MOTOR VEHICLE STRUCK PEDALCYCLIST, FRONT END AT ANGLE",,0,Clear or Partly Cloudy,Dry,Daylight,,,45,Vehicle - Pedalcyclist,0,N,Washington,47.62322375030086,-122.34236126738043
Intersection,EAST GREEN LAKE WAY N AND N 57TH ST,2b,Serious Injury Collision,Cycles,2,0,1,1,1,1,0,2007-04-07T00:00:00.000Z,4/7/2007,At Intersection (intersection related),18.0,"MOTOR VEHICLE STRUCK PEDALCYCLIST, FRONT END AT ANGLE",,0,Unknown,Unknown,Unknown,Y,,45,Vehicle - Pedalcyclist,0,N,Washington,47.670203675637254,-122.33990391185284
Intersection,DAYTON AVE N AND N 92ND ST,2b,Serious Injury Collision,Cycles,3,0,1,1,1,1,0,2007-09-28T00:00:00.000Z,9/28/2007 7:32:00 AM,At Intersection (intersection related),18.0,"MOTOR VEHICLE STRUCK PEDALCYCLIST, FRONT END AT ANGLE",,0,Overcast,Dry,Daylight,,,45,Vehicle - Pedalcyclist,0,N,Washington,47.69602018391888,-122.35266730761464
Block,25TH AVE NE BETWEEN NE 60TH ST AND NE 65TH ST,2,Injury Collision,Cycles,4,0,1,1,1,0,0,2007-08-29T00:00:00.000Z,8/29/2007 6:39:00 PM,Mid-Block (not related to intersection),23.0,"MOTOR VEHICLE STRUCK PEDALCYCLIST, LEFT SIDE SIDESWIPE",,0,Clear or Partly Cloudy,Dry,Daylight,,,45,Vehicle - Pedalcyclist,0,N,Washington,47.67396072401391,-122.30064519165957
Intersection,DELRIDGE WAY SW AND SW OREGON ST,2,Injury Collision,Cycles,2,0,1,1,1,0,0,2007-06-08T00:00:00.000Z,6/8/2007,At Intersection (intersection related),18.0,"MOTOR VEHICLE STRUCK PEDALCYCLIST, FRONT END AT ANGLE",,0,Clear or Partly Cloudy,Dry,Daylight,,,45,Vehicle - Pedalcyclist,0,N,Washington,47.562896845006115,-122.3633611471112
Block,WESTLAKE AVE N BETWEEN 8TH N AVE N AND BLAINE ST,1,Property Damage Only Collision,Cycles,2,0,1,1,0,0,0,2007-04-16T00:00:00.000Z,4/16/2007 5:00:00 PM,Driveway Junction,18.0,"MOTOR VEHICLE STRUCK PEDALCYCLIST, FRONT END AT ANGLE",,0,Clear or Partly Cloudy,Dry,Daylight,Y,,45,Vehicle - Pedalcyclist,0,N,Washington,47.63359097398518,-122.34052541703072
Intersection,RAINIER AVE S AND S AUSTIN ST,2,Injury Collision,Cycles,2,0,1,1,1,0,0,2007-08-24T00:00:00.000Z,8/24/2007 7:20:00 PM,At Intersection (intersection related),18.0,"MOTOR VEHICLE STRUCK PEDALCYCLIST, FRONT END AT ANGLE",,0,Clear or Partly Cloudy,Dry,Dusk,Y,,45,Vehicle - Pedalcyclist,0,N,Washington,47.534671801520126,-122.26999025812307
Intersection,61ST AVE SW AND SW STEVENS ST,2b,Serious Injury Collision,Cycles,2,0,1,1,1,1,0,2007-07-26T00:00:00.000Z,7/26/2007 7:35:00 PM,At Intersection (intersection related),18.0,"MOTOR VEHICLE STRUCK PEDALCYCLIST, FRONT END AT ANGLE",,0,Clear or Partly Cloudy,Dry,Daylight,,,45,Vehicle - Pedalcyclist,0,N,Washington,47.57774170479465,-122.41068633079279
Block,NE 47TH ST BETWEEN 7TH AVE NE AND 8TH AVE NE,1,Property Damage Only Collision,Cycles,3,0,1,1,0,0,0,2007-09-03T00:00:00.000Z,9/3/2007,Driveway Junction,18.0,"MOTOR VEHICLE STRUCK PEDALCYCLIST, FRONT END AT ANGLE",,0,Unknown,Unknown,Unknown,,,45,Vehicle - Pedalcyclist,0,N,Washington,47.66313667557632,-122.32013700442344
Intersection,3RD AVE W AND W NICKERSON ST,2,Injury Collision,Cycles,3,0,1,1,1,0,0,2007-05-15T00:00:00.000Z,5/15/2007 6:01:00 PM,At Intersection (intersection related),18.0,"MOTOR VEHICLE STRUCK PEDALCYCLIST, FRONT END AT ANGLE",,0,Clear or Partly Cloudy,Dry,Daylight,Y,,45,Vehicle - Pedalcyclist,0,N,Washington,47.65082920711631,-122.36087725545349
Intersection,DENNY WAY AND DEXTER AVE,2b,Serious Injury Collision,Cycles,2,0,1,1,1,1,0,2007-06-28T00:00:00.000Z,6/28/2007 8:30:00 AM,At Intersection (intersection related),18.0,"MOTOR VEHICLE STRUCK PEDALCYCLIST, FRONT END AT ANGLE",,0,Raining,Wet,Daylight,,,45,Vehicle - Pedalcyclist,0,N,Washington,47.618550164551785,-122.34240185261628
Intersection,8TH AVE AND STEWART ST,2,Injury Collision,Cycles,2,0,1,1,1,0,0,2007-03-07T00:00:00.000Z,3/7/2007,At Intersection (intersection related),23.0,"MOTOR VEHICLE STRUCK PEDALCYCLIST, LEFT SIDE SIDESWIPE",,0,Clear or Partly Cloudy,Dry,Dark - Street Lights On,,,45,Vehicle - Pedalcyclist,0,N,Washington,47.61495251765906,-122.3352953757548
Intersection,TERRACE ST AND YESLER WAY,2,Injury Collision,Cycles,2,0,1,1,1,0,0,2007-07-13T00:00:00.000Z,7/13/2007 2:04:00 PM,At Intersection (intersection related),18.0,"MOTOR VEHICLE STRUCK PEDALCYCLIST, FRONT END AT ANGLE",,0,Clear or Partly Cloudy,Dry,Daylight,Y,,45,Vehicle - Pedalcyclist,0,N,Washington,47.60172128515565,-122.32902105160194
Block,OCCIDENTAL AVE S BETWEEN S JACKSON ST AND S KING E ST,1,Property Damage Only Collision,Cycles,2,0,1,1,0,0,0,2007-08-08T00:00:00.000Z,8/8/2007,Mid-Block (not related to intersection),18.0,"MOTOR VEHICLE STRUCK PEDALCYCLIST, FRONT END AT ANGLE",,0,Clear or Partly Cloudy,Dry,Daylight,,,45,Vehicle - Pedalcyclist,0,N,Washington,47.59874765731711,-122.33288401697071
Block,MAGNOLIA BR BETWEEN W GARFIELD ST OFF RP AND W GALER ST,2,Injury Collision,Cycles,2,1,1,0,2,0,0,2007-11-16T00:00:00.000Z,11/16/2007 7:58:00 AM,Mid-Block (not related to intersection),64.0,PEDALCYCLIST STRUCK PEDESTRIAN,,0,Overcast,Dry,Daylight,Y,,45,Vehicle - Pedalcyclist,0,N,Washington,47.63347634056785,-122.38743485551788
Intersection,24TH AVE NW AND NW 58TH ST,2,Injury Collision,Cycles,3,0,1,1,1,0,0,2007-06-17T00:00:00.000Z,6/17/2007 1:40:00 PM,At Intersection (intersection related),18.0,"MOTOR VEHICLE STRUCK PEDALCYCLIST, FRONT END AT ANGLE",,0,Clear or Partly Cloudy,Dry,Daylight,Y,,45,Vehicle - Pedalcyclist,520925,N,Washington,47.670916205125216,-122.38758736922723
Block,15TH AVE NW BETWEEN NW 64TH ST AND NW 65TH ST,2,Injury Collision,Cycles,2,0,1,1,1,0,0,2007-03-15T00:00:00.000Z,3/15/2007 8:08:00 PM,Driveway Junction,18.0,"MOTOR VEHICLE STRUCK PEDALCYCLIST, FRONT END AT ANGLE",,0,Raining,Wet,Dark - Street Lights On,Y,,45,Vehicle - Pedalcyclist,0,N,Washington,47.675634481161076,-122.37621067474419
Intersection,LAKE CITY WAY NE AND NE 130TH ST,1,Property Damage Only Collision,Cycles,3,0,1,1,0,0,0,2007-05-06T00:00:00.000Z,5/6/2007,At Intersection (intersection related),18.0,"MOTOR VEHICLE STRUCK PEDALCYCLIST, FRONT END AT ANGLE",,0,Clear or Partly Cloudy,Dry,Dusk,,,45,Vehicle - Pedalcyclist,630790,N,Washington,47.722899065717534,-122.29319374521921
Intersection,BROOKLYN AVE NE AND NE CAMPUS WB PY,2,Injury Collision,Cycles,1,0,1,0,1,0,0,2007-05-31T00:00:00.000Z,5/31/2007 10:01:00 AM,At Intersection (intersection related),18.0,"MOTOR VEHICLE STRUCK PEDALCYCLIST, FRONT END AT ANGLE",,0,Clear or Partly Cloudy,Dry,Daylight,,,45,Vehicle - Pedalcyclist,0,N,Washington,47.65622544551209,-122.31441858983412
Intersection,MINOR AVE N AND REPUBLICAN ST,2b,Serious Injury Collision,Cycles,3,0,1,1,1,1,0,2007-07-30T00:00:00.000Z,7/30/2007 11:20:00 AM,At Intersection (intersection related),18.0,"MOTOR VEHICLE STRUCK PEDALCYCLIST, FRONT END AT ANGLE",,0,Clear or Partly Cloudy,Dry,Daylight,Y,,45,Vehicle - Pedalcyclist,0,N,Washington,47.623116005733465,-122.33299987592457
Intersection,28TH AVE E AND E WARD ST,2,Injury Collision,Cycles,2,0,1,1,1,0,0,2007-07-08T00:00:00.000Z,7/8/2007,At Intersection (intersection related),51.0,PEDALCYCLIST STRUCK MOTOR VEHICLE FRONT END AT ANGLE,,0,Clear or Partly Cloudy,Dry,Daylight,,,45,Vehicle - Pedalcyclist,0,N,Washington,47.627385800310975,-122.2963962721964
Block,LENORA ST BETWEEN 1ST AVE AND 2ND AVE,2,Injury Collision,Cycles,2,0,1,1,1,0,0,2007-04-28T00:00:00.000Z,4/28/2007 12:55:00 PM,Driveway Junction,51.0,PEDALCYCLIST STRUCK MOTOR VEHICLE FRONT END AT ANGLE,,0,Clear or Partly Cloudy,Dry,Daylight,,Y,45,Vehicle - Pedalcyclist,0,N,Washington,47.61216856709135,-122.34348369279024
Block,LAKESIDE AVE S BETWEEN S LESCHI PL AND S JACKSON ST,1,Property Damage Only Collision,Cycles,2,0,1,1,0,0,0,2007-07-14T00:00:00.000Z,7/14/2007 7:38:00 AM,Mid-Block (not related to intersection),54.0,PEDALCYCLIST STRUCK MOTOR VEHICLE REAR END,,0,Clear or Partly Cloudy,Dry,Daylight,,,45,Vehicle - Pedalcyclist,0,N,Washington,47.599374677359506,-122.28647213639894
Intersection,14TH AVE NW AND NW MARKET ST,2,Injury Collision,Cycles,2,0,1,1,1,0,0,2007-12-11T00:00:00.000Z,12/11/2007 2:34:00 PM,At Intersection (intersection related),18.0,"MOTOR VEHICLE STRUCK PEDALCYCLIST, FRONT END AT ANGLE",,0,Clear or Partly Cloudy,Dry,Daylight,Y,,45,Vehicle - Pedalcyclist,0,N,Washington,47.66866536787647,-122.37358850396623
Block,FAUNTLEROY WAY SW BETWEEN 44TH AVE SW AND FAUNTLEROY WR N WAY SW,2,Injury Collision,Cycles,2,0,1,1,1,0,0,2007-12-11T00:00:00.000Z,12/11/2007 8:45:00 AM,Mid-Block (not related to intersection),18.0,"MOTOR VEHICLE STRUCK PEDALCYCLIST, FRONT END AT ANGLE",,0,Clear or Partly Cloudy,Dry,Daylight,Y,,45,Vehicle - Pedalcyclist,0,N,Washington,47.544582000817115,-122.38892295511656
Block,EASTLAKE AVE E BETWEEN HARVARD AVE E AND FUHRMAN AVE E,2,Injury Collision,Cycles,3,0,1,1,1,0,0,2007-05-01T00:00:00.000Z,5/1/2007,Driveway Junction,18.0,"MOTOR VEHICLE STRUCK PEDALCYCLIST, FRONT END AT ANGLE",Y,0,Clear or Partly Cloudy,Dry,Daylight,Y,,45,Vehicle - Pedalcyclist,0,N,Washington,47.65104751116883,-122.32168580219019
Intersection,HUBBELL PL AND SENECA ST,2,Injury Collision,Cycles,2,0,1,1,1,0,0,2007-01-07T00:00:00.000Z,1/7/2007,At Intersection (intersection related),18.0,"MOTOR VEHICLE STRUCK PEDALCYCLIST, FRONT END AT ANGLE",,0,Overcast,Wet,Daylight,Y,,45,Vehicle - Pedalcyclist,0,N,Washington,47.6090148749959,-122.33063081849119
Intersection,AIRPORT WAY S AND S LUCILE ST,2,Injury Collision,Cycles,2,0,1,1,1,0,0,2007-02-12T00:00:00.000Z,2/12/2007 3:35:00 PM,At Intersection (intersection related),18.0,"MOTOR VEHICLE STRUCK PEDALCYCLIST, FRONT END AT ANGLE",,0,Clear or Partly Cloudy,Dry,Daylight,Y,,45,Vehicle - Pedalcyclist,525162,N,Washington,47.553351023694255,-122.32100440462942
Block,1ST AVE S BETWEEN S MAIN ST AND S JACKSON ST,2,Injury Collision,Cycles,2,0,1,1,1,0,0,2007-06-23T00:00:00.000Z,6/23/2007 4:45:00 PM,Mid-Block (not related to intersection),18.0,"MOTOR VEHICLE STRUCK PEDALCYCLIST, FRONT END AT ANGLE",,0,Clear or Partly Cloudy,Dry,Daylight,,,45,Vehicle - Pedalcyclist,0,N,Washington,47.599625895252856,-122.33418648137815
Block,LAKEVIEW BLVD E BETWEEN E GARFIELD ST AND HARVARD AVE E,2,Injury Collision,Cycles,2,0,1,1,1,0,0,2007-12-12T00:00:00.000Z,12/12/2007 10:09:00 PM,Mid-Block (but intersection related),18.0,"MOTOR VEHICLE STRUCK PEDALCYCLIST, FRONT END AT ANGLE",,1,Clear or Partly Cloudy,Dry,Dark - Street Lights On,Y,,45,Vehicle - Pedalcyclist,0,N,Washington,47.63520625511273,-122.3223942810633
Block,7TH AVE BETWEEN WESTLAKE AVE AND LENORA ST,2,Injury Collision,Cycles,2,0,1,1,1,0,0,2007-02-06T00:00:00.000Z,2/6/2007,Driveway Junction,51.0,PEDALCYCLIST STRUCK MOTOR VEHICLE FRONT END AT ANGLE,Y,0,Overcast,Wet,Daylight,Y,,45,Vehicle - Pedalcyclist,0,N,Washington,47.61555350929383,-122.33829360971828
Intersection,11TH AVE E AND E JOHN ST,2,Injury Collision,Cycles,2,0,1,1,1,0,0,2007-12-16T00:00:00.000Z,12/16/2007 7:00:00 PM,At Intersection (intersection related),51.0,PEDALCYCLIST STRUCK MOTOR VEHICLE FRONT END AT ANGLE,Y,0,Raining,Wet,Dark - Street Lights On,,Y,45,Vehicle - Pedalcyclist,0,N,Washington,47.6199271844004,-122.31823392580662
Block,1ST AVE S BETWEEN S MASSACHUSETTS ST AND S HOLGATE ST,2,Injury Collision,Cycles,3,0,1,1,1,0,0,2007-08-01T00:00:00.000Z,8/1/2007,Driveway Junction,18.0,"MOTOR VEHICLE STRUCK PEDALCYCLIST, FRONT END AT ANGLE",,0,Clear or Partly Cloudy,Dry,Dark - Street Lights On,Y,,45,Vehicle - Pedalcyclist,0,N,Washington,47.587167547498645,-122.3341972429893
Intersection,15TH AVE NW AND BALLARD BR,2,Injury Collision,Cycles,2,0,1,1,1,0,0,2007-12-12T00:00:00.000Z,12/12/2007 4:12:00 PM,At Intersection (intersection related),18.0,"MOTOR VEHICLE STRUCK PEDALCYCLIST, FRONT END AT ANGLE",,0,Overcast,Dry,Dark - Street Lights On,Y,,45,Vehicle - Pedalcyclist,0,N,Washington,47.66504975887638,-122.3762202348543
Intersection,25TH AVE NE AND NE BLAKELEY ST,2,Injury Collision,Cycles,2,0,1,1,1,0,0,2007-09-29T00:00:00.000Z,9/29/2007 12:45:00 PM,At Intersection (intersection related),18.0,"MOTOR VEHICLE STRUCK PEDALCYCLIST, FRONT END AT ANGLE",,0,Raining,Wet,Daylight,Y,,45,Vehicle - Pedalcyclist,524372,N,Washington,47.66626671821327,-122.30060498001896
Intersection,BELLEVUE AVE E AND E REPUBLICAN ST,2b,Serious Injury Collision,Cycles,3,0,1,1,1,1,0,2007-02-19T00:00:00.000Z,2/19/2007 4:37:00 PM,At Intersection (intersection related),51.0,PEDALCYCLIST STRUCK MOTOR VEHICLE FRONT END AT ANGLE,,0,Raining,Wet,Daylight,,,45,Vehicle - Pedalcyclist,0,N,Washington,47.623134196906975,-122.32659192330016
Block,E OLIVE WAY BETWEEN BELMONT AVE E AND BOYLSTON W AVE E,2,Injury Collision,Cycles,1,0,1,0,1,0,0,2007-05-18T00:00:00.000Z,5/18/2007 11:23:00 AM,Mid-Block (but intersection related),69.0,PEDALCYCLIST OVERTURNED IN ROAD,,0,Clear or Partly Cloudy,Dry,Daylight,,,45,Vehicle - Pedalcyclist,0,N,Washington,47.61974514520382,-122.32374795066308
Intersection,ROOSEVELT WAY NE AND NE 50TH ST,2,Injury Collision,Cycles,2,0,1,1,1,0,0,2007-05-14T00:00:00.000Z,5/14/2007 7:45:00 PM,At Intersection (intersection related),51.0,PEDALCYCLIST STRUCK MOTOR VEHICLE FRONT END AT ANGLE,Y,0,Clear or Partly Cloudy,Dry,Daylight,,,45,Vehicle - Pedalcyclist,0,N,Washington,47.66493734388379,-122.31740379073635
Block,WESTERN AVE BETWEEN BLANCHARD ST AND BELL ST,2,Injury Collision,Cycles,2,0,1,1,1,0,0,2007-07-15T00:00:00.000Z,7/15/2007 1:14:00 PM,Mid-Block (not related to intersection),18.0,"MOTOR VEHICLE STRUCK PEDALCYCLIST, FRONT END AT ANGLE",,0,Clear or Partly Cloudy,Dry,Daylight,Y,,45,Vehicle - Pedalcyclist,523763,N,Washington,47.612325100898325,-122.34672087274004
Intersection,7TH AVE AND UNION ST,2,Injury Collision,Cycles,2,0,1,1,1,0,0,2007-05-22T00:00:00.000Z,5/22/2007 9:20:00 AM,At Intersection (intersection related),18.0,"MOTOR VEHICLE STRUCK PEDALCYCLIST, FRONT END AT ANGLE",,0,Overcast,Dry,Daylight,,,45,Vehicle - Pedalcyclist,0,N,Washington,47.610614154037115,-122.33244672351381
Intersection,5TH AVE AND PINE ST,1,Property Damage Only Collision,Cycles,2,0,1,1,0,0,0,2007-04-12T00:00:00.000Z,4/12/2007 12:39:00 AM,At Intersection (intersection related),51.0,PEDALCYCLIST STRUCK MOTOR VEHICLE FRONT END AT ANGLE,,0,Clear or Partly Cloudy,Dry,Dark - Street Lights On,,,45,Vehicle - Pedalcyclist,0,N,Washington,47.611672009747465,-122.33648396621885
Block,LAKE WASHINGTON BLVD E BETWEEN E DENNY BLAINE N PL AND MCGILVRA BLVD E,2,Injury Collision,Cycles,2,0,1,1,1,0,0,2007-09-08T00:00:00.000Z,9/8/2007,Mid-Block (not related to intersection),51.0,PEDALCYCLIST STRUCK MOTOR VEHICLE FRONT END AT ANGLE,Y,0,Clear or Partly Cloudy,Dry,Daylight,,,45,Vehicle - Pedalcyclist,0,N,Washington,47.6208335185505,-122.28223950260129
Intersection,11TH AVE NE AND NE 50TH ST,2b,Serious Injury Collision,Cycles,2,0,1,1,1,1,0,2007-10-17T00:00:00.000Z,10/17/2007 5:48:00 PM,At Intersection (intersection related),18.0,"MOTOR VEHICLE STRUCK PEDALCYCLIST, FRONT END AT ANGLE",,0,Raining,Wet,Daylight,Y,,45,Vehicle - Pedalcyclist,0,N,Washington,47.664927673378536,-122.31633451828236
Intersection,GREEN LAKE TURN RD AND WEST GREEN LAKE WAY N,2,Injury Collision,Cycles,2,0,1,1,1,0,0,2007-01-22T00:00:00.000Z,1/22/2007 5:50:00 PM,At Intersection (intersection related),18.0,"MOTOR VEHICLE STRUCK PEDALCYCLIST, FRONT END AT ANGLE",,0,Clear or Partly Cloudy,Dry,Dark - Street Lights On,Y,,45,Vehicle - Pedalcyclist,0,N,Washington,47.669773393766974,-122.34034257570083
Intersection,LEARY WAY NW AND NW 46TH ST,2,Injury Collision,Cycles,2,0,1,1,1,0,0,2007-07-10T00:00:00.000Z,7/10/2007 3:00:00 PM,At Intersection (intersection related),18.0,"MOTOR VEHICLE STRUCK PEDALCYCLIST, FRONT END AT ANGLE",,0,Clear or Partly Cloudy,Dry,Daylight,Y,,45,Vehicle - Pedalcyclist,0,N,Washington,47.6621954055336,-122.36786512751544
Intersection,35TH AVE SW AND SW AVALON WAY,1,Property Damage Only Collision,Cycles,2,0,1,1,0,0,0,2007-04-23T00:00:00.000Z,4/23/2007 6:00:00 PM,At Intersection (intersection related),18.0,"MOTOR VEHICLE STRUCK PEDALCYCLIST, FRONT END AT ANGLE",,0,Clear or Partly Cloudy,Dry,Daylight,Y,,45,Vehicle - Pedalcyclist,0,N,Washington,47.56407659830421,-122.37618931768107
Block,DEXTER AVE N BETWEEN COMSTOCK ST AND LEE ST,2,Injury Collision,Cycles,2,0,1,1,1,0,0,2007-06-28T00:00:00.000Z,6/28/2007 8:30:00 AM,Mid-Block (not related to intersection),18.0,"MOTOR VEHICLE STRUCK PEDALCYCLIST, FRONT END AT ANGLE",,0,Raining,Wet,Daylight,Y,,45,Vehicle - Pedalcyclist,0,N,Washington,47.63099716502487,-122.34229241739084
Block,S WASHINGTON ST BETWEEN 26TH AVE S AND 27TH AVE S,1,Property Damage Only Collision,Cycles,2,0,1,1,0,0,0,2007-04-15T00:00:00.000Z,4/15/2007 2:30:00 PM,Mid-Block (but intersection related),18.0,"MOTOR VEHICLE STRUCK PEDALCYCLIST, FRONT END AT ANGLE",,0,Clear or Partly Cloudy,Dry,Daylight,,,45,Vehicle - Pedalcyclist,0,N,Washington,47.60086529267706,-122.29840836137085
Intersection,BEACON ER AVE S AND S DAWSON ST,2,Injury Collision,Cycles,2,0,1,1,1,0,0,2007-10-30T00:00:00.000Z,10/30/2007 9:00:00 AM,At Intersection (intersection related),18.0,"MOTOR VEHICLE STRUCK PEDALCYCLIST, FRONT END AT ANGLE",,0,Unknown,Unknown,Unknown,Y,,45,Vehicle - Pedalcyclist,524766,N,Washington,47.555958572055424,-122.30323531796658
Intersection,2ND AVE AND UNIVERSITY ST,2,Injury Collision,Cycles,2,0,1,1,1,0,0,2007-05-30T00:00:00.000Z,5/30/2007 11:51:00 AM,At Intersection (intersection related),51.0,PEDALCYCLIST STRUCK MOTOR VEHICLE FRONT END AT ANGLE,Y,0,Clear or Partly Cloudy,Dry,Daylight,,,45,Vehicle - Pedalcyclist,0,N,Washington,47.60729905819726,-122.33708679815666
Block,12TH AVE BETWEEN E YESLER WAY AND E FIR ST,2b,Serious Injury Collision,Cycles,2,0,1,1,1,1,0,2007-02-05T00:00:00.000Z,2/5/2007,Mid-Block (not related to intersection),56.0,PEDALCYCLIST STRUCK MOTOR VEHICLE LEFT SIDE SIDESWIPE,,0,Overcast,Wet,Daylight,,,45,Vehicle - Pedalcyclist,0,N,Washington,47.602188270464296,-122.31678184867359
Block,3RD AVE BETWEEN VIRGINIA ST AND LENORA ST,2,Injury Collision,Cycles,2,0,1,1,1,0,0,2007-11-16T00:00:00.000Z,11/16/2007 4:06:00 PM,Mid-Block (not related to intersection),23.0,"MOTOR VEHICLE STRUCK PEDALCYCLIST, LEFT SIDE SIDESWIPE",Y,0,Raining,Wet,Dark - Street Lights On,,,45,Vehicle - Pedalcyclist,0,N,Washington,47.612781510508185,-122.34154107872972
Block,BROADWAY BETWEEN TERRACE ST AND JEFFERSON ST,2,Injury Collision,Cycles,2,0,1,1,1,0,0,2007-05-09T00:00:00.000Z,5/9/2007,Mid-Block (not related to intersection),18.0,"MOTOR VEHICLE STRUCK PEDALCYCLIST, FRONT END AT ANGLE",,0,Clear or Partly Cloudy,Dry,Daylight,,,45,Vehicle - Pedalcyclist,0,N,Washington,47.605718320103435,-122.32074918555332
Intersection,1ST AVE S AND S BENNETT ST,1,Property Damage Only Collision,Cycles,2,0,1,1,0,0,0,2007-01-31T00:00:00.000Z,1/31/2007 7:11:00 AM,At Intersection (intersection related),18.0,"MOTOR VEHICLE STRUCK PEDALCYCLIST, FRONT END AT ANGLE",,0,Clear or Partly Cloudy,Dry,Dawn,,,45,Vehicle - Pedalcyclist,0,N,Washington,47.5549243416714,-122.33421483703975
Block,BALLARD BR BETWEEN 15TH AVE W AND POINT A,2b,Serious Injury Collision,Cycles,2,0,1,1,1,1,0,2007-07-06T00:00:00.000Z,7/6/2007,Mid-Block (not related to intersection),18.0,"MOTOR VEHICLE STRUCK PEDALCYCLIST, FRONT END AT ANGLE",,0,Clear or Partly Cloudy,Dry,Daylight,,,45,Vehicle - Pedalcyclist,0,N,Washington,47.656987822174656,-122.3762225615747
Intersection,DEXTER AVE N AND REPUBLICAN ST,2,Injury Collision,Cycles,2,0,1,1,1,0,0,2007-10-16T00:00:00.000Z,10/16/2007 5:20:00 PM,At Intersection (intersection related),51.0,PEDALCYCLIST STRUCK MOTOR VEHICLE FRONT END AT ANGLE,,0,Overcast,Dry,Dusk,,,45,Vehicle - Pedalcyclist,0,N,Washington,47.62322375030086,-122.34236126738043
Block,1ST AVE BETWEEN STEWART ST AND VIRGINIA ST,1,Property Damage Only Collision,Cycles,2,0,1,1,0,0,0,2007-11-03T00:00:00.000Z,11/3/2007,Mid-Block (not related to intersection),54.0,PEDALCYCLIST STRUCK MOTOR VEHICLE REAR END,,0,Clear or Partly Cloudy,Dry,Dusk,,,45,Vehicle - Pedalcyclist,0,N,Washington,47.61068110087142,-122.34195802537123
Intersection,11TH AVE NE AND NE 45TH ST,2,Injury Collision,Cycles,2,0,1,1,1,0,0,2007-09-13T00:00:00.000Z,9/13/2007 7:32:00 PM,At Intersection (intersection related),18.0,"MOTOR VEHICLE STRUCK PEDALCYCLIST, FRONT END AT ANGLE",,0,Clear or Partly Cloudy,Dry,Daylight,Y,,45,Vehicle - Pedalcyclist,520890,N,Washington,47.661291960354745,-122.3165789341517
Intersection,N 36TH ST AND N PACIFIC ST,2,Injury Collision,Cycles,2,0,1,1,1,0,0,2007-06-02T00:00:00.000Z,6/2/2007,At Intersection (intersection related),18.0,"MOTOR VEHICLE STRUCK PEDALCYCLIST, FRONT END AT ANGLE",,0,Clear or Partly Cloudy,Dry,Daylight,,,45,Vehicle - Pedalcyclist,0,N,Washington,47.65050201505337,-122.33154340410557