addrtype,location,severitycode,severitydesc,collisiontype,personcount,pedcount,pedcylcount,vehcount,injuries,seriousinjuries,fatalities,incdate,incdttm,junctiontype,sdot_colcode,sdot_coldesc,inattentionind,underinfl,weather,roadcond,lightcond,pedrownotgrnt,speeding,st_colcode,st_coldesc,crosswalkkey,hitparkedcar,state,latitude,longitude
Block,E PINE ST BETWEEN SUMMIT AVE AND BELMONT AVE,2,Injury Collision,Cycles,2,0,1,1,1,0,0,2007-04-05T00:00:00.000Z,4/5/2007,Mid-Block (not related to intersection),23.0,"MOTOR VEHICLE STRUCK PEDALCYCLIST, LEFT SIDE SIDESWIPE",,0,Clear or Partly Cloudy,Dry,Daylight,,,45,Vehicle - Pedalcyclist,0,N,Washington,47.61522186587599,-122.32500275415043
Intersection,STONE WAY N AND N ALLEN PL,2,Injury Collision,Cycles,2,0,1,1,1,0,0,2007-08-31T00:00:00.000Z,8/31/2007 11:19:00 AM,At Intersection (intersection related),18.0,"MOTOR VEHICLE STRUCK PEDALCYCLIST, FRONT END AT ANGLE",,0,Clear or Partly Cloudy,Dry,Daylight,Y,,45,Vehicle - Pedalcyclist,0,N,Washington,47.66067212109103,-122.3421813240287
Intersection,DEXTER AVE N AND REPUBLICAN ST,2b,Serious Injury Collision,Cycles,2,0,1,1,1,1,0,2007-09-12T00:00:00.000Z,9/12/2007 5:36:00 AM,At Intersection (intersection related),51.0,PEDALCYCLIST STRUCK MOTOR VEHICLE FRONT END AT ANGLE,,0,Clear or Partly Cloudy,Dry,Dark - Street Lights On,,,45,Vehicle - Pedalcyclist,0,N,Washington,47.62322375030086,-122.34236126738043
Intersection,50TH AVE NE AND SAND POINT WAY NE,2,Injury Collision,Cycles,3,0,1,1,1,0,0,2007-03-13T00:00:00.000Z,3/13/2007 6:55:00 AM,At Intersection (intersection related),18.0,"MOTOR VEHICLE STRUCK PEDALCYCLIST, FRONT END AT ANGLE",Y,0,Clear or Partly Cloudy,Dry,Daylight,Y,,45,Vehicle - Pedalcyclist,521820,N,Washington,47.6683067295836,-122.27411830507687
Block,ROOSEVELT WAY NE BETWEEN NE 56TH ST AND NE 57TH ST,2,Injury Collision,Cycles,2,0,1,1,1,0,0,2007-08-15T00:00:00.000Z,8/15/2007 1:05:00 PM,Driveway Junction,18.0,"MOTOR VEHICLE STRUCK PEDALCYCLIST, FRONT END AT ANGLE",,0,Clear or Partly Cloudy,Dry,Daylight,Y,,45,Vehicle - Pedalcyclist,0,N,Washington,47.66971448880993,-122.31736372452372
Intersection,4TH AVE S AND SEATTLE BLVD S,2,Injury Collision,Cycles,2,0,1,1,1,0,0,2007-12-09T00:00:00.000Z,12/9/2007,At Intersection (intersection related),51.0,PEDALCYCLIST STRUCK MOTOR VEHICLE FRONT END AT ANGLE,,0,Overcast,Dry,Daylight,,,45,Vehicle - Pedalcyclist,522348,N,Washington,47.596486014425366,-122.32904622073431
Block,EASTLAKE AVE E BETWEEN E BOSTON ST AND E LYNN ST,2,Injury Collision,Cycles,3,0,1,2,1,0,0,2007-11-16T00:00:00.000Z,11/16/2007 4:07:00 PM,Mid-Block (not related to intersection),56.0,PEDALCYCLIST STRUCK MOTOR VEHICLE LEFT SIDE SIDESWIPE,,0,Raining,Wet,Dark - Street Lights On,,,45,Vehicle - Pedalcyclist,0,N,Washington,47.638985673814446,-122.32589341174405
Block,HARVARD AVE E BETWEEN E SHELBY ST AND E GWINN PL,2,Injury Collision,Cycles,2,0,1,1,1,0,0,2007-09-05T00:00:00.000Z,9/5/2007,Mid-Block (not related to intersection),23.0,"MOTOR VEHICLE STRUCK PEDALCYCLIST, LEFT SIDE SIDESWIPE",,0,Clear or Partly Cloudy,Dry,Daylight,Y,,45,Vehicle - Pedalcyclist,0,N,Washington,47.647372982924146,-122.32210191385515
Intersection,49TH AVE S AND LAKE WASHINGTON BLVD S,2,Injury Collision,Cycles,2,0,1,1,1,0,0,2007-05-23T00:00:00.000Z,5/23/2007 2:52:00 PM,At Intersection (intersection related),21.0,"MOTOR VEHICLE STRUCK PEDALCYCLIST, REAR END",,0,Clear or Partly Cloudy,Dry,Daylight,,Y,45,Vehicle - Pedalcyclist,0,N,Washington,47.567683119433745,-122.27200980551052
Block,S GRAHAM ST BETWEEN BLAIR TER S AND WILSON AVE S,2,Injury Collision,Cycles,1,0,1,0,1,0,0,2007-11-25T00:00:00.000Z,11/25/2007 1:57:00 PM,Mid-Block (but intersection related),66.0,PEDALCYCLIST STRUCK OBJECT IN ROAD,,0,Clear or Partly Cloudy,Dry,Daylight,,,45,Vehicle - Pedalcyclist,0,N,Washington,47.546056131212524,-122.26404113979929
Block,ALASKAN WAY BETWEEN BLANCHARD ST AND XW BELL ST,2,Injury Collision,Cycles,2,0,1,1,1,0,0,2007-05-12T00:00:00.000Z,5/12/2007 9:53:00 AM,Mid-Block (not related to intersection),18.0,"MOTOR VEHICLE STRUCK PEDALCYCLIST, FRONT END AT ANGLE",,0,Clear or Partly Cloudy,Dry,Daylight,Y,,45,Vehicle - Pedalcyclist,0,N,Washington,47.611141972234094,-122.34825489502423
Block,NE 43RD ST BETWEEN 7TH AVE NE AND 8TH AVE NE,1,Property Damage Only Collision,Cycles,2,0,1,1,0,0,0,2007-01-16T00:00:00.000Z,1/16/2007 9:23:00 PM,Mid-Block (but intersection related),23.0,"MOTOR VEHICLE STRUCK PEDALCYCLIST, LEFT SIDE SIDESWIPE",,0,Overcast,Snow/Slush,Dark - Street Lights On,Y,,45,Vehicle - Pedalcyclist,0,N,Washington,47.65946149555048,-122.32031135827471
Block,NW MARKET ST BETWEEN LEARY AVE NW AND BALLARD AVE NW,2,Injury Collision,Cycles,2,1,1,0,1,0,0,2007-06-09T00:00:00.000Z,6/9/2007,Mid-Block (not related to intersection),64.0,PEDALCYCLIST STRUCK PEDESTRIAN,,0,Raining,Wet,Daylight,Y,,45,Vehicle - Pedalcyclist,0,N,Washington,47.668679179532575,-122.38555473991005
Intersection,18TH AVE NW AND NW 85TH ST,2,Injury Collision,Cycles,2,0,1,1,1,0,0,2007-06-10T00:00:00.000Z,6/10/2007 5:01:00 PM,At Intersection (intersection related),51.0,PEDALCYCLIST STRUCK MOTOR VEHICLE FRONT END AT ANGLE,,0,Overcast,Dry,Daylight,,,45,Vehicle - Pedalcyclist,0,N,Washington,47.69059913532843,-122.38002882658829
Intersection,1ST AVE AND MARION ST,2,Injury Collision,Cycles,2,0,1,1,1,0,0,2007-09-11T00:00:00.000Z,9/11/2007 12:52:00 PM,At Intersection (intersection related),18.0,"MOTOR VEHICLE STRUCK PEDALCYCLIST, FRONT END AT ANGLE",,0,Clear or Partly Cloudy,Dry,Daylight,,,45,Vehicle - Pedalcyclist,0,N,Washington,47.60398223849498,-122.33558646681541
Intersection,20TH AVE NE AND NE NORTHGATE WAY,2,Injury Collision,Cycles,2,0,1,1,1,0,0,2007-04-24T00:00:00.000Z,4/24/2007 7:40:00 AM,At Intersection (intersection related),18.0,"MOTOR VEHICLE STRUCK PEDALCYCLIST, FRONT END AT ANGLE",,0,Overcast,Dry,Daylight,,,45,Vehicle - Pedalcyclist,0,N,Washington,47.708470059225704,-122.30623651979299
Block,N 36TH ST BETWEEN FREMONT PL N AND FREMONT AVE N,2,Injury Collision,Cycles,2,0,1,1,1,0,0,2007-02-24T00:00:00.000Z,2/24/2007 1:35:00 AM,Driveway Junction,18.0,"MOTOR VEHICLE STRUCK PEDALCYCLIST, FRONT END AT ANGLE",,0,Clear or Partly Cloudy,Dry,Dark - Street Lights On,Y,,45,Vehicle - Pedalcyclist,0,N,Washington,47.651438847536475,-122.35064280861448
Intersection,RAINIER AVE S AND S FISHER PL,2,Injury Collision,Cycles,2,0,1,1,1,0,0,2007-10-10T00:00:00.000Z,10/10/2007 5:22:00 PM,At Intersection (intersection related),18.0,"MOTOR VEHICLE STRUCK PEDALCYCLIST, FRONT END AT ANGLE",,0,Clear or Partly Cloudy,Dry,Daylight,Y,,45,Vehicle - Pedalcyclist,523393,N,Washington,47.521410787286605,-122.26999747846062
Intersection,LEARY WAY NW AND NW 46TH ST,2,Injury Collision,Cycles,2,0,1,1,1,0,0,2007-03-28T00:00:00.000Z,3/28/2007 6:00:00 PM,At Intersection (intersection related),18.0,"MOTOR VEHICLE STRUCK PEDALCYCLIST, FRONT END AT ANGLE",,0,Clear or Partly Cloudy,Dry,Daylight,,,45,Vehicle - Pedalcyclist,0,N,Washington,47.6621954055336,-122.36786512751544
Block,S DELLA ST BETWEEN CHEASTY BLVD S AND 27TH AVE S,2b,Serious Injury Collision,Cycles,2,0,1,1,1,1,0,2007-04-15T00:00:00.000Z,4/15/2007 6:00:00 PM,Mid-Block (not related to intersection),21.0,"MOTOR VEHICLE STRUCK PEDALCYCLIST, REAR END",,0,Unknown,Unknown,Daylight,Y,,45,Vehicle - Pedalcyclist,0,N,Washington,47.572382874389326,-122.29817922010916
Block,E PINE ST BETWEEN 14TH AVE AND 15TH AVE,2,Injury Collision,Cycles,2,0,1,1,1,0,0,2007-08-12T00:00:00.000Z,8/12/2007 4:07:00 PM,Mid-Block (not related to intersection),53.0,PEDALCYCLIST STRUCK MOTOR VEHICLE LEFT SIDE AT ANGLE,Y,0,Clear or Partly Cloudy,Dry,Daylight,,,45,Vehicle - Pedalcyclist,0,N,Washington,47.61528451495195,-122.31350633332212
Block,35TH AVE NE BETWEEN NE 62ND ST AND NE 65TH ST,2,Injury Collision,Cycles,2,0,1,1,1,0,0,2007-08-05T00:00:00.000Z,8/5/2007,Mid-Block (not related to intersection),54.0,PEDALCYCLIST STRUCK MOTOR VEHICLE REAR END,Y,0,Overcast,Dry,Dusk,,,45,Vehicle - Pedalcyclist,0,N,Washington,47.67488274283274,-122.29026377919644
Intersection,WOODLAWN AVE N AND N 45TH W ST,2,Injury Collision,Cycles,2,0,1,1,1,0,0,2007-10-29T00:00:00.000Z,10/29/2007 2:01:00 PM,At Intersection (intersection related),18.0,"MOTOR VEHICLE STRUCK PEDALCYCLIST, FRONT END AT ANGLE",,0,Clear or Partly Cloudy,Dry,Daylight,Y,,45,Vehicle - Pedalcyclist,0,N,Washington,47.66138585233632,-122.33915660479492
Intersection,30TH AVE NE AND NE 55TH E ST,2,Injury Collision,Cycles,2,0,1,1,1,0,0,2007-12-17T00:00:00.000Z,12/17/2007 4:53:00 PM,At Intersection (intersection related),18.0,"MOTOR VEHICLE STRUCK PEDALCYCLIST, FRONT END AT ANGLE",,0,Overcast,Dry,Dark - Street Lights On,Y,,45,Vehicle - Pedalcyclist,0,N,Washington,47.66851834819447,-122.29506361364314
Intersection,BALLARD BR OFF RP AND NW BALLARD WAY,2,Injury Collision,Cycles,2,0,1,1,1,0,0,2007-10-10T00:00:00.000Z,10/10/2007 10:21:00 AM,At Intersection (intersection related),51.0,PEDALCYCLIST STRUCK MOTOR VEHICLE FRONT END AT ANGLE,,0,Overcast,Wet,Daylight,,,45,Vehicle - Pedalcyclist,0,N,Washington,47.66293226299021,-122.37611913793378
Intersection,6TH AVE NW AND NW 80TH ST,2,Injury Collision,Cycles,2,0,1,1,1,0,0,2007-08-28T00:00:00.000Z,8/28/2007 6:17:00 PM,At Intersection (intersection related),18.0,"MOTOR VEHICLE STRUCK PEDALCYCLIST, FRONT END AT ANGLE",,0,Clear or Partly Cloudy,Dry,Daylight,Y,,45,Vehicle - Pedalcyclist,0,N,Washington,47.68693778983463,-122.36332585191171
Block,20TH AVE NE BETWEEN NE 63RD ST AND NE 65TH ST,2,Injury Collision,Cycles,2,0,1,1,1,0,0,2007-02-27T00:00:00.000Z,2/27/2007 8:20:00 AM,Mid-Block (not related to intersection),18.0,"MOTOR VEHICLE STRUCK PEDALCYCLIST, FRONT END AT ANGLE",,0,Clear or Partly Cloudy,Dry,Daylight,,,45,Vehicle - Pedalcyclist,0,N,Washington,47.675283307645856,-122.30652051538792
Intersection,1ST AVE AND UNIVERSITY ST,2,Injury Collision,Cycles,2,0,1,1,1,0,0,2007-09-25T00:00:00.000Z,9/25/2007 5:28:00 PM,At Intersection (intersection related),18.0,"MOTOR VEHICLE STRUCK PEDALCYCLIST, FRONT END AT ANGLE",,0,Clear or Partly Cloudy,Dry,Daylight,Y,,45,Vehicle - Pedalcyclist,0,N,Washington,47.60683500402804,-122.3381970155941
Intersection,14TH AVE AND E FIR ST,2,Injury Collision,Cycles,2,0,1,1,1,0,0,2007-09-10T00:00:00.000Z,9/10/2007 3:36:00 PM,At Intersection (intersection related),18.0,"MOTOR VEHICLE STRUCK PEDALCYCLIST, FRONT END AT ANGLE",Y,0,Clear or Partly Cloudy,Dry,Daylight,Y,,45,Vehicle - Pedalcyclist,0,N,Washington,47.60268128416542,-122.31419707767773
Intersection,5TH AVE NE AND NE 103RD ST,2b,Serious Injury Collision,Cycles,2,0,1,1,1,1,0,2007-02-19T00:00:00.000Z,2/19/2007 6:05:00 PM,At Intersection (intersection related),51.0,PEDALCYCLIST STRUCK MOTOR VEHICLE FRONT END AT ANGLE,,0,Raining,Wet,Dark - Street Lights On,,,45,Vehicle - Pedalcyclist,0,N,Washington,47.703140321077996,-122.32314837088076
Block,THORNDYKE AVE W BETWEEN 21ST AVE W AND 20TH AVE W,2,Injury Collision,Cycles,2,0,1,1,1,0,0,2007-08-04T00:00:00.000Z,8/4/2007,Mid-Block (not related to intersection),51.0,PEDALCYCLIST STRUCK MOTOR VEHICLE FRONT END AT ANGLE,,0,Clear or Partly Cloudy,Dry,Daylight,Y,,45,Vehicle - Pedalcyclist,0,N,Washington,47.64565217038986,-122.38254561666751
Block,BROADWAY E BETWEEN E DENNY WAY AND E OLIVE WAY,2,Injury Collision,Cycles,2,1,1,0,1,0,0,2007-09-12T00:00:00.000Z,9/12/2007 8:54:00 AM,Mid-Block (not related to intersection),64.0,PEDALCYCLIST STRUCK PEDESTRIAN,Y,0,Clear or Partly Cloudy,Dry,Daylight,,,45,Vehicle - Pedalcyclist,0,N,Washington,47.61932227618106,-122.32086366598641
Block,E HARRISON ST BETWEEN 31ST AVE E AND 32ND AVE E,2,Injury Collision,Cycles,2,0,1,1,1,0,0,2007-07-19T00:00:00.000Z,7/19/2007 7:25:00 PM,Mid-Block (not related to intersection),53.0,PEDALCYCLIST STRUCK MOTOR VEHICLE LEFT SIDE AT ANGLE,,0,Clear or Partly Cloudy,Dry,Daylight,,,45,Vehicle - Pedalcyclist,0,N,Washington,47.62248094108461,-122.29155345858435
Block,3RD AVE BETWEEN MADISON ST AND SPRING ST,2,Injury Collision,Cycles,4,0,1,1,1,0,0,2007-11-08T00:00:00.000Z,11/8/2007,Mid-Block (not related to intersection),55.0,PEDALCYCLIST STRUCK MOTOR VEHICLE RIGHT SIDE SIDESWIPE,,0,Overcast,Dry,Daylight,,,45,Vehicle - Pedalcyclist,0,N,Washington,47.60597946537248,-122.3343442390157
Intersection,DEXTER AVE N AND MERCER ST,2,Injury Collision,Cycles,2,0,1,1,1,0,0,2007-04-19T00:00:00.000Z,4/19/2007 6:38:00 AM,At Intersection (intersection related),18.0,"MOTOR VEHICLE STRUCK PEDALCYCLIST, FRONT END AT ANGLE",,0,Overcast,Dry,Dawn,Y,,45,Vehicle - Pedalcyclist,0,N,Washington,47.62454972661586,-122.34234960108273
Block,N 34TH ST BETWEEN PHINNEY AVE N AND EVANSTON AVE N,2,Injury Collision,Cycles,2,0,1,1,1,0,0,2007-07-10T00:00:00.000Z,7/10/2007 9:43:00 AM,Mid-Block (not related to intersection),51.0,PEDALCYCLIST STRUCK MOTOR VEHICLE FRONT END AT ANGLE,,0,Clear or Partly Cloudy,Dry,Daylight,,,45,Vehicle - Pedalcyclist,0,N,Washington,47.65011298267582,-122.35290934056204
Intersection,7TH AVE AND BLANCHARD ST,2,Injury Collision,Cycles,2,0,1,1,1,0,0,2007-04-19T00:00:00.000Z,4/19/2007 10:04:00 AM,At Intersection (intersection related),51.0,PEDALCYCLIST STRUCK MOTOR VEHICLE FRONT END AT ANGLE,,0,Clear or Partly Cloudy,Dry,Daylight,,Y,45,Vehicle - Pedalcyclist,0,N,Washington,47.6165946541522,-122.3400549449465
Block,EASTLAKE AVE E BETWEEN HARVARD AVE E AND FUHRMAN AVE E,2,Injury Collision,Cycles,2,0,1,1,1,0,0,2007-02-24T00:00:00.000Z,2/24/2007 6:55:00 AM,Mid-Block (but intersection related),18.0,"MOTOR VEHICLE STRUCK PEDALCYCLIST, FRONT END AT ANGLE",,0,Raining,Wet,Dawn,Y,,45,Vehicle - Pedalcyclist,0,N,Washington,47.65104751116883,-122.32168580219019
Block,E LYNN ST BETWEEN DELMAR DR E AND 15TH AVE E,2,Injury Collision,Cycles,1,0,1,0,1,0,0,2007-05-24T00:00:00.000Z,5/24/2007 11:30:00 AM,Mid-Block (but intersection related),69.0,PEDALCYCLIST OVERTURNED IN ROAD,,0,Clear or Partly Cloudy,Dry,Daylight,,,45,Vehicle - Pedalcyclist,0,N,Washington,47.63956697316468,-122.31304111350796
Block,7TH AVE BETWEEN STEWART ST AND VIRGINIA ST,2,Injury Collision,Cycles,2,0,1,1,1,0,0,2007-08-10T00:00:00.000Z,8/10/2007 10:34:00 PM,Driveway Junction,18.0,"MOTOR VEHICLE STRUCK PEDALCYCLIST, FRONT END AT ANGLE",Y,0,Clear or Partly Cloudy,Dry,Dark - No Street Lights,Y,,45,Vehicle - Pedalcyclist,0,N,Washington,47.61467145092474,-122.33680297607869
Intersection,14TH AVE E AND E JOHN ST,2,Injury Collision,Cycles,2,0,1,1,1,0,0,2007-04-13T00:00:00.000Z,4/13/2007 7:52:00 PM,At Intersection (intersection related),18.0,"MOTOR VEHICLE STRUCK PEDALCYCLIST, FRONT END AT ANGLE",,0,Raining,Wet,Dusk,Y,,45,Vehicle - Pedalcyclist,0,N,Washington,47.61995562992545,-122.31431663937744
Block,4TH AVE S BETWEEN S WASHINGTON ST AND S MAIN ST,2,Injury Collision,Cycles,3,0,1,2,1,0,0,2007-08-17T00:00:00.000Z,8/17/2007 8:27:00 AM,Mid-Block (but intersection related),51.0,PEDALCYCLIST STRUCK MOTOR VEHICLE FRONT END AT ANGLE,,0,Clear or Partly Cloudy,Dry,Daylight,,,45,Vehicle - Pedalcyclist,0,N,Washington,47.60045709635232,-122.328963820014
Intersection,BROADWAY AND E HOWELL ST,2,Injury Collision,Cycles,3,0,1,1,1,0,0,2007-01-08T00:00:00.000Z,1/8/2007,At Intersection (intersection related),18.0,"MOTOR VEHICLE STRUCK PEDALCYCLIST, FRONT END AT ANGLE",,0,Clear or Partly Cloudy,Dry,Daylight,,,45,Vehicle - Pedalcyclist,0,N,Washington,47.61757128944502,-122.3208358294504
Intersection,LAKE CITY WAY NE AND NE 127TH ST,1,Property Damage Only Collision,Cycles,3,0,1,1,0,0,0,2007-01-09T00:00:00.000Z,1/9/2007,At Intersection (intersection related),18.0,"MOTOR VEHICLE STRUCK PEDALCYCLIST, FRONT END AT ANGLE",,0,Raining,Wet,Daylight,,,45,Vehicle - Pedalcyclist,524634,N,Washington,47.72109139593143,-122.29416074695573
Block,RAINIER AVE S BETWEEN S GRAND ST AND 22ND N AVE S,2,Injury Collision,Cycles,2,0,1,1,1,0,0,2007-07-05T00:00:00.000Z,7/5/2007,Mid-Block (not related to intersection),55.0,PEDALCYCLIST STRUCK MOTOR VEHICLE RIGHT SIDE SIDESWIPE,,0,Clear or Partly Cloudy,Dry,Daylight,,,45,Vehicle - Pedalcyclist,0,N,Washington,47.58676174058883,-122.3045700522704
Block,FAIRVIEW AVE N BETWEEN WARD ST AND YALE AVE N,2,Injury Collision,Cycles,3,0,1,1,1,0,0,2007-05-08T00:00:00.000Z,5/8/2007,Mid-Block (not related to intersection),54.0,PEDALCYCLIST STRUCK MOTOR VEHICLE REAR END,,0,Clear or Partly Cloudy,Dry,Daylight,,,45,Vehicle - Pedalcyclist,0,N,Washington,47.62822810357922,-122.33151976808588
Intersection,15TH AVE NW AND NW 56TH ST,2b,Serious Injury Collision,Cycles,2,0,1,1,1,1,0,2007-12-20T00:00:00.000Z,12/20/2007 8:54:00 AM,At Intersection (intersection related),18.0,"MOTOR VEHICLE STRUCK PEDALCYCLIST, FRONT END AT ANGLE",,0,Clear or Partly Cloudy,Dry,Daylight,,,45,Vehicle - Pedalcyclist,0,N,Washington,47.66944247327879,-122.37621377352508
Block,DENNY WAY BETWEEN STEWART ST AND MELROSE AVE,2b,Serious Injury Collision,Cycles,1,0,1,0,1,1,0,2007-07-26T00:00:00.000Z,7/26/2007 2:56:00 PM,Mid-Block (not related to intersection),69.0,PEDALCYCLIST OVERTURNED IN ROAD,,0,Clear or Partly Cloudy,Dry,Daylight,,,45,Vehicle - Pedalcyclist,0,N,Washington,47.618449353789465,-122.32929210567913
Intersection,W MCGRAW PL AND W MCGRAW E ST,1,Property Damage Only Collision,Cycles,2,0,1,1,0,0,0,2007-06-30T00:00:00.000Z,6/30/2007 11:20:00 AM,At Intersection (intersection related),55.0,PEDALCYCLIST STRUCK MOTOR VEHICLE RIGHT SIDE SIDESWIPE,,0,Clear or Partly Cloudy,Dry,Daylight,,,45,Vehicle - Pedalcyclist,0,N,Washington,47.63959690714944,-122.35958981173323
Block,DEXTER AVE N BETWEEN HAYES ST AND HOWE ST,1,Property Damage Only Collision,Cycles,2,0,1,1,0,0,0,2007-11-01T00:00:00.000Z,11/1/2007,Mid-Block (not related to intersection),54.0,PEDALCYCLIST STRUCK MOTOR VEHICLE REAR END,Y,0,Clear or Partly Cloudy,Dry,Daylight,,,45,Vehicle - Pedalcyclist,0,N,Washington,47.63498698711708,-122.34228517989065
Intersection,12TH AVE AND E SPRING ST,2,Injury Collision,Cycles,2,0,1,1,1,0,0,2007-10-29T00:00:00.000Z,10/29/2007 12:52:00 PM,At Intersection (intersection related),18.0,"MOTOR VEHICLE STRUCK PEDALCYCLIST, FRONT END AT ANGLE",,0,Overcast,Wet,Daylight,,Y,45,Vehicle - Pedalcyclist,0,N,Washington,47.61156267617347,-122.31677888952036
Block,E MADISON ST BETWEEN 28TH AVE E AND 29TH W AVE E,2,Injury Collision,Cycles,2,0,1,1,1,0,0,2007-09-22T00:00:00.000Z,9/22/2007 11:25:00 AM,Mid-Block (not related to intersection),23.0,"MOTOR VEHICLE STRUCK PEDALCYCLIST, LEFT SIDE SIDESWIPE",,0,Clear or Partly Cloudy,Dry,Daylight,,,45,Vehicle - Pedalcyclist,0,N,Washington,47.62371497310322,-122.29583475293619
Block,NW 45TH ST BETWEEN 11TH AVE NW AND 14TH AVE NW,2,Injury Collision,Cycles,2,0,1,1,1,0,0,2007-04-05T00:00:00.000Z,4/5/2007,Mid-Block (not related to intersection),18.0,"MOTOR VEHICLE STRUCK PEDALCYCLIST, FRONT END AT ANGLE",,0,Clear or Partly Cloudy,Dry,Daylight,,,45,Vehicle - Pedalcyclist,0,N,Washington,47.66147103033102,-122.37218152970043
Block,15TH AVE S BETWEEN S PEARL ST AND S DAWSON ST,1,Property Damage Only Collision,Cycles,2,0,1,1,0,0,0,2007-02-14T00:00:00.000Z,2/14/2007 7:10:00 PM,Mid-Block (not related to intersection),23.0,"MOTOR VEHICLE STRUCK PEDALCYCLIST, LEFT SIDE SIDESWIPE",,0,Overcast,Wet,Dark - Street Lights On,Y,,45,Vehicle - Pedalcyclist,0,N,Washington,47.556006287248756,-122.31345355375231
Intersection,BOREN AVE AND PINE ST,2,Injury Collision,Cycles,2,0,1,1,1,0,0,2007-10-15T00:00:00.000Z,10/15/2007 11:50:00 AM,At Intersection (intersection related),18.0,"MOTOR VEHICLE STRUCK PEDALCYCLIST, FRONT END AT ANGLE",,0,Raining,Wet,Daylight,,,45,Vehicle - Pedalcyclist,0,N,Washington,47.614457242057235,-122.3298224327749
Alley,,2,Injury Collision,Cycles,6,0,1,1,2,0,0,2007-09-02T00:00:00.000Z,9/2/2007,Driveway Junction,18.0,"MOTOR VEHICLE STRUCK PEDALCYCLIST, FRONT END AT ANGLE",,0,Clear or Partly Cloudy,Dry,Daylight,,,45,Vehicle - Pedalcyclist,0,N,Washington,,
Intersection,14TH AVE AND E YESLER WAY,2,Injury Collision,Cycles,2,0,1,1,1,0,0,2007-12-10T00:00:00.000Z,12/10/2007 6:14:00 AM,At Intersection (intersection related),18.0,"MOTOR VEHICLE STRUCK PEDALCYCLIST, FRONT END AT ANGLE",,0,Clear or Partly Cloudy,Dry,Dark - Street Lights On,Y,,45,Vehicle - Pedalcyclist,0,N,Washington,47.60168875701373,-122.31416192561012
Intersection,11TH AVE AND E PINE ST,2,Injury Collision,Cycles,2,0,1,1,1,0,0,2007-10-15T00:00:00.000Z,10/15/2007 7:36:00 AM,At Intersection (intersection related),18.0,"MOTOR VEHICLE STRUCK PEDALCYCLIST, FRONT END AT ANGLE",,0,Overcast,Dry,Daylight,,,45,Vehicle - Pedalcyclist,0,N,Washington,47.61525439144628,-122.31815943391057
Block,4TH AVE BETWEEN VINE ST AND CEDAR ST,2b,Serious Injury Collision,Cycles,3,0,1,1,1,1,0,2007-01-19T00:00:00.000Z,1/19/2007 6:24:00 PM,Mid-Block (not related to intersection),55.0,PEDALCYCLIST STRUCK MOTOR VEHICLE RIGHT SIDE SIDESWIPE,,0,Clear or Partly Cloudy,Dry,Dark - Street Lights On,,,45,Vehicle - Pedalcyclist,0,N,Washington,47.61751842119721,-122.34757051822572
Block,12TH AVE BETWEEN E MARION ST AND E SPRING ST,2,Injury Collision,Cycles,2,0,1,1,1,0,0,2007-05-15T00:00:00.000Z,5/15/2007 8:39:00 AM,Mid-Block (but intersection related),18.0,"MOTOR VEHICLE STRUCK PEDALCYCLIST, FRONT END AT ANGLE",,0,Clear or Partly Cloudy,Dry,Daylight,Y,,45,Vehicle - Pedalcyclist,0,N,Washington,47.610977476851616,-122.31677912207249
Intersection,8TH AVE AND PINE ST,2,Injury Collision,Cycles,2,0,1,1,1,0,0,2007-02-22T00:00:00.000Z,2/22/2007 6:30:00 AM,At Intersection (intersection related),18.0,"MOTOR VEHICLE STRUCK PEDALCYCLIST, FRONT END AT ANGLE",,0,Overcast,Wet,Dawn,,,45,Vehicle - Pedalcyclist,0,N,Washington,47.613063934912205,-122.33315264134188
Intersection,EAST GREEN LAKE DR N AND NE MAPLE LEAF PL,2,Injury Collision,Cycles,2,0,1,1,1,0,0,2007-11-26T00:00:00.000Z,11/26/2007 6:19:00 PM,At Intersection (intersection related),18.0,"MOTOR VEHICLE STRUCK PEDALCYCLIST, FRONT END AT ANGLE",,0,Raining,Wet,Dark - Street Lights On,,,45,Vehicle - Pedalcyclist,0,N,Washington,47.68071059572977,-122.32613020814442
Intersection,SURBER DR NE AND NE BELVOIR PL,2b,Serious Injury Collision,Cycles,2,0,1,1,1,1,0,2007-09-05T00:00:00.000Z,9/5/2007,At Intersection (intersection related),18.0,"MOTOR VEHICLE STRUCK PEDALCYCLIST, FRONT END AT ANGLE",,0,Clear or Partly Cloudy,Dry,Daylight,,,45,Vehicle - Pedalcyclist,0,N,Washington,47.65686417018117,-122.28644383437167
Intersection,10TH AVE E AND E NEWTON ST,2,Injury Collision,Cycles,2,0,1,1,1,0,0,2007-02-06T00:00:00.000Z,2/6/2007,At Intersection (intersection related),18.0,"MOTOR VEHICLE STRUCK PEDALCYCLIST, FRONT END AT ANGLE",,0,Overcast,Dry,Daylight,Y,,45,Vehicle - Pedalcyclist,0,N,Washington,47.63725179743876,-122.32007982317428
Block,EASTLAKE AVE E BETWEEN E SHELBY ST AND E ALLISON ST,2,Injury Collision,Cycles,2,0,1,1,1,0,0,2007-01-20T00:00:00.000Z,1/20/2007 2:26:00 PM,Driveway Junction,18.0,"MOTOR VEHICLE STRUCK PEDALCYCLIST, FRONT END AT ANGLE",,0,Clear or Partly Cloudy,Dry,Daylight,Y,,45,Vehicle - Pedalcyclist,0,N,Washington,47.648083037810366,-122.32397810356797