addrtype,location,severitycode,severitydesc,collisiontype,personcount,pedcount,pedcylcount,vehcount,injuries,seriousinjuries,fatalities,incdate,incdttm,junctiontype,sdot_colcode,sdot_coldesc,inattentionind,underinfl,weather,roadcond,lightcond,pedrownotgrnt,speeding,st_colcode,st_coldesc,crosswalkkey,hitparkedcar,state,latitude,longitude
Intersection,BROOKLYN AVE NE AND NE PACIFIC ST,2,Injury Collision,Cycles,2,0,1,1,1,0,0,2007-08-16T00:00:00.000Z,8/16/2007 2:50:00 PM,At Intersection (intersection related),51.0,PEDALCYCLIST STRUCK MOTOR VEHICLE FRONT END AT ANGLE,,0,Clear or Partly Cloudy,Dry,Daylight,,,45,Vehicle - Pedalcyclist,0,N,Washington,47.6535988462442,-122.31448850984015
Intersection,CALIFORNIA AVE SW AND SW OREGON ST,2,Injury Collision,Cycles,2,0,1,1,1,0,0,2007-07-30T00:00:00.000Z,7/30/2007 7:32:00 PM,At Intersection (intersection related),18.0,"MOTOR VEHICLE STRUCK PEDALCYCLIST, FRONT END AT ANGLE",,0,Clear or Partly Cloudy,Dry,Daylight,,,45,Vehicle - Pedalcyclist,525186,N,Washington,47.562911624695246,-122.38677531782332
Intersection,4TH AVE N AND MERCER ST,2,Injury Collision,Cycles,2,0,1,1,1,0,0,2007-08-29T00:00:00.000Z,8/29/2007 5:46:00 PM,At Intersection (intersection related),18.0,"MOTOR VEHICLE STRUCK PEDALCYCLIST, FRONT END AT ANGLE",,0,Clear or Partly Cloudy,Dry,Daylight,Y,Y,45,Vehicle - Pedalcyclist,0,N,Washington,47.62456433085206,-122.34887678061644
Block,1ST AVE BETWEEN BLANCHARD ST AND BELL ST,1,Property Damage Only Collision,Cycles,2,0,1,1,0,0,0,2007-03-30T00:00:00.000Z,3/30/2007 6:48:00 PM,Mid-Block (not related to intersection),21.0,"MOTOR VEHICLE STRUCK PEDALCYCLIST, REAR END",Y,0,Clear or Partly Cloudy,Dry,Daylight,,,45,Vehicle - Pedalcyclist,0,N,Washington,47.612989913993864,-122.34586158783074
Block,EAST GREEN LAKE WAY N BETWEEN SUNNYSIDE AVE N AND 1ST AVE NE,2,Injury Collision,Cycles,2,0,1,1,1,0,0,2007-08-14T00:00:00.000Z,8/14/2007 7:00:00 PM,Mid-Block (not related to intersection),54.0,PEDALCYCLIST STRUCK MOTOR VEHICLE REAR END,,0,Clear or Partly Cloudy,Dry,Daylight,,,45,Vehicle - Pedalcyclist,0,N,Washington,47.67833493401879,-122.3288358663582
Block,5TH AVE BETWEEN COLUMBIA ST AND MARION ST,2,Injury Collision,Cycles,2,0,1,1,1,0,0,2007-09-04T00:00:00.000Z,9/4/2007,Mid-Block (not related to intersection),16.0,"MOTOR VEHICLE STRUCK MOTOR VEHICLE, LEFT SIDE SIDESWIPE",,0,Overcast,Dry,Daylight,,,45,Vehicle - Pedalcyclist,0,N,Washington,47.605481496644494,-122.33081889706104
Intersection,RAINIER AVE S AND S BYRON ST,2,Injury Collision,Cycles,2,0,1,1,1,0,0,2007-11-19T00:00:00.000Z,11/19/2007 8:38:00 AM,At Intersection (intersection related),18.0,"MOTOR VEHICLE STRUCK PEDALCYCLIST, FRONT END AT ANGLE",,0,Raining,Wet,Dawn,Y,,45,Vehicle - Pedalcyclist,0,N,Washington,47.57394302530443,-122.29478739952124
Block,BROADWAY E BETWEEN E THOMAS ST AND E HARRISON ST,2,Injury Collision,Cycles,2,0,1,1,1,0,0,2007-02-24T00:00:00.000Z,2/24/2007 5:21:00 PM,Driveway Junction,51.0,PEDALCYCLIST STRUCK MOTOR VEHICLE FRONT END AT ANGLE,,0,Overcast,Dry,Dusk,,,45,Vehicle - Pedalcyclist,0,N,Washington,47.62153060579978,-122.3208989040678
Block,W MCGRAW ST BETWEEN 6TH AVE W AND 7TH AVE W,2,Injury Collision,Cycles,3,0,1,1,1,0,0,2007-03-25T00:00:00.000Z,3/25/2007 3:38:00 PM,Mid-Block (not related to intersection),56.0,PEDALCYCLIST STRUCK MOTOR VEHICLE LEFT SIDE SIDESWIPE,,0,Clear or Partly Cloudy,Dry,Daylight,,,45,Vehicle - Pedalcyclist,0,N,Washington,47.63959581839093,-122.36561747303243
Intersection,29TH AVE AND E DENNY WAY,2,Injury Collision,Cycles,2,0,1,1,1,0,0,2007-04-10T00:00:00.000Z,4/10/2007 6:20:00 PM,At Intersection (intersection related),18.0,"MOTOR VEHICLE STRUCK PEDALCYCLIST, FRONT END AT ANGLE",,0,Clear or Partly Cloudy,Dry,Daylight,,,45,Vehicle - Pedalcyclist,0,N,Washington,47.6188926922284,-122.29481074729736
Block,DEXTER AVE N BETWEEN DENNY WAY AND JOHN ST,2,Injury Collision,Cycles,2,0,1,1,1,0,0,2007-05-09T00:00:00.000Z,5/9/2007,Mid-Block (but intersection related),21.0,"MOTOR VEHICLE STRUCK PEDALCYCLIST, REAR END",,0,Clear or Partly Cloudy,Dry,Daylight,,,45,Vehicle - Pedalcyclist,0,N,Washington,47.619133522455684,-122.34239679428836
Block,FREMONT AVE N BETWEEN FREMONT PL N AND N 36TH ST,2,Injury Collision,Cycles,2,0,1,1,1,0,0,2007-07-13T00:00:00.000Z,7/13/2007 2:49:00 PM,Mid-Block (not related to intersection),18.0,"MOTOR VEHICLE STRUCK PEDALCYCLIST, FRONT END AT ANGLE",Y,0,Clear or Partly Cloudy,Dry,Daylight,Y,,45,Vehicle - Pedalcyclist,0,N,Washington,47.65088855096808,-122.3498845298686
Intersection,BELMONT AVE E AND E HARRISON ST,2,Injury Collision,Cycles,2,0,1,1,1,0,0,2007-04-27T00:00:00.000Z,4/27/2007 8:53:00 PM,At Intersection (intersection related),51.0,PEDALCYCLIST STRUCK MOTOR VEHICLE FRONT END AT ANGLE,,0,Clear or Partly Cloudy,Dry,Dark - Street Lights On,,Y,45,Vehicle - Pedalcyclist,0,N,Washington,47.62198950662799,-122.32402408018923
Block,E UNION ST BETWEEN 10TH AVE AND 11TH AVE,2,Injury Collision,Cycles,2,0,1,1,1,0,0,2007-09-19T00:00:00.000Z,9/19/2007 6:00:00 PM,Mid-Block (not related to intersection),56.0,PEDALCYCLIST STRUCK MOTOR VEHICLE LEFT SIDE SIDESWIPE,,0,Clear or Partly Cloudy,Dry,Daylight,,,45,Vehicle - Pedalcyclist,0,N,Washington,47.61293564986552,-122.31878054076387
Intersection,NICKERSON ST AND WESTLAKE AVE N,2,Injury Collision,Cycles,2,0,1,1,1,0,0,2007-05-30T00:00:00.000Z,5/30/2007 12:19:00 PM,At Intersection (intersection related),51.0,PEDALCYCLIST STRUCK MOTOR VEHICLE FRONT END AT ANGLE,,0,Clear or Partly Cloudy,Dry,Daylight,,,45,Vehicle - Pedalcyclist,0,N,Washington,47.64614702733244,-122.34974101029732
Block,2ND AVE BETWEEN COLUMBIA ST AND MARION ST,2,Injury Collision,Cycles,3,0,2,1,2,0,0,2007-05-08T00:00:00.000Z,5/8/2007,Mid-Block (not related to intersection),61.0,PEDALCYCLIST STRUCK PEDALCYCLIST REAR END,,0,Clear or Partly Cloudy,Dry,Daylight,,,45,Vehicle - Pedalcyclist,0,N,Washington,47.60408846679166,-122.33414983837903
Intersection,RAINIER AVE S AND S CHARLESTOWN ST,2,Injury Collision,Cycles,2,0,1,1,1,0,0,2007-04-07T00:00:00.000Z,4/7/2007,At Intersection (intersection related),18.0,"MOTOR VEHICLE STRUCK PEDALCYCLIST, FRONT END AT ANGLE",,0,Raining,Wet,Dark - Street Lights On,Y,Y,45,Vehicle - Pedalcyclist,524336,N,Washington,47.56977061348821,-122.29069886526999
Intersection,5TH AVE NE AND NE 45TH ST,2,Injury Collision,Cycles,4,0,1,1,1,0,0,2007-06-30T00:00:00.000Z,6/30/2007 2:44:00 PM,At Intersection (intersection related),18.0,"MOTOR VEHICLE STRUCK PEDALCYCLIST, FRONT END AT ANGLE",,0,Clear or Partly Cloudy,Dry,Daylight,,,45,Vehicle - Pedalcyclist,521817,N,Washington,47.6613333466589,-122.32295632132387
Intersection,61ST AVE SW AND ALKI AVE SW,2,Injury Collision,Cycles,3,0,1,1,1,0,0,2007-06-23T00:00:00.000Z,6/23/2007 8:45:00 PM,At Intersection (intersection related),18.0,"MOTOR VEHICLE STRUCK PEDALCYCLIST, FRONT END AT ANGLE",Y,0,Clear or Partly Cloudy,Dry,Daylight,,,45,Vehicle - Pedalcyclist,0,N,Washington,47.57912495068197,-122.41064800774583
Intersection,9TH AVE NE AND NE 42ND ST,2b,Serious Injury Collision,Cycles,2,0,1,1,1,1,0,2007-05-21T00:00:00.000Z,5/21/2007 9:14:00 PM,At Intersection (intersection related),18.0,"MOTOR VEHICLE STRUCK PEDALCYCLIST, FRONT END AT ANGLE",,0,Raining,Wet,Dark - Street Lights On,,,45,Vehicle - Pedalcyclist,0,N,Washington,47.65751587127742,-122.31879625077707
Block,NE 65TH ST BETWEEN 5TH E AVE NE AND HILLMAN PL NE,2,Injury Collision,Cycles,2,0,1,1,1,0,0,2007-05-05T00:00:00.000Z,5/5/2007,Mid-Block (but intersection related),51.0,PEDALCYCLIST STRUCK MOTOR VEHICLE FRONT END AT ANGLE,,0,Clear or Partly Cloudy,Dry,Daylight,,,45,Vehicle - Pedalcyclist,0,N,Washington,47.67587697216491,-122.32297500798988
Block,LAKE WASHINGTON BLVD S BETWEEN LAKE PARK DR S AND S HORTON NR ST,1,Property Damage Only Collision,Cycles,2,0,1,1,0,0,0,2007-06-18T00:00:00.000Z,6/18/2007 5:00:00 PM,Mid-Block (not related to intersection),23.0,"MOTOR VEHICLE STRUCK PEDALCYCLIST, LEFT SIDE SIDESWIPE",,0,Clear or Partly Cloudy,Dry,Daylight,,,45,Vehicle - Pedalcyclist,0,N,Washington,47.57887321646986,-122.28369058723595
Block,BALLARD AVE NW BETWEEN NW VERNON PL AND 22ND AVE NW,1,Property Damage Only Collision,Cycles,2,0,1,1,0,0,0,2007-07-25T00:00:00.000Z,7/25/2007 11:15:00 PM,Mid-Block (not related to intersection),56.0,PEDALCYCLIST STRUCK MOTOR VEHICLE LEFT SIDE SIDESWIPE,,1,Clear or Partly Cloudy,Dry,Dark - Street Lights On,,,45,Vehicle - Pedalcyclist,0,N,Washington,47.6670440413681,-122.38394701845387
Intersection,9TH AVE NE AND NE 40TH ALLEY ST,2,Injury Collision,Cycles,2,0,1,1,1,0,0,2007-03-05T00:00:00.000Z,3/5/2007,At Intersection (intersection related),18.0,"MOTOR VEHICLE STRUCK PEDALCYCLIST, FRONT END AT ANGLE",,0,Clear or Partly Cloudy,Dry,Dusk,,,45,Vehicle - Pedalcyclist,0,N,Washington,47.65613981168189,-122.31880212678243
Intersection,HARVARD AVE AND E PIKE ST,2,Injury Collision,Cycles,2,0,1,1,1,0,0,2007-10-06T00:00:00.000Z,10/6/2007,At Intersection (intersection related),51.0,PEDALCYCLIST STRUCK MOTOR VEHICLE FRONT END AT ANGLE,,0,Clear or Partly Cloudy,Dry,Dark - Street Lights On,,,45,Vehicle - Pedalcyclist,0,N,Washington,47.614066196262954,-122.3221109248895
Intersection,ALASKAN WAY AND BROAD ST,2,Injury Collision,Cycles,2,0,1,1,1,0,0,2007-08-16T00:00:00.000Z,8/16/2007 7:58:00 AM,At Intersection (intersection related),51.0,PEDALCYCLIST STRUCK MOTOR VEHICLE FRONT END AT ANGLE,,0,Overcast,Dry,Unknown,,,45,Vehicle - Pedalcyclist,0,N,Washington,47.6150335941984,-122.35487620036837
Intersection,LAKE CITY WAY NE AND NE 117TH ST,2,Injury Collision,Cycles,2,0,1,1,1,0,0,2007-04-17T00:00:00.000Z,4/17/2007 2:46:00 PM,At Intersection (intersection related),18.0,"MOTOR VEHICLE STRUCK PEDALCYCLIST, FRONT END AT ANGLE",,0,Overcast,Dry,Daylight,,,45,Vehicle - Pedalcyclist,0,N,Washington,47.71421240711268,-122.29822972659235
Intersection,BOREN AVE AND MADISON ST,1,Property Damage Only Collision,Cycles,2,0,1,1,0,0,0,2007-09-25T00:00:00.000Z,9/25/2007 10:55:00 AM,At Intersection (intersection related),18.0,"MOTOR VEHICLE STRUCK PEDALCYCLIST, FRONT END AT ANGLE",,0,Raining,Wet,Daylight,Y,,45,Vehicle - Pedalcyclist,523649,N,Washington,47.60933797229917,-122.3251390767934
Block,E UNION ST BETWEEN 10TH AVE AND 11TH AVE,1,Property Damage Only Collision,Cycles,2,0,1,1,0,0,0,2007-09-11T00:00:00.000Z,9/11/2007 2:14:00 PM,Mid-Block (but intersection related),51.0,PEDALCYCLIST STRUCK MOTOR VEHICLE FRONT END AT ANGLE,,0,Clear or Partly Cloudy,Dry,Daylight,,,45,Vehicle - Pedalcyclist,0,N,Washington,47.61293564986552,-122.31878054076387
Intersection,12TH AVE AND E YESLER WAY,2,Injury Collision,Cycles,2,0,1,1,1,0,0,2007-02-21T00:00:00.000Z,2/21/2007 3:00:00 PM,At Intersection (intersection related),21.0,"MOTOR VEHICLE STRUCK PEDALCYCLIST, REAR END",,0,Clear or Partly Cloudy,Dry,Daylight,,,45,Vehicle - Pedalcyclist,0,N,Washington,47.60169336783193,-122.31678189326038
Intersection,2ND AVE AND BLANCHARD ST,1,Property Damage Only Collision,Cycles,2,0,1,1,0,0,0,2007-07-13T00:00:00.000Z,7/13/2007 10:58:00 PM,At Intersection (intersection related),18.0,"MOTOR VEHICLE STRUCK PEDALCYCLIST, FRONT END AT ANGLE",,0,Clear or Partly Cloudy,Dry,Dark - Street Lights On,,,45,Vehicle - Pedalcyclist,0,N,Washington,47.61327122303532,-122.34435339889595
Block,S ALASKA ST BETWEEN MCCOY PL S AND M L KING JR WR WAY S,2,Injury Collision,Cycles,2,0,1,1,1,0,0,2007-06-19T00:00:00.000Z,6/19/2007 4:30:00 PM,Mid-Block (but intersection related),18.0,"MOTOR VEHICLE STRUCK PEDALCYCLIST, FRONT END AT ANGLE",,0,Clear or Partly Cloudy,Dry,Daylight,Y,,45,Vehicle - Pedalcyclist,0,N,Washington,47.560829629302766,-122.29387366496158
Block,RAINIER AVE S BETWEEN 75TH AVE S AND CITY LIMITS,2,Injury Collision,Cycles,2,0,2,0,2,0,0,2007-05-24T00:00:00.000Z,5/24/2007 12:00:00 PM,Mid-Block (not related to intersection),61.0,PEDALCYCLIST STRUCK PEDALCYCLIST REAR END,,0,Clear or Partly Cloudy,Dry,Daylight,,,45,Vehicle - Pedalcyclist,0,N,Washington,47.510502174035246,-122.23895120929687
Intersection,DENNY WAY AND TERRY AVE,2,Injury Collision,Cycles,1,0,1,0,1,0,0,2007-01-09T00:00:00.000Z,1/9/2007,At Intersection (intersection related),18.0,"MOTOR VEHICLE STRUCK PEDALCYCLIST, FRONT END AT ANGLE",,0,Clear or Partly Cloudy,Dry,Daylight,,,45,Vehicle - Pedalcyclist,0,N,Washington,47.61852689284808,-122.33715073001076
Block,NE NORTHGATE WAY BETWEEN 5TH AVE NE AND 8TH AVE NE,1,Property Damage Only Collision,Cycles,2,0,1,1,0,0,0,2007-06-29T00:00:00.000Z,6/29/2007 2:05:00 PM,Driveway Junction,18.0,"MOTOR VEHICLE STRUCK PEDALCYCLIST, FRONT END AT ANGLE",,0,Overcast,Dry,Daylight,,,45,Vehicle - Pedalcyclist,0,N,Washington,47.70858579309433,-122.32192040625559
Block,ELLIOTT AVE W BETWEEN ELLIOTT ER AVE W AND W THOMAS S ST,2,Injury Collision,Cycles,2,0,1,1,1,0,0,2007-04-08T00:00:00.000Z,4/8/2007,Mid-Block (but intersection related),18.0,"MOTOR VEHICLE STRUCK PEDALCYCLIST, FRONT END AT ANGLE",,1,Clear or Partly Cloudy,Dry,Daylight,Y,,45,Vehicle - Pedalcyclist,606528,N,Washington,47.620291957391494,-122.36048457323703
Block,CALIFORNIA AVE SW BETWEEN SW ADMIRAL WAY AND SW LANDER ST,2,Injury Collision,Cycles,2,0,1,1,1,0,0,2007-08-07T00:00:00.000Z,8/7/2007,Mid-Block (not related to intersection),54.0,PEDALCYCLIST STRUCK MOTOR VEHICLE REAR END,Y,0,Overcast,Dry,Daylight,,,45,Vehicle - Pedalcyclist,0,N,Washington,47.58025411142609,-122.38658351154831
Block,10TH AVE E BETWEEN E MILLER ST AND E ROANOKE W ST,2b,Serious Injury Collision,Cycles,2,0,1,1,1,1,0,2007-06-28T00:00:00.000Z,6/28/2007 7:50:00 AM,Mid-Block (but intersection related),54.0,PEDALCYCLIST STRUCK MOTOR VEHICLE REAR END,Y,0,Raining,Wet,Daylight,,,45,Vehicle - Pedalcyclist,0,N,Washington,47.64227343347911,-122.32005761622581
Intersection,12TH AVE AND E MADISON ST,2,Injury Collision,Cycles,2,0,1,1,1,0,0,2007-09-14T00:00:00.000Z,9/14/2007 12:00:00 PM,At Intersection (intersection related),18.0,"MOTOR VEHICLE STRUCK PEDALCYCLIST, FRONT END AT ANGLE",,0,Clear or Partly Cloudy,Dry,Daylight,,,45,Vehicle - Pedalcyclist,0,N,Washington,47.61288923577013,-122.31673339075188
Block,ALKI TRL BETWEEN HARBOR AVE SW AND SW FLORIDA ST,2,Injury Collision,Cycles,2,0,1,1,1,0,0,2007-09-25T00:00:00.000Z,9/25/2007 7:30:00 AM,Driveway Junction,18.0,"MOTOR VEHICLE STRUCK PEDALCYCLIST, FRONT END AT ANGLE",,0,Raining,Wet,Daylight,Y,,45,Vehicle - Pedalcyclist,0,N,Washington,47.576669369283096,-122.37125076853712
Intersection,AURORA AVE N AND N NORTHGATE WAY,1,Property Damage Only Collision,Cycles,6,0,1,1,0,0,0,2007-12-08T00:00:00.000Z,12/8/2007,At Intersection (intersection related),18.0,"MOTOR VEHICLE STRUCK PEDALCYCLIST, FRONT END AT ANGLE",,0,Clear or Partly Cloudy,Dry,Dark - Street Lights On,Y,,45,Vehicle - Pedalcyclist,521685,N,Washington,47.705051213352824,-122.34469412970004
Block,38TH AVE S BETWEEN S ANDOVER ST AND S DAKOTA ST,2,Injury Collision,Cycles,2,0,1,1,1,0,0,2007-04-20T00:00:00.000Z,4/20/2007 1:16:00 PM,Mid-Block (not related to intersection),21.0,"MOTOR VEHICLE STRUCK PEDALCYCLIST, REAR END",Y,0,Clear or Partly Cloudy,Dry,Daylight,,,45,Vehicle - Pedalcyclist,0,N,Washington,47.56705158820833,-122.28502405165916
Block,TAYLOR AVE N BETWEEN TAYLOR UPPER AVE N AND GALER ST,2,Injury Collision,Cycles,2,0,1,1,1,0,0,2007-10-30T00:00:00.000Z,10/30/2007 7:54:00 AM,Mid-Block (not related to intersection),54.0,PEDALCYCLIST STRUCK MOTOR VEHICLE REAR END,,0,Overcast,Dry,Daylight,,,45,Vehicle - Pedalcyclist,0,N,Washington,47.63198303538461,-122.34602673831348
Intersection,MAGNOLIA BR AND MAGNOLIA EB E BR,2,Injury Collision,Cycles,2,0,1,1,1,0,0,2007-06-11T00:00:00.000Z,6/11/2007 3:45:00 PM,At Intersection (intersection related),18.0,"MOTOR VEHICLE STRUCK PEDALCYCLIST, FRONT END AT ANGLE",Y,0,Overcast,Dry,Daylight,,,45,Vehicle - Pedalcyclist,0,N,Washington,47.6334948876365,-122.37965251509668
Intersection,BOREN AVE AND PIKE ST,2b,Serious Injury Collision,Cycles,3,0,1,1,1,1,0,2007-02-07T00:00:00.000Z,2/7/2007,At Intersection (intersection related),18.0,"MOTOR VEHICLE STRUCK PEDALCYCLIST, FRONT END AT ANGLE",,0,Raining,Wet,Dark - Street Lights On,Y,,45,Vehicle - Pedalcyclist,0,N,Washington,47.61346582031274,-122.328913101671
Block,E MADISON ST BETWEEN BROADWAY AND BROADWAY CT,2,Injury Collision,Cycles,2,0,1,1,1,0,0,2007-04-02T00:00:00.000Z,4/2/2007,Mid-Block (but intersection related),18.0,"MOTOR VEHICLE STRUCK PEDALCYCLIST, FRONT END AT ANGLE",,0,Clear or Partly Cloudy,Dry,Daylight,Y,,45,Vehicle - Pedalcyclist,0,N,Washington,47.61135552059865,-122.32031301157558
Intersection,RAVENNA AVE NE AND NE 98TH ST,2,Injury Collision,Cycles,3,0,1,1,1,0,0,2007-11-08T00:00:00.000Z,11/8/2007,At Intersection (intersection related),18.0,"MOTOR VEHICLE STRUCK PEDALCYCLIST, FRONT END AT ANGLE",,0,Overcast,Dry,Dusk,Y,,45,Vehicle - Pedalcyclist,0,N,Washington,47.70025636475025,-122.301318151965
Intersection,FREMONT AVE N AND N 38TH ST,2,Injury Collision,Cycles,5,0,1,1,1,0,0,2007-07-02T00:00:00.000Z,7/2/2007,At Intersection (intersection related),18.0,"MOTOR VEHICLE STRUCK PEDALCYCLIST, FRONT END AT ANGLE",,0,Clear or Partly Cloudy,Dry,Daylight,Y,,45,Vehicle - Pedalcyclist,0,N,Washington,47.652729540332054,-122.34992005735012
Block,LAKE WASHINGTON BLVD S BETWEEN LAKE PARK DR S AND S HORTON NR ST,2b,Serious Injury Collision,Cycles,2,0,1,1,1,1,0,2007-07-31T00:00:00.000Z,7/31/2007 3:00:00 PM,Mid-Block (not related to intersection),18.0,"MOTOR VEHICLE STRUCK PEDALCYCLIST, FRONT END AT ANGLE",,0,Clear or Partly Cloudy,Dry,Daylight,,,45,Vehicle - Pedalcyclist,0,N,Washington,47.57887321646986,-122.28369058723595
Intersection,STONE WAY N AND N 36TH ST,2,Injury Collision,Cycles,2,0,1,1,1,0,0,2007-07-06T00:00:00.000Z,7/6/2007,At Intersection (intersection related),51.0,PEDALCYCLIST STRUCK MOTOR VEHICLE FRONT END AT ANGLE,,0,Clear or Partly Cloudy,Dry,Daylight,,,45,Vehicle - Pedalcyclist,0,N,Washington,47.650533523230685,-122.34267836132469
Block,NW MARKET ST BETWEEN 26TH AVE NW AND 28TH AVE NW,2,Injury Collision,Cycles,2,0,1,1,1,0,0,2007-03-16T00:00:00.000Z,3/16/2007 8:05:00 PM,Mid-Block (not related to intersection),23.0,"MOTOR VEHICLE STRUCK PEDALCYCLIST, LEFT SIDE SIDESWIPE",,0,Clear or Partly Cloudy,Dry,Dark - Street Lights On,,,45,Vehicle - Pedalcyclist,0,N,Washington,47.66866164854742,-122.39149959668876
Intersection,SENECA ST AND SUMMIT AVE,1,Property Damage Only Collision,Cycles,2,0,1,1,0,0,0,2007-08-01T00:00:00.000Z,8/1/2007,At Intersection (intersection related),18.0,"MOTOR VEHICLE STRUCK PEDALCYCLIST, FRONT END AT ANGLE",,0,Clear or Partly Cloudy,Dry,Daylight,Y,,45,Vehicle - Pedalcyclist,0,N,Washington,47.61169433886466,-122.32422347199807
Block,4TH AVE BETWEEN STEWART ST AND VIRGINIA ST,2,Injury Collision,Cycles,2,0,1,1,1,0,0,2007-06-09T00:00:00.000Z,6/9/2007,Driveway Junction,18.0,"MOTOR VEHICLE STRUCK PEDALCYCLIST, FRONT END AT ANGLE",Y,0,Overcast,Wet,Dusk,Y,,45,Vehicle - Pedalcyclist,0,N,Washington,47.61267733614133,-122.33938113558615
Intersection,15TH AVE NW AND NW 67TH ST,2,Injury Collision,Cycles,2,0,1,1,1,0,0,2007-04-20T00:00:00.000Z,4/20/2007 3:32:00 PM,At Intersection (intersection related),18.0,"MOTOR VEHICLE STRUCK PEDALCYCLIST, FRONT END AT ANGLE",,0,Clear or Partly Cloudy,Dry,Daylight,,,45,Vehicle - Pedalcyclist,521274,N,Washington,47.67776765738922,-122.37676361284159
Block,32ND AVE NE BETWEEN NE 118TH ST AND NE 120TH ST,2,Injury Collision,Cycles,2,0,1,1,1,0,0,2007-06-10T00:00:00.000Z,6/10/2007 2:44:00 PM,Driveway Junction,51.0,PEDALCYCLIST STRUCK MOTOR VEHICLE FRONT END AT ANGLE,,0,Clear or Partly Cloudy,Dry,Daylight,,,45,Vehicle - Pedalcyclist,0,N,Washington,47.714849296374034,-122.29408341695901
Block,EASTLAKE AVE E BETWEEN HARVARD AVE E AND FUHRMAN AVE E,2,Injury Collision,Cycles,2,0,1,1,1,0,0,2007-05-17T00:00:00.000Z,5/17/2007 3:00:00 PM,Driveway Junction,18.0,"MOTOR VEHICLE STRUCK PEDALCYCLIST, FRONT END AT ANGLE",,0,Clear or Partly Cloudy,Dry,Daylight,Y,,45,Vehicle - Pedalcyclist,0,N,Washington,47.65104751116883,-122.32168580219019
Intersection,3RD AVE N AND MERCER ST,2,Injury Collision,Cycles,2,0,1,1,1,0,0,2007-11-15T00:00:00.000Z,11/15/2007 5:10:00 AM,At Intersection (intersection related),18.0,"MOTOR VEHICLE STRUCK PEDALCYCLIST, FRONT END AT ANGLE",,0,Raining,Wet,Dark - Street Lights Off,,,45,Vehicle - Pedalcyclist,521619,N,Washington,47.62456996339036,-122.35148741511824
Intersection,12TH AVE AND E YESLER WAY,2,Injury Collision,Cycles,2,0,1,1,1,0,0,2007-04-12T00:00:00.000Z,4/12/2007 5:58:00 PM,At Intersection (intersection related),18.0,"MOTOR VEHICLE STRUCK PEDALCYCLIST, FRONT END AT ANGLE",Y,0,Clear or Partly Cloudy,Dry,Daylight,,,45,Vehicle - Pedalcyclist,0,N,Washington,47.60169336783193,-122.31678189326038
Intersection,PHINNEY AVE N AND N 50TH E ST,2,Injury Collision,Cycles,2,0,1,1,1,0,0,2007-02-15T00:00:00.000Z,2/15/2007 8:24:00 AM,At Intersection (intersection related),18.0,"MOTOR VEHICLE STRUCK PEDALCYCLIST, FRONT END AT ANGLE",,0,Overcast,Dry,Daylight,,,45,Vehicle - Pedalcyclist,0,N,Washington,47.66501938046141,-122.35395996421312
Intersection,BROOKLYN AVE NE AND NE 45TH ST,2,Injury Collision,Cycles,2,0,1,1,1,0,0,2007-11-24T00:00:00.000Z,11/24/2007 2:00:00 PM,At Intersection (intersection related),18.0,"MOTOR VEHICLE STRUCK PEDALCYCLIST, FRONT END AT ANGLE",,0,Clear or Partly Cloudy,Dry,Daylight,,,45,Vehicle - Pedalcyclist,0,N,Washington,47.66127697828911,-122.31428581564968
Block,NE 45TH ST BETWEEN 5TH AVE NE AND 7TH AVE NE,2,Injury Collision,Cycles,2,0,1,1,1,0,0,2007-09-21T00:00:00.000Z,9/21/2007 10:02:00 AM,Mid-Block (but intersection related),54.0,PEDALCYCLIST STRUCK MOTOR VEHICLE REAR END,,0,Clear or Partly Cloudy,Dry,Daylight,,,45,Vehicle - Pedalcyclist,0,N,Washington,47.661326275252286,-122.32184411588696
Intersection,3RD AVE AND BELL ST,2,Injury Collision,Cycles,2,0,1,1,1,0,0,2007-11-28T00:00:00.000Z,11/28/2007 4:51:00 PM,At Intersection (intersection related),51.0,PEDALCYCLIST STRUCK MOTOR VEHICLE FRONT END AT ANGLE,,0,Raining,Wet,Dark - Street Lights On,,,45,Vehicle - Pedalcyclist,0,N,Washington,47.614704585733534,-122.34479351953465
Block,15TH AVE E BETWEEN E THOMAS N ST AND E HARRISON S ST,2,Injury Collision,Cycles,3,0,2,1,2,0,0,2007-09-12T00:00:00.000Z,9/12/2007 12:55:00 PM,Mid-Block (not related to intersection),18.0,"MOTOR VEHICLE STRUCK PEDALCYCLIST, FRONT END AT ANGLE",,0,Clear or Partly Cloudy,Dry,Daylight,,,45,Vehicle - Pedalcyclist,0,N,Washington,47.621539133199704,-122.31265761774769
Intersection,MERCER ST AND WARREN AVE N,2,Injury Collision,Cycles,2,0,1,1,1,0,0,2007-02-05T00:00:00.000Z,2/5/2007,At Intersection (intersection related),51.0,PEDALCYCLIST STRUCK MOTOR VEHICLE FRONT END AT ANGLE,,0,Clear or Partly Cloudy,Wet,Daylight,Y,,45,Vehicle - Pedalcyclist,0,N,Washington,47.62457552049159,-122.35409847959365