addrtype,location,severitycode,severitydesc,collisiontype,personcount,pedcount,pedcylcount,vehcount,injuries,seriousinjuries,fatalities,incdate,incdttm,junctiontype,sdot_colcode,sdot_coldesc,inattentionind,underinfl,weather,roadcond,lightcond,pedrownotgrnt,speeding,st_colcode,st_coldesc,crosswalkkey,hitparkedcar,state,latitude,longitude
Block,9TH AVE SW BETWEEN SW TRENTON ST AND SW HENDERSON ST,2,Injury Collision,Cycles,3,0,1,1,1,0,0,2008-02-18T00:00:00.000Z,2/18/2008 9:30:00 PM,Driveway Junction,18.0,"MOTOR VEHICLE STRUCK PEDALCYCLIST, FRONT END AT ANGLE",,0,Clear or Partly Cloudy,Dry,Dark - Street Lights On,,,45,Vehicle - Pedalcyclist,0,N,Washington,47.523727979117105,-122.34673138765352
Intersection,ETRURIA ST AND WARREN AVE N,1,Property Damage Only Collision,Cycles,2,0,1,1,0,0,0,2008-09-08T00:00:00.000Z,9/8/2008,At Intersection (intersection related),18.0,"MOTOR VEHICLE STRUCK PEDALCYCLIST, FRONT END AT ANGLE",,0,Clear or Partly Cloudy,Dry,Dark - No Street Lights,,,45,Vehicle - Pedalcyclist,0,N,Washington,47.64777142807426,-122.35449665706781
Intersection,16TH AVE SW AND SW ORCHARD ST,2,Injury Collision,Cycles,3,0,1,1,1,0,0,2007-12-12T00:00:00.000Z,12/12/2007 9:00:00 AM,At Intersection (intersection related),51.0,PEDALCYCLIST STRUCK MOTOR VEHICLE FRONT END AT ANGLE,,0,Clear or Partly Cloudy,Wet,Daylight,,,45,Vehicle - Pedalcyclist,0,N,Washington,47.53821330871503,-122.35499731567762
Intersection,28TH AVE NW AND NW MARKET ST,2b,Serious Injury Collision,Cycles,2,0,1,1,1,1,0,2008-07-07T00:00:00.000Z,7/7/2008,At Intersection (intersection related),18.0,"MOTOR VEHICLE STRUCK PEDALCYCLIST, FRONT END AT ANGLE",,0,Clear or Partly Cloudy,Dry,Daylight,Y,,45,Vehicle - Pedalcyclist,0,N,Washington,47.668654849597424,-122.39285829690594
Block,1ST AVE BETWEEN COLUMBIA ST AND MARION ST,1,Property Damage Only Collision,Cycles,2,0,1,1,0,0,0,2007-07-23T00:00:00.000Z,7/23/2007 2:28:00 PM,Mid-Block (but intersection related),18.0,"MOTOR VEHICLE STRUCK PEDALCYCLIST, FRONT END AT ANGLE",,0,Clear or Partly Cloudy,Dry,Daylight,Y,,45,Vehicle - Pedalcyclist,0,N,Washington,47.60362423631366,-122.3352594523253
Intersection,11TH AVE NW AND NW 57TH ST,2,Injury Collision,Cycles,2,0,1,1,1,0,0,2008-10-01T00:00:00.000Z,10/1/2008,At Intersection (intersection related),18.0,"MOTOR VEHICLE STRUCK PEDALCYCLIST, FRONT END AT ANGLE",,0,Clear or Partly Cloudy,Dry,Daylight,,,45,Vehicle - Pedalcyclist,0,N,Washington,47.67016705034226,-122.37075601408243
Block,E INTERLAKEN BLVD BETWEEN DELMAR DR E AND INTERLAKEN DR E,2,Injury Collision,Cycles,3,0,1,1,1,0,0,2008-10-02T00:00:00.000Z,10/2/2008,Mid-Block (not related to intersection),23.0,"MOTOR VEHICLE STRUCK PEDALCYCLIST, LEFT SIDE SIDESWIPE",,0,Overcast,Dry,Daylight,,,45,Vehicle - Pedalcyclist,0,N,Washington,47.63871046021918,-122.31298436621854
Block,NE 55TH ST BETWEEN ROOSEVELT WAY NE AND 11TH AVE NE,1,Property Damage Only Collision,Cycles,2,0,1,1,0,0,0,2007-07-05T00:00:00.000Z,7/5/2007,Driveway Junction,18.0,"MOTOR VEHICLE STRUCK PEDALCYCLIST, FRONT END AT ANGLE",,0,Clear or Partly Cloudy,Dry,Daylight,,,45,Vehicle - Pedalcyclist,0,N,Washington,47.66857355662057,-122.31682712985777
Block,4TH AVE S BETWEEN S FOREST ST AND S HANFORD ST,2b,Serious Injury Collision,Cycles,3,0,1,1,1,1,0,2007-06-17T00:00:00.000Z,6/17/2007 2:37:00 PM,Driveway Junction,18.0,"MOTOR VEHICLE STRUCK PEDALCYCLIST, FRONT END AT ANGLE",,0,Overcast,Dry,Daylight,Y,,45,Vehicle - Pedalcyclist,0,N,Washington,47.57665128048437,-122.32905817838068
Intersection,2ND AVE AND COLUMBIA ST,2b,Serious Injury Collision,Cycles,2,0,1,1,1,1,0,2008-04-09T00:00:00.000Z,4/9/2008,At Intersection (intersection related),51.0,PEDALCYCLIST STRUCK MOTOR VEHICLE FRONT END AT ANGLE,,0,Clear or Partly Cloudy,Dry,Daylight,Y,,45,Vehicle - Pedalcyclist,0,N,Washington,47.603732792609094,-122.33382457188871
Block,1ST AVE BETWEEN LENORA ST AND BLANCHARD ST,2,Injury Collision,Cycles,2,0,1,1,1,0,0,2007-03-16T00:00:00.000Z,3/16/2007 11:37:00 PM,Mid-Block (not related to intersection),56.0,PEDALCYCLIST STRUCK MOTOR VEHICLE LEFT SIDE SIDESWIPE,,0,Clear or Partly Cloudy,Dry,Dark - Street Lights On,,,45,Vehicle - Pedalcyclist,0,N,Washington,47.61222096196305,-122.34456117977655
Intersection,TERRACE ST AND YESLER WAY,2b,Serious Injury Collision,Cycles,2,0,1,1,1,1,0,2007-04-17T00:00:00.000Z,4/17/2007 10:33:00 PM,At Intersection (intersection related),18.0,"MOTOR VEHICLE STRUCK PEDALCYCLIST, FRONT END AT ANGLE",,0,Raining,Wet,Dark - Street Lights On,Y,,45,Vehicle - Pedalcyclist,0,N,Washington,47.60172128515565,-122.32902105160194
Block,25TH AVE NE BETWEEN NE 80TH ST AND RAVENNA S AVE NE,2,Injury Collision,Cycles,3,0,1,1,1,0,0,2008-06-16T00:00:00.000Z,6/16/2008 6:40:00 PM,Mid-Block (not related to intersection),56.0,PEDALCYCLIST STRUCK MOTOR VEHICLE LEFT SIDE SIDESWIPE,,0,Clear or Partly Cloudy,Dry,Daylight,,,45,Vehicle - Pedalcyclist,0,N,Washington,47.68717778555718,-122.30122138952805
Intersection,THOMAS ST AND WESTLAKE AVE N,2,Injury Collision,Cycles,2,0,1,1,1,0,0,2007-12-19T00:00:00.000Z,12/19/2007 5:47:00 PM,At Intersection (intersection related),18.0,"MOTOR VEHICLE STRUCK PEDALCYCLIST, FRONT END AT ANGLE",,0,Raining,Wet,Dark - Street Lights On,Y,,45,Vehicle - Pedalcyclist,622502,N,Washington,47.62087408282499,-122.33846537417837
Block,15TH AVE NE BETWEEN NE 73RD ST AND NE 75TH ST,2b,Serious Injury Collision,Cycles,2,0,1,1,1,1,0,2007-08-15T00:00:00.000Z,8/15/2007 2:51:00 PM,Mid-Block (not related to intersection),54.0,PEDALCYCLIST STRUCK MOTOR VEHICLE REAR END,,0,Clear or Partly Cloudy,Dry,Daylight,,,45,Vehicle - Pedalcyclist,0,N,Washington,47.68214975433567,-122.31169203751504
Intersection,BELLEVUE AVE AND E DENNY WAY,2,Injury Collision,Cycles,2,0,1,1,1,0,0,2008-02-02T00:00:00.000Z,2/2/2008,At Intersection (intersection related),18.0,"MOTOR VEHICLE STRUCK PEDALCYCLIST, FRONT END AT ANGLE",,0,Overcast,Dry,Daylight,,,45,Vehicle - Pedalcyclist,0,N,Washington,47.618492645551065,-122.32672599259386
Block,WESTLAKE AVE BETWEEN 6TH AVE AND VIRGINIA ST,2,Injury Collision,Cycles,4,0,1,1,1,0,0,2008-12-11T00:00:00.000Z,12/11/2008 1:29:00 PM,Mid-Block (not related to intersection),56.0,PEDALCYCLIST STRUCK MOTOR VEHICLE LEFT SIDE SIDESWIPE,,0,Clear or Partly Cloudy,Dry,Daylight,,,45,Vehicle - Pedalcyclist,0,N,Washington,47.61438806559031,-122.33765360673372
Block,EASTLAKE AVE E BETWEEN HARVARD AVE E AND FUHRMAN AVE E,2,Injury Collision,Cycles,2,0,1,1,1,0,0,2007-11-23T00:00:00.000Z,11/23/2007 12:34:00 PM,Mid-Block (but intersection related),69.0,PEDALCYCLIST OVERTURNED IN ROAD,,0,Clear or Partly Cloudy,Dry,Daylight,Y,,45,Vehicle - Pedalcyclist,0,N,Washington,47.65104751116883,-122.32168580219019
Intersection,TROLL AVE N AND N 34TH ST,2,Injury Collision,Cycles,2,0,1,1,1,0,0,2008-02-23T00:00:00.000Z,2/23/2008 9:05:00 AM,At Intersection (intersection related),18.0,"MOTOR VEHICLE STRUCK PEDALCYCLIST, FRONT END AT ANGLE",,0,Clear or Partly Cloudy,Dry,Daylight,Y,,45,Vehicle - Pedalcyclist,0,N,Washington,47.64924012162934,-122.34741874332344
Intersection,6TH AVE NW AND NW 87TH ST,2,Injury Collision,Cycles,2,0,1,1,1,0,0,2007-09-28T00:00:00.000Z,9/28/2007 7:00:00 AM,At Intersection (intersection related),51.0,PEDALCYCLIST STRUCK MOTOR VEHICLE FRONT END AT ANGLE,,0,Overcast,Wet,Daylight,Y,,45,Vehicle - Pedalcyclist,0,N,Washington,47.6920661045686,-122.3633302652988
Block,S JACKSON ST BETWEEN 4TH AVE S AND 5TH AVE S,2,Injury Collision,Cycles,2,0,1,1,1,0,0,2008-07-22T00:00:00.000Z,7/22/2008 10:51:00 AM,Mid-Block (not related to intersection),21.0,"MOTOR VEHICLE STRUCK PEDALCYCLIST, REAR END",,0,Overcast,Dry,Daylight,Y,,45,Vehicle - Pedalcyclist,0,N,Washington,47.59919591099803,-122.32831927390212
Intersection,18TH AVE AND E UNION ST,2b,Serious Injury Collision,Cycles,2,0,1,1,1,1,0,2007-04-03T00:00:00.000Z,4/3/2007,At Intersection (intersection related),18.0,"MOTOR VEHICLE STRUCK PEDALCYCLIST, FRONT END AT ANGLE",,0,Clear or Partly Cloudy,Dry,Daylight,Y,,45,Vehicle - Pedalcyclist,0,N,Washington,47.612901753286074,-122.30886086811044
Block,MADISON ST BETWEEN SUMMIT AVE AND BOYLSTON AVE,2,Injury Collision,Cycles,2,0,1,1,1,0,0,2008-05-30T00:00:00.000Z,5/30/2008 2:44:00 PM,Mid-Block (not related to intersection),56.0,PEDALCYCLIST STRUCK MOTOR VEHICLE LEFT SIDE SIDESWIPE,,0,Clear or Partly Cloudy,Dry,Daylight,,,45,Vehicle - Pedalcyclist,0,N,Washington,47.61049781266889,-122.32236556796732
Block,NE 65TH ST BETWEEN 14TH AVE NE AND 15TH AVE NE,2,Injury Collision,Cycles,2,0,1,1,1,0,0,2007-08-15T00:00:00.000Z,8/15/2007 9:26:00 PM,Mid-Block (not related to intersection),56.0,PEDALCYCLIST STRUCK MOTOR VEHICLE LEFT SIDE SIDESWIPE,Y,0,Clear or Partly Cloudy,Dry,Dark - Street Lights On,,,45,Vehicle - Pedalcyclist,0,N,Washington,47.67578858615131,-122.31253248831858
Intersection,1ST AVE AND DENNY WAY,2,Injury Collision,Cycles,2,0,1,1,1,0,0,2007-06-19T00:00:00.000Z,6/19/2007 7:48:00 PM,At Intersection (intersection related),21.0,"MOTOR VEHICLE STRUCK PEDALCYCLIST, REAR END",,0,Clear or Partly Cloudy,Dry,Daylight,Y,,45,Vehicle - Pedalcyclist,0,N,Washington,47.61860206613628,-122.35545314264013
Block,HIGH POINT DR SW BETWEEN SW RAYMOND ST AND 30TH N AVE SW,2,Injury Collision,Cycles,2,0,1,1,1,0,0,2007-07-15T00:00:00.000Z,7/15/2007 6:43:00 PM,Driveway Junction,51.0,PEDALCYCLIST STRUCK MOTOR VEHICLE FRONT END AT ANGLE,,0,Clear or Partly Cloudy,Dry,Daylight,,,45,Vehicle - Pedalcyclist,0,N,Washington,47.54912705691534,-122.3689063889285
Block,DEXTER AVE N BETWEEN REPUBLICAN ST AND MERCER ST,2,Injury Collision,Cycles,4,0,1,1,1,0,0,2008-07-01T00:00:00.000Z,7/1/2008,Mid-Block (but intersection related),51.0,PEDALCYCLIST STRUCK MOTOR VEHICLE FRONT END AT ANGLE,,0,Clear or Partly Cloudy,Dry,Daylight,Y,,45,Vehicle - Pedalcyclist,0,N,Washington,47.62388537142114,-122.34235544630623
Block,ALASKAN WAY BETWEEN VINE ST AND CLAY ST,1,Property Damage Only Collision,Cycles,2,0,1,1,0,0,0,2008-05-14T00:00:00.000Z,5/14/2008 5:30:00 PM,Mid-Block (not related to intersection),18.0,"MOTOR VEHICLE STRUCK PEDALCYCLIST, FRONT END AT ANGLE",,0,Overcast,Dry,Daylight,Y,,45,Vehicle - Pedalcyclist,0,N,Washington,47.61388302316643,-122.35309719792409
Intersection,24TH AVE NW AND NW 65TH ST,2,Injury Collision,Cycles,2,0,1,1,1,0,0,2008-07-21T00:00:00.000Z,7/21/2008 7:10:00 PM,At Intersection (intersection related),18.0,"MOTOR VEHICLE STRUCK PEDALCYCLIST, FRONT END AT ANGLE",,0,Clear or Partly Cloudy,Dry,Daylight,Y,,45,Vehicle - Pedalcyclist,0,N,Washington,47.67594849827872,-122.38758472927431
Intersection,SUMMIT AVE AND E DENNY WAY,2,Injury Collision,Cycles,2,0,1,1,1,0,0,2008-11-15T00:00:00.000Z,11/15/2008 7:26:00 PM,At Intersection (intersection related),51.0,PEDALCYCLIST STRUCK MOTOR VEHICLE FRONT END AT ANGLE,,0,Clear or Partly Cloudy,Dry,Dark - Street Lights On,,,45,Vehicle - Pedalcyclist,0,N,Washington,47.6184876449701,-122.32528579189365
Intersection,60TH AVE SW AND SW ADMIRAL WAY,2b,Serious Injury Collision,Cycles,2,0,1,1,1,1,0,2008-06-30T00:00:00.000Z,6/30/2008 3:23:00 PM,At Intersection (intersection related),18.0,"MOTOR VEHICLE STRUCK PEDALCYCLIST, FRONT END AT ANGLE",,0,Clear or Partly Cloudy,Dry,Daylight,Y,,45,Vehicle - Pedalcyclist,0,N,Washington,47.57588836662925,-122.40943664800136
Intersection,30TH AVE NE AND NE 130TH ST,2,Injury Collision,Cycles,3,0,1,1,1,0,0,2008-05-14T00:00:00.000Z,5/14/2008 4:40:00 PM,At Intersection (intersection related),18.0,"MOTOR VEHICLE STRUCK PEDALCYCLIST, FRONT END AT ANGLE",,0,Overcast,Dry,Daylight,Y,,45,Vehicle - Pedalcyclist,521375,N,Washington,47.72290005079565,-122.29635851818544
Block,23RD AVE S BETWEEN S JUDKINS ST AND MOUNTAINS TO SOUND TRL,2,Injury Collision,Cycles,2,0,1,1,1,0,0,2007-05-15T00:00:00.000Z,5/15/2007 8:08:00 PM,Mid-Block (not related to intersection),18.0,"MOTOR VEHICLE STRUCK PEDALCYCLIST, FRONT END AT ANGLE",,0,Clear or Partly Cloudy,Dry,Daylight,,,45,Vehicle - Pedalcyclist,630876,N,Washington,47.59111809760922,-122.30222588731523
Block,MELROSE AVE BETWEEN PINE ST AND YALE AVE,2b,Serious Injury Collision,Cycles,2,0,1,1,1,1,0,2007-11-18T00:00:00.000Z,11/18/2007 8:31:00 PM,Driveway Junction,51.0,PEDALCYCLIST STRUCK MOTOR VEHICLE FRONT END AT ANGLE,,0,Clear or Partly Cloudy,Dry,Dark - Street Lights On,Y,,45,Vehicle - Pedalcyclist,0,N,Washington,47.615470726074506,-122.32789888863978
Intersection,13TH AVE E AND E JOHN ST,2,Injury Collision,Cycles,2,0,1,1,1,0,0,2008-09-12T00:00:00.000Z,9/12/2008 9:18:00 PM,At Intersection (intersection related),18.0,"MOTOR VEHICLE STRUCK PEDALCYCLIST, FRONT END AT ANGLE",,0,Clear or Partly Cloudy,Dry,Dark - Street Lights On,Y,,45,Vehicle - Pedalcyclist,0,N,Washington,47.61994629722025,-122.3156190181005
Block,BOYLSTON AVE E BETWEEN LAKEVIEW N BV E AND E BOSTON ST,2,Injury Collision,Cycles,2,0,1,1,1,0,0,2007-07-10T00:00:00.000Z,7/10/2007 11:18:00 PM,Mid-Block (not related to intersection),23.0,"MOTOR VEHICLE STRUCK PEDALCYCLIST, LEFT SIDE SIDESWIPE",,0,Clear or Partly Cloudy,Dry,Dark - Street Lights On,Y,,45,Vehicle - Pedalcyclist,0,N,Washington,47.6375260327843,-122.32346609334206
Intersection,SUNNYSIDE AVE N AND N 45TH ST,2,Injury Collision,Cycles,2,0,1,1,1,0,0,2007-07-10T00:00:00.000Z,7/10/2007 6:20:00 PM,At Intersection (intersection related),51.0,PEDALCYCLIST STRUCK MOTOR VEHICLE FRONT END AT ANGLE,,0,Unknown,Unknown,Daylight,,,45,Vehicle - Pedalcyclist,0,N,Washington,47.66136913158625,-122.33016245961309
Intersection,24TH AVE NW AND NW 57TH ST,2,Injury Collision,Cycles,2,0,1,1,1,0,0,2007-08-28T00:00:00.000Z,8/28/2007 12:20:00 PM,At Intersection (intersection related),18.0,"MOTOR VEHICLE STRUCK PEDALCYCLIST, FRONT END AT ANGLE",,0,Clear or Partly Cloudy,Dry,Daylight,,,45,Vehicle - Pedalcyclist,0,N,Washington,47.670187193841464,-122.38758731980512
Intersection,BATTERY ST AND WESTERN AVE,2,Injury Collision,Cycles,2,0,1,1,1,0,0,2008-10-23T00:00:00.000Z,10/23/2008 12:00:00 PM,At Intersection (intersection related),18.0,"MOTOR VEHICLE STRUCK PEDALCYCLIST, FRONT END AT ANGLE",,0,Clear or Partly Cloudy,Dry,Daylight,Y,,45,Vehicle - Pedalcyclist,0,N,Washington,47.61347958810134,-122.34867330789845
Block,1ST AVE BETWEEN UNION ST AND PIKE ST,2,Injury Collision,Cycles,2,0,1,1,1,0,0,2007-07-06T00:00:00.000Z,7/6/2007,Mid-Block (not related to intersection),56.0,PEDALCYCLIST STRUCK MOTOR VEHICLE LEFT SIDE SIDESWIPE,,0,Clear or Partly Cloudy,Dry,Daylight,,,45,Vehicle - Pedalcyclist,0,N,Washington,47.60832339911416,-122.33955831349716
Block,DEXTER AVE N BETWEEN JOHN ST AND THOMAS ST,1,Property Damage Only Collision,Cycles,3,0,1,1,0,0,0,2007-06-29T00:00:00.000Z,6/29/2007 5:29:00 AM,Driveway Junction,18.0,"MOTOR VEHICLE STRUCK PEDALCYCLIST, FRONT END AT ANGLE",,0,Clear or Partly Cloudy,Dry,Daylight,Y,,45,Vehicle - Pedalcyclist,0,N,Washington,47.620302635026206,-122.3423867333184
Intersection,9TH AVE NW AND NW 62ND ST,2b,Serious Injury Collision,Cycles,3,0,1,1,1,1,0,2007-03-09T00:00:00.000Z,3/9/2007,At Intersection (intersection related),18.0,"MOTOR VEHICLE STRUCK PEDALCYCLIST, FRONT END AT ANGLE",,0,Overcast,Dry,Daylight,,,45,Vehicle - Pedalcyclist,0,N,Washington,47.67381049207825,-122.36873253781101
Intersection,14TH AVE NW AND NW 85TH ST,2,Injury Collision,Cycles,2,0,1,1,1,0,0,2008-01-19T00:00:00.000Z,1/19/2008 6:20:00 PM,At Intersection (intersection related),18.0,"MOTOR VEHICLE STRUCK PEDALCYCLIST, FRONT END AT ANGLE",,0,Overcast,Wet,Dark - No Street Lights,,,45,Vehicle - Pedalcyclist,0,N,Washington,47.69062077841395,-122.3741032202943
Intersection,3RD AVE W AND W NICKERSON ST,2,Injury Collision,Cycles,3,0,1,1,1,0,0,2007-05-07T00:00:00.000Z,5/7/2007,At Intersection (intersection related),51.0,PEDALCYCLIST STRUCK MOTOR VEHICLE FRONT END AT ANGLE,,0,Clear or Partly Cloudy,Dry,Dusk,Y,,45,Vehicle - Pedalcyclist,0,N,Washington,47.65082920711631,-122.36087725545349
Block,WOODLAND PARK AVE N BETWEEN N 49TH ST AND N 50TH ST,2,Injury Collision,Cycles,2,0,1,1,1,0,0,2008-06-18T00:00:00.000Z,6/18/2008 7:45:00 PM,Mid-Block (not related to intersection),56.0,PEDALCYCLIST STRUCK MOTOR VEHICLE LEFT SIDE SIDESWIPE,,0,Clear or Partly Cloudy,Dry,Dark - Street Lights On,,,45,Vehicle - Pedalcyclist,0,N,Washington,47.664646297082776,-122.34452288095457
Block,25TH AVE NE BETWEEN NE 60TH ST AND NE 65TH ST,1,Property Damage Only Collision,Cycles,2,0,1,1,0,0,0,2008-08-15T00:00:00.000Z,8/15/2008 9:16:00 PM,Mid-Block (not related to intersection),51.0,PEDALCYCLIST STRUCK MOTOR VEHICLE FRONT END AT ANGLE,Y,0,Clear or Partly Cloudy,Dry,Dark - Street Lights On,Y,,45,Vehicle - Pedalcyclist,0,N,Washington,47.67396072401391,-122.30064519165957
Intersection,EASTLAKE AVE E AND FUHRMAN AVE E,3,Fatality Collision,Cycles,3,0,2,1,1,0,1,2007-09-07T00:00:00.000Z,9/7/2007,At Intersection (intersection related),18.0,"MOTOR VEHICLE STRUCK PEDALCYCLIST, FRONT END AT ANGLE",,0,Clear or Partly Cloudy,Dry,Daylight,Y,,45,Vehicle - Pedalcyclist,0,N,Washington,47.65157827163786,-122.32127525687477
Block,EASTLAKE AVE E BETWEEN REPUBLICAN ST AND MERCER ST,2,Injury Collision,Cycles,2,0,1,1,1,0,0,2007-03-22T00:00:00.000Z,3/22/2007 8:10:00 AM,Mid-Block (not related to intersection),56.0,PEDALCYCLIST STRUCK MOTOR VEHICLE LEFT SIDE SIDESWIPE,,0,Overcast,Dry,Daylight,,,45,Vehicle - Pedalcyclist,0,N,Washington,47.623701465173426,-122.32916000673914
Block,LAKE WASHINGTON BLVD S BETWEEN 48TH AVE S AND 49TH AVE S,2,Injury Collision,Cycles,2,0,1,1,1,0,0,2007-05-23T00:00:00.000Z,5/23/2007 1:08:00 PM,Mid-Block (not related to intersection),69.0,PEDALCYCLIST OVERTURNED IN ROAD,,0,Clear or Partly Cloudy,Dry,Daylight,,,45,Vehicle - Pedalcyclist,0,N,Washington,47.568161718023745,-122.27265536940504
Block,35TH AVE NE BETWEEN NE 125TH ST AND NE 130TH S ST,2,Injury Collision,Cycles,2,0,1,1,1,0,0,2008-10-30T00:00:00.000Z,10/30/2008 5:17:00 PM,Driveway Junction,18.0,"MOTOR VEHICLE STRUCK PEDALCYCLIST, FRONT END AT ANGLE",,0,Clear or Partly Cloudy,Dry,Daylight,Y,,45,Vehicle - Pedalcyclist,0,N,Washington,47.72094486012432,-122.29079801899618
Intersection,21ST AVE AND E UNION ST,2,Injury Collision,Cycles,2,0,1,1,1,0,0,2008-11-20T00:00:00.000Z,11/20/2008 4:31:00 PM,At Intersection (intersection related),51.0,PEDALCYCLIST STRUCK MOTOR VEHICLE FRONT END AT ANGLE,,0,Overcast,Wet,Dark - Street Lights On,Y,,45,Vehicle - Pedalcyclist,0,N,Washington,47.6129212902877,-122.30494951080604
Intersection,LAKE CITY WAY NE AND NE 125TH ST,2,Injury Collision,Cycles,2,0,1,1,1,0,0,2008-10-17T00:00:00.000Z,10/17/2008 10:31:00 AM,At Intersection (intersection related),18.0,"MOTOR VEHICLE STRUCK PEDALCYCLIST, FRONT END AT ANGLE",,0,Clear or Partly Cloudy,Dry,Daylight,Y,,45,Vehicle - Pedalcyclist,524531,N,Washington,47.719278750445994,-122.29523305447479
Intersection,21ST AVE NE AND NE 65TH W ST,2,Injury Collision,Cycles,2,0,1,1,1,0,0,2008-06-17T00:00:00.000Z,6/17/2008 8:38:00 PM,At Intersection (intersection related),18.0,"MOTOR VEHICLE STRUCK PEDALCYCLIST, FRONT END AT ANGLE",,0,Clear or Partly Cloudy,Dry,Daylight,,,45,Vehicle - Pedalcyclist,0,N,Washington,47.6757775884464,-122.3054689072965
Intersection,16TH AVE S AND S JACKSON ST,2,Injury Collision,Cycles,2,0,1,1,1,0,0,2007-01-19T00:00:00.000Z,1/19/2007 7:26:00 AM,At Intersection (intersection related),18.0,"MOTOR VEHICLE STRUCK PEDALCYCLIST, FRONT END AT ANGLE",,0,Raining,Wet,Dawn,Y,,45,Vehicle - Pedalcyclist,0,N,Washington,47.59922459598135,-122.31157742314562
Intersection,SEWARD PARK AVE S AND S BRIGHTON ST,2,Injury Collision,Cycles,2,0,1,1,1,0,0,2008-09-18T00:00:00.000Z,9/18/2008 8:08:00 AM,At Intersection (intersection related),51.0,PEDALCYCLIST STRUCK MOTOR VEHICLE FRONT END AT ANGLE,,0,Clear or Partly Cloudy,Dry,Daylight,,,45,Vehicle - Pedalcyclist,0,N,Washington,47.54157744607807,-122.2650553115517
Intersection,8TH AVE NW AND NW 67TH ST,2,Injury Collision,Cycles,2,0,1,1,1,0,0,2008-11-30T00:00:00.000Z,11/30/2008 2:37:00 PM,At Intersection (intersection related),51.0,PEDALCYCLIST STRUCK MOTOR VEHICLE FRONT END AT ANGLE,,0,Overcast,Wet,Daylight,Y,,45,Vehicle - Pedalcyclist,0,N,Washington,47.67777043515864,-122.36602025560873
Block,FREMONT AVE N BETWEEN N 36TH ST AND N 38TH ST,2,Injury Collision,Cycles,2,0,1,1,1,0,0,2008-02-05T00:00:00.000Z,2/5/2008,Mid-Block (not related to intersection),56.0,PEDALCYCLIST STRUCK MOTOR VEHICLE LEFT SIDE SIDESWIPE,,0,Overcast,Wet,Daylight,,,45,Vehicle - Pedalcyclist,0,N,Washington,47.65203780745402,-122.34992726918408
Intersection,12TH AVE S AND S KING ST,2,Injury Collision,Cycles,2,0,1,1,1,0,0,2008-05-16T00:00:00.000Z,5/16/2008 12:50:00 PM,At Intersection (intersection related),18.0,"MOTOR VEHICLE STRUCK PEDALCYCLIST, FRONT END AT ANGLE",,0,Clear or Partly Cloudy,Dry,Daylight,Y,,45,Vehicle - Pedalcyclist,0,N,Washington,47.598337593315385,-122.31722797859959
Intersection,UNIVERSITY WAY NE AND NE PACIFIC ST,2,Injury Collision,Cycles,2,0,1,1,1,0,0,2008-01-04T00:00:00.000Z,1/4/2008,At Intersection (intersection related),18.0,"MOTOR VEHICLE STRUCK PEDALCYCLIST, FRONT END AT ANGLE",,0,Raining,Wet,Dark - Street Lights On,Y,,45,Vehicle - Pedalcyclist,522415,N,Washington,47.653399440542536,-122.31333457571537
Intersection,PHINNEY AVE N AND N 62ND ST,2,Injury Collision,Cycles,2,0,1,1,1,0,0,2008-04-25T00:00:00.000Z,4/25/2008 9:50:00 PM,At Intersection (intersection related),51.0,PEDALCYCLIST STRUCK MOTOR VEHICLE FRONT END AT ANGLE,,0,Clear or Partly Cloudy,Dry,Other,Y,,45,Vehicle - Pedalcyclist,0,N,Washington,47.67386526715344,-122.35436969309963
Intersection,25TH AVE NE AND NE BLAKELEY ST,2,Injury Collision,Cycles,3,0,1,1,1,0,0,2008-10-18T00:00:00.000Z,10/18/2008 8:12:00 PM,At Intersection (intersection related),18.0,"MOTOR VEHICLE STRUCK PEDALCYCLIST, FRONT END AT ANGLE",,0,Clear or Partly Cloudy,Dry,Dark - Street Lights On,,,45,Vehicle - Pedalcyclist,524372,N,Washington,47.66626671821327,-122.30060498001896
Intersection,BROOKLYN AVE NE AND NE 40TH ST,2,Injury Collision,Cycles,2,0,1,1,1,0,0,2008-10-21T00:00:00.000Z,10/21/2008 9:20:00 AM,At Intersection (intersection related),18.0,"MOTOR VEHICLE STRUCK PEDALCYCLIST, FRONT END AT ANGLE",,0,Clear or Partly Cloudy,Dry,Daylight,,,45,Vehicle - Pedalcyclist,631432,N,Washington,47.65536764266762,-122.31444113282866
Block,12TH AVE BETWEEN E MADISON ST AND E PIKE ST,2,Injury Collision,Cycles,3,0,1,1,1,0,0,2008-09-10T00:00:00.000Z,9/10/2008 8:00:00 AM,Mid-Block (not related to intersection),56.0,PEDALCYCLIST STRUCK MOTOR VEHICLE LEFT SIDE SIDESWIPE,,0,Clear or Partly Cloudy,Dry,Daylight,,,45,Vehicle - Pedalcyclist,0,N,Washington,47.61349513768653,-122.3167845041913
Block,M L KING JR ER WAY S BETWEEN S HANFORD N ST AND S HANFORD S ST,2,Injury Collision,Cycles,2,0,1,1,1,0,0,2008-11-26T00:00:00.000Z,11/26/2008 9:45:00 AM,Mid-Block (not related to intersection),18.0,"MOTOR VEHICLE STRUCK PEDALCYCLIST, FRONT END AT ANGLE",,0,Clear or Partly Cloudy,Dry,Daylight,,,45,Vehicle - Pedalcyclist,525542,N,Washington,47.574748626318524,-122.29668527338352