addrtype,location,severitycode,severitydesc,collisiontype,personcount,pedcount,pedcylcount,vehcount,injuries,seriousinjuries,fatalities,incdate,incdttm,junctiontype,sdot_colcode,sdot_coldesc,inattentionind,underinfl,weather,roadcond,lightcond,pedrownotgrnt,speeding,st_colcode,st_coldesc,crosswalkkey,hitparkedcar,state,latitude,longitude
Block,S DEARBORN ST BETWEEN 6TH AVE S AND MAYNARD AVE S,1,Property Damage Only Collision,Cycles,2,0,1,1,0,0,0,2008-05-18T00:00:00.000Z,5/18/2008 12:52:00 PM,Mid-Block (not related to intersection),18.0,"MOTOR VEHICLE STRUCK PEDALCYCLIST, FRONT END AT ANGLE",,0,Clear or Partly Cloudy,Dry,Daylight,,,45,Vehicle - Pedalcyclist,0,N,Washington,47.595836312653205,-122.32572314524653
Block,LAKE CITY WAY NE BETWEEN NE 125TH ST AND NE 127TH ST,2,Injury Collision,Cycles,3,0,1,1,1,0,0,2008-05-18T00:00:00.000Z,5/18/2008 5:27:00 PM,Mid-Block (not related to intersection),18.0,"MOTOR VEHICLE STRUCK PEDALCYCLIST, FRONT END AT ANGLE",,0,Overcast,Dry,Daylight,Y,,45,Vehicle - Pedalcyclist,523060,N,Washington,47.720183803433216,-122.29469766252743
Intersection,12TH AVE AND E TERRACE ST,2,Injury Collision,Cycles,3,0,1,1,1,0,0,2008-05-02T00:00:00.000Z,5/2/2008,At Intersection (intersection related),18.0,"MOTOR VEHICLE STRUCK PEDALCYCLIST, FRONT END AT ANGLE",,0,Clear or Partly Cloudy,Dry,Daylight,Y,,45,Vehicle - Pedalcyclist,0,N,Washington,47.60519641901156,-122.31678089250246
Intersection,ROOSEVELT WAY NE AND NE 50TH ST,1,Property Damage Only Collision,Cycles,2,0,1,1,0,0,0,2008-10-24T00:00:00.000Z,10/24/2008 5:30:00 PM,At Intersection (intersection related),18.0,"MOTOR VEHICLE STRUCK PEDALCYCLIST, FRONT END AT ANGLE",,0,Clear or Partly Cloudy,Dry,Daylight,Y,,45,Vehicle - Pedalcyclist,523566,N,Washington,47.66493734388379,-122.31740379073635
Block,NE 45TH ST BETWEEN 7TH AVE NE AND 8TH W AVE NE,2,Injury Collision,Cycles,2,0,1,1,1,0,0,2008-11-06T00:00:00.000Z,11/6/2008,Mid-Block (not related to intersection),23.0,"MOTOR VEHICLE STRUCK PEDALCYCLIST, LEFT SIDE SIDESWIPE",,0,Raining,Wet,Daylight,Y,,45,Vehicle - Pedalcyclist,0,N,Washington,47.66131589164785,-122.32025239034901
Block,RAINIER AVE S BETWEEN S BAYVIEW ST AND S MCCLELLAN ST,2,Injury Collision,Cycles,2,0,1,1,1,0,0,2008-05-17T00:00:00.000Z,5/17/2008 11:20:00 AM,Driveway Junction,18.0,"MOTOR VEHICLE STRUCK PEDALCYCLIST, FRONT END AT ANGLE",,0,Unknown,Unknown,Daylight,,,45,Vehicle - Pedalcyclist,0,N,Washington,47.57967346285829,-122.29915965981644
Intersection,FREMONT AVE N AND N 42ND ST,2,Injury Collision,Cycles,2,0,1,1,1,0,0,2008-03-06T00:00:00.000Z,3/6/2008,At Intersection (intersection related),51.0,PEDALCYCLIST STRUCK MOTOR VEHICLE FRONT END AT ANGLE,,0,Clear or Partly Cloudy,Dry,Daylight,Y,,45,Vehicle - Pedalcyclist,0,N,Washington,47.65773819543209,-122.34998174016107
Intersection,2ND AVE AND JAMES ST,2,Injury Collision,Cycles,2,0,1,1,1,0,0,2008-09-28T00:00:00.000Z,9/28/2008 1:30:00 PM,At Intersection (intersection related),18.0,"MOTOR VEHICLE STRUCK PEDALCYCLIST, FRONT END AT ANGLE",,0,Clear or Partly Cloudy,Dry,Daylight,,,45,Vehicle - Pedalcyclist,0,N,Washington,47.602305601181115,-122.33251943988401
Block,3RD AVE BETWEEN PIKE ST AND PINE ST,2,Injury Collision,Cycles,2,1,1,0,1,0,0,2008-06-27T00:00:00.000Z,6/27/2008 4:21:00 PM,Mid-Block (not related to intersection),64.0,PEDALCYCLIST STRUCK PEDESTRIAN,,1,Clear or Partly Cloudy,Dry,Daylight,,,45,Vehicle - Pedalcyclist,0,N,Washington,47.610245138835715,-122.33824624285731
Intersection,8TH AVE NW AND NW 45TH ST,2b,Serious Injury Collision,Cycles,2,0,1,1,1,1,0,2008-11-23T00:00:00.000Z,11/23/2008 4:59:00 PM,At Intersection (intersection related),51.0,PEDALCYCLIST STRUCK MOTOR VEHICLE FRONT END AT ANGLE,,0,Clear or Partly Cloudy,Dry,Dark - Street Lights On,Y,,45,Vehicle - Pedalcyclist,0,N,Washington,47.66146109807314,-122.36617373625165
Intersection,AIRPORT WAY S AND S LANDER N ST,2,Injury Collision,Cycles,2,0,1,1,1,0,0,2008-10-13T00:00:00.000Z,10/13/2008 10:37:00 PM,At Intersection (intersection related),18.0,"MOTOR VEHICLE STRUCK PEDALCYCLIST, FRONT END AT ANGLE",,0,Raining,Wet,Dark - Street Lights On,Y,,45,Vehicle - Pedalcyclist,524934,N,Washington,47.57980781247921,-122.32139775615057
Intersection,CRAWFORD PL AND E PINE ST,2,Injury Collision,Cycles,2,0,1,1,1,0,0,2008-05-04T00:00:00.000Z,5/4/2008,At Intersection (intersection related),51.0,PEDALCYCLIST STRUCK MOTOR VEHICLE FRONT END AT ANGLE,,0,Clear or Partly Cloudy,Dry,Daylight,Y,,45,Vehicle - Pedalcyclist,0,N,Washington,47.61521476137032,-122.32618642940209
Block,ROOSEVELT WAY NE BETWEEN NE 47TH ST AND NE 50TH ST,1,Property Damage Only Collision,Cycles,2,0,1,1,0,0,0,2008-03-31T00:00:00.000Z,3/31/2008 9:20:00 AM,Mid-Block (not related to intersection),18.0,"MOTOR VEHICLE STRUCK PEDALCYCLIST, FRONT END AT ANGLE",,0,Clear or Partly Cloudy,Dry,Daylight,,,45,Vehicle - Pedalcyclist,0,N,Washington,47.664026175811856,-122.3174136262305
Intersection,BOREN AVE AND STEWART ST,2,Injury Collision,Cycles,2,0,1,1,1,0,0,2008-03-04T00:00:00.000Z,3/4/2008,At Intersection (intersection related),18.0,"MOTOR VEHICLE STRUCK PEDALCYCLIST, FRONT END AT ANGLE",,0,Clear or Partly Cloudy,Dry,Dark - Street Lights On,,,45,Vehicle - Pedalcyclist,0,N,Washington,47.61694494292703,-122.33271816489223
Block,2ND AVE BETWEEN UNIVERSITY ST AND UNION ST,2,Injury Collision,Cycles,3,0,1,1,1,0,0,2008-03-17T00:00:00.000Z,3/17/2008 8:35:00 AM,Mid-Block (but intersection related),18.0,"MOTOR VEHICLE STRUCK PEDALCYCLIST, FRONT END AT ANGLE",Y,0,Overcast,Dry,Daylight,Y,,45,Vehicle - Pedalcyclist,0,N,Washington,47.60779444958214,-122.33754001043816
Intersection,8TH AVE NW AND NW 70TH ST,2,Injury Collision,Cycles,2,0,1,1,1,0,0,2008-07-21T00:00:00.000Z,7/21/2008 5:55:00 PM,At Intersection (intersection related),18.0,"MOTOR VEHICLE STRUCK PEDALCYCLIST, FRONT END AT ANGLE",,0,Clear or Partly Cloudy,Dry,Daylight,Y,,45,Vehicle - Pedalcyclist,0,N,Washington,47.67954671257496,-122.36601705195723
Intersection,1ST AVE AND BROAD ST,2,Injury Collision,Cycles,2,0,1,1,1,0,0,2008-03-26T00:00:00.000Z,3/26/2008 11:15:00 AM,At Intersection (intersection related),18.0,"MOTOR VEHICLE STRUCK PEDALCYCLIST, FRONT END AT ANGLE",,0,Clear or Partly Cloudy,Dry,Daylight,,,45,Vehicle - Pedalcyclist,0,N,Washington,47.61691833908174,-122.35250654041953
Block,EAST MARGINAL WAY S BETWEEN S HANFORD ST AND S HORTON ST,2b,Serious Injury Collision,Cycles,3,0,2,1,2,2,0,2008-01-31T00:00:00.000Z,1/31/2008 9:15:00 AM,Mid-Block (but intersection related),21.0,"MOTOR VEHICLE STRUCK PEDALCYCLIST, REAR END",,0,Raining,Dry,Daylight,,,45,Vehicle - Pedalcyclist,0,N,Washington,47.57498541994237,-122.3399666065358
Block,ALKI AVE SW BETWEEN MARINE AVE SW AND 59TH AVE SW,2,Injury Collision,Cycles,2,0,1,1,1,0,0,2008-05-26T00:00:00.000Z,5/26/2008 5:30:00 PM,Mid-Block (not related to intersection),51.0,PEDALCYCLIST STRUCK MOTOR VEHICLE FRONT END AT ANGLE,,0,Clear or Partly Cloudy,Dry,Daylight,Y,,45,Vehicle - Pedalcyclist,0,N,Washington,47.580270427023365,-122.40752234158131
Intersection,1ST AVE NE AND NE 45TH ST,2b,Serious Injury Collision,Cycles,5,0,1,1,1,1,0,2008-04-11T00:00:00.000Z,4/11/2008 12:32:00 PM,At Intersection (intersection related),51.0,PEDALCYCLIST STRUCK MOTOR VEHICLE FRONT END AT ANGLE,,0,Clear or Partly Cloudy,Dry,Daylight,,,45,Vehicle - Pedalcyclist,0,N,Washington,47.661359783929186,-122.32826075553051
Block,ALKI TRL BETWEEN HARBOR AVE SW AND SW FLORIDA ST,2,Injury Collision,Cycles,2,0,1,1,1,0,0,2008-07-16T00:00:00.000Z,7/16/2008 5:10:00 PM,Driveway Junction,51.0,PEDALCYCLIST STRUCK MOTOR VEHICLE FRONT END AT ANGLE,,0,Clear or Partly Cloudy,Dry,Daylight,,,45,Vehicle - Pedalcyclist,0,N,Washington,47.576669369283096,-122.37125076853712
Block,N 36TH ST BETWEEN FREMONT PL N AND FREMONT AVE N,1,Property Damage Only Collision,Cycles,2,0,1,1,0,0,0,2008-05-14T00:00:00.000Z,5/14/2008 6:09:00 PM,Mid-Block (not related to intersection),54.0,PEDALCYCLIST STRUCK MOTOR VEHICLE REAR END,,0,Clear or Partly Cloudy,Dry,Daylight,,Y,45,Vehicle - Pedalcyclist,0,N,Washington,47.651438847536475,-122.35064280861448
Intersection,22ND AVE AND E YESLER WAY,2,Injury Collision,Cycles,2,0,1,1,1,0,0,2008-10-22T00:00:00.000Z,10/22/2008 5:56:00 AM,At Intersection (intersection related),18.0,"MOTOR VEHICLE STRUCK PEDALCYCLIST, FRONT END AT ANGLE",,0,Overcast,Dry,Dark - Street Lights On,Y,,45,Vehicle - Pedalcyclist,0,N,Washington,47.601669275826524,-122.3037389353695
Intersection,15TH AVE NE AND NE 75TH ST,1,Property Damage Only Collision,Cycles,2,0,1,1,0,0,0,2008-05-05T00:00:00.000Z,5/5/2008,At Intersection (intersection related),18.0,"MOTOR VEHICLE STRUCK PEDALCYCLIST, FRONT END AT ANGLE",,0,Clear or Partly Cloudy,Dry,Dusk,Y,,45,Vehicle - Pedalcyclist,0,N,Washington,47.68304587294878,-122.31207927183996
Intersection,43RD AVE S AND LAKE WASHINGTON BLVD S,2,Injury Collision,Cycles,2,0,1,1,1,0,0,2008-08-07T00:00:00.000Z,8/7/2008,At Intersection (intersection related),51.0,PEDALCYCLIST STRUCK MOTOR VEHICLE FRONT END AT ANGLE,,0,Clear or Partly Cloudy,Dry,Dark - No Street Lights,,,45,Vehicle - Pedalcyclist,0,N,Washington,47.57013547971565,-122.27955244063452
Block,BEACH DR SW BETWEEN 64TH AVE SW AND 63RD AVE SW,2,Injury Collision,Cycles,2,0,1,1,1,0,0,2008-06-30T00:00:00.000Z,6/30/2008 7:30:00 AM,Driveway Junction,18.0,"MOTOR VEHICLE STRUCK PEDALCYCLIST, FRONT END AT ANGLE",,0,Clear or Partly Cloudy,Dry,Daylight,Y,,45,Vehicle - Pedalcyclist,0,N,Washington,47.572803284728174,-122.41407181454292
Block,FREMONT AVE N BETWEEN N 36TH ST AND N 38TH ST,2,Injury Collision,Cycles,2,0,1,1,1,0,0,2008-09-10T00:00:00.000Z,9/10/2008 5:00:00 PM,Mid-Block (not related to intersection),56.0,PEDALCYCLIST STRUCK MOTOR VEHICLE LEFT SIDE SIDESWIPE,,0,Clear or Partly Cloudy,Dry,Daylight,,,45,Vehicle - Pedalcyclist,0,N,Washington,47.65203780745402,-122.34992726918408
Block,WESTLAKE AVE N BETWEEN NEWELL ST AND NICKERSON ST,2,Injury Collision,Cycles,2,0,1,1,1,0,0,2008-05-22T00:00:00.000Z,5/22/2008 8:30:00 AM,Driveway Junction,18.0,"MOTOR VEHICLE STRUCK PEDALCYCLIST, FRONT END AT ANGLE",Y,0,Raining,Wet,Daylight,Y,,45,Vehicle - Pedalcyclist,0,N,Washington,47.645029689803174,-122.347300705301
Intersection,BROADWAY E AND E ROY E ST,2,Injury Collision,Cycles,2,0,1,1,1,0,0,2008-02-28T00:00:00.000Z,2/28/2008 7:09:00 AM,At Intersection (intersection related),18.0,"MOTOR VEHICLE STRUCK PEDALCYCLIST, FRONT END AT ANGLE",,0,Clear or Partly Cloudy,Dry,Daylight,Y,,45,Vehicle - Pedalcyclist,522274,N,Washington,47.62504920326732,-122.32089298819996
Intersection,DEARBORN OFF RP AND S DEARBORN ST,1,Property Damage Only Collision,Cycles,2,0,1,1,0,0,0,2008-10-22T00:00:00.000Z,10/22/2008 1:54:00 PM,At Intersection (intersection related),18.0,"MOTOR VEHICLE STRUCK PEDALCYCLIST, FRONT END AT ANGLE",,0,Clear or Partly Cloudy,Dry,Daylight,Y,,45,Vehicle - Pedalcyclist,525652,N,Washington,47.595831546540964,-122.32137099496687
Intersection,14TH AVE AND E PIKE ST,2,Injury Collision,Cycles,3,0,1,1,1,0,0,2008-01-02T00:00:00.000Z,1/2/2008,At Intersection (intersection related),18.0,"MOTOR VEHICLE STRUCK PEDALCYCLIST, FRONT END AT ANGLE",,0,Clear or Partly Cloudy,Dry,Dark - Street Lights On,Y,,45,Vehicle - Pedalcyclist,0,N,Washington,47.61412214919785,-122.31422402906252
Intersection,AURORA AVE N AND N 77TH ST,2,Injury Collision,Cycles,2,0,1,1,1,0,0,2008-09-03T00:00:00.000Z,9/3/2008,At Intersection (intersection related),18.0,"MOTOR VEHICLE STRUCK PEDALCYCLIST, FRONT END AT ANGLE",Y,0,Clear or Partly Cloudy,Dry,Daylight,,,45,Vehicle - Pedalcyclist,0,N,Washington,47.684767703153256,-122.34449200428044
Intersection,26TH AVE NW AND NW 56TH ST,2b,Serious Injury Collision,Cycles,2,0,1,1,1,1,0,2008-07-10T00:00:00.000Z,7/10/2008 7:00:00 AM,At Intersection (intersection related),18.0,"MOTOR VEHICLE STRUCK PEDALCYCLIST, FRONT END AT ANGLE",,0,Clear or Partly Cloudy,Dry,Daylight,,,45,Vehicle - Pedalcyclist,0,N,Washington,47.66946007349755,-122.39014455701643
Block,S JACKSON ST BETWEEN 14TH AVE S AND 16TH AVE S,2,Injury Collision,Cycles,3,0,1,1,1,0,0,2008-08-25T00:00:00.000Z,8/25/2008 3:45:00 PM,Driveway Junction,18.0,"MOTOR VEHICLE STRUCK PEDALCYCLIST, FRONT END AT ANGLE",,0,Raining,Wet,Daylight,Y,,45,Vehicle - Pedalcyclist,0,N,Washington,47.599217493168744,-122.31285936420177
Intersection,SUMMIT AVE AND E PINE ST,2,Injury Collision,Cycles,2,0,1,1,1,0,0,2008-01-19T00:00:00.000Z,1/19/2008 4:40:00 PM,At Intersection (intersection related),51.0,PEDALCYCLIST STRUCK MOTOR VEHICLE FRONT END AT ANGLE,,0,Raining,Wet,Daylight,,,45,Vehicle - Pedalcyclist,0,N,Washington,47.615218748198224,-122.32552884050469
Intersection,BELLEVUE AVE AND E PINE ST,2,Injury Collision,Cycles,3,0,1,1,1,0,0,2008-10-24T00:00:00.000Z,10/24/2008 11:28:00 AM,At Intersection (intersection related),51.0,PEDALCYCLIST STRUCK MOTOR VEHICLE FRONT END AT ANGLE,,0,Clear or Partly Cloudy,Dry,Daylight,Y,,45,Vehicle - Pedalcyclist,0,N,Washington,47.61521815296026,-122.32680418837404
Intersection,11TH AVE AND E PINE ST,2,Injury Collision,Cycles,3,0,1,1,1,0,0,2008-03-21T00:00:00.000Z,3/21/2008 10:06:00 AM,At Intersection (intersection related),18.0,"MOTOR VEHICLE STRUCK PEDALCYCLIST, FRONT END AT ANGLE",,0,Clear or Partly Cloudy,Dry,Daylight,Y,,45,Vehicle - Pedalcyclist,0,N,Washington,47.61525439144628,-122.31815943391057
Block,EAST GREEN LAKE WAY N BETWEEN GREEN LAKE WAY N AND WEST GREEN LAKE WAY N,2,Injury Collision,Cycles,2,0,1,1,1,0,0,2008-08-16T00:00:00.000Z,8/16/2008 5:00:00 PM,Mid-Block (but intersection related),18.0,"MOTOR VEHICLE STRUCK PEDALCYCLIST, FRONT END AT ANGLE",,0,Clear or Partly Cloudy,Dry,Daylight,Y,,45,Vehicle - Pedalcyclist,0,N,Washington,47.66906341623931,-122.33999910071068
Block,FREMONT AVE N BETWEEN N 36TH ST AND N 38TH ST,2,Injury Collision,Cycles,3,0,2,1,2,0,0,2008-09-11T00:00:00.000Z,9/11/2008 9:15:00 AM,Mid-Block (not related to intersection),56.0,PEDALCYCLIST STRUCK MOTOR VEHICLE LEFT SIDE SIDESWIPE,,0,Clear or Partly Cloudy,Dry,Daylight,,,45,Vehicle - Pedalcyclist,0,N,Washington,47.65203780745402,-122.34992726918408
Intersection,5TH AVE AND BELL ST,2,Injury Collision,Cycles,2,0,1,1,1,0,0,2008-06-09T00:00:00.000Z,6/9/2008,At Intersection (intersection related),18.0,"MOTOR VEHICLE STRUCK PEDALCYCLIST, FRONT END AT ANGLE",,0,Overcast,Dry,Daylight,Y,,45,Vehicle - Pedalcyclist,522672,N,Washington,47.61603293947618,-122.34307495297924
Intersection,35TH AVE NE AND NE 75TH ST,2,Injury Collision,Cycles,2,0,1,1,1,0,0,2008-06-10T00:00:00.000Z,6/10/2008 11:22:00 AM,At Intersection (intersection related),18.0,"MOTOR VEHICLE STRUCK PEDALCYCLIST, FRONT END AT ANGLE",,0,Raining,Wet,Daylight,Y,,45,Vehicle - Pedalcyclist,524379,N,Washington,47.68304823512097,-122.29047889292364
Block,E UNION ST BETWEEN 27TH AVE AND M L KING JR WAY,2,Injury Collision,Cycles,3,0,1,1,1,0,0,2008-09-19T00:00:00.000Z,9/19/2008 3:59:00 PM,Mid-Block (not related to intersection),56.0,PEDALCYCLIST STRUCK MOTOR VEHICLE LEFT SIDE SIDESWIPE,,0,Clear or Partly Cloudy,Dry,Daylight,,,45,Vehicle - Pedalcyclist,0,N,Washington,47.61293808829231,-122.29685170887129
Intersection,8TH AVE NW AND NW 56TH ST,2,Injury Collision,Cycles,2,0,1,1,1,0,0,2008-06-30T00:00:00.000Z,6/30/2008 8:53:00 AM,At Intersection (intersection related),51.0,PEDALCYCLIST STRUCK MOTOR VEHICLE FRONT END AT ANGLE,,0,Clear or Partly Cloudy,Dry,Daylight,Y,,45,Vehicle - Pedalcyclist,0,N,Washington,47.669430466870644,-122.36617831122828
Intersection,LATONA AVE NE AND NE PACIFIC ST,1,Property Damage Only Collision,Cycles,3,0,1,1,0,0,0,2008-06-30T00:00:00.000Z,6/30/2008 7:11:00 AM,At Intersection (intersection related),18.0,"MOTOR VEHICLE STRUCK PEDALCYCLIST, FRONT END AT ANGLE",,0,Clear or Partly Cloudy,Dry,Daylight,,,45,Vehicle - Pedalcyclist,576113,N,Washington,47.65488891153886,-122.32570273372149
Intersection,25TH AVE NE AND NE BLAKELEY ST,2,Injury Collision,Cycles,2,0,1,1,1,0,0,2008-08-30T00:00:00.000Z,8/30/2008 11:50:00 AM,At Intersection (intersection related),18.0,"MOTOR VEHICLE STRUCK PEDALCYCLIST, FRONT END AT ANGLE",,0,Clear or Partly Cloudy,Dry,Daylight,,,45,Vehicle - Pedalcyclist,521604,N,Washington,47.66626671821327,-122.30060498001896
Block,S JACKSON ST BETWEEN 14TH AVE S AND 16TH AVE S,2,Injury Collision,Cycles,3,0,1,1,1,0,0,2008-09-14T00:00:00.000Z,9/14/2008 3:16:00 PM,Driveway Junction,18.0,"MOTOR VEHICLE STRUCK PEDALCYCLIST, FRONT END AT ANGLE",,0,Clear or Partly Cloudy,Dry,Daylight,Y,,45,Vehicle - Pedalcyclist,0,N,Washington,47.599217493168744,-122.31285936420177
Block,NE RAVENNA EB BV BETWEEN NE 63RD ST AND NE RAVENNA BV OFF RP,1,Property Damage Only Collision,Cycles,3,0,1,1,0,0,0,2008-04-14T00:00:00.000Z,4/14/2008 10:00:00 AM,Mid-Block (not related to intersection),55.0,PEDALCYCLIST STRUCK MOTOR VEHICLE RIGHT SIDE SIDESWIPE,Y,0,Overcast,Dry,Daylight,,,45,Vehicle - Pedalcyclist,0,N,Washington,47.67368309400203,-122.32035483030029
Block,2ND AVE BETWEEN COLUMBIA ST AND MARION ST,2,Injury Collision,Cycles,2,0,1,1,1,0,0,2008-11-12T00:00:00.000Z,11/12/2008 5:40:00 PM,Mid-Block (not related to intersection),18.0,"MOTOR VEHICLE STRUCK PEDALCYCLIST, FRONT END AT ANGLE",,0,Overcast,Wet,Dark - Street Lights On,,,45,Vehicle - Pedalcyclist,0,N,Washington,47.60408846679166,-122.33414983837903
Block,E OLIVE WAY BETWEEN SUMMIT AVE E AND E JOHN ST,2,Injury Collision,Cycles,3,0,1,1,1,0,0,2008-06-20T00:00:00.000Z,6/20/2008 12:52:00 PM,Driveway Junction,51.0,PEDALCYCLIST STRUCK MOTOR VEHICLE FRONT END AT ANGLE,,0,Clear or Partly Cloudy,Dry,Daylight,Y,,45,Vehicle - Pedalcyclist,0,N,Washington,47.61927351293272,-122.32483051743284
Block,QUEEN ANNE AVE N BETWEEN ALOHA ST AND WARD ST,2b,Serious Injury Collision,Cycles,1,0,1,0,1,1,0,2008-08-11T00:00:00.000Z,8/11/2008 7:14:00 AM,Mid-Block (not related to intersection),69.0,PEDALCYCLIST OVERTURNED IN ROAD,,0,Clear or Partly Cloudy,Dry,Daylight,,,45,Vehicle - Pedalcyclist,0,N,Washington,47.6276293992498,-122.35668535794828
Intersection,EASTERN AVE N AND N 45TH ST,2,Injury Collision,Cycles,2,0,1,1,1,0,0,2008-11-15T00:00:00.000Z,11/15/2008 12:00:00 PM,At Intersection (intersection related),18.0,"MOTOR VEHICLE STRUCK PEDALCYCLIST, FRONT END AT ANGLE",Y,0,Clear or Partly Cloudy,Dry,Daylight,,,45,Vehicle - Pedalcyclist,0,N,Washington,47.66136334713843,-122.32896932550615
Intersection,BOREN AVE AND E YESLER WAY,2b,Serious Injury Collision,Cycles,2,0,1,1,1,1,0,2008-08-05T00:00:00.000Z,8/5/2008,At Intersection (intersection related),51.0,PEDALCYCLIST STRUCK MOTOR VEHICLE FRONT END AT ANGLE,,0,Clear or Partly Cloudy,Dry,Daylight,,,45,Vehicle - Pedalcyclist,0,N,Washington,47.60169516353701,-122.31782315609017
Block,6TH AVE BETWEEN PINE ST AND OLIVE WAY,1,Property Damage Only Collision,Cycles,5,0,1,1,0,0,0,2008-04-09T00:00:00.000Z,4/9/2008,Mid-Block (not related to intersection),18.0,"MOTOR VEHICLE STRUCK PEDALCYCLIST, FRONT END AT ANGLE",,0,Unknown,Unknown,Dusk,,,45,Vehicle - Pedalcyclist,0,N,Washington,47.612633293520936,-122.3358274826033
Block,DENNY WAY BETWEEN FAIRVIEW AVE AND MINOR AVE,2,Injury Collision,Cycles,2,0,1,1,1,0,0,2008-07-11T00:00:00.000Z,7/11/2008 9:30:00 AM,Mid-Block (but intersection related),18.0,"MOTOR VEHICLE STRUCK PEDALCYCLIST, FRONT END AT ANGLE",,0,Clear or Partly Cloudy,Dry,Daylight,Y,,45,Vehicle - Pedalcyclist,0,N,Washington,47.61851590800593,-122.33382329329685
Block,BELMONT AVE E BETWEEN SUMMIT N AVE E AND BELLEVUE PL E,2,Injury Collision,Cycles,1,0,1,0,1,0,0,2008-08-01T00:00:00.000Z,8/1/2008,Mid-Block (not related to intersection),69.0,PEDALCYCLIST OVERTURNED IN ROAD,,0,Overcast,Wet,Dark - Street Lights On,,Y,45,Vehicle - Pedalcyclist,0,N,Washington,47.626952361077855,-122.32577698127912
Intersection,BOYLSTON AVE E AND E OLIVE E WAY,2b,Serious Injury Collision,Cycles,2,0,1,1,1,1,0,2008-04-21T00:00:00.000Z,4/21/2008 6:38:00 PM,At Intersection (intersection related),18.0,"MOTOR VEHICLE STRUCK PEDALCYCLIST, FRONT END AT ANGLE",,0,Raining,Wet,Daylight,Y,,45,Vehicle - Pedalcyclist,0,N,Washington,47.619868826048155,-122.32307185169908
Block,RAINIER AVE S BETWEEN S KENNY ST AND S GRAHAM ST,1,Property Damage Only Collision,Cycles,2,0,1,1,0,0,0,2008-11-24T00:00:00.000Z,11/24/2008 7:27:00 AM,Driveway Junction,51.0,PEDALCYCLIST STRUCK MOTOR VEHICLE FRONT END AT ANGLE,,0,Overcast,Dry,Daylight,Y,,45,Vehicle - Pedalcyclist,0,N,Washington,47.54743303643039,-122.2767407603357
Intersection,BELLEVUE AVE AND E PINE ST,2,Injury Collision,Cycles,2,0,1,1,1,0,0,2008-05-18T00:00:00.000Z,5/18/2008 8:15:00 PM,At Intersection (intersection related),51.0,PEDALCYCLIST STRUCK MOTOR VEHICLE FRONT END AT ANGLE,,0,Clear or Partly Cloudy,Dry,Dusk,Y,,45,Vehicle - Pedalcyclist,0,N,Washington,47.61521815296026,-122.32680418837404
Block,GOLF DR S BETWEEN S CHARLES ST AND 14TH AVE S,1,Property Damage Only Collision,Cycles,2,0,1,1,0,0,0,2008-03-28T00:00:00.000Z,3/28/2008 8:55:00 AM,Mid-Block (but intersection related),23.0,"MOTOR VEHICLE STRUCK PEDALCYCLIST, LEFT SIDE SIDESWIPE",,0,Snowing,Wet,Daylight,Y,,45,Vehicle - Pedalcyclist,0,N,Washington,47.59367206529328,-122.31556822764578
Block,NW 58TH ST BETWEEN 17TH AVE NW AND 20TH AVE NW,1,Property Damage Only Collision,Cycles,3,0,1,1,0,0,0,2008-09-15T00:00:00.000Z,9/15/2008 6:00:00 PM,Mid-Block (not related to intersection),21.0,"MOTOR VEHICLE STRUCK PEDALCYCLIST, REAR END",,0,Clear or Partly Cloudy,Dry,Daylight,Y,,45,Vehicle - Pedalcyclist,0,N,Washington,47.67090633265256,-122.3805015007687
Intersection,SHILSHOLE AVE NW AND NW DOCK PL,2,Injury Collision,Cycles,2,0,1,1,1,0,0,2008-09-08T00:00:00.000Z,9/8/2008,At Intersection (intersection related),18.0,"MOTOR VEHICLE STRUCK PEDALCYCLIST, FRONT END AT ANGLE",,0,Clear or Partly Cloudy,Dry,Daylight,Y,,45,Vehicle - Pedalcyclist,0,N,Washington,47.66397025459469,-122.381794361936
Intersection,6TH AVE S AND S JACKSON ST,2,Injury Collision,Cycles,2,0,1,1,1,0,0,2008-12-01T00:00:00.000Z,12/1/2008,At Intersection (intersection related),18.0,"MOTOR VEHICLE STRUCK PEDALCYCLIST, FRONT END AT ANGLE",,0,Overcast,Dry,Daylight,Y,,45,Vehicle - Pedalcyclist,0,N,Washington,47.599192755772975,-122.32636052429419
Intersection,49TH AVE SW AND SW SPOKANE ST,2,Injury Collision,Cycles,3,0,1,1,1,0,0,2008-11-27T00:00:00.000Z,11/27/2008 12:40:00 PM,At Intersection (intersection related),51.0,PEDALCYCLIST STRUCK MOTOR VEHICLE FRONT END AT ANGLE,Y,0,Clear or Partly Cloudy,Dry,Daylight,,,45,Vehicle - Pedalcyclist,0,N,Washington,47.57209456456681,-122.39474694517106