addrtype,location,severitycode,severitydesc,collisiontype,personcount,pedcount,pedcylcount,vehcount,injuries,seriousinjuries,fatalities,incdate,incdttm,junctiontype,sdot_colcode,sdot_coldesc,inattentionind,underinfl,weather,roadcond,lightcond,pedrownotgrnt,speeding,st_colcode,st_coldesc,crosswalkkey,hitparkedcar,state,latitude,longitude
Block,E PIKE ST BETWEEN BROADWAY AND 10TH AVE,2,Injury Collision,Cycles,2,0,1,1,1,0,0,2008-07-19T00:00:00.000Z,7/19/2008 7:04:00 PM,Mid-Block (but intersection related),21.0,"MOTOR VEHICLE STRUCK PEDALCYCLIST, REAR END",Y,0,Unknown,Unknown,Daylight,,,45,Vehicle - Pedalcyclist,0,N,Washington,47.61408040185108,-122.32011559554822
Intersection,10TH AVE E AND E LYNN ST,2,Injury Collision,Cycles,2,0,1,1,1,0,0,2008-05-29T00:00:00.000Z,5/29/2008 11:45:00 PM,At Intersection (intersection related),51.0,PEDALCYCLIST STRUCK MOTOR VEHICLE FRONT END AT ANGLE,,0,Clear or Partly Cloudy,Dry,Dark - Street Lights On,,,45,Vehicle - Pedalcyclist,0,N,Washington,47.639547112800344,-122.3200628709582
Intersection,EASTLAKE AVE E AND E ROANOKE ST,2,Injury Collision,Cycles,2,0,1,1,1,0,0,2008-03-04T00:00:00.000Z,3/4/2008,At Intersection (intersection related),51.0,PEDALCYCLIST STRUCK MOTOR VEHICLE FRONT END AT ANGLE,,0,Overcast,Dry,Dusk,Y,,45,Vehicle - Pedalcyclist,0,N,Washington,47.64319064257319,-122.32588681195922
Intersection,10TH AVE E AND E NEWTON ST,2,Injury Collision,Cycles,2,0,1,1,1,0,0,2008-01-16T00:00:00.000Z,1/16/2008 5:21:00 PM,At Intersection (intersection related),18.0,"MOTOR VEHICLE STRUCK PEDALCYCLIST, FRONT END AT ANGLE",,0,Clear or Partly Cloudy,Wet,Dark - Street Lights On,Y,,45,Vehicle - Pedalcyclist,0,N,Washington,47.63725179743876,-122.32007982317428
Block,RAINIER AVE S BETWEEN S HENDERSON ST AND S DIRECTOR N ST,2,Injury Collision,Cycles,2,0,1,1,1,0,0,2008-04-27T00:00:00.000Z,4/27/2008 12:00:00 PM,Driveway Junction,51.0,PEDALCYCLIST STRUCK MOTOR VEHICLE FRONT END AT ANGLE,,0,Clear or Partly Cloudy,Dry,Daylight,Y,,45,Vehicle - Pedalcyclist,0,N,Washington,47.522817006578855,-122.26998786888404
Block,2ND AVE BETWEEN UNIVERSITY ST AND UNION ST,2,Injury Collision,Cycles,3,0,1,1,1,0,0,2008-03-22T00:00:00.000Z,3/22/2008 6:48:00 PM,Driveway Junction,18.0,"MOTOR VEHICLE STRUCK PEDALCYCLIST, FRONT END AT ANGLE",Y,0,Clear or Partly Cloudy,Dry,Daylight,Y,,45,Vehicle - Pedalcyclist,0,N,Washington,47.60779444958214,-122.33754001043816
Block,S ALBRO PL BETWEEN CORGIAT DR S AND SWIFT AVE S,2,Injury Collision,Cycles,2,0,1,1,1,0,0,2008-03-16T00:00:00.000Z,3/16/2008 4:18:00 AM,Mid-Block (not related to intersection),51.0,PEDALCYCLIST STRUCK MOTOR VEHICLE FRONT END AT ANGLE,,1,Raining,Wet,Dark - Street Lights On,,,45,Vehicle - Pedalcyclist,0,N,Washington,47.54852068961966,-122.31181883250878
Block,12TH AVE BETWEEN E YESLER WAY AND E FIR ST,2,Injury Collision,Cycles,3,0,1,1,1,0,0,2008-09-16T00:00:00.000Z,9/16/2008 4:35:00 PM,Mid-Block (but intersection related),51.0,PEDALCYCLIST STRUCK MOTOR VEHICLE FRONT END AT ANGLE,,0,Clear or Partly Cloudy,Dry,Daylight,Y,,45,Vehicle - Pedalcyclist,0,N,Washington,47.602188270464296,-122.31678184867359
Intersection,12TH AVE AND E JEFFERSON ST,2,Injury Collision,Cycles,2,0,1,1,1,0,0,2008-01-26T00:00:00.000Z,1/26/2008 2:06:00 AM,At Intersection (intersection related),18.0,"MOTOR VEHICLE STRUCK PEDALCYCLIST, FRONT END AT ANGLE",,1,Clear or Partly Cloudy,Dry,Dark - Street Lights On,Y,,45,Vehicle - Pedalcyclist,0,N,Washington,47.606203045254205,-122.316780466471
Block,29TH AVE E BETWEEN E REPUBLICAN ST AND E MADISON W ST,2,Injury Collision,Cycles,2,0,1,1,1,0,0,2008-07-17T00:00:00.000Z,7/17/2008 8:36:00 AM,Mid-Block (not related to intersection),56.0,PEDALCYCLIST STRUCK MOTOR VEHICLE LEFT SIDE SIDESWIPE,,0,Overcast,Dry,Daylight,Y,,45,Vehicle - Pedalcyclist,0,N,Washington,47.6238127752526,-122.2951844278495
Block,BROADWAY BETWEEN E PIKE ST AND E PINE ST,2,Injury Collision,Cycles,2,0,1,1,1,0,0,2008-01-07T00:00:00.000Z,1/7/2008,Driveway Junction,51.0,PEDALCYCLIST STRUCK MOTOR VEHICLE FRONT END AT ANGLE,,0,Clear or Partly Cloudy,Dry,Dark - Street Lights On,Y,,45,Vehicle - Pedalcyclist,0,N,Washington,47.61465412128639,-122.32078948868036
Block,E UNION ST BETWEEN 18TH AVE AND 19TH AVE,2,Injury Collision,Cycles,2,0,1,1,1,0,0,2008-09-19T00:00:00.000Z,9/19/2008 8:50:00 PM,Mid-Block (but intersection related),18.0,"MOTOR VEHICLE STRUCK PEDALCYCLIST, FRONT END AT ANGLE",,0,Overcast,Dry,Dark - Street Lights On,,,45,Vehicle - Pedalcyclist,0,N,Washington,47.61290001791205,-122.30818486615324
Intersection,15TH AVE NE AND NE PACIFIC ST,2,Injury Collision,Cycles,2,0,1,1,1,0,0,2008-01-04T00:00:00.000Z,1/4/2008,At Intersection (intersection related),18.0,"MOTOR VEHICLE STRUCK PEDALCYCLIST, FRONT END AT ANGLE",,0,Clear or Partly Cloudy,Unknown,Dark - Street Lights On,,,45,Vehicle - Pedalcyclist,520838,N,Washington,47.65297596413605,-122.31246414473328
Block,12TH AVE BETWEEN E REMINGTON CT AND E JEFFERSON ST,2,Injury Collision,Cycles,2,0,1,1,1,0,0,2008-09-08T00:00:00.000Z,9/8/2008,Driveway Junction,18.0,"MOTOR VEHICLE STRUCK PEDALCYCLIST, FRONT END AT ANGLE",,0,Clear or Partly Cloudy,Dry,Daylight,Y,,45,Vehicle - Pedalcyclist,0,N,Washington,47.60588380033929,-122.31678057657798
Intersection,15TH AVE W AND GILMAN UPPER DR W,2,Injury Collision,Cycles,2,0,1,1,1,0,0,2008-10-16T00:00:00.000Z,10/16/2008 1:55:00 PM,At Intersection (intersection related),51.0,PEDALCYCLIST STRUCK MOTOR VEHICLE FRONT END AT ANGLE,,0,Overcast,Wet,Daylight,,,45,Vehicle - Pedalcyclist,0,N,Washington,47.642943663187474,-122.37616970361886
Intersection,BELMONT AVE AND E PIKE ST,2,Injury Collision,Cycles,3,0,1,1,1,0,0,2008-08-05T00:00:00.000Z,8/5/2008,At Intersection (intersection related),18.0,"MOTOR VEHICLE STRUCK PEDALCYCLIST, FRONT END AT ANGLE",,0,Clear or Partly Cloudy,Dry,Daylight,Y,,45,Vehicle - Pedalcyclist,0,N,Washington,47.61409446555825,-122.32445798473469
Block,2ND AVE BETWEEN UNION ST AND PIKE ST,2,Injury Collision,Cycles,2,0,1,1,1,0,0,2008-11-21T00:00:00.000Z,11/21/2008 6:15:00 PM,Driveway Junction,18.0,"MOTOR VEHICLE STRUCK PEDALCYCLIST, FRONT END AT ANGLE",,0,Raining,Wet,Dark - Street Lights On,Y,,45,Vehicle - Pedalcyclist,0,N,Washington,47.60878749220817,-122.33844845839597
Intersection,2ND AVE AND PIKE ST,2,Injury Collision,Cycles,2,0,1,1,1,0,0,2008-03-23T00:00:00.000Z,3/23/2008 8:10:00 AM,At Intersection (intersection related),18.0,"MOTOR VEHICLE STRUCK PEDALCYCLIST, FRONT END AT ANGLE",,0,Raining,Wet,Daylight,,,45,Vehicle - Pedalcyclist,523691,N,Washington,47.60928514308913,-122.33890369362145
Intersection,ROOSEVELT WAY NE AND NE 62ND ST,2,Injury Collision,Cycles,2,0,1,1,1,0,0,2008-07-15T00:00:00.000Z,7/15/2008 7:49:00 AM,At Intersection (intersection related),69.0,PEDALCYCLIST OVERTURNED IN ROAD,,0,Clear or Partly Cloudy,Dry,Daylight,Y,,45,Vehicle - Pedalcyclist,0,N,Washington,47.6733347762294,-122.31736337490804
Intersection,EASTLAKE AVE E AND FUHRMAN AVE E,2,Injury Collision,Cycles,2,0,1,1,1,0,0,2008-07-16T00:00:00.000Z,7/16/2008 9:34:00 AM,At Intersection (intersection related),51.0,PEDALCYCLIST STRUCK MOTOR VEHICLE FRONT END AT ANGLE,,0,Clear or Partly Cloudy,Dry,Daylight,Y,,45,Vehicle - Pedalcyclist,0,N,Washington,47.65157827163786,-122.32127525687477
Intersection,ALASKAN WAY AND SPRING ST,2,Injury Collision,Cycles,2,0,1,1,1,0,0,2008-05-28T00:00:00.000Z,5/28/2008 6:09:00 PM,At Intersection (intersection related),18.0,"MOTOR VEHICLE STRUCK PEDALCYCLIST, FRONT END AT ANGLE",,0,Clear or Partly Cloudy,Dry,Daylight,Y,,45,Vehicle - Pedalcyclist,523596,N,Washington,47.60448768388286,-122.33909095737489
Block,E MADISON ST BETWEEN 28TH AVE E AND 29TH W AVE E,2,Injury Collision,Cycles,3,0,1,1,1,0,0,2008-05-08T00:00:00.000Z,5/8/2008,Mid-Block (but intersection related),51.0,PEDALCYCLIST STRUCK MOTOR VEHICLE FRONT END AT ANGLE,Y,0,Clear or Partly Cloudy,Dry,Dusk,,,45,Vehicle - Pedalcyclist,0,N,Washington,47.62371497310322,-122.29583475293619
Block,S GENESEE ST BETWEEN 37TH AVE S AND 38TH AVE S,2,Injury Collision,Cycles,2,0,1,1,1,0,0,2008-03-06T00:00:00.000Z,3/6/2008,Driveway Junction,18.0,"MOTOR VEHICLE STRUCK PEDALCYCLIST, FRONT END AT ANGLE",,0,Overcast,Dry,Dark - Street Lights On,Y,,45,Vehicle - Pedalcyclist,0,N,Washington,47.564117011286974,-122.28550948882229
Block,DEXTER AVE N BETWEEN HIGHLAND DR AND COMSTOCK ST,2,Injury Collision,Cycles,4,0,1,1,1,0,0,2008-07-30T00:00:00.000Z,7/30/2008 8:06:00 AM,Mid-Block (not related to intersection),18.0,"MOTOR VEHICLE STRUCK PEDALCYCLIST, FRONT END AT ANGLE",,0,Clear or Partly Cloudy,Dry,Daylight,Y,,45,Vehicle - Pedalcyclist,0,N,Washington,47.630151643151216,-122.3422997762902
Block,WESTLAKE AVE N BETWEEN NEWELL ST AND NICKERSON ST,2,Injury Collision,Cycles,2,0,1,1,1,0,0,2008-06-27T00:00:00.000Z,6/27/2008 8:40:00 PM,Mid-Block (not related to intersection),23.0,"MOTOR VEHICLE STRUCK PEDALCYCLIST, LEFT SIDE SIDESWIPE",,0,Clear or Partly Cloudy,Dry,Daylight,,,45,Vehicle - Pedalcyclist,0,N,Washington,47.645029689803174,-122.347300705301
Intersection,HARBOR AVE SW AND SW SPOKANE NR ST,2,Injury Collision,Cycles,2,0,1,1,1,0,0,2008-10-20T00:00:00.000Z,10/20/2008 7:58:00 AM,At Intersection (intersection related),18.0,"MOTOR VEHICLE STRUCK PEDALCYCLIST, FRONT END AT ANGLE",Y,0,Raining,Wet,Daylight,,,45,Vehicle - Pedalcyclist,524810,N,Washington,47.571788584878064,-122.37065501480114
Intersection,11TH AVE NW AND NW 45TH ST,2,Injury Collision,Cycles,2,0,1,1,1,0,0,2008-11-03T00:00:00.000Z,11/3/2008,At Intersection (intersection related),18.0,"MOTOR VEHICLE STRUCK PEDALCYCLIST, FRONT END AT ANGLE",,0,Overcast,Wet,Daylight,Y,,45,Vehicle - Pedalcyclist,0,N,Washington,47.66146941930195,-122.37076944775087
Block,DEXTER AVE N BETWEEN 6TH AVE N AND WHEELER ST,2,Injury Collision,Cycles,2,0,1,1,1,0,0,2008-11-25T00:00:00.000Z,11/25/2008 5:16:00 PM,Mid-Block (not related to intersection),18.0,"MOTOR VEHICLE STRUCK PEDALCYCLIST, FRONT END AT ANGLE",,0,Overcast,Wet,Dark - Street Lights On,,,45,Vehicle - Pedalcyclist,522526,N,Washington,47.64061580609787,-122.34449079310957
Intersection,MELROSE AVE AND PINE ST,2,Injury Collision,Cycles,4,0,1,1,1,0,0,2008-11-03T00:00:00.000Z,11/3/2008,At Intersection (intersection related),18.0,"MOTOR VEHICLE STRUCK PEDALCYCLIST, FRONT END AT ANGLE",,0,Raining,Wet,Dark - Street Lights On,Y,,45,Vehicle - Pedalcyclist,0,N,Washington,47.61523842026632,-122.32790375541016
Intersection,14TH AVE NW AND NW MARKET ST,2,Injury Collision,Cycles,2,0,1,1,1,0,0,2008-01-03T00:00:00.000Z,1/3/2008,At Intersection (intersection related),18.0,"MOTOR VEHICLE STRUCK PEDALCYCLIST, FRONT END AT ANGLE",,0,Raining,Wet,Dusk,Y,,45,Vehicle - Pedalcyclist,520757,N,Washington,47.66866536787647,-122.37358850396623
Block,12TH AVE BETWEEN E COLUMBIA ST AND E MARION ST,2,Injury Collision,Cycles,3,0,1,1,1,0,0,2008-09-03T00:00:00.000Z,9/3/2008,Mid-Block (not related to intersection),56.0,PEDALCYCLIST STRUCK MOTOR VEHICLE LEFT SIDE SIDESWIPE,Y,0,Clear or Partly Cloudy,Dry,Daylight,,,45,Vehicle - Pedalcyclist,0,N,Washington,47.60980943523944,-122.3167796621427
Intersection,AURORA AVE N AND N 80TH ST,2,Injury Collision,Cycles,2,0,1,1,1,0,0,2008-09-10T00:00:00.000Z,9/10/2008 1:07:00 PM,At Intersection (intersection related),51.0,PEDALCYCLIST STRUCK MOTOR VEHICLE FRONT END AT ANGLE,,0,Clear or Partly Cloudy,Dry,Daylight,Y,,45,Vehicle - Pedalcyclist,0,N,Washington,47.68694220503682,-122.34450322991393
Intersection,17TH AVE NW AND BARNES AVE NW,2b,Serious Injury Collision,Cycles,2,0,1,1,1,1,0,2008-08-07T00:00:00.000Z,8/7/2008,At Intersection (intersection related),18.0,"MOTOR VEHICLE STRUCK PEDALCYCLIST, FRONT END AT ANGLE",,0,Clear or Partly Cloudy,Dry,Daylight,Y,,45,Vehicle - Pedalcyclist,0,N,Washington,47.66742847058263,-122.37888477786481
Intersection,15TH AVE AND E MADISON ST,2,Injury Collision,Cycles,2,0,1,1,1,0,0,2008-05-02T00:00:00.000Z,5/2/2008,At Intersection (intersection related),18.0,"MOTOR VEHICLE STRUCK PEDALCYCLIST, FRONT END AT ANGLE",,0,Clear or Partly Cloudy,Dry,Daylight,,Y,45,Vehicle - Pedalcyclist,0,N,Washington,47.61449898544244,-122.31277145484923
Block,BELL ST BETWEEN 1ST AVE AND 2ND AVE,2,Injury Collision,Cycles,2,0,1,1,1,0,0,2008-05-16T00:00:00.000Z,5/16/2008 7:35:00 PM,Driveway Junction,18.0,"MOTOR VEHICLE STRUCK PEDALCYCLIST, FRONT END AT ANGLE",,1,Clear or Partly Cloudy,Dry,Daylight,,,45,Vehicle - Pedalcyclist,0,N,Washington,47.613706467201645,-122.34608454049871
Intersection,RAINIER AVE S AND S COLLEGE N ST,2,Injury Collision,Cycles,4,0,1,1,3,0,0,2008-09-23T00:00:00.000Z,9/23/2008 7:52:00 PM,At Intersection (intersection related),51.0,PEDALCYCLIST STRUCK MOTOR VEHICLE FRONT END AT ANGLE,,0,Clear or Partly Cloudy,Dry,Dark - Street Lights On,,,45,Vehicle - Pedalcyclist,0,N,Washington,47.58314526350266,-122.30180965097306
Intersection,BROAD ST AND VALLEY ST,2,Injury Collision,Cycles,2,0,1,1,1,0,0,2008-05-12T00:00:00.000Z,5/12/2008 12:15:00 PM,At Intersection (intersection related),18.0,"MOTOR VEHICLE STRUCK PEDALCYCLIST, FRONT END AT ANGLE",,0,Unknown,Dry,Daylight,,,45,Vehicle - Pedalcyclist,523904,N,Washington,47.6257957692013,-122.33863455026258
Intersection,DENNY WAY AND TERRY AVE,2,Injury Collision,Cycles,2,0,1,1,1,0,0,2008-03-04T00:00:00.000Z,3/4/2008,At Intersection (intersection related),51.0,PEDALCYCLIST STRUCK MOTOR VEHICLE FRONT END AT ANGLE,,0,Clear or Partly Cloudy,Dry,Dusk,,,45,Vehicle - Pedalcyclist,0,N,Washington,47.61852689284808,-122.33715073001076
Block,W MCGRAW ST BETWEEN 33RD AVE W AND 34TH AVE W,2,Injury Collision,Cycles,2,0,1,1,1,0,0,2008-09-12T00:00:00.000Z,9/12/2008 10:15:00 AM,Mid-Block (not related to intersection),56.0,PEDALCYCLIST STRUCK MOTOR VEHICLE LEFT SIDE SIDESWIPE,,0,Clear or Partly Cloudy,Dry,Daylight,,,45,Vehicle - Pedalcyclist,0,N,Washington,47.639556390116724,-122.40031342209794
Block,YESLER WAY BETWEEN TERRACE ST AND 6TH AVE,2,Injury Collision,Cycles,4,0,1,1,1,0,0,2008-10-02T00:00:00.000Z,10/2/2008,Mid-Block (not related to intersection),56.0,PEDALCYCLIST STRUCK MOTOR VEHICLE LEFT SIDE SIDESWIPE,,0,Overcast,Wet,Daylight,Y,,45,Vehicle - Pedalcyclist,0,N,Washington,47.60171208362889,-122.32768801517295
Intersection,25TH AVE NE AND NE 54TH ST,2b,Serious Injury Collision,Cycles,2,0,1,1,1,1,0,2008-10-24T00:00:00.000Z,10/24/2008 10:50:00 AM,At Intersection (intersection related),18.0,"MOTOR VEHICLE STRUCK PEDALCYCLIST, FRONT END AT ANGLE",,0,Clear or Partly Cloudy,Dry,Daylight,Y,,45,Vehicle - Pedalcyclist,0,N,Washington,47.66797835295682,-122.30061611359508
Intersection,7TH AVE S AND S JACKSON ST,2b,Serious Injury Collision,Cycles,2,0,1,1,1,1,0,2008-09-17T00:00:00.000Z,9/17/2008 10:02:00 AM,At Intersection (intersection related),18.0,"MOTOR VEHICLE STRUCK PEDALCYCLIST, FRONT END AT ANGLE",,0,Clear or Partly Cloudy,Dry,Daylight,Y,,45,Vehicle - Pedalcyclist,0,N,Washington,47.59918859651812,-122.32375005348827
Block,SEWARD PARK AVE S BETWEEN S KENYON ST AND S BUDD CT,2,Injury Collision,Cycles,2,0,1,1,1,0,0,2008-09-20T00:00:00.000Z,9/20/2008 6:20:00 AM,Mid-Block (not related to intersection),23.0,"MOTOR VEHICLE STRUCK PEDALCYCLIST, LEFT SIDE SIDESWIPE",,0,Raining,Wet,Dark - Street Lights On,Y,,45,Vehicle - Pedalcyclist,0,N,Washington,47.53070282309722,-122.26632623342476
Intersection,15TH AVE NE AND NE 68TH N ST,2,Injury Collision,Cycles,2,0,1,1,1,0,0,2008-09-19T00:00:00.000Z,9/19/2008 3:45:00 PM,At Intersection (intersection related),18.0,"MOTOR VEHICLE STRUCK PEDALCYCLIST, FRONT END AT ANGLE",,0,Overcast,Dry,Daylight,Y,,45,Vehicle - Pedalcyclist,0,N,Washington,47.678040560294924,-122.31197604942312
Intersection,20TH AVE AND E MADISON ST,2,Injury Collision,Cycles,2,0,1,1,1,0,0,2008-04-12T00:00:00.000Z,4/12/2008 6:55:00 PM,At Intersection (intersection related),23.0,"MOTOR VEHICLE STRUCK PEDALCYCLIST, LEFT SIDE SIDESWIPE",,0,Clear or Partly Cloudy,Dry,Daylight,Y,,45,Vehicle - Pedalcyclist,521181,N,Washington,47.617263315915444,-122.3061364414528
Block,AIRPORT WAY S BETWEEN S ADAMS ST AND S INDUSTRIAL WB WAY,2b,Serious Injury Collision,Cycles,2,0,1,1,1,1,0,2008-11-03T00:00:00.000Z,11/3/2008,Mid-Block (not related to intersection),21.0,"MOTOR VEHICLE STRUCK PEDALCYCLIST, REAR END",,0,Raining,Wet,Daylight,Y,,45,Vehicle - Pedalcyclist,0,N,Washington,47.56563411423802,-122.32273101411495
Block,RAINIER AVE S BETWEEN S EDMUNDS ST AND S FERDINAND ST,2,Injury Collision,Cycles,2,0,1,1,1,0,0,2008-08-19T00:00:00.000Z,8/19/2008 1:24:00 PM,Mid-Block (not related to intersection),18.0,"MOTOR VEHICLE STRUCK PEDALCYCLIST, FRONT END AT ANGLE",,0,Clear or Partly Cloudy,Dry,Daylight,Y,,45,Vehicle - Pedalcyclist,0,N,Washington,47.55825350025035,-122.28524315506876
Intersection,OCCIDENTAL AVE S AND S KING E ST,2,Injury Collision,Cycles,2,0,1,1,1,0,0,2008-08-12T00:00:00.000Z,8/12/2008 8:02:00 AM,At Intersection (intersection related),18.0,"MOTOR VEHICLE STRUCK PEDALCYCLIST, FRONT END AT ANGLE",,0,Clear or Partly Cloudy,Dry,Daylight,Y,,45,Vehicle - Pedalcyclist,0,N,Washington,47.598289693357096,-122.33288563277209
Intersection,QUEEN ANNE AVE N AND REPUBLICAN ST,2,Injury Collision,Cycles,2,0,1,1,1,0,0,2008-01-18T00:00:00.000Z,1/18/2008 1:00:00 AM,At Intersection (intersection related),18.0,"MOTOR VEHICLE STRUCK PEDALCYCLIST, FRONT END AT ANGLE",,0,Clear or Partly Cloudy,Dry,Unknown,,,45,Vehicle - Pedalcyclist,523532,N,Washington,47.62327681312868,-122.35671986073686
Intersection,ALASKAN WAY S AND S KING ST,2,Injury Collision,Cycles,2,0,1,1,1,0,0,2008-01-14T00:00:00.000Z,1/14/2008 6:25:00 PM,At Intersection (intersection related),18.0,"MOTOR VEHICLE STRUCK PEDALCYCLIST, FRONT END AT ANGLE",,0,Raining,Wet,Dark - Street Lights On,Y,,45,Vehicle - Pedalcyclist,524773,N,Washington,,
Block,1ST AVE S BETWEEN YESLER WAY AND S WASHINGTON ST,1,Property Damage Only Collision,Cycles,2,0,1,1,0,0,0,2008-10-18T00:00:00.000Z,10/18/2008 12:34:00 AM,Mid-Block (not related to intersection),18.0,"MOTOR VEHICLE STRUCK PEDALCYCLIST, FRONT END AT ANGLE",,0,Overcast,Wet,Dark - Street Lights On,,,45,Vehicle - Pedalcyclist,0,N,Washington,47.60130412800311,-122.33418005591764
Intersection,10TH AVE E AND E LYNN ST,2b,Serious Injury Collision,Cycles,3,0,2,1,2,2,0,2008-07-02T00:00:00.000Z,7/2/2008,At Intersection (intersection related),51.0,PEDALCYCLIST STRUCK MOTOR VEHICLE FRONT END AT ANGLE,,0,Clear or Partly Cloudy,Dry,Dark - Street Lights On,Y,,45,Vehicle - Pedalcyclist,0,N,Washington,47.639547112800344,-122.3200628709582
Intersection,ALASKAN WAY AND YESLER WAY,1,Property Damage Only Collision,Cycles,3,0,1,1,0,0,0,2008-08-01T00:00:00.000Z,8/1/2008,At Intersection (intersection related),11.0,"MOTOR VEHICLE STRUCK MOTOR VEHICLE, FRONT END AT ANGLE",,0,Clear or Partly Cloudy,Dry,Dark - Street Lights On,,,45,Vehicle - Pedalcyclist,0,N,Washington,47.601717546558845,-122.33658213807455
Intersection,15TH AVE W AND W HOWE ST,2,Injury Collision,Cycles,2,0,1,1,1,0,0,2008-08-05T00:00:00.000Z,8/5/2008,At Intersection (intersection related),18.0,"MOTOR VEHICLE STRUCK PEDALCYCLIST, FRONT END AT ANGLE",,0,Clear or Partly Cloudy,Dry,Daylight,Y,,45,Vehicle - Pedalcyclist,0,N,Washington,47.63595304825938,-122.37613788360537
Intersection,CEDAR ST AND WESTERN AVE,3,Fatality Collision,Cycles,5,0,1,2,3,1,1,2008-08-06T00:00:00.000Z,8/6/2008,At Intersection (intersection related),18.0,"MOTOR VEHICLE STRUCK PEDALCYCLIST, FRONT END AT ANGLE",,0,Clear or Partly Cloudy,Dry,Dusk,,,45,Vehicle - Pedalcyclist,523859,N,Washington,47.61513737685961,-122.351475842922
Intersection,24TH AVE NW AND NW 85TH ST,2b,Serious Injury Collision,Cycles,2,0,1,1,1,1,0,2008-07-22T00:00:00.000Z,7/22/2008 8:30:00 PM,At Intersection (intersection related),51.0,PEDALCYCLIST STRUCK MOTOR VEHICLE FRONT END AT ANGLE,,0,Clear or Partly Cloudy,Dry,Daylight,,,45,Vehicle - Pedalcyclist,0,N,Washington,47.690575453777285,-122.38759810574602
Block,STONE WAY N BETWEEN BRIDGE WAY N AND N 40TH ST,2,Injury Collision,Cycles,2,0,1,1,1,0,0,2008-09-19T00:00:00.000Z,9/19/2008 5:57:00 PM,Mid-Block (not related to intersection),18.0,"MOTOR VEHICLE STRUCK PEDALCYCLIST, FRONT END AT ANGLE",,0,Overcast,Dry,Daylight,Y,,45,Vehicle - Pedalcyclist,0,N,Washington,47.65502130992057,-122.34245699789724
Block,BEACON ER AVE S BETWEEN S ANGELINE ST AND S COLUMBIAN WAY,2,Injury Collision,Cycles,4,0,1,2,1,0,0,2008-10-17T00:00:00.000Z,10/17/2008 6:44:00 PM,Mid-Block (not related to intersection),18.0,"MOTOR VEHICLE STRUCK PEDALCYCLIST, FRONT END AT ANGLE",,0,Clear or Partly Cloudy,Dry,Dark - Street Lights On,Y,,45,Vehicle - Pedalcyclist,0,N,Washington,47.55987646781337,-122.30445987257835
Intersection,SHILSHOLE AVE NW AND NW 46TH ST,2b,Serious Injury Collision,Cycles,2,0,1,1,1,1,0,2008-09-06T00:00:00.000Z,9/6/2008,At Intersection (intersection related),18.0,"MOTOR VEHICLE STRUCK PEDALCYCLIST, FRONT END AT ANGLE",,0,Clear or Partly Cloudy,Dry,Daylight,,,45,Vehicle - Pedalcyclist,0,N,Washington,47.6622071015203,-122.37830241928623
Intersection,WHITMAN AVE N AND N 50TH ST,2,Injury Collision,Cycles,2,0,1,1,1,0,0,2008-06-24T00:00:00.000Z,6/24/2008 9:50:00 PM,At Intersection (intersection related),18.0,"MOTOR VEHICLE STRUCK PEDALCYCLIST, FRONT END AT ANGLE",,0,Clear or Partly Cloudy,Dry,Dark - Street Lights On,,,45,Vehicle - Pedalcyclist,0,N,Washington,47.665044601721,-122.34606372230269
Block,S JACKSON ST BETWEEN 22ND AVE S AND 23RD AVE S,2,Injury Collision,Cycles,2,0,1,1,1,0,0,2008-11-10T00:00:00.000Z,11/10/2008 3:32:00 PM,Mid-Block (not related to intersection),56.0,PEDALCYCLIST STRUCK MOTOR VEHICLE LEFT SIDE SIDESWIPE,,0,Clear or Partly Cloudy,Dry,Daylight,,,45,Vehicle - Pedalcyclist,0,N,Washington,47.59927789920498,-122.30276121736144
Intersection,11TH AVE NE AND NE 42ND ST,2,Injury Collision,Cycles,2,0,1,1,1,0,0,2008-04-01T00:00:00.000Z,4/1/2008,At Intersection (intersection related),18.0,"MOTOR VEHICLE STRUCK PEDALCYCLIST, FRONT END AT ANGLE",,0,Clear or Partly Cloudy,Dry,Daylight,,,45,Vehicle - Pedalcyclist,0,N,Washington,47.6583559542751,-122.31665565908095
Intersection,DELRIDGE WAY SW AND SW ANDOVER ST,2,Injury Collision,Cycles,2,0,1,1,1,0,0,2008-03-21T00:00:00.000Z,3/21/2008 8:39:00 AM,At Intersection (intersection related),18.0,"MOTOR VEHICLE STRUCK PEDALCYCLIST, FRONT END AT ANGLE",,0,Overcast,Dry,Daylight,,,45,Vehicle - Pedalcyclist,525306,N,Washington,47.56834746387087,-122.36328260850892
Intersection,15TH AVE NE AND NE 41ST ST,2,Injury Collision,Cycles,2,0,1,1,1,0,0,2008-08-05T00:00:00.000Z,8/5/2008,At Intersection (intersection related),18.0,"MOTOR VEHICLE STRUCK PEDALCYCLIST, FRONT END AT ANGLE",,0,Clear or Partly Cloudy,Dry,Dark - Street Lights On,Y,,45,Vehicle - Pedalcyclist,0,N,Washington,47.65681959348174,-122.31211005308027
Block,1ST AVE BETWEEN BAY ST AND DENNY WAY,2,Injury Collision,Cycles,2,0,1,1,2,0,0,2008-08-23T00:00:00.000Z,8/23/2008 1:57:00 AM,Mid-Block (but intersection related),23.0,"MOTOR VEHICLE STRUCK PEDALCYCLIST, LEFT SIDE SIDESWIPE",,0,Clear or Partly Cloudy,Dry,Dark - Street Lights On,Y,,45,Vehicle - Pedalcyclist,0,N,Washington,47.618534110540324,-122.3552917241834