addrtype,location,severitycode,severitydesc,collisiontype,personcount,pedcount,pedcylcount,vehcount,injuries,seriousinjuries,fatalities,incdate,incdttm,junctiontype,sdot_colcode,sdot_coldesc,inattentionind,underinfl,weather,roadcond,lightcond,pedrownotgrnt,speeding,st_colcode,st_coldesc,crosswalkkey,hitparkedcar,state,latitude,longitude
Intersection,EASTLAKE AVE E AND FUHRMAN AVE E,2,Injury Collision,Cycles,2,0,1,1,1,0,0,2008-03-17T00:00:00.000Z,3/17/2008 2:58:00 PM,At Intersection (intersection related),51.0,PEDALCYCLIST STRUCK MOTOR VEHICLE FRONT END AT ANGLE,,0,Clear or Partly Cloudy,Dry,Daylight,Y,,45,Vehicle - Pedalcyclist,0,N,Washington,47.65157827163786,-122.32127525687477
Intersection,WALLINGFORD AVE N AND N 47TH ST,2,Injury Collision,Cycles,2,0,1,1,1,0,0,2008-07-29T00:00:00.000Z,7/29/2008 12:46:00 PM,At Intersection (intersection related),18.0,"MOTOR VEHICLE STRUCK PEDALCYCLIST, FRONT END AT ANGLE",,0,Overcast,Dry,Daylight,Y,,45,Vehicle - Pedalcyclist,0,N,Washington,47.66286698393207,-122.33642195696586
Intersection,ALBION PL N AND N 34TH ST,2,Injury Collision,Cycles,2,0,1,1,1,0,0,2008-07-29T00:00:00.000Z,7/29/2008 3:54:00 PM,At Intersection (intersection related),18.0,"MOTOR VEHICLE STRUCK PEDALCYCLIST, FRONT END AT ANGLE",,0,Overcast,Dry,Daylight,,,45,Vehicle - Pedalcyclist,0,N,Washington,47.64884179332455,-122.34476587493401
Block,6TH AVE BETWEEN PINE ST AND OLIVE WAY,2,Injury Collision,Cycles,4,0,1,1,1,0,0,2008-07-10T00:00:00.000Z,7/10/2008 5:22:00 PM,Mid-Block (not related to intersection),55.0,PEDALCYCLIST STRUCK MOTOR VEHICLE RIGHT SIDE SIDESWIPE,,0,Clear or Partly Cloudy,Dry,Daylight,,,45,Vehicle - Pedalcyclist,0,N,Washington,47.612633293520936,-122.3358274826033
Block,LEARY WAY NW BETWEEN NW 43RD ST AND 7TH AVE NW,1,Property Damage Only Collision,Cycles,2,0,1,1,0,0,0,2008-09-05T00:00:00.000Z,9/5/2008,Mid-Block (not related to intersection),55.0,PEDALCYCLIST STRUCK MOTOR VEHICLE RIGHT SIDE SIDESWIPE,,0,Clear or Partly Cloudy,Dry,Dark - Street Lights On,,,45,Vehicle - Pedalcyclist,0,N,Washington,47.65911854711171,-122.3648842002453
Block,15TH AVE E BETWEEN E THOMAS S ST AND E THOMAS N ST,2,Injury Collision,Cycles,2,0,1,1,1,0,0,2008-07-24T00:00:00.000Z,7/24/2008 8:07:00 PM,Mid-Block (not related to intersection),56.0,PEDALCYCLIST STRUCK MOTOR VEHICLE LEFT SIDE SIDESWIPE,,0,Clear or Partly Cloudy,Dry,Daylight,,,45,Vehicle - Pedalcyclist,0,N,Washington,47.62081750269906,-122.31269202529727
Intersection,FAIRVIEW AVE N AND FAIRVIEW PL N,1,Property Damage Only Collision,Cycles,2,0,1,1,0,0,0,2008-07-27T00:00:00.000Z,7/27/2008 11:30:00 AM,At Intersection (intersection related),18.0,"MOTOR VEHICLE STRUCK PEDALCYCLIST, FRONT END AT ANGLE",,0,Clear or Partly Cloudy,Dry,Daylight,,,45,Vehicle - Pedalcyclist,0,N,Washington,47.62628087670744,-122.33400849264623
Block,NE 45TH ST BETWEEN 7TH AVE NE AND 8TH W AVE NE,2,Injury Collision,Cycles,2,0,1,1,1,0,0,2008-10-22T00:00:00.000Z,10/22/2008 12:15:00 PM,Driveway Junction,18.0,"MOTOR VEHICLE STRUCK PEDALCYCLIST, FRONT END AT ANGLE",Y,0,Clear or Partly Cloudy,Dry,Daylight,,Y,45,Vehicle - Pedalcyclist,0,N,Washington,47.66131589164785,-122.32025239034901
Intersection,TROLL AVE N AND N 34TH ST,2,Injury Collision,Cycles,2,0,1,1,1,0,0,2008-05-21T00:00:00.000Z,5/21/2008 9:10:00 AM,At Intersection (intersection related),18.0,"MOTOR VEHICLE STRUCK PEDALCYCLIST, FRONT END AT ANGLE",,0,Overcast,Dry,Daylight,Y,,45,Vehicle - Pedalcyclist,0,N,Washington,47.64924012162934,-122.34741874332344
Intersection,54TH PL SW AND ALKI AVE SW,2,Injury Collision,Cycles,2,0,1,1,1,0,0,2008-08-16T00:00:00.000Z,8/16/2008 8:40:00 PM,At Intersection (intersection related),51.0,PEDALCYCLIST STRUCK MOTOR VEHICLE FRONT END AT ANGLE,Y,0,Clear or Partly Cloudy,Dry,Dark - Street Lights On,,,45,Vehicle - Pedalcyclist,0,N,Washington,47.582703710427296,-122.402073617689
Intersection,DENNY WAY AND TERRY AVE,2,Injury Collision,Cycles,2,0,1,1,1,0,0,2008-10-14T00:00:00.000Z,10/14/2008 3:34:00 PM,At Intersection (intersection related),18.0,"MOTOR VEHICLE STRUCK PEDALCYCLIST, FRONT END AT ANGLE",,0,Clear or Partly Cloudy,Dry,Daylight,Y,,45,Vehicle - Pedalcyclist,0,N,Washington,47.61852689284808,-122.33715073001076
Intersection,FLORENTIA ST AND WARREN AVE N,2,Injury Collision,Cycles,2,0,1,1,1,0,0,2008-10-15T00:00:00.000Z,10/15/2008 1:55:00 PM,At Intersection (intersection related),51.0,PEDALCYCLIST STRUCK MOTOR VEHICLE FRONT END AT ANGLE,,0,Clear or Partly Cloudy,Dry,Daylight,Y,,45,Vehicle - Pedalcyclist,0,N,Washington,47.646888113787796,-122.35450291817516
Block,S DAWSON ST BETWEEN BEACON WR AVE S AND BEACON ER AVE S,2,Injury Collision,Cycles,2,0,1,1,1,0,0,2008-10-03T00:00:00.000Z,10/3/2008,Mid-Block (but intersection related),18.0,"MOTOR VEHICLE STRUCK PEDALCYCLIST, FRONT END AT ANGLE",,0,Raining,Wet,Dark - Street Lights On,Y,,45,Vehicle - Pedalcyclist,630863,N,Washington,47.555936869276636,-122.3033875369457
Intersection,21ST AVE AND E CHERRY ST,2,Injury Collision,Cycles,2,0,1,1,1,0,0,2008-05-29T00:00:00.000Z,5/29/2008 6:09:00 PM,At Intersection (intersection related),51.0,PEDALCYCLIST STRUCK MOTOR VEHICLE FRONT END AT ANGLE,,0,Clear or Partly Cloudy,Dry,Daylight,Y,,45,Vehicle - Pedalcyclist,0,N,Washington,47.60801396197765,-122.305024959772
Intersection,HARRISON ST AND WESTLAKE AVE N,2,Injury Collision,Cycles,2,0,1,1,1,0,0,2008-08-31T00:00:00.000Z,8/31/2008 2:13:00 PM,At Intersection (intersection related),51.0,PEDALCYCLIST STRUCK MOTOR VEHICLE FRONT END AT ANGLE,,0,Clear or Partly Cloudy,Dry,Daylight,Y,,45,Vehicle - Pedalcyclist,0,N,Washington,47.6220412354285,-122.3384557066986
Block,N 77TH ST BETWEEN DAYTON AVE N AND FREMONT AVE N,2,Injury Collision,Cycles,2,0,1,1,1,0,0,2008-07-12T00:00:00.000Z,7/12/2008 1:45:00 PM,Mid-Block (not related to intersection),18.0,"MOTOR VEHICLE STRUCK PEDALCYCLIST, FRONT END AT ANGLE",,0,Clear or Partly Cloudy,Dry,Daylight,,,45,Vehicle - Pedalcyclist,0,N,Washington,47.68475316250822,-122.35115354322448
Intersection,25TH AVE NE AND NE BLAKELEY ST,2,Injury Collision,Cycles,2,0,1,1,1,0,0,2008-06-08T00:00:00.000Z,6/8/2008,At Intersection (intersection related),18.0,"MOTOR VEHICLE STRUCK PEDALCYCLIST, FRONT END AT ANGLE",,0,Clear or Partly Cloudy,Dry,Daylight,Y,,45,Vehicle - Pedalcyclist,521604,N,Washington,47.66626671821327,-122.30060498001896
Block,HIGH POINT DR SW BETWEEN SW RAYMOND ST AND 30TH N AVE SW,2,Injury Collision,Cycles,6,0,1,1,1,0,0,2008-07-20T00:00:00.000Z,7/20/2008 8:28:00 PM,Driveway Junction,18.0,"MOTOR VEHICLE STRUCK PEDALCYCLIST, FRONT END AT ANGLE",,0,Clear or Partly Cloudy,Dry,Dusk,,,45,Vehicle - Pedalcyclist,0,N,Washington,47.54912705691534,-122.3689063889285
Intersection,2ND AVE AND YESLER WAY,1,Property Damage Only Collision,Cycles,2,0,1,1,0,0,0,2008-11-03T00:00:00.000Z,11/3/2008,At Intersection (intersection related),51.0,PEDALCYCLIST STRUCK MOTOR VEHICLE FRONT END AT ANGLE,,0,Raining,Wet,Dark - Street Lights On,Y,,45,Vehicle - Pedalcyclist,0,N,Washington,47.601718703965894,-122.33198350537205
Block,LAKE WASHINGTON BLVD S BETWEEN S ANGELINE ST AND S FERDINAND ST,2,Injury Collision,Cycles,2,0,1,1,1,0,0,2008-04-24T00:00:00.000Z,4/24/2008 6:45:00 PM,Mid-Block (not related to intersection),18.0,"MOTOR VEHICLE STRUCK PEDALCYCLIST, FRONT END AT ANGLE",,0,Unknown,Unknown,Dusk,,,45,Vehicle - Pedalcyclist,0,N,Washington,47.55886522032378,-122.26355432691484
Intersection,THOMAS ST AND WESTLAKE AVE N,2,Injury Collision,Cycles,2,0,1,1,1,0,0,2008-07-23T00:00:00.000Z,7/23/2008 1:10:00 PM,At Intersection (intersection related),18.0,"MOTOR VEHICLE STRUCK PEDALCYCLIST, FRONT END AT ANGLE",,0,Clear or Partly Cloudy,Dry,Daylight,Y,,45,Vehicle - Pedalcyclist,0,N,Washington,47.62087408282499,-122.33846537417837
Block,NW 42ND ST BETWEEN 6TH E AVE NW AND 6TH W AVE NW,2,Injury Collision,Cycles,2,0,1,1,1,0,0,2008-05-20T00:00:00.000Z,5/20/2008 9:05:00 AM,Mid-Block (but intersection related),18.0,"MOTOR VEHICLE STRUCK PEDALCYCLIST, FRONT END AT ANGLE",,0,Raining,Wet,Daylight,,,45,Vehicle - Pedalcyclist,0,N,Washington,47.657763106101726,-122.36377358011377
Intersection,GREENWOOD AVE N AND N 73RD ST,2,Injury Collision,Cycles,3,0,1,1,1,0,0,2008-05-04T00:00:00.000Z,5/4/2008,At Intersection (intersection related),51.0,PEDALCYCLIST STRUCK MOTOR VEHICLE FRONT END AT ANGLE,,0,Clear or Partly Cloudy,Dry,Daylight,,,45,Vehicle - Pedalcyclist,0,N,Washington,47.68180515980843,-122.355303622896
Intersection,4TH AVE N AND MERCER ST,2,Injury Collision,Cycles,2,0,1,1,1,0,0,2008-01-18T00:00:00.000Z,1/18/2008 5:53:00 PM,At Intersection (intersection related),18.0,"MOTOR VEHICLE STRUCK PEDALCYCLIST, FRONT END AT ANGLE",,0,Overcast,Dry,Dark - Street Lights On,Y,,45,Vehicle - Pedalcyclist,521962,N,Washington,47.62456433085206,-122.34887678061644
Block,3RD AVE NW BETWEEN NW 52ND S ST AND NW MARKET ST,2,Injury Collision,Cycles,2,0,1,1,1,0,0,2008-06-11T00:00:00.000Z,6/11/2008 2:38:00 PM,Mid-Block (but intersection related),23.0,"MOTOR VEHICLE STRUCK PEDALCYCLIST, LEFT SIDE SIDESWIPE",,0,Overcast,Dry,Daylight,,,45,Vehicle - Pedalcyclist,0,N,Washington,47.66666938260483,-122.36080092431213
Block,NW 65TH ST BETWEEN 9TH AVE NW AND 10TH AVE NW,2,Injury Collision,Cycles,2,0,1,1,1,0,0,2008-04-23T00:00:00.000Z,4/23/2008 8:40:00 AM,Driveway Junction,18.0,"MOTOR VEHICLE STRUCK PEDALCYCLIST, FRONT END AT ANGLE",,0,Clear or Partly Cloudy,Dry,Daylight,,,45,Vehicle - Pedalcyclist,0,N,Washington,47.67597408124758,-122.36925624594409
Intersection,STONE WAY N AND N 44TH ST,2,Injury Collision,Cycles,2,0,1,1,1,0,0,2008-10-02T00:00:00.000Z,10/2/2008,At Intersection (intersection related),18.0,"MOTOR VEHICLE STRUCK PEDALCYCLIST, FRONT END AT ANGLE",,0,Clear or Partly Cloudy,Dry,Dark - Street Lights On,,,45,Vehicle - Pedalcyclist,0,N,Washington,47.65995950786075,-122.34221726430485
Intersection,16TH AVE AND E JEFFERSON ST,2,Injury Collision,Cycles,2,0,1,1,1,0,0,2008-07-31T00:00:00.000Z,7/31/2008 7:56:00 PM,At Intersection (intersection related),18.0,"MOTOR VEHICLE STRUCK PEDALCYCLIST, FRONT END AT ANGLE",,0,Overcast,Wet,Dusk,Y,,45,Vehicle - Pedalcyclist,0,N,Washington,47.6061811750608,-122.31155445470452
Block,BLANCHARD ST BETWEEN 8TH AVE AND WESTLAKE AVE,2,Injury Collision,Cycles,2,0,1,1,1,0,0,2008-05-27T00:00:00.000Z,5/27/2008 4:43:00 PM,Mid-Block (but intersection related),21.0,"MOTOR VEHICLE STRUCK PEDALCYCLIST, REAR END",,0,Clear or Partly Cloudy,Dry,Daylight,Y,,45,Vehicle - Pedalcyclist,0,N,Washington,47.61755339769371,-122.33881474346757
Block,S ROYAL BROUGHAM WAY BETWEEN OCCIDENTAL AVE S AND DEAD END,2,Injury Collision,Cycles,2,0,1,1,1,0,0,2008-06-17T00:00:00.000Z,6/17/2008 4:50:00 PM,Driveway Junction,18.0,"MOTOR VEHICLE STRUCK PEDALCYCLIST, FRONT END AT ANGLE",,0,Clear or Partly Cloudy,Dry,Daylight,Y,,45,Vehicle - Pedalcyclist,0,N,Washington,47.592416774585544,-122.33133072695236
Intersection,STONE WAY N AND N 34TH ST,2,Injury Collision,Cycles,2,0,1,1,1,0,0,2008-05-06T00:00:00.000Z,5/6/2008,At Intersection (intersection related),18.0,"MOTOR VEHICLE STRUCK PEDALCYCLIST, FRONT END AT ANGLE",,0,Clear or Partly Cloudy,Dry,Daylight,Y,,45,Vehicle - Pedalcyclist,524012,N,Washington,47.648540727826884,-122.34277540220636
Intersection,ALASKAN E RDWY WAY S AND S WASHINGTON ST,2,Injury Collision,Cycles,2,0,1,1,1,0,0,2008-06-15T00:00:00.000Z,6/15/2008 3:19:00 PM,At Intersection (intersection related),51.0,PEDALCYCLIST STRUCK MOTOR VEHICLE FRONT END AT ANGLE,Y,0,Clear or Partly Cloudy,Dry,Daylight,,,45,Vehicle - Pedalcyclist,0,N,Washington,47.60088588282752,-122.33552594482715
Intersection,MINOR AVE AND STEWART ST,2,Injury Collision,Cycles,3,0,1,1,1,0,0,2008-06-16T00:00:00.000Z,6/16/2008 4:58:00 PM,At Intersection (intersection related),18.0,"MOTOR VEHICLE STRUCK PEDALCYCLIST, FRONT END AT ANGLE",,0,Clear or Partly Cloudy,Dry,Daylight,,,45,Vehicle - Pedalcyclist,630806,N,Washington,47.617609533487126,-122.33185856018312
Block,SW AVALON WAY BETWEEN 30TH AVE SW AND SW GENESEE ST,2,Injury Collision,Cycles,2,0,1,1,1,0,0,2008-10-24T00:00:00.000Z,10/24/2008 6:59:00 AM,Mid-Block (not related to intersection),18.0,"MOTOR VEHICLE STRUCK PEDALCYCLIST, FRONT END AT ANGLE",,0,Clear or Partly Cloudy,Dry,Dawn,Y,,45,Vehicle - Pedalcyclist,0,N,Washington,47.5661385080699,-122.37167070846228
Block,RAINIER AVE S BETWEEN S WELLER ST AND S LANE ST,2,Injury Collision,Cycles,2,0,1,1,1,0,0,2008-09-15T00:00:00.000Z,9/15/2008 9:08:00 PM,Mid-Block (not related to intersection),23.0,"MOTOR VEHICLE STRUCK PEDALCYCLIST, LEFT SIDE SIDESWIPE",Y,0,Clear or Partly Cloudy,Dry,Dark - Street Lights On,,,45,Vehicle - Pedalcyclist,0,N,Washington,47.59707290409985,-122.31244148687087
Intersection,BOREN AVE N AND MERCER SR ST,2,Injury Collision,Cycles,2,0,1,1,1,0,0,2008-08-08T00:00:00.000Z,8/8/2008,At Intersection (intersection related),18.0,"MOTOR VEHICLE STRUCK PEDALCYCLIST, FRONT END AT ANGLE",,0,Clear or Partly Cloudy,Dry,Daylight,,,45,Vehicle - Pedalcyclist,0,N,Washington,47.62454274661636,-122.33582712520592
Block,JAMES ST BETWEEN YESLER WAY AND 2ND AVE,1,Property Damage Only Collision,Cycles,2,0,1,1,0,0,0,2008-12-09T00:00:00.000Z,12/9/2008,Driveway Junction,18.0,"MOTOR VEHICLE STRUCK PEDALCYCLIST, FRONT END AT ANGLE",,0,Overcast,Wet,Dark - Street Lights On,,,45,Vehicle - Pedalcyclist,0,N,Washington,47.602015334685184,-122.33321300673904
Intersection,6TH AVE NW AND NW 49TH ST,2b,Serious Injury Collision,Cycles,3,0,1,1,1,1,0,2008-10-19T00:00:00.000Z,10/19/2008 9:46:00 AM,At Intersection (intersection related),18.0,"MOTOR VEHICLE STRUCK PEDALCYCLIST, FRONT END AT ANGLE",,0,Clear or Partly Cloudy,Dry,Daylight,Y,,45,Vehicle - Pedalcyclist,0,N,Washington,47.66438284637397,-122.36399734011852
Intersection,18TH AVE AND E JEFFERSON ST,2,Injury Collision,Cycles,2,0,1,1,1,0,0,2008-07-24T00:00:00.000Z,7/24/2008 10:30:00 PM,At Intersection (intersection related),18.0,"MOTOR VEHICLE STRUCK PEDALCYCLIST, FRONT END AT ANGLE",,0,Clear or Partly Cloudy,Dry,Dark - No Street Lights,,,45,Vehicle - Pedalcyclist,0,N,Washington,47.606169971830546,-122.30894195194065
Intersection,GREENWOOD AVE N AND N 67TH ST,2,Injury Collision,Cycles,2,0,1,1,1,0,0,2008-02-07T00:00:00.000Z,2/7/2008,At Intersection (intersection related),18.0,"MOTOR VEHICLE STRUCK PEDALCYCLIST, FRONT END AT ANGLE",,0,Clear or Partly Cloudy,Dry,Daylight,Y,,45,Vehicle - Pedalcyclist,0,N,Washington,47.67778147174612,-122.3553223844232
Block,E JOHN ST BETWEEN 12TH AVE E AND 13TH AVE E,1,Property Damage Only Collision,Cycles,2,0,1,1,0,0,0,2008-10-29T00:00:00.000Z,10/29/2008 3:05:00 PM,Mid-Block (but intersection related),51.0,PEDALCYCLIST STRUCK MOTOR VEHICLE FRONT END AT ANGLE,,0,Clear or Partly Cloudy,Dry,Daylight,Y,,45,Vehicle - Pedalcyclist,0,N,Washington,47.61994148946968,-122.31627570080113
Intersection,ASHWORTH AVE N AND N 85TH ST,2,Injury Collision,Cycles,2,0,1,1,1,0,0,2008-02-28T00:00:00.000Z,2/28/2008 12:53:00 PM,At Intersection (intersection related),18.0,"MOTOR VEHICLE STRUCK PEDALCYCLIST, FRONT END AT ANGLE",,0,Clear or Partly Cloudy,Dry,Daylight,Y,,45,Vehicle - Pedalcyclist,0,N,Washington,47.690521527525355,-122.33913429160113
Intersection,24TH AVE AND E UNION ST,2,Injury Collision,Cycles,2,0,1,1,1,0,0,2008-09-13T00:00:00.000Z,9/13/2008 4:00:00 PM,At Intersection (intersection related),51.0,PEDALCYCLIST STRUCK MOTOR VEHICLE FRONT END AT ANGLE,,0,Clear or Partly Cloudy,Dry,Daylight,Y,,45,Vehicle - Pedalcyclist,0,N,Washington,47.612946032622716,-122.3014171573092
Intersection,12TH AVE AND E MADISON ST,2,Injury Collision,Cycles,2,0,1,1,1,0,0,2008-12-11T00:00:00.000Z,12/11/2008 7:40:00 AM,At Intersection (intersection related),18.0,"MOTOR VEHICLE STRUCK PEDALCYCLIST, FRONT END AT ANGLE",,0,Clear or Partly Cloudy,Dry,Dawn,,,45,Vehicle - Pedalcyclist,0,N,Washington,47.61288923577013,-122.31673339075188
Block,2ND AVE BETWEEN UNIVERSITY ST AND UNION ST,2,Injury Collision,Cycles,2,0,1,1,1,0,0,2008-10-16T00:00:00.000Z,10/16/2008 5:02:00 PM,Driveway Junction,18.0,"MOTOR VEHICLE STRUCK PEDALCYCLIST, FRONT END AT ANGLE",,0,Clear or Partly Cloudy,Dry,Daylight,Y,,45,Vehicle - Pedalcyclist,0,N,Washington,47.60779444958214,-122.33754001043816
Intersection,24TH AVE SW AND SW HOLDEN ST,2,Injury Collision,Cycles,2,0,1,1,1,0,0,2008-09-04T00:00:00.000Z,9/4/2008,At Intersection (intersection related),51.0,PEDALCYCLIST STRUCK MOTOR VEHICLE FRONT END AT ANGLE,,0,Clear or Partly Cloudy,Dry,Daylight,Y,,45,Vehicle - Pedalcyclist,0,N,Washington,47.53369767941021,-122.36318538883059
Block,8TH AVE N BETWEEN ALOHA ST AND WESTLAKE S AVE N,2,Injury Collision,Cycles,2,0,1,1,1,0,0,2008-07-17T00:00:00.000Z,7/17/2008 5:15:00 PM,Driveway Junction,18.0,"MOTOR VEHICLE STRUCK PEDALCYCLIST, FRONT END AT ANGLE",Y,0,Clear or Partly Cloudy,Dry,Daylight,Y,,45,Vehicle - Pedalcyclist,0,N,Washington,47.6281913119473,-122.34099409382908
Intersection,JOHN ST AND QUEEN ANNE AVE N,2,Injury Collision,Cycles,3,0,1,1,1,0,0,2008-07-24T00:00:00.000Z,7/24/2008 1:36:00 PM,At Intersection (intersection related),18.0,"MOTOR VEHICLE STRUCK PEDALCYCLIST, FRONT END AT ANGLE",,0,Clear or Partly Cloudy,Dry,Daylight,Y,,45,Vehicle - Pedalcyclist,0,N,Washington,47.61977326031071,-122.35674674375055
Intersection,4TH AVE NE AND NE 88TH ST,2,Injury Collision,Cycles,2,0,1,1,1,0,0,2008-05-15T00:00:00.000Z,5/15/2008 3:39:00 PM,At Intersection (intersection related),18.0,"MOTOR VEHICLE STRUCK PEDALCYCLIST, FRONT END AT ANGLE",,0,Clear or Partly Cloudy,Dry,Daylight,,,45,Vehicle - Pedalcyclist,0,N,Washington,47.692231428846256,-122.32436529997324
Intersection,GALER ST AND WESTLAKE S AVE N,2,Injury Collision,Cycles,2,0,1,1,1,0,0,2008-09-29T00:00:00.000Z,9/29/2008 4:15:00 PM,At Intersection (intersection related),18.0,"MOTOR VEHICLE STRUCK PEDALCYCLIST, FRONT END AT ANGLE",,0,Clear or Partly Cloudy,Dry,Daylight,,,45,Vehicle - Pedalcyclist,574140,N,Washington,47.63227123305894,-122.34095387191714
Block,NE NORTHGATE WAY BETWEEN 5TH AVE NE AND 8TH AVE NE,2,Injury Collision,Cycles,2,0,1,1,1,0,0,2008-07-31T00:00:00.000Z,7/31/2008 7:45:00 AM,Driveway Junction,18.0,"MOTOR VEHICLE STRUCK PEDALCYCLIST, FRONT END AT ANGLE",,0,Clear or Partly Cloudy,Dry,Daylight,Y,Y,45,Vehicle - Pedalcyclist,0,N,Washington,47.70858579309433,-122.32192040625559
Block,S SPOKANE SR ST BETWEEN COLORADO AVE S AND 1ST AV S OFF RP,1,Property Damage Only Collision,Cycles,2,0,1,1,0,0,0,2008-04-09T00:00:00.000Z,4/9/2008,Mid-Block (not related to intersection),23.0,"MOTOR VEHICLE STRUCK PEDALCYCLIST, LEFT SIDE SIDESWIPE",Y,0,Clear or Partly Cloudy,Dry,Daylight,,,45,Vehicle - Pedalcyclist,0,N,Washington,47.57138664235426,-122.33555421649295
Block,YESLER WAY BETWEEN JAMES ST AND OCCIDENTAL AVE S,2,Injury Collision,Cycles,2,0,1,1,1,0,0,2008-10-25T00:00:00.000Z,10/25/2008 1:45:00 AM,Driveway Junction,18.0,"MOTOR VEHICLE STRUCK PEDALCYCLIST, FRONT END AT ANGLE",,0,Clear or Partly Cloudy,Dry,Dark - Street Lights On,,,45,Vehicle - Pedalcyclist,0,N,Washington,47.60172114898915,-122.3333882871011
Intersection,PHINNEY TURN RD AND N 46TH ST,2,Injury Collision,Cycles,3,0,1,1,1,0,0,2008-02-24T00:00:00.000Z,2/24/2008 2:07:00 PM,At Intersection (intersection related),18.0,"MOTOR VEHICLE STRUCK PEDALCYCLIST, FRONT END AT ANGLE",,0,Clear or Partly Cloudy,Dry,Daylight,,,45,Vehicle - Pedalcyclist,0,N,Washington,47.6620751841171,-122.34751763936676
Intersection,AURORA AVE N AND N 94TH ST,1,Property Damage Only Collision,Cycles,2,0,1,1,0,0,0,2008-01-16T00:00:00.000Z,1/16/2008 12:02:00 PM,At Intersection (intersection related),51.0,PEDALCYCLIST STRUCK MOTOR VEHICLE FRONT END AT ANGLE,,0,Clear or Partly Cloudy,Dry,Daylight,,,45,Vehicle - Pedalcyclist,0,N,Washington,47.69708410048683,-122.3445994151498
Intersection,HOWELL ST AND YALE AVE,2,Injury Collision,Cycles,2,0,1,1,1,0,0,2008-06-15T00:00:00.000Z,6/15/2008 4:14:00 PM,At Intersection (intersection related),18.0,"MOTOR VEHICLE STRUCK PEDALCYCLIST, FRONT END AT ANGLE",,0,Clear or Partly Cloudy,Dry,Daylight,Y,,45,Vehicle - Pedalcyclist,524028,N,Washington,47.617504618104384,-122.32969878959469
Intersection,3RD AVE NW AND LEARY WAY NW,2,Injury Collision,Cycles,2,0,1,1,1,0,0,2008-05-27T00:00:00.000Z,5/27/2008 6:03:00 PM,At Intersection (intersection related),51.0,PEDALCYCLIST STRUCK MOTOR VEHICLE FRONT END AT ANGLE,Y,0,Clear or Partly Cloudy,Dry,Daylight,Y,,45,Vehicle - Pedalcyclist,0,N,Washington,47.65493809296035,-122.36083128782411
Intersection,30TH AVE NE AND NE 85TH ST,2,Injury Collision,Cycles,2,0,1,1,1,0,0,2008-06-25T00:00:00.000Z,6/25/2008 5:34:00 PM,At Intersection (intersection related),51.0,PEDALCYCLIST STRUCK MOTOR VEHICLE FRONT END AT ANGLE,,0,Clear or Partly Cloudy,Dry,Daylight,Y,,45,Vehicle - Pedalcyclist,0,N,Washington,47.6902344304323,-122.29602229463717
Intersection,EASTLAKE AVE E AND FUHRMAN AVE E,2,Injury Collision,Cycles,2,0,1,1,1,0,0,2008-05-09T00:00:00.000Z,5/9/2008,At Intersection (intersection related),18.0,"MOTOR VEHICLE STRUCK PEDALCYCLIST, FRONT END AT ANGLE",,0,Overcast,Dry,Daylight,Y,,45,Vehicle - Pedalcyclist,0,N,Washington,47.65157827163786,-122.32127525687477
Block,ALASKAN WAY BETWEEN UNIVERSITY ST AND UNION ST,2b,Serious Injury Collision,Cycles,3,0,1,1,1,1,0,2008-08-06T00:00:00.000Z,8/6/2008,Mid-Block (not related to intersection),55.0,PEDALCYCLIST STRUCK MOTOR VEHICLE RIGHT SIDE SIDESWIPE,,0,Clear or Partly Cloudy,Dry,Daylight,,,45,Vehicle - Pedalcyclist,0,N,Washington,47.60640582032722,-122.34087258975242
Block,2ND AVE BETWEEN CHERRY ST AND COLUMBIA ST,2,Injury Collision,Cycles,1,0,1,0,1,0,0,2008-08-20T00:00:00.000Z,8/20/2008 10:00:00 AM,Mid-Block (not related to intersection),69.0,PEDALCYCLIST OVERTURNED IN ROAD,,0,Clear or Partly Cloudy,Dry,Daylight,,,45,Vehicle - Pedalcyclist,0,N,Washington,47.603374920133255,-122.33349737180176
Block,RAINIER AVE S BETWEEN S BAYVIEW ST AND S MCCLELLAN ST,1,Property Damage Only Collision,Cycles,2,0,1,1,0,0,0,2008-12-15T00:00:00.000Z,12/15/2008 5:20:00 PM,Mid-Block (but intersection related),18.0,"MOTOR VEHICLE STRUCK PEDALCYCLIST, FRONT END AT ANGLE",,0,Unknown,Unknown,Unknown,,,45,Vehicle - Pedalcyclist,0,N,Washington,47.57967346285829,-122.29915965981644
Block,NW BALLARD WAY BETWEEN 14TH AVE NW AND BALLARD BR OFF RP,2,Injury Collision,Cycles,2,0,1,1,1,0,0,2008-08-21T00:00:00.000Z,8/21/2008 8:40:00 PM,Mid-Block (not related to intersection),18.0,"MOTOR VEHICLE STRUCK PEDALCYCLIST, FRONT END AT ANGLE",,0,Clear or Partly Cloudy,Dry,Dark - No Street Lights,,,45,Vehicle - Pedalcyclist,0,N,Washington,47.66293189728241,-122.37485486982415
Block,NW MARKET ST BETWEEN NW 54TH ST AND 30TH AVE NW,1,Property Damage Only Collision,Cycles,3,0,1,1,0,0,0,2008-06-13T00:00:00.000Z,6/13/2008 7:16:00 PM,Driveway Junction,51.0,PEDALCYCLIST STRUCK MOTOR VEHICLE FRONT END AT ANGLE,,0,Clear or Partly Cloudy,Dry,Dawn,,,45,Vehicle - Pedalcyclist,0,N,Washington,47.66864556747488,-122.39507431434043