addrtype,location,severitycode,severitydesc,collisiontype,personcount,pedcount,pedcylcount,vehcount,injuries,seriousinjuries,fatalities,incdate,incdttm,junctiontype,sdot_colcode,sdot_coldesc,inattentionind,underinfl,weather,roadcond,lightcond,pedrownotgrnt,speeding,st_colcode,st_coldesc,crosswalkkey,hitparkedcar,state,latitude,longitude
Intersection,EASTLAKE AVE E AND FUHRMAN AVE E,2,Injury Collision,Cycles,2,0,1,1,1,0,0,2008-09-12T00:00:00.000Z,9/12/2008 5:36:00 PM,At Intersection (intersection related),51.0,PEDALCYCLIST STRUCK MOTOR VEHICLE FRONT END AT ANGLE,,0,Clear or Partly Cloudy,Dry,Daylight,Y,,45,Vehicle - Pedalcyclist,0,N,Washington,47.65157827163786,-122.32127525687477
Block,24TH AVE NW BETWEEN NW 56TH ST AND NW 57TH ST,2,Injury Collision,Cycles,3,0,1,1,1,0,0,2008-02-26T00:00:00.000Z,2/26/2008 4:51:00 PM,Mid-Block (not related to intersection),51.0,PEDALCYCLIST STRUCK MOTOR VEHICLE FRONT END AT ANGLE,,0,Clear or Partly Cloudy,Dry,Dusk,Y,,45,Vehicle - Pedalcyclist,0,N,Washington,47.66982111258678,-122.38758729863987
Intersection,WALLINGFORD AVE N AND EAST GREEN LAKE DR N,2,Injury Collision,Cycles,2,0,1,1,1,0,0,2008-08-15T00:00:00.000Z,8/15/2008 4:58:00 PM,At Intersection (intersection related),18.0,"MOTOR VEHICLE STRUCK PEDALCYCLIST, FRONT END AT ANGLE",Y,0,Clear or Partly Cloudy,Dry,Daylight,Y,,45,Vehicle - Pedalcyclist,0,N,Washington,47.685612449879095,-122.33676544000562
Intersection,11TH AVE E AND E JOHN ST,2,Injury Collision,Cycles,3,0,1,1,1,0,0,2008-06-30T00:00:00.000Z,6/30/2008 1:09:00 AM,At Intersection (intersection related),18.0,"MOTOR VEHICLE STRUCK PEDALCYCLIST, FRONT END AT ANGLE",,1,Clear or Partly Cloudy,Dry,Dark - Street Lights On,Y,,45,Vehicle - Pedalcyclist,0,N,Washington,47.6199271844004,-122.31823392580662
Intersection,24TH AVE NW AND NW 60TH ST,1,Property Damage Only Collision,Cycles,2,0,1,1,0,0,0,2008-06-19T00:00:00.000Z,6/19/2008 7:47:00 PM,At Intersection (intersection related),51.0,PEDALCYCLIST STRUCK MOTOR VEHICLE FRONT END AT ANGLE,,0,Clear or Partly Cloudy,Dry,Dusk,Y,,45,Vehicle - Pedalcyclist,0,N,Washington,47.67237398457166,-122.38758712095945
Block,BEACON AVE S BETWEEN S STEVENS ST AND S HANFORD ST,2,Injury Collision,Cycles,2,0,1,1,1,0,0,2008-09-23T00:00:00.000Z,9/23/2008 11:18:00 AM,Mid-Block (not related to intersection),56.0,PEDALCYCLIST STRUCK MOTOR VEHICLE LEFT SIDE SIDESWIPE,,0,Clear or Partly Cloudy,Dry,Daylight,,,45,Vehicle - Pedalcyclist,0,N,Washington,47.576073543018104,-122.30951713462116
Intersection,4TH AVE S AND S ROYAL BROUGHAM WAY,3,Fatality Collision,Cycles,2,0,1,1,0,0,1,2008-10-01T00:00:00.000Z,10/1/2008,At Intersection (intersection related),18.0,"MOTOR VEHICLE STRUCK PEDALCYCLIST, FRONT END AT ANGLE",,0,Clear or Partly Cloudy,Dry,Dark - Street Lights On,,,45,Vehicle - Pedalcyclist,0,N,Washington,47.59239438319531,-122.3290487435002
Intersection,LAKE WASHINGTON BLVD E AND MCGILVRA BLVD E,2,Injury Collision,Cycles,2,0,1,1,1,0,0,2008-05-25T00:00:00.000Z,5/25/2008 4:51:00 PM,At Intersection (intersection related),18.0,"MOTOR VEHICLE STRUCK PEDALCYCLIST, FRONT END AT ANGLE",,0,Clear or Partly Cloudy,Dry,Daylight,Y,,45,Vehicle - Pedalcyclist,0,N,Washington,47.62124412948654,-122.28307237505106
Block,DAYTON AVE N BETWEEN N 67TH ST AND N 68TH ST,2,Injury Collision,Cycles,2,0,1,1,1,0,0,2008-10-29T00:00:00.000Z,10/29/2008 7:10:00 AM,Mid-Block (but intersection related),14.0,"MOTOR VEHICLE STRUCK MOTOR VEHICLE, REAR END",,0,Clear or Partly Cloudy,Dry,Dawn,,,45,Vehicle - Pedalcyclist,0,N,Washington,47.678268978534966,-122.35260895173016
Intersection,2ND AVE AND UNIVERSITY ST,2,Injury Collision,Cycles,2,0,1,1,1,0,0,2008-07-01T00:00:00.000Z,7/1/2008,At Intersection (intersection related),18.0,"MOTOR VEHICLE STRUCK PEDALCYCLIST, FRONT END AT ANGLE",,0,Clear or Partly Cloudy,Dry,Daylight,Y,,45,Vehicle - Pedalcyclist,0,N,Washington,47.60729905819726,-122.33708679815666
Block,LAKEVIEW BLVD E BETWEEN E GARFIELD ST AND HARVARD AVE E,1,Property Damage Only Collision,Cycles,2,0,1,1,0,0,0,2008-05-05T00:00:00.000Z,5/5/2008,Mid-Block (but intersection related),23.0,"MOTOR VEHICLE STRUCK PEDALCYCLIST, LEFT SIDE SIDESWIPE",,0,Clear or Partly Cloudy,Dry,Daylight,,,45,Vehicle - Pedalcyclist,0,N,Washington,47.63520625511273,-122.3223942810633
Intersection,M L KING JR WAY E AND E MADISON ST,2,Injury Collision,Cycles,2,0,1,1,1,0,0,2008-06-13T00:00:00.000Z,6/13/2008 6:54:00 PM,At Intersection (intersection related),18.0,"MOTOR VEHICLE STRUCK PEDALCYCLIST, FRONT END AT ANGLE",Y,0,Clear or Partly Cloudy,Dry,Dusk,,,45,Vehicle - Pedalcyclist,524071,N,Washington,47.623317237193845,-122.296424105437
Intersection,5TH AVE S AND S MAIN ST,2,Injury Collision,Cycles,2,0,1,1,1,0,0,2008-07-15T00:00:00.000Z,7/15/2008 8:30:00 AM,At Intersection (intersection related),51.0,PEDALCYCLIST STRUCK MOTOR VEHICLE FRONT END AT ANGLE,,0,Clear or Partly Cloudy,Dry,Daylight,,,45,Vehicle - Pedalcyclist,0,N,Washington,47.60003407589182,-122.32766333402573
Block,EAST GREEN LAKE DR N BETWEEN WALLINGFORD AVE N AND GREEN LAKE DR N,2,Injury Collision,Cycles,2,0,1,1,1,0,0,2008-09-26T00:00:00.000Z,9/26/2008 4:44:00 PM,Mid-Block (but intersection related),23.0,"MOTOR VEHICLE STRUCK PEDALCYCLIST, LEFT SIDE SIDESWIPE",,0,Clear or Partly Cloudy,Dry,Daylight,Y,,45,Vehicle - Pedalcyclist,0,N,Washington,47.685667196959784,-122.33727494885444
Block,BROADWAY E BETWEEN E THOMAS ST AND E HARRISON ST,2,Injury Collision,Cycles,1,0,1,0,1,0,0,2008-03-24T00:00:00.000Z,3/24/2008 12:07:00 PM,Mid-Block (but intersection related),69.0,PEDALCYCLIST OVERTURNED IN ROAD,,0,Clear or Partly Cloudy,Dry,Daylight,,,45,Vehicle - Pedalcyclist,0,N,Washington,47.62153060579978,-122.3208989040678
Block,35TH AVE NE BETWEEN NE 100TH ST AND NE 103RD ST,2b,Serious Injury Collision,Cycles,1,0,1,0,1,1,0,2008-10-04T00:00:00.000Z,10/4/2008,Mid-Block (not related to intersection),69.0,PEDALCYCLIST OVERTURNED IN ROAD,,0,Clear or Partly Cloudy,Dry,Dark - Street Lights On,,Y,45,Vehicle - Pedalcyclist,0,N,Washington,47.702084341330526,-122.29074800986722
Intersection,BROADWAY E AND E OLIVE WAY,2,Injury Collision,Cycles,2,0,1,1,1,0,0,2008-09-14T00:00:00.000Z,9/14/2008 3:39:00 PM,At Intersection (intersection related),18.0,"MOTOR VEHICLE STRUCK PEDALCYCLIST, FRONT END AT ANGLE",,0,Clear or Partly Cloudy,Dry,Daylight,,,45,Vehicle - Pedalcyclist,0,N,Washington,47.61990774686424,-122.32087289209669
Intersection,37TH AVE NE AND NE 55TH ST,2b,Serious Injury Collision,Cycles,2,0,1,1,1,1,0,2008-11-24T00:00:00.000Z,11/24/2008 2:05:00 PM,At Intersection (intersection related),51.0,PEDALCYCLIST STRUCK MOTOR VEHICLE FRONT END AT ANGLE,,0,Clear or Partly Cloudy,Dry,Daylight,,,45,Vehicle - Pedalcyclist,0,N,Washington,47.66851081161026,-122.28796843006472
Block,SW SPOKANE BR BETWEEN SW SPOKANE E ST AND SW SPOKANE W ST,2,Injury Collision,Cycles,2,1,1,0,2,0,0,2008-09-09T00:00:00.000Z,9/9/2008,Mid-Block (not related to intersection),64.0,PEDALCYCLIST STRUCK PEDESTRIAN,,0,Unknown,Dry,Dark - Street Lights On,,,45,Vehicle - Pedalcyclist,0,N,Washington,47.571378203561366,-122.35356018709115
Block,W NICKERSON ST BETWEEN 8TH AVE W AND XW JESSE AVE W,1,Property Damage Only Collision,Cycles,2,0,1,1,0,0,0,2008-05-23T00:00:00.000Z,5/23/2008 5:00:00 PM,Mid-Block (not related to intersection),23.0,"MOTOR VEHICLE STRUCK PEDALCYCLIST, LEFT SIDE SIDESWIPE",,0,Clear or Partly Cloudy,Unknown,Daylight,Y,,45,Vehicle - Pedalcyclist,0,N,Washington,47.653064272761995,-122.36872419387927
Intersection,BOYLSTON AVE AND E DENNY WAY,2,Injury Collision,Cycles,3,0,1,1,1,0,0,2008-10-31T00:00:00.000Z,10/31/2008 12:20:00 PM,At Intersection (intersection related),18.0,"MOTOR VEHICLE STRUCK PEDALCYCLIST, FRONT END AT ANGLE",,0,Raining,Wet,Daylight,Y,,45,Vehicle - Pedalcyclist,0,N,Washington,47.61853533090221,-122.32345862825615
Block,E JEFFERSON ST BETWEEN 11TH AVE AND 12TH AVE,2,Injury Collision,Cycles,2,0,1,1,1,0,0,2008-08-02T00:00:00.000Z,8/2/2008,Driveway Junction,51.0,PEDALCYCLIST STRUCK MOTOR VEHICLE FRONT END AT ANGLE,,0,Clear or Partly Cloudy,Dry,Daylight,Y,,45,Vehicle - Pedalcyclist,0,N,Washington,47.606204501443436,-122.31744752878497
Intersection,5TH AVE AND PIKE ST,2,Injury Collision,Cycles,2,1,1,0,2,0,0,2008-04-10T00:00:00.000Z,4/10/2008 6:20:00 PM,At Intersection (intersection related),64.0,PEDALCYCLIST STRUCK PEDESTRIAN,,0,Raining,Dry,Daylight,,,45,Vehicle - Pedalcyclist,523699,N,Washington,47.61067790284203,-122.33557402523344
Intersection,S ALASKA ST AND S COLUMBIAN WAY,2,Injury Collision,Cycles,1,0,1,0,1,0,0,2008-09-17T00:00:00.000Z,9/17/2008 4:46:00 PM,At Intersection (intersection related),69.0,PEDALCYCLIST OVERTURNED IN ROAD,,0,Clear or Partly Cloudy,Dry,Daylight,,Y,45,Vehicle - Pedalcyclist,0,N,Washington,47.56163728330821,-122.29728310231931
Block,DEXTER AVE N BETWEEN WARD ST AND PROSPECT ST,2,Injury Collision,Cycles,2,0,1,1,1,0,0,2008-12-04T00:00:00.000Z,12/4/2008,Mid-Block (not related to intersection),23.0,"MOTOR VEHICLE STRUCK PEDALCYCLIST, LEFT SIDE SIDESWIPE",,0,Clear or Partly Cloudy,Dry,Dusk,,,45,Vehicle - Pedalcyclist,0,N,Washington,,
Intersection,STONE WAY N AND N 39TH ST,2,Injury Collision,Cycles,2,0,1,1,1,0,0,2008-06-08T00:00:00.000Z,6/8/2008,At Intersection (intersection related),18.0,"MOTOR VEHICLE STRUCK PEDALCYCLIST, FRONT END AT ANGLE",,0,Clear or Partly Cloudy,Dry,Daylight,Y,,45,Vehicle - Pedalcyclist,0,N,Washington,47.65412009316235,-122.34250125821244
Intersection,BROOKLYN AVE NE AND NE CAMPUS WB PY,2,Injury Collision,Cycles,2,0,1,1,1,0,0,2008-04-22T00:00:00.000Z,4/22/2008 1:15:00 PM,At Intersection (intersection related),18.0,"MOTOR VEHICLE STRUCK PEDALCYCLIST, FRONT END AT ANGLE",,0,Unknown,Unknown,Unknown,Y,,45,Vehicle - Pedalcyclist,0,N,Washington,47.65622544551209,-122.31441858983412
Intersection,19TH AVE E AND E THOMAS ST,2,Injury Collision,Cycles,2,0,1,1,1,0,0,2008-01-11T00:00:00.000Z,1/11/2008 10:02:00 AM,At Intersection (intersection related),51.0,PEDALCYCLIST STRUCK MOTOR VEHICLE FRONT END AT ANGLE,,0,Clear or Partly Cloudy,Wet,Daylight,,,45,Vehicle - Pedalcyclist,0,N,Washington,47.6204872792763,-122.30735048632809
Intersection,EASTLAKE AVE E AND FUHRMAN AVE E,2,Injury Collision,Cycles,2,0,1,1,1,0,0,2008-06-27T00:00:00.000Z,6/27/2008 12:47:00 PM,At Intersection (intersection related),51.0,PEDALCYCLIST STRUCK MOTOR VEHICLE FRONT END AT ANGLE,,0,Clear or Partly Cloudy,Dry,Daylight,Y,,45,Vehicle - Pedalcyclist,0,N,Washington,47.65157827163786,-122.32127525687477
Intersection,10TH AVE E AND E JOHN ST,2,Injury Collision,Cycles,2,0,1,1,1,0,0,2008-05-31T00:00:00.000Z,5/31/2008 1:00:00 PM,At Intersection (intersection related),18.0,"MOTOR VEHICLE STRUCK PEDALCYCLIST, FRONT END AT ANGLE",,0,Unknown,Dry,Daylight,,,45,Vehicle - Pedalcyclist,0,N,Washington,47.61991719995634,-122.31953929246687
Intersection,ROOSEVELT WAY NE AND NE 68TH ST,2,Injury Collision,Cycles,2,0,1,1,1,0,0,2008-06-17T00:00:00.000Z,6/17/2008 6:57:00 AM,At Intersection (intersection related),51.0,PEDALCYCLIST STRUCK MOTOR VEHICLE FRONT END AT ANGLE,,0,Raining,Wet,Daylight,Y,,45,Vehicle - Pedalcyclist,0,N,Washington,47.678012421058405,-122.31739331760281
Intersection,LATONA AVE NE AND NE 45TH ST,2,Injury Collision,Cycles,2,0,1,1,1,0,0,2008-08-28T00:00:00.000Z,8/28/2008 3:00:00 PM,At Intersection (intersection related),18.0,"MOTOR VEHICLE STRUCK PEDALCYCLIST, FRONT END AT ANGLE",,0,Overcast,Dry,Daylight,,,45,Vehicle - Pedalcyclist,523674,N,Washington,47.66134408729115,-122.32510772930044
Intersection,7TH AVE S AND S LUCILE ST,2b,Serious Injury Collision,Cycles,2,0,1,1,1,1,0,2008-08-22T00:00:00.000Z,8/22/2008 4:43:00 PM,At Intersection (intersection related),51.0,PEDALCYCLIST STRUCK MOTOR VEHICLE FRONT END AT ANGLE,,0,Clear or Partly Cloudy,Dry,Daylight,,,45,Vehicle - Pedalcyclist,0,N,Washington,47.55336811633481,-122.32390855567337
Block,HARBOR AVE SW BETWEEN SW MARYLAND PL AND CALIFORNIA WAY SW,2,Injury Collision,Cycles,2,0,1,1,1,0,0,2008-11-07T00:00:00.000Z,11/7/2008,Mid-Block (not related to intersection),23.0,"MOTOR VEHICLE STRUCK PEDALCYCLIST, LEFT SIDE SIDESWIPE",,1,Raining,Wet,Dark - Street Lights On,,,45,Vehicle - Pedalcyclist,0,N,Washington,47.59131555343195,-122.38237552698149
Block,12TH AVE E BETWEEN E HARRISON ST AND E REPUBLICAN ST,2,Injury Collision,Cycles,2,0,1,1,1,0,0,2008-10-12T00:00:00.000Z,10/12/2008 12:59:00 AM,Mid-Block (but intersection related),56.0,PEDALCYCLIST STRUCK MOTOR VEHICLE LEFT SIDE SIDESWIPE,,1,Clear or Partly Cloudy,Dry,Dark - Street Lights On,,,45,Vehicle - Pedalcyclist,0,N,Washington,47.62253860608502,-122.31676389708252
Intersection,15TH AVE NE AND NE 42ND ST,2,Injury Collision,Cycles,2,0,1,1,1,0,0,2008-02-12T00:00:00.000Z,2/12/2008 8:31:00 PM,At Intersection (intersection related),18.0,"MOTOR VEHICLE STRUCK PEDALCYCLIST, FRONT END AT ANGLE",,0,Overcast,Dry,Dark - Street Lights On,,,45,Vehicle - Pedalcyclist,520845,N,Washington,47.65830145744997,-122.31207124969072
Block,EASTLAKE AVE E BETWEEN E SHELBY ST AND E ALLISON ST,2,Injury Collision,Cycles,2,0,1,1,1,0,0,2008-06-10T00:00:00.000Z,6/10/2008 3:20:00 PM,Mid-Block (not related to intersection),51.0,PEDALCYCLIST STRUCK MOTOR VEHICLE FRONT END AT ANGLE,,0,Overcast,Dry,Daylight,,,45,Vehicle - Pedalcyclist,0,N,Washington,47.648083037810366,-122.32397810356797
Intersection,1ST AVE AND PIKE ST,2,Injury Collision,Cycles,2,0,1,1,1,0,0,2008-11-18T00:00:00.000Z,11/18/2008 9:10:00 PM,At Intersection (intersection related),51.0,PEDALCYCLIST STRUCK MOTOR VEHICLE FRONT END AT ANGLE,,0,Clear or Partly Cloudy,Dry,Dark - Street Lights On,Y,,45,Vehicle - Pedalcyclist,0,N,Washington,47.60882096003468,-122.34001342746024
Block,SW BARTON ST BETWEEN 16TH AVE SW AND 17TH AVE SW,2,Injury Collision,Cycles,2,0,1,1,1,0,0,2008-11-21T00:00:00.000Z,11/21/2008 4:38:00 PM,Driveway Junction,51.0,PEDALCYCLIST STRUCK MOTOR VEHICLE FRONT END AT ANGLE,,0,Overcast,Dry,Dark - Street Lights On,,,45,Vehicle - Pedalcyclist,0,N,Washington,47.521032404152244,-122.35579514788824
Block,24TH AVE NW BETWEEN NW 61ST ST AND NW 62ND ST,2,Injury Collision,Cycles,2,0,1,1,1,0,0,2008-09-15T00:00:00.000Z,9/15/2008 8:48:00 AM,Driveway Junction,18.0,"MOTOR VEHICLE STRUCK PEDALCYCLIST, FRONT END AT ANGLE",,0,Clear or Partly Cloudy,Dry,Daylight,Y,,45,Vehicle - Pedalcyclist,0,N,Washington,47.673465715154066,-122.3875861085976
Intersection,QUEEN ANNE AVE N AND W ROY ST,2,Injury Collision,Cycles,2,0,1,1,1,0,0,2008-09-17T00:00:00.000Z,9/17/2008 9:46:00 PM,At Intersection (intersection related),18.0,"MOTOR VEHICLE STRUCK PEDALCYCLIST, FRONT END AT ANGLE",,0,Clear or Partly Cloudy,Dry,Dark - Street Lights On,Y,,45,Vehicle - Pedalcyclist,0,N,Washington,47.6257143529288,-122.35670368134664
Block,M L KING JR WAY S BETWEEN S PLUM ST AND S HILL ST,1,Property Damage Only Collision,Cycles,2,0,1,1,0,0,0,2008-09-17T00:00:00.000Z,9/17/2008 7:25:00 AM,Mid-Block (not related to intersection),21.0,"MOTOR VEHICLE STRUCK PEDALCYCLIST, REAR END",Y,0,Clear or Partly Cloudy,Dry,Daylight,,,45,Vehicle - Pedalcyclist,0,N,Washington,47.58498800110801,-122.29813430456613
Block,45TH AVE S BETWEEN S CLOVERDALE ST AND S TRENTON ST,2,Injury Collision,Cycles,2,0,1,1,1,0,0,2008-09-11T00:00:00.000Z,9/11/2008 5:57:00 PM,Mid-Block (but intersection related),21.0,"MOTOR VEHICLE STRUCK PEDALCYCLIST, REAR END",,0,Clear or Partly Cloudy,Dry,Daylight,Y,,45,Vehicle - Pedalcyclist,0,N,Washington,47.52518743174516,-122.27584423185377
Block,MERIDIAN AVE N BETWEEN N 107TH ST AND N NORTHGATE WAY,2,Injury Collision,Cycles,2,0,1,1,1,0,0,2008-10-20T00:00:00.000Z,10/20/2008 12:22:00 PM,Driveway Junction,18.0,"MOTOR VEHICLE STRUCK PEDALCYCLIST, FRONT END AT ANGLE",,0,Raining,Wet,Daylight,Y,,45,Vehicle - Pedalcyclist,0,N,Washington,47.707755272014744,-122.33397718468416
Intersection,DAYTON AVE N AND N 80TH ST,2,Injury Collision,Cycles,2,0,1,1,1,0,0,2008-11-26T00:00:00.000Z,11/26/2008 1:00:00 PM,At Intersection (intersection related),51.0,PEDALCYCLIST STRUCK MOTOR VEHICLE FRONT END AT ANGLE,,0,Clear or Partly Cloudy,Dry,Daylight,,,45,Vehicle - Pedalcyclist,0,N,Washington,47.68694052607285,-122.35260008871576
Block,RAINIER AVE S BETWEEN S COLLEGE S ST AND 25TH AVE S,2,Injury Collision,Cycles,2,0,1,1,1,0,0,2008-11-21T00:00:00.000Z,11/21/2008 7:21:00 PM,Mid-Block (not related to intersection),21.0,"MOTOR VEHICLE STRUCK PEDALCYCLIST, REAR END",,0,Raining,Wet,Dark - Street Lights On,Y,,45,Vehicle - Pedalcyclist,0,N,Washington,47.58200385101658,-122.30093805652231
Block,NE 40TH ST BETWEEN 7TH AVE NE AND UNIVERSITY BR OFF RP,2,Injury Collision,Cycles,2,0,1,1,1,0,0,2008-08-26T00:00:00.000Z,8/26/2008 6:01:00 PM,Mid-Block (not related to intersection),18.0,"MOTOR VEHICLE STRUCK PEDALCYCLIST, FRONT END AT ANGLE",Y,0,Clear or Partly Cloudy,Dry,Daylight,,,45,Vehicle - Pedalcyclist,0,N,Washington,47.65552427770179,-122.31914655244414
Intersection,BURKE GILMAN TRL AND NW 42ND ST,2,Injury Collision,Cycles,2,0,1,1,1,0,0,2008-08-25T00:00:00.000Z,8/25/2008 6:08:00 PM,At Intersection (intersection related),18.0,"MOTOR VEHICLE STRUCK PEDALCYCLIST, FRONT END AT ANGLE",,0,Raining,Wet,Dusk,Y,,45,Vehicle - Pedalcyclist,525276,N,Washington,47.657756180947025,-122.36474763126392
Block,DEXTER AVE N BETWEEN HALLADAY ST AND 4TH S AVE N,2,Injury Collision,Cycles,3,0,1,2,1,0,0,2008-08-10T00:00:00.000Z,8/10/2008 12:30:00 PM,Mid-Block (not related to intersection),21.0,"MOTOR VEHICLE STRUCK PEDALCYCLIST, REAR END",,0,Clear or Partly Cloudy,Dry,Daylight,Y,,45,Vehicle - Pedalcyclist,0,N,Washington,47.644265702903716,-122.34665163372641
Intersection,CALIFORNIA AVE SW AND SW ADMIRAL WAY,2,Injury Collision,Cycles,3,0,1,1,1,0,0,2008-08-13T00:00:00.000Z,8/13/2008 1:49:00 PM,At Intersection (intersection related),18.0,"MOTOR VEHICLE STRUCK PEDALCYCLIST, FRONT END AT ANGLE",,0,Clear or Partly Cloudy,Dry,Daylight,,,45,Vehicle - Pedalcyclist,522655,N,Washington,47.581195342089025,-122.38654575542449
Block,PHINNEY AVE N BETWEEN N 56TH ST AND N 58TH ST,2,Injury Collision,Cycles,2,0,1,1,1,0,0,2008-09-03T00:00:00.000Z,9/3/2008,Mid-Block (but intersection related),23.0,"MOTOR VEHICLE STRUCK PEDALCYCLIST, LEFT SIDE SIDESWIPE",,0,Clear or Partly Cloudy,Dry,Daylight,,,45,Vehicle - Pedalcyclist,0,N,Washington,47.670471583065826,-122.35439478100649
Block,17TH AVE SW BETWEEN SW GRAHAM ST AND DEAD END 4,2,Injury Collision,Cycles,2,0,1,1,1,0,0,2008-05-24T00:00:00.000Z,5/24/2008 5:01:00 PM,Mid-Block (not related to intersection),51.0,PEDALCYCLIST STRUCK MOTOR VEHICLE FRONT END AT ANGLE,,0,Clear or Partly Cloudy,Dry,Daylight,,Y,45,Vehicle - Pedalcyclist,0,N,Washington,47.54583754432626,-122.356008556492
Block,E OLIVE ST BETWEEN 16TH AVE AND 17TH AVE,2,Injury Collision,Cycles,2,0,1,1,1,0,0,2008-10-08T00:00:00.000Z,10/8/2008,Mid-Block (not related to intersection),18.0,"MOTOR VEHICLE STRUCK PEDALCYCLIST, FRONT END AT ANGLE",,0,Clear or Partly Cloudy,Dry,Daylight,,,45,Vehicle - Pedalcyclist,0,N,Washington,47.616444403216704,-122.31080530199235
Block,43RD AVE S BETWEEN LAKE WASHINGTON BLVD S AND S BRADFORD ST TRL,2b,Serious Injury Collision,Cycles,2,0,1,1,1,1,0,2008-04-17T00:00:00.000Z,4/17/2008 7:50:00 AM,Mid-Block (but intersection related),21.0,"MOTOR VEHICLE STRUCK PEDALCYCLIST, REAR END",Y,0,Clear or Partly Cloudy,Dry,Daylight,Y,,45,Vehicle - Pedalcyclist,0,N,Washington,47.56946749635086,-122.27954402758678
Block,12TH AVE BETWEEN E MADISON ST AND E PIKE ST,2,Injury Collision,Cycles,2,0,1,1,1,0,0,2008-10-13T00:00:00.000Z,10/13/2008 5:26:00 PM,Mid-Block (not related to intersection),51.0,PEDALCYCLIST STRUCK MOTOR VEHICLE FRONT END AT ANGLE,,0,Clear or Partly Cloudy,Dry,Daylight,Y,,45,Vehicle - Pedalcyclist,0,N,Washington,47.61349513768653,-122.3167845041913
Intersection,3RD AVE AND YESLER WAY,2,Injury Collision,Cycles,2,0,1,1,1,0,0,2008-04-20T00:00:00.000Z,4/20/2008 10:28:00 PM,At Intersection (intersection related),18.0,"MOTOR VEHICLE STRUCK PEDALCYCLIST, FRONT END AT ANGLE",,0,Overcast,Dry,Dark - Street Lights On,Y,,45,Vehicle - Pedalcyclist,0,N,Washington,47.60171615634633,-122.33026479318455
Intersection,20TH AVE NE AND NE 61ST ST,2,Injury Collision,Cycles,2,0,1,1,1,0,0,2008-04-17T00:00:00.000Z,4/17/2008 9:44:00 AM,At Intersection (intersection related),18.0,"MOTOR VEHICLE STRUCK PEDALCYCLIST, FRONT END AT ANGLE",,0,Clear or Partly Cloudy,Dry,Daylight,,,45,Vehicle - Pedalcyclist,0,N,Washington,47.672622221360385,-122.30650942581835
Intersection,BROADWAY AND E PIKE ST,1,Property Damage Only Collision,Cycles,2,0,1,1,0,0,0,2008-05-21T00:00:00.000Z,5/21/2008 9:15:00 PM,At Intersection (intersection related),18.0,"MOTOR VEHICLE STRUCK PEDALCYCLIST, FRONT END AT ANGLE",,0,Overcast,Wet,Dark - Street Lights On,,,45,Vehicle - Pedalcyclist,522257,N,Washington,47.614075666770745,-122.32078036743833
Block,7TH AVE S BETWEEN S PLUMMER ST AND AIRPORT NB WAY S,2,Injury Collision,Cycles,2,0,1,1,1,0,0,2008-07-25T00:00:00.000Z,7/25/2008 4:25:00 PM,Driveway Junction,18.0,"MOTOR VEHICLE STRUCK PEDALCYCLIST, FRONT END AT ANGLE",,0,Clear or Partly Cloudy,Dry,Daylight,Y,,45,Vehicle - Pedalcyclist,0,N,Washington,47.59347648686103,-122.32377278270512
Block,BROADWAY E BETWEEN E OLIVE WAY AND E THOMAS ST,1,Property Damage Only Collision,Cycles,2,0,1,1,0,0,0,2008-08-21T00:00:00.000Z,8/21/2008 4:45:00 PM,Mid-Block (not related to intersection),18.0,"MOTOR VEHICLE STRUCK PEDALCYCLIST, FRONT END AT ANGLE",,0,Overcast,Unknown,Daylight,,Y,45,Vehicle - Pedalcyclist,0,N,Washington,47.620490441063716,-122.3208822586121
Intersection,DEXTER AVE N AND VALLEY ST,1,Property Damage Only Collision,Cycles,2,0,1,1,0,0,0,2008-06-11T00:00:00.000Z,6/11/2008 4:15:00 PM,At Intersection (intersection related),51.0,PEDALCYCLIST STRUCK MOTOR VEHICLE FRONT END AT ANGLE,,0,Clear or Partly Cloudy,Dry,Daylight,,,45,Vehicle - Pedalcyclist,0,N,Washington,47.626261483187186,-122.34233438592834
Block,EASTLAKE AVE E BETWEEN FAIRVIEW AVE N AND E GARFIELD ST,2,Injury Collision,Cycles,2,0,1,1,1,0,0,2008-11-12T00:00:00.000Z,11/12/2008 5:30:00 PM,Mid-Block (not related to intersection),18.0,"MOTOR VEHICLE STRUCK PEDALCYCLIST, FRONT END AT ANGLE",,0,Unknown,Dry,Dark - Street Lights On,,,45,Vehicle - Pedalcyclist,0,N,Washington,47.63305620768371,-122.32582946459524
Intersection,BOYLSTON AVE AND E PINE ST,2,Injury Collision,Cycles,2,0,1,1,1,0,0,2008-04-01T00:00:00.000Z,4/1/2008,At Intersection (intersection related),18.0,"MOTOR VEHICLE STRUCK PEDALCYCLIST, FRONT END AT ANGLE",,0,Clear or Partly Cloudy,Dry,Daylight,Y,,45,Vehicle - Pedalcyclist,0,N,Washington,47.61523114208018,-122.32341547054027