addrtype,location,severitycode,severitydesc,collisiontype,personcount,pedcount,pedcylcount,vehcount,injuries,seriousinjuries,fatalities,incdate,incdttm,junctiontype,sdot_colcode,sdot_coldesc,inattentionind,underinfl,weather,roadcond,lightcond,pedrownotgrnt,speeding,st_colcode,st_coldesc,crosswalkkey,hitparkedcar,state,latitude,longitude
Intersection,25TH AVE E AND E LYNN W ST,2,Injury Collision,Cycles,2,0,1,1,1,0,0,2008-10-09T00:00:00.000Z,10/9/2008,At Intersection (intersection related),51.0,PEDALCYCLIST STRUCK MOTOR VEHICLE FRONT END AT ANGLE,,0,Clear or Partly Cloudy,Dry,Daylight,Y,,45,Vehicle - Pedalcyclist,0,N,Washington,47.63952418117933,-122.30050053128677
Block,NICKERSON ST BETWEEN WARREN AVE N AND ETRURIA ST,2b,Serious Injury Collision,Cycles,2,0,1,1,1,1,0,2008-09-11T00:00:00.000Z,9/11/2008 11:25:00 PM,Mid-Block (not related to intersection),54.0,PEDALCYCLIST STRUCK MOTOR VEHICLE REAR END,Y,1,Clear or Partly Cloudy,Dry,Dark - Street Lights Off,,,45,Vehicle - Pedalcyclist,0,N,Washington,47.64804078417125,-122.35390973311577
Intersection,BELMONT AVE AND E PINE ST,1,Property Damage Only Collision,Cycles,2,0,1,1,0,0,0,2008-12-09T00:00:00.000Z,12/9/2008,At Intersection (intersection related),18.0,"MOTOR VEHICLE STRUCK PEDALCYCLIST, FRONT END AT ANGLE",,0,Clear or Partly Cloudy,Dry,Dark - Street Lights Off,Y,,45,Vehicle - Pedalcyclist,0,N,Washington,47.61522500481614,-122.32447263631508
Intersection,6TH AVE AND JEFFERSON ST,2,Injury Collision,Cycles,2,0,1,1,1,0,0,2008-12-10T00:00:00.000Z,12/10/2008 3:49:00 PM,At Intersection (intersection related),18.0,"MOTOR VEHICLE STRUCK PEDALCYCLIST, FRONT END AT ANGLE",,0,Overcast,Dry,Dusk,Y,,45,Vehicle - Pedalcyclist,0,N,Washington,47.603445806636095,-122.32742361221491
Block,ALDER ST BETWEEN DEAD END AND 9TH AVE,1,Property Damage Only Collision,Cycles,2,0,1,1,0,0,0,2008-05-22T00:00:00.000Z,5/22/2008 3:20:00 PM,Mid-Block (not related to intersection),51.0,PEDALCYCLIST STRUCK MOTOR VEHICLE FRONT END AT ANGLE,,0,Overcast,Dry,Daylight,,,45,Vehicle - Pedalcyclist,0,N,Washington,47.60310238006782,-122.32353827191076
Block,SW SPOKANE ST BETWEEN SW KLICKITAT SR WAY AND 11TH CR AVE SW,2b,Serious Injury Collision,Cycles,3,0,1,1,3,1,0,2008-05-12T00:00:00.000Z,5/12/2008 6:19:00 PM,Mid-Block (but intersection related),51.0,PEDALCYCLIST STRUCK MOTOR VEHICLE FRONT END AT ANGLE,,0,Clear or Partly Cloudy,Dry,Daylight,,,45,Vehicle - Pedalcyclist,0,N,Washington,47.571447155875084,-122.34758371997948
Intersection,7TH AVE AND WESTLAKE AVE,2,Injury Collision,Cycles,2,1,1,0,1,0,0,2008-11-19T00:00:00.000Z,11/19/2008 4:40:00 PM,At Intersection (intersection related),64.0,PEDALCYCLIST STRUCK PEDESTRIAN,,0,Clear or Partly Cloudy,Unknown,Daylight,Y,,45,Vehicle - Pedalcyclist,622404,N,Washington,47.61528336247898,-122.33783703384042
Intersection,AURORA AVE N AND N 90TH ST,2,Injury Collision,Cycles,2,0,1,1,1,0,0,2008-09-25T00:00:00.000Z,9/25/2008 5:39:00 PM,At Intersection (intersection related),51.0,PEDALCYCLIST STRUCK MOTOR VEHICLE FRONT END AT ANGLE,,0,Overcast,Dry,Dusk,Y,,45,Vehicle - Pedalcyclist,0,N,Washington,47.69418566991185,-122.34456497054224
Intersection,4TH AVE S AND S LANDER ST,2,Injury Collision,Cycles,2,0,1,1,1,0,0,2008-12-15T00:00:00.000Z,12/15/2008 3:43:00 PM,At Intersection (intersection related),18.0,"MOTOR VEHICLE STRUCK PEDALCYCLIST, FRONT END AT ANGLE",,0,Clear or Partly Cloudy,Dry,Daylight,Y,,45,Vehicle - Pedalcyclist,524930,N,Washington,47.57980945110732,-122.32905650500133
Intersection,ROOSEVELT WAY NE AND NE 50TH ST,2,Injury Collision,Cycles,3,0,1,1,1,0,0,2008-07-07T00:00:00.000Z,7/7/2008,At Intersection (intersection related),18.0,"MOTOR VEHICLE STRUCK PEDALCYCLIST, FRONT END AT ANGLE",,0,Clear or Partly Cloudy,Dry,Daylight,,,45,Vehicle - Pedalcyclist,0,N,Washington,47.66493734388379,-122.31740379073635
Intersection,11TH AVE NW AND NW 45TH ST,2,Injury Collision,Cycles,2,0,1,1,1,0,0,2008-11-24T00:00:00.000Z,11/24/2008 7:00:00 PM,At Intersection (intersection related),18.0,"MOTOR VEHICLE STRUCK PEDALCYCLIST, FRONT END AT ANGLE",,0,Clear or Partly Cloudy,Dry,Unknown,,,45,Vehicle - Pedalcyclist,0,N,Washington,47.66146941930195,-122.37076944775087
Intersection,22ND AVE AND E UNION ST,1,Property Damage Only Collision,Cycles,2,0,1,1,0,0,0,2008-05-30T00:00:00.000Z,5/30/2008 3:48:00 PM,At Intersection (intersection related),18.0,"MOTOR VEHICLE STRUCK PEDALCYCLIST, FRONT END AT ANGLE",,0,Clear or Partly Cloudy,Dry,Daylight,,,45,Vehicle - Pedalcyclist,0,N,Washington,47.61293310447872,-122.30363535135231
Block,E ALOHA ST BETWEEN 18TH AVE E AND 19TH AVE E,1,Property Damage Only Collision,Cycles,2,0,1,1,0,0,0,2008-04-10T00:00:00.000Z,4/10/2008 3:33:00 PM,Mid-Block (but intersection related),21.0,"MOTOR VEHICLE STRUCK PEDALCYCLIST, REAR END",,0,Clear or Partly Cloudy,Dry,Daylight,,,45,Vehicle - Pedalcyclist,0,N,Washington,47.626855247950964,-122.30797193263415
Block,24TH AVE BETWEEN E HOWELL ST AND E DENNY WAY,1,Property Damage Only Collision,Cycles,2,0,1,1,0,0,0,2008-03-01T00:00:00.000Z,3/1/2008,Mid-Block (not related to intersection),54.0,PEDALCYCLIST STRUCK MOTOR VEHICLE REAR END,Y,0,Clear or Partly Cloudy,Dry,Daylight,,Y,45,Vehicle - Pedalcyclist,0,N,Washington,47.61828503762696,-122.30117931038052
Block,SW ANDOVER ST BETWEEN DELRIDGE WAY SW AND 26TH AVE SW,2,Injury Collision,Cycles,2,0,1,1,1,0,0,2008-11-03T00:00:00.000Z,11/3/2008,Driveway Junction,18.0,"MOTOR VEHICLE STRUCK PEDALCYCLIST, FRONT END AT ANGLE",Y,0,Raining,Wet,Dark - Street Lights On,Y,,45,Vehicle - Pedalcyclist,0,N,Washington,47.56834594585089,-122.36435375116524
Intersection,1ST AVE NE AND NE 50TH ST,1,Property Damage Only Collision,Cycles,2,0,1,1,0,0,0,2008-05-09T00:00:00.000Z,5/9/2008,At Intersection (intersection related),18.0,"MOTOR VEHICLE STRUCK PEDALCYCLIST, FRONT END AT ANGLE",,0,Clear or Partly Cloudy,Dry,Daylight,,,45,Vehicle - Pedalcyclist,0,N,Washington,47.66500266371982,-122.32826780433643
Intersection,BELL ST AND WESTERN AVE,2,Injury Collision,Cycles,2,0,1,1,1,0,0,2008-07-29T00:00:00.000Z,7/29/2008 9:37:00 AM,At Intersection (intersection related),18.0,"MOTOR VEHICLE STRUCK PEDALCYCLIST, FRONT END AT ANGLE",,0,Overcast,Wet,Daylight,Y,,45,Vehicle - Pedalcyclist,523763,N,Washington,47.61271039099492,-122.34737243262128
Block,NE 45TH ST BETWEEN UNIVERSITY WAY NE AND 15TH AVE NE,2,Injury Collision,Cycles,4,0,1,1,1,0,0,2008-04-04T00:00:00.000Z,4/4/2008,Mid-Block (not related to intersection),54.0,PEDALCYCLIST STRUCK MOTOR VEHICLE REAR END,,0,Overcast,Dry,Daylight,,,45,Vehicle - Pedalcyclist,0,N,Washington,47.66126567422878,-122.31256350599028
Intersection,30TH AVE NE AND NE 120TH ST,2,Injury Collision,Cycles,2,0,1,1,1,0,0,2008-09-16T00:00:00.000Z,9/16/2008 5:12:00 AM,At Intersection (intersection related),18.0,"MOTOR VEHICLE STRUCK PEDALCYCLIST, FRONT END AT ANGLE",,0,Clear or Partly Cloudy,Dry,Dark - Street Lights On,Y,,45,Vehicle - Pedalcyclist,0,N,Washington,47.71559629480213,-122.29646014914115
Intersection,2ND AVE AND SENECA ST,2,Injury Collision,Cycles,2,1,1,0,1,0,0,2008-10-10T00:00:00.000Z,10/10/2008 5:20:00 PM,At Intersection (intersection related),64.0,PEDALCYCLIST STRUCK PEDESTRIAN,,0,Clear or Partly Cloudy,Dry,Daylight,,,45,Vehicle - Pedalcyclist,520993,N,Washington,47.60658579056506,-122.33643418779378
Block,S JACKSON ST BETWEEN 7TH AVE S AND 8TH AVE S,2,Injury Collision,Cycles,2,0,1,1,1,0,0,2008-07-21T00:00:00.000Z,7/21/2008 8:59:00 AM,Driveway Junction,18.0,"MOTOR VEHICLE STRUCK PEDALCYCLIST, FRONT END AT ANGLE",,0,Clear or Partly Cloudy,Dry,Daylight,Y,,45,Vehicle - Pedalcyclist,0,N,Washington,47.599187370613926,-122.32309939355129
Block,EAST MARGINAL WAY S BETWEEN 16TH AVE S AND BOEING DR,1,Property Damage Only Collision,Cycles,2,0,1,1,0,0,0,2008-11-09T00:00:00.000Z,11/9/2008,Mid-Block (not related to intersection),21.0,"MOTOR VEHICLE STRUCK PEDALCYCLIST, REAR END",,1,Raining,Wet,Dark - Street Lights On,Y,,45,Vehicle - Pedalcyclist,0,N,Washington,47.533689027528894,-122.31223592468636
Intersection,RAINIER AVE S AND S ORCAS ST,2,Injury Collision,Cycles,2,0,1,1,1,0,0,2008-07-19T00:00:00.000Z,7/19/2008 6:47:00 PM,At Intersection (intersection related),18.0,"MOTOR VEHICLE STRUCK PEDALCYCLIST, FRONT END AT ANGLE",,0,Clear or Partly Cloudy,Dry,Daylight,Y,,45,Vehicle - Pedalcyclist,523358,N,Washington,47.5511760244803,-122.27766411018793
Block,12TH AVE BETWEEN E OLIVE ST AND E HOWELL ST,2,Injury Collision,Cycles,3,0,1,1,1,0,0,2008-03-12T00:00:00.000Z,3/12/2008 9:32:00 PM,Mid-Block (not related to intersection),18.0,"MOTOR VEHICLE STRUCK PEDALCYCLIST, FRONT END AT ANGLE",Y,0,Clear or Partly Cloudy,Dry,Dark - Street Lights On,Y,,45,Vehicle - Pedalcyclist,0,N,Washington,47.61701502704043,-122.3168820632538
Block,N 62ND ST BETWEEN 1ST AVE NW AND PALATINE AVE N,2,Injury Collision,Cycles,2,0,1,1,1,0,0,2008-07-03T00:00:00.000Z,7/3/2008,Mid-Block (not related to intersection),56.0,PEDALCYCLIST STRUCK MOTOR VEHICLE LEFT SIDE SIDESWIPE,Y,0,Clear or Partly Cloudy,Dry,Dusk,,,45,Vehicle - Pedalcyclist,0,N,Washington,47.674059067770564,-122.35693744569276
Intersection,TROLL AVE N AND N 34TH ST,2,Injury Collision,Cycles,2,0,1,1,1,0,0,2008-02-19T00:00:00.000Z,2/19/2008 6:15:00 PM,At Intersection (intersection related),51.0,PEDALCYCLIST STRUCK MOTOR VEHICLE FRONT END AT ANGLE,,0,Clear or Partly Cloudy,Dry,Dark - Street Lights On,,,45,Vehicle - Pedalcyclist,0,N,Washington,47.64924012162934,-122.34741874332344
Block,UNIVERSITY WAY NE BETWEEN NE 52ND ST AND NE 55TH ST,2,Injury Collision,Cycles,2,0,1,1,1,0,0,2008-05-17T00:00:00.000Z,5/17/2008 7:30:00 PM,Mid-Block (not related to intersection),18.0,"MOTOR VEHICLE STRUCK PEDALCYCLIST, FRONT END AT ANGLE",,0,Clear or Partly Cloudy,Dry,Daylight,,,45,Vehicle - Pedalcyclist,0,N,Washington,47.667490163549644,-122.31303423754751
Block,ROOSEVELT WAY NE BETWEEN NE 42ND N ST AND NE 43RD S ST,2,Injury Collision,Cycles,2,0,1,1,1,0,0,2008-04-29T00:00:00.000Z,4/29/2008 1:53:00 PM,Driveway Junction,51.0,PEDALCYCLIST STRUCK MOTOR VEHICLE FRONT END AT ANGLE,,0,Clear or Partly Cloudy,Dry,Daylight,,,45,Vehicle - Pedalcyclist,0,N,Washington,47.65891124921488,-122.31776595018732
Intersection,FAIRVIEW AVE N AND FAIRVIEW PL N,2,Injury Collision,Cycles,2,0,1,1,1,0,0,2008-01-28T00:00:00.000Z,1/28/2008 10:04:00 AM,At Intersection (intersection related),18.0,"MOTOR VEHICLE STRUCK PEDALCYCLIST, FRONT END AT ANGLE",,0,Clear or Partly Cloudy,Wet,Daylight,Y,,45,Vehicle - Pedalcyclist,0,N,Washington,47.62628087670744,-122.33400849264623
Block,WESTLAKE AVE BETWEEN LENORA ST AND BLANCHARD ST,2,Injury Collision,Cycles,2,0,1,1,1,0,0,2008-11-24T00:00:00.000Z,11/24/2008 5:23:00 PM,Driveway Junction,51.0,PEDALCYCLIST STRUCK MOTOR VEHICLE FRONT END AT ANGLE,,0,Clear or Partly Cloudy,Dry,Dark - Street Lights On,Y,,45,Vehicle - Pedalcyclist,0,N,Washington,47.61711592377154,-122.33813620138706
Block,MONTLAKE BR BETWEEN POINT A AND NE PACIFIC ST,2,Injury Collision,Cycles,6,0,1,1,1,0,0,2008-06-25T00:00:00.000Z,6/25/2008 12:43:00 AM,Mid-Block (not related to intersection),23.0,"MOTOR VEHICLE STRUCK PEDALCYCLIST, LEFT SIDE SIDESWIPE",,0,Clear or Partly Cloudy,Dry,Dark - Street Lights On,Y,,45,Vehicle - Pedalcyclist,0,N,Washington,47.648240060277175,-122.3045906020924
Intersection,HARVARD AVE AND E PIKE ST,2,Injury Collision,Cycles,2,0,1,1,1,0,0,2008-11-09T00:00:00.000Z,11/9/2008,At Intersection (intersection related),18.0,"MOTOR VEHICLE STRUCK PEDALCYCLIST, FRONT END AT ANGLE",,0,Raining,Wet,Dark - Street Lights On,,,45,Vehicle - Pedalcyclist,521655,N,Washington,47.614066196262954,-122.3221109248895
Intersection,3RD AVE NW AND NW 65TH ST,2,Injury Collision,Cycles,2,0,1,1,1,0,0,2008-08-15T00:00:00.000Z,8/15/2008 9:05:00 AM,At Intersection (intersection related),18.0,"MOTOR VEHICLE STRUCK PEDALCYCLIST, FRONT END AT ANGLE",,0,Clear or Partly Cloudy,Dry,Dusk,,,45,Vehicle - Pedalcyclist,0,N,Washington,47.675996454063714,-122.36069501562177
Intersection,ROOSEVELT WAY NE AND NE 82ND S ST,2b,Serious Injury Collision,Cycles,5,0,1,1,2,1,0,2008-12-10T00:00:00.000Z,12/10/2008 7:08:00 PM,At Intersection (intersection related),18.0,"MOTOR VEHICLE STRUCK PEDALCYCLIST, FRONT END AT ANGLE",,0,Clear or Partly Cloudy,Dry,Dark - Street Lights On,Y,,45,Vehicle - Pedalcyclist,0,N,Washington,47.68819818568218,-122.31757853306028
Intersection,3RD AVE W AND W BERTONA ST,2,Injury Collision,Cycles,2,0,1,1,1,0,0,2008-07-07T00:00:00.000Z,7/7/2008,At Intersection (intersection related),51.0,PEDALCYCLIST STRUCK MOTOR VEHICLE FRONT END AT ANGLE,,0,Clear or Partly Cloudy,Dry,Daylight,Y,,45,Vehicle - Pedalcyclist,0,N,Washington,47.650417335905026,-122.36087974235546
Intersection,BROAD ST AND VALLEY ST,2,Injury Collision,Cycles,2,0,1,1,1,0,0,2008-08-28T00:00:00.000Z,8/28/2008 4:20:00 PM,At Intersection (intersection related),18.0,"MOTOR VEHICLE STRUCK PEDALCYCLIST, FRONT END AT ANGLE",,0,Clear or Partly Cloudy,Dry,Daylight,,,45,Vehicle - Pedalcyclist,523374,N,Washington,47.6257957692013,-122.33863455026258
Block,WESTLAKE AVE BETWEEN LENORA ST AND BLANCHARD ST,2,Injury Collision,Cycles,2,0,1,1,1,0,0,2008-08-02T00:00:00.000Z,8/2/2008,Mid-Block (not related to intersection),21.0,"MOTOR VEHICLE STRUCK PEDALCYCLIST, REAR END",,0,Clear or Partly Cloudy,Dry,Daylight,Y,,45,Vehicle - Pedalcyclist,0,N,Washington,47.61711592377154,-122.33813620138706
Intersection,61ST AVE SW AND ALKI AVE SW,2,Injury Collision,Cycles,2,0,1,1,1,0,0,2008-07-15T00:00:00.000Z,7/15/2008 6:01:00 PM,At Intersection (intersection related),18.0,"MOTOR VEHICLE STRUCK PEDALCYCLIST, FRONT END AT ANGLE",,0,Clear or Partly Cloudy,Dry,Daylight,,,45,Vehicle - Pedalcyclist,0,N,Washington,47.57912495068197,-122.41064800774583
Block,LAKE WASHINGTON BLVD S BETWEEN 46TH AVE S AND 48TH AVE S,2b,Serious Injury Collision,Cycles,2,0,1,1,1,1,0,2008-07-16T00:00:00.000Z,7/16/2008 6:30:00 PM,Mid-Block (not related to intersection),21.0,"MOTOR VEHICLE STRUCK PEDALCYCLIST, REAR END",,0,Clear or Partly Cloudy,Dry,Daylight,,,45,Vehicle - Pedalcyclist,0,N,Washington,47.56981411639742,-122.27484572966385
Block,2ND AVE BETWEEN UNIVERSITY ST AND UNION ST,2,Injury Collision,Cycles,2,0,1,1,1,0,0,2008-05-27T00:00:00.000Z,5/27/2008 4:18:00 PM,Mid-Block (not related to intersection),18.0,"MOTOR VEHICLE STRUCK PEDALCYCLIST, FRONT END AT ANGLE",,0,Clear or Partly Cloudy,Dry,Daylight,,,45,Vehicle - Pedalcyclist,0,N,Washington,47.60779444958214,-122.33754001043816
Intersection,4TH AVE AND PIKE ST,1,Property Damage Only Collision,Cycles,2,0,1,1,0,0,0,2008-10-08T00:00:00.000Z,10/8/2008,At Intersection (intersection related),18.0,"MOTOR VEHICLE STRUCK PEDALCYCLIST, FRONT END AT ANGLE",,0,Overcast,Dry,Daylight,,,45,Vehicle - Pedalcyclist,0,N,Washington,47.61021404171938,-122.33668342822828
Intersection,WALLINGFORD AVE N AND N 45TH ST,2,Injury Collision,Cycles,3,0,1,1,1,0,0,2008-03-15T00:00:00.000Z,3/15/2008 11:10:00 PM,At Intersection (intersection related),51.0,PEDALCYCLIST STRUCK MOTOR VEHICLE FRONT END AT ANGLE,,0,Clear or Partly Cloudy,Dry,Dark - Street Lights On,,,45,Vehicle - Pedalcyclist,0,N,Washington,47.6613856686644,-122.33629426405294
Intersection,16TH AVE SW AND SW CLOVERDALE ST,2,Injury Collision,Cycles,5,0,1,1,1,0,0,2008-08-09T00:00:00.000Z,8/9/2008,At Intersection (intersection related),18.0,"MOTOR VEHICLE STRUCK PEDALCYCLIST, FRONT END AT ANGLE",,0,Raining,Wet,Daylight,,,45,Vehicle - Pedalcyclist,0,N,Washington,47.52651616436528,-122.35507294405636
Block,NICKERSON TURN RD BETWEEN W NICKERSON ST AND 15TH AV W ON RP,2,Injury Collision,Cycles,3,0,1,1,1,0,0,2008-09-12T00:00:00.000Z,9/12/2008 2:52:00 PM,Mid-Block (but intersection related),51.0,PEDALCYCLIST STRUCK MOTOR VEHICLE FRONT END AT ANGLE,,0,Clear or Partly Cloudy,Dry,Daylight,,,45,Vehicle - Pedalcyclist,0,N,Washington,47.654167662011346,-122.37578081614865
Intersection,1ST AVE AND MADISON ST,2,Injury Collision,Cycles,3,1,1,1,2,0,0,2008-01-14T00:00:00.000Z,1/14/2008 5:09:00 PM,At Intersection (intersection related),51.0,PEDALCYCLIST STRUCK MOTOR VEHICLE FRONT END AT ANGLE,,0,Raining,Wet,Dark - Street Lights On,,,45,Vehicle - Pedalcyclist,0,N,Washington,47.60469504653443,-122.3362384330736
Block,MELROSE AVE E BETWEEN E DENNY WAY AND E THOMAS ST,1,Property Damage Only Collision,Cycles,2,0,1,1,0,0,0,2008-08-11T00:00:00.000Z,8/11/2008 3:36:00 PM,Mid-Block (not related to intersection),51.0,PEDALCYCLIST STRUCK MOTOR VEHICLE FRONT END AT ANGLE,,0,Clear or Partly Cloudy,Dry,Daylight,,,45,Vehicle - Pedalcyclist,0,N,Washington,47.619660636524365,-122.3278548381885
Block,20TH AVE BETWEEN E FIR ST AND E SPRUCE ST,1,Property Damage Only Collision,Cycles,3,0,1,1,0,0,0,2008-04-05T00:00:00.000Z,4/5/2008,Mid-Block (but intersection related),18.0,"MOTOR VEHICLE STRUCK PEDALCYCLIST, FRONT END AT ANGLE",,0,Clear or Partly Cloudy,Dry,Daylight,,,45,Vehicle - Pedalcyclist,0,N,Washington,47.60309168810914,-122.30634995475843
Intersection,15TH AVE S AND S NEVADA ST,1,Property Damage Only Collision,Cycles,3,0,1,1,0,0,0,2009-03-08T00:00:00.000Z,3/8/2009,At Intersection (intersection related),11.0,"MOTOR VEHICLE STRUCK MOTOR VEHICLE, FRONT END AT ANGLE",,0,Clear or Partly Cloudy,Dry,Daylight,,,45,Vehicle - Pedalcyclist,0,N,Washington,47.5653211831742,-122.31349054317933
Intersection,12TH AVE E AND E JOHN ST,2,Injury Collision,Cycles,2,0,1,1,1,0,0,2009-11-11T00:00:00.000Z,11/11/2009 6:56:00 AM,At Intersection (intersection related),21.0,"MOTOR VEHICLE STRUCK PEDALCYCLIST, REAR END",,0,Overcast,Wet,Daylight,,,45,Vehicle - Pedalcyclist,0,N,Washington,47.6199367074436,-122.3169283424234
Intersection,17TH AVE S AND S JACKSON ST,2,Injury Collision,Cycles,2,0,1,1,1,0,0,2009-01-14T00:00:00.000Z,1/14/2009 8:23:00 AM,At Intersection (intersection related),18.0,"MOTOR VEHICLE STRUCK PEDALCYCLIST, FRONT END AT ANGLE",,0,Clear or Partly Cloudy,Dry,Daylight,Y,,45,Vehicle - Pedalcyclist,0,N,Washington,47.59923179338943,-122.31027221407935
Intersection,MARGINAL PL SW AND SW CHARLESTOWN ST,2b,Serious Injury Collision,Cycles,2,0,1,1,1,1,0,2009-05-29T00:00:00.000Z,5/29/2009 5:13:00 PM,At Intersection (intersection related),51.0,PEDALCYCLIST STRUCK MOTOR VEHICLE FRONT END AT ANGLE,,0,Clear or Partly Cloudy,Dry,Daylight,Y,,45,Vehicle - Pedalcyclist,0,N,Washington,47.57011451575809,-122.35621454935487
Intersection,15TH AVE NE AND NE PACIFIC ST,2,Injury Collision,Cycles,5,0,1,1,1,0,0,2009-07-21T00:00:00.000Z,7/21/2009 5:27:00 PM,At Intersection (intersection related),18.0,"MOTOR VEHICLE STRUCK PEDALCYCLIST, FRONT END AT ANGLE",,0,Clear or Partly Cloudy,Dry,Daylight,Y,,45,Vehicle - Pedalcyclist,520838,N,Washington,47.65297596413605,-122.31246414473328
Block,ALASKAN E RDWY WAY S BETWEEN S WASHINGTON ST AND S MAIN ST,1,Property Damage Only Collision,Cycles,2,0,1,1,0,0,0,2009-08-08T00:00:00.000Z,8/8/2009,Mid-Block (not related to intersection),21.0,"MOTOR VEHICLE STRUCK PEDALCYCLIST, REAR END",,0,Overcast,Dry,Dark - Street Lights On,,,45,Vehicle - Pedalcyclist,0,N,Washington,47.600468985143365,-122.33545656679465
Block,STONE WAY N BETWEEN BRIDGE WAY N AND N 40TH ST,2,Injury Collision,Cycles,2,0,1,1,1,0,0,2008-08-22T00:00:00.000Z,8/22/2008 8:37:00 PM,Driveway Junction,18.0,"MOTOR VEHICLE STRUCK PEDALCYCLIST, FRONT END AT ANGLE",,0,Clear or Partly Cloudy,Dry,Dark - Street Lights On,Y,,45,Vehicle - Pedalcyclist,0,N,Washington,47.65502130992057,-122.34245699789724
Intersection,BOREN AVE N AND VALLEY ST,2,Injury Collision,Cycles,5,0,2,1,1,0,0,2009-12-22T00:00:00.000Z,12/22/2009 10:43:00 PM,At Intersection (intersection related),18.0,"MOTOR VEHICLE STRUCK PEDALCYCLIST, FRONT END AT ANGLE",,0,Clear or Partly Cloudy,Dry,Dark - Street Lights On,,,45,Vehicle - Pedalcyclist,0,N,Washington,47.62578474597368,-122.33581704484006
Block,WALLINGFORD AVE N BETWEEN N 47TH ST AND N 48TH ST,2,Injury Collision,Cycles,2,1,1,0,2,0,0,2009-05-28T00:00:00.000Z,5/28/2009 4:50:00 PM,Mid-Block (not related to intersection),64.0,PEDALCYCLIST STRUCK PEDESTRIAN,Y,0,Clear or Partly Cloudy,Dry,Daylight,,,45,Vehicle - Pedalcyclist,0,N,Washington,47.66322203473224,-122.33642000676971
Block,12TH AVE BETWEEN E MARION ST AND E SPRING ST,2,Injury Collision,Cycles,2,0,1,1,1,0,0,2009-12-19T00:00:00.000Z,12/19/2009 3:18:00 AM,Mid-Block (not related to intersection),18.0,"MOTOR VEHICLE STRUCK PEDALCYCLIST, FRONT END AT ANGLE",,0,Raining,Wet,Dark - Street Lights On,Y,,45,Vehicle - Pedalcyclist,0,N,Washington,47.610977476851616,-122.31677912207249
Intersection,12TH AVE AND E FIR ST,2,Injury Collision,Cycles,3,0,1,1,1,0,0,2008-08-14T00:00:00.000Z,8/14/2008 8:49:00 AM,At Intersection (intersection related),51.0,PEDALCYCLIST STRUCK MOTOR VEHICLE FRONT END AT ANGLE,,0,Clear or Partly Cloudy,Dry,Daylight,Y,,45,Vehicle - Pedalcyclist,0,N,Washington,47.60268590720001,-122.31678180366168
Intersection,2ND AVE AND CHERRY ST,2,Injury Collision,Cycles,2,0,1,1,1,0,0,2008-12-02T00:00:00.000Z,12/2/2008,At Intersection (intersection related),51.0,PEDALCYCLIST STRUCK MOTOR VEHICLE FRONT END AT ANGLE,,0,Raining,Wet,Dark - Street Lights On,,,45,Vehicle - Pedalcyclist,0,N,Washington,47.60301939344011,-122.33317224593478
Block,FAUNTLEROY WAY SW BETWEEN SW FONTANELLE ST AND 47TH AVE SW,2,Injury Collision,Cycles,2,0,1,1,1,0,0,2009-07-22T00:00:00.000Z,7/22/2009 5:16:00 AM,Mid-Block (not related to intersection),21.0,"MOTOR VEHICLE STRUCK PEDALCYCLIST, REAR END",Y,0,Clear or Partly Cloudy,Dry,Dawn,Y,,45,Vehicle - Pedalcyclist,0,N,Washington,47.53640452539218,-122.39225474708631
Intersection,BROADWAY AND TERRACE ST,2,Injury Collision,Cycles,2,0,1,1,1,0,0,2009-09-03T00:00:00.000Z,9/3/2009,At Intersection (intersection related),51.0,PEDALCYCLIST STRUCK MOTOR VEHICLE FRONT END AT ANGLE,,0,Clear or Partly Cloudy,Dry,Daylight,Y,,45,Vehicle - Pedalcyclist,0,N,Washington,47.60522681734946,-122.32074874078869
Block,4TH AVE S BETWEEN 2ND AV ET S AND SEATTLE BLVD S,2,Injury Collision,Cycles,2,0,1,1,1,0,0,2009-09-29T00:00:00.000Z,9/29/2009 5:30:00 PM,Driveway Junction,18.0,"MOTOR VEHICLE STRUCK PEDALCYCLIST, FRONT END AT ANGLE",,0,Raining,Wet,Daylight,,,45,Vehicle - Pedalcyclist,611157,N,Washington,47.59745463101272,-122.3289731887962
Intersection,17TH AVE NE AND NE NORTHGATE WAY,2,Injury Collision,Cycles,2,0,1,1,1,0,0,2008-04-10T00:00:00.000Z,4/10/2008 6:12:00 PM,At Intersection (intersection related),51.0,PEDALCYCLIST STRUCK MOTOR VEHICLE FRONT END AT ANGLE,,0,Raining,Wet,Daylight,,,45,Vehicle - Pedalcyclist,0,N,Washington,47.708505201032565,-122.3099652485952
Intersection,DEXTER AVE N AND MERCER ST,2,Injury Collision,Cycles,2,0,1,1,1,0,0,2009-07-17T00:00:00.000Z,7/17/2009 7:50:00 AM,At Intersection (intersection related),51.0,PEDALCYCLIST STRUCK MOTOR VEHICLE FRONT END AT ANGLE,,0,Clear or Partly Cloudy,Dry,Daylight,Y,,45,Vehicle - Pedalcyclist,0,N,Washington,47.62454972661586,-122.34234960108273