addrtype,location,severitycode,severitydesc,collisiontype,personcount,pedcount,pedcylcount,vehcount,injuries,seriousinjuries,fatalities,incdate,incdttm,junctiontype,sdot_colcode,sdot_coldesc,inattentionind,underinfl,weather,roadcond,lightcond,pedrownotgrnt,speeding,st_colcode,st_coldesc,crosswalkkey,hitparkedcar,state,latitude,longitude
Intersection,STEWART ST AND YALE AVE,2,Injury Collision,Cycles,3,0,1,1,1,0,0,2008-12-30T00:00:00.000Z,12/30/2008 9:54:00 PM,At Intersection (intersection related),18.0,"MOTOR VEHICLE STRUCK PEDALCYCLIST, FRONT END AT ANGLE",,0,Raining,Wet,Dark - Street Lights On,Y,,45,Vehicle - Pedalcyclist,524029,N,Washington,47.618273763101605,-122.3309994102245
Intersection,24TH AVE E AND BOYER AVE E,2,Injury Collision,Cycles,2,0,1,1,1,0,0,2008-02-28T00:00:00.000Z,2/28/2008 7:10:00 AM,At Intersection (intersection related),51.0,PEDALCYCLIST STRUCK MOTOR VEHICLE FRONT END AT ANGLE,,0,Clear or Partly Cloudy,Dry,Dawn,Y,,45,Vehicle - Pedalcyclist,0,N,Washington,47.63524417736178,-122.30156537450607
Intersection,DEXTER AVE N AND ROY ST,2,Injury Collision,Cycles,2,0,1,1,1,0,0,2009-06-06T00:00:00.000Z,6/6/2009,At Intersection (intersection related),11.0,"MOTOR VEHICLE STRUCK MOTOR VEHICLE, FRONT END AT ANGLE",,0,Overcast,Dry,Dark - Street Lights On,,,45,Vehicle - Pedalcyclist,0,N,Washington,47.62540330543746,-122.34234200999266
Intersection,15TH AVE NW AND NW 51ST ST,2,Injury Collision,Cycles,3,0,1,1,1,0,0,2009-08-18T00:00:00.000Z,8/18/2009 11:22:00 PM,At Intersection (intersection related),51.0,PEDALCYCLIST STRUCK MOTOR VEHICLE FRONT END AT ANGLE,,0,Clear or Partly Cloudy,Dry,Dark - Street Lights On,Y,,45,Vehicle - Pedalcyclist,0,N,Washington,47.665704512636864,-122.37621919153648
Block,S JACKSON ST BETWEEN 10TH AVE S AND 12TH AVE S,2,Injury Collision,Cycles,2,0,1,1,1,0,0,2009-06-23T00:00:00.000Z,6/23/2009 8:52:00 AM,Driveway Junction,18.0,"MOTOR VEHICLE STRUCK PEDALCYCLIST, FRONT END AT ANGLE",,0,Clear or Partly Cloudy,Dry,Daylight,Y,,45,Vehicle - Pedalcyclist,0,N,Washington,47.599186557411784,-122.31843273845254
Intersection,36TH AVE SW AND SW SNOQUALMIE ST,2,Injury Collision,Cycles,2,0,1,1,1,0,0,2009-08-13T00:00:00.000Z,8/13/2009 7:23:00 PM,At Intersection (intersection related),18.0,"MOTOR VEHICLE STRUCK PEDALCYCLIST, FRONT END AT ANGLE",,0,Overcast,Wet,Daylight,,,45,Vehicle - Pedalcyclist,0,N,Washington,47.562035477563505,-122.37745196094305
Intersection,8TH AVE S AND S DEARBORN ST,2,Injury Collision,Cycles,2,0,1,1,1,0,0,2009-06-12T00:00:00.000Z,6/12/2009 9:55:00 AM,At Intersection (intersection related),51.0,PEDALCYCLIST STRUCK MOTOR VEHICLE FRONT END AT ANGLE,,0,Clear or Partly Cloudy,Dry,Daylight,Y,,45,Vehicle - Pedalcyclist,0,N,Washington,47.595831166617344,-122.3224586628908
Intersection,56TH AVE S AND S RYAN ST,2,Injury Collision,Cycles,2,0,1,1,1,0,0,2009-09-11T00:00:00.000Z,9/11/2009 8:00:00 PM,At Intersection (intersection related),51.0,PEDALCYCLIST STRUCK MOTOR VEHICLE FRONT END AT ANGLE,,0,Clear or Partly Cloudy,Dry,Dark - Street Lights On,,,45,Vehicle - Pedalcyclist,0,N,Washington,47.509683899720535,-122.26306365018131
Intersection,8TH AVE NE AND NE 65TH ST,2,Injury Collision,Cycles,2,0,1,1,1,0,0,2008-01-31T00:00:00.000Z,1/31/2008 6:16:00 PM,At Intersection (intersection related),18.0,"MOTOR VEHICLE STRUCK PEDALCYCLIST, FRONT END AT ANGLE",,0,Raining,Wet,Dark - Street Lights On,Y,,45,Vehicle - Pedalcyclist,522077,N,Washington,47.675852099979366,-122.32005309036181
Intersection,18TH AVE S AND S HOLGATE ST,2,Injury Collision,Cycles,3,0,1,1,1,0,0,2009-07-04T00:00:00.000Z,7/4/2009,At Intersection (intersection related),51.0,PEDALCYCLIST STRUCK MOTOR VEHICLE FRONT END AT ANGLE,,0,Clear or Partly Cloudy,Dry,Daylight,,,45,Vehicle - Pedalcyclist,0,N,Washington,47.58634852985138,-122.30944786073488
Intersection,ROOSEVELT WAY NE AND NE 69TH ST,2,Injury Collision,Cycles,3,0,1,1,1,0,0,2009-05-01T00:00:00.000Z,5/1/2009,At Intersection (intersection related),18.0,"MOTOR VEHICLE STRUCK PEDALCYCLIST, FRONT END AT ANGLE",,0,Clear or Partly Cloudy,Dry,Dark - Street Lights On,Y,,45,Vehicle - Pedalcyclist,0,N,Washington,47.67874129369951,-122.31740336490559
Intersection,SUMMIT AVE E AND E HARRISON ST,2b,Serious Injury Collision,Other,2,0,1,1,1,1,0,2009-09-22T00:00:00.000Z,9/22/2009 11:28:00 PM,At Intersection (intersection related),18.0,"MOTOR VEHICLE STRUCK PEDALCYCLIST, FRONT END AT ANGLE",,1,Clear or Partly Cloudy,Dry,Dark - Street Lights On,,,52,Vehicle overturned,0,N,Washington,47.62198600985019,-122.32530599534887
Block,LAKE WASHINGTON BLVD S BETWEEN LAKE PARK DR S AND S HORTON NR ST,2,Injury Collision,Cycles,3,0,1,1,1,0,0,2008-10-11T00:00:00.000Z,10/11/2008 3:37:00 PM,Mid-Block (not related to intersection),23.0,"MOTOR VEHICLE STRUCK PEDALCYCLIST, LEFT SIDE SIDESWIPE",,0,Clear or Partly Cloudy,Dry,Daylight,Y,,45,Vehicle - Pedalcyclist,0,N,Washington,47.57887321646986,-122.28369058723595
Intersection,36TH AVE SW AND SW ALASKA ST,2,Injury Collision,Cycles,2,0,1,1,1,0,0,2009-04-24T00:00:00.000Z,4/24/2009 2:15:00 PM,At Intersection (but not related to intersection),14.0,"MOTOR VEHICLE STRUCK MOTOR VEHICLE, REAR END",,0,Unknown,Unknown,Unknown,,,45,Vehicle - Pedalcyclist,0,N,Washington,47.56107033369278,-122.37745325291631
Block,2ND AVE BETWEEN PINE ST AND STEWART ST,2,Injury Collision,Cycles,2,0,1,1,1,0,0,2009-01-10T00:00:00.000Z,1/10/2009 9:42:00 AM,Mid-Block (not related to intersection),54.0,PEDALCYCLIST STRUCK MOTOR VEHICLE REAR END,,0,Clear or Partly Cloudy,Dry,Daylight,,,45,Vehicle - Pedalcyclist,0,N,Washington,47.61062229598858,-122.34012716975988
Block,NE 45TH ST BETWEEN UNIVERSITY WAY NE AND 15TH AVE NE,2,Injury Collision,Cycles,2,0,1,1,1,0,0,2009-08-05T00:00:00.000Z,8/5/2009,Mid-Block (not related to intersection),23.0,"MOTOR VEHICLE STRUCK PEDALCYCLIST, LEFT SIDE SIDESWIPE",,0,Clear or Partly Cloudy,Dry,Daylight,Y,,45,Vehicle - Pedalcyclist,0,N,Washington,47.66126567422878,-122.31256350599028
Block,GLENWILDE PL E BETWEEN E ROANOKE ST AND DEAD END,2,Injury Collision,Cycles,3,0,1,1,1,0,0,2008-11-25T00:00:00.000Z,11/25/2008 8:07:00 AM,Driveway Junction,18.0,"MOTOR VEHICLE STRUCK PEDALCYCLIST, FRONT END AT ANGLE",,0,Clear or Partly Cloudy,Dry,Daylight,,,45,Vehicle - Pedalcyclist,0,N,Washington,47.64338538562751,-122.3011774712096
Intersection,STONE WAY N AND N 40TH ST,2,Injury Collision,Cycles,2,0,1,1,1,0,0,2009-05-06T00:00:00.000Z,5/6/2009,At Intersection (intersection related),18.0,"MOTOR VEHICLE STRUCK PEDALCYCLIST, FRONT END AT ANGLE",,0,Raining,Wet,Daylight,,Y,45,Vehicle - Pedalcyclist,0,N,Washington,47.655382876420056,-122.34243924105127
Intersection,DENNY WAY AND STEWART ST,2,Injury Collision,Cycles,2,0,1,1,1,0,0,2009-06-24T00:00:00.000Z,6/24/2009 8:45:00 AM,At Intersection (intersection related),51.0,PEDALCYCLIST STRUCK MOTOR VEHICLE FRONT END AT ANGLE,,0,Clear or Partly Cloudy,Dry,Daylight,,,45,Vehicle - Pedalcyclist,0,N,Washington,47.61849175725489,-122.33072296070412
Intersection,MERCER ST AND QUEEN ANNE AVE N,2,Injury Collision,Cycles,2,0,1,1,1,0,0,2009-10-14T00:00:00.000Z,10/14/2009 7:14:00 PM,At Intersection (intersection related),18.0,"MOTOR VEHICLE STRUCK PEDALCYCLIST, FRONT END AT ANGLE",,0,Overcast,Dry,Dark - Street Lights On,,,45,Vehicle - Pedalcyclist,523535,N,Washington,47.6245829734798,-122.3567092208327
Intersection,BURKE AVE N AND N 45TH ST,2,Injury Collision,Cycles,2,1,1,0,2,0,0,2009-10-13T00:00:00.000Z,10/13/2009 10:55:00 AM,At Intersection (intersection related),64.0,PEDALCYCLIST STRUCK PEDESTRIAN,,0,Clear or Partly Cloudy,Dry,Daylight,Y,,45,Vehicle - Pedalcyclist,523821,N,Washington,47.661385847630655,-122.33507243541548
Block,S KING ST BETWEEN 5TH AVE S AND 6TH AVE S,2,Injury Collision,Cycles,2,1,1,0,2,0,0,2008-09-16T00:00:00.000Z,9/16/2008 12:41:00 PM,Mid-Block (not related to intersection),64.0,PEDALCYCLIST STRUCK PEDESTRIAN,,0,Clear or Partly Cloudy,Dry,Daylight,,,45,Vehicle - Pedalcyclist,0,N,Washington,47.59835485359495,-122.3270193036339
Block,7TH AVE BETWEEN BLANCHARD ST AND BELL ST,2b,Serious Injury Collision,Cycles,3,0,1,1,1,1,0,2008-03-12T00:00:00.000Z,3/12/2008 7:25:00 PM,Mid-Block (not related to intersection),56.0,PEDALCYCLIST STRUCK MOTOR VEHICLE LEFT SIDE SIDESWIPE,,0,Clear or Partly Cloudy,Dry,Dark - Street Lights On,,,45,Vehicle - Pedalcyclist,0,N,Washington,47.61697788331389,-122.34070296090364
Block,LAKE WASHINGTON BLVD BETWEEN E TERRACE ST AND E JEFFERSON ST,2,Injury Collision,Cycles,2,0,1,1,1,0,0,2009-10-27T00:00:00.000Z,10/27/2009 5:40:00 PM,Mid-Block (not related to intersection),54.0,PEDALCYCLIST STRUCK MOTOR VEHICLE REAR END,,0,Clear or Partly Cloudy,Dry,Dusk,Y,,45,Vehicle - Pedalcyclist,0,N,Washington,47.605276946308095,-122.28350343522449
Block,NW 56TH ST BETWEEN 15TH AVE NW AND 17TH AVE NW,2,Injury Collision,Cycles,2,0,1,1,1,0,0,2009-05-12T00:00:00.000Z,5/12/2009 9:30:00 AM,Mid-Block (not related to intersection),51.0,PEDALCYCLIST STRUCK MOTOR VEHICLE FRONT END AT ANGLE,,0,Raining,Wet,Daylight,,,45,Vehicle - Pedalcyclist,0,N,Washington,47.66944417940189,-122.37754671025215
Block,5TH AVE NE BETWEEN NE 75TH ST AND NE 76TH ST,2,Injury Collision,Cycles,2,0,1,1,1,0,0,2009-06-04T00:00:00.000Z,6/4/2009,Mid-Block (not related to intersection),18.0,"MOTOR VEHICLE STRUCK PEDALCYCLIST, FRONT END AT ANGLE",,0,Clear or Partly Cloudy,Dry,Daylight,Y,,45,Vehicle - Pedalcyclist,0,N,Washington,47.68335559019013,-122.3229049327457
Intersection,E JOHN ST AND E OLIVE WAY,2,Injury Collision,Cycles,2,0,1,1,1,0,0,2008-01-17T00:00:00.000Z,1/17/2008 7:30:00 PM,At Intersection (intersection related),18.0,"MOTOR VEHICLE STRUCK PEDALCYCLIST, FRONT END AT ANGLE",,0,Clear or Partly Cloudy,Dry,Dark - Street Lights On,,,45,Vehicle - Pedalcyclist,0,N,Washington,47.619574663400364,-122.3242570535195
Intersection,GOLF DR S AND S CHARLES ST,2,Injury Collision,Cycles,2,0,1,1,1,0,0,2009-11-12T00:00:00.000Z,11/12/2009 9:49:00 AM,At Intersection (intersection related),18.0,"MOTOR VEHICLE STRUCK PEDALCYCLIST, FRONT END AT ANGLE",,0,Clear or Partly Cloudy,Dry,Daylight,Y,,45,Vehicle - Pedalcyclist,0,N,Washington,47.594281683773424,-122.31657709205992
Intersection,11TH AVE E AND E MERCER ST,2,Injury Collision,Cycles,2,0,1,1,1,0,0,2009-05-21T00:00:00.000Z,5/21/2009 8:45:00 AM,At Intersection (intersection related),11.0,"MOTOR VEHICLE STRUCK MOTOR VEHICLE, FRONT END AT ANGLE",,0,Clear or Partly Cloudy,Dry,Daylight,,,45,Vehicle - Pedalcyclist,0,N,Washington,47.624263916180404,-122.31778692467628
Intersection,32ND AVE E AND LAKE WASHINGTON BLVD E,2,Injury Collision,Cycles,2,0,1,1,1,0,0,2008-08-15T00:00:00.000Z,8/15/2008 6:04:00 PM,At Intersection (intersection related),51.0,PEDALCYCLIST STRUCK MOTOR VEHICLE FRONT END AT ANGLE,,0,Clear or Partly Cloudy,Dry,Daylight,Y,,45,Vehicle - Pedalcyclist,0,N,Washington,47.62495143171538,-122.29105074718642
Block,BROADWAY BETWEEN E PINE ST AND XW E OLIVE ST,1,Property Damage Only Collision,Cycles,3,0,1,2,0,0,0,2009-10-01T00:00:00.000Z,10/1/2009,Mid-Block (not related to intersection),23.0,"MOTOR VEHICLE STRUCK PEDALCYCLIST, LEFT SIDE SIDESWIPE",,0,Raining,Wet,Daylight,,Y,45,Vehicle - Pedalcyclist,0,N,Washington,47.61581794679922,-122.32080786644516
Block,4TH AVE BETWEEN VIRGINIA ST AND LENORA ST,2,Injury Collision,Cycles,2,0,1,1,1,0,0,2009-06-23T00:00:00.000Z,6/23/2009 8:52:00 AM,Mid-Block (not related to intersection),51.0,PEDALCYCLIST STRUCK MOTOR VEHICLE FRONT END AT ANGLE,,0,Clear or Partly Cloudy,Dry,Daylight,,,45,Vehicle - Pedalcyclist,0,N,Washington,47.61344599265358,-122.34068149443426
Block,DAYTON AVE N BETWEEN N 36TH ST AND N 39TH E ST,2,Injury Collision,Cycles,2,0,1,1,1,0,0,2009-11-20T00:00:00.000Z,11/20/2009 11:55:00 AM,Driveway Junction,18.0,"MOTOR VEHICLE STRUCK PEDALCYCLIST, FRONT END AT ANGLE",,0,Overcast,Dry,Daylight,Y,,45,Vehicle - Pedalcyclist,0,N,Washington,47.65295221623952,-122.35235313641607
Block,N 125TH ST BETWEEN NORTH PARK AVE N AND INTERURBAN TRL,2,Injury Collision,Cycles,3,0,1,1,1,0,0,2009-12-22T00:00:00.000Z,12/22/2009 5:41:00 PM,Driveway Junction,18.0,"MOTOR VEHICLE STRUCK PEDALCYCLIST, FRONT END AT ANGLE",,0,Raining,Wet,Unknown,,,45,Vehicle - Pedalcyclist,0,N,Washington,47.71958391399468,-122.34912576925049
Intersection,GREENWOOD AVE N AND N 74TH ST,2,Injury Collision,Cycles,2,0,1,1,1,0,0,2009-11-10T00:00:00.000Z,11/10/2009 6:10:00 PM,At Intersection (intersection related),51.0,PEDALCYCLIST STRUCK MOTOR VEHICLE FRONT END AT ANGLE,,0,Raining,Wet,Dark - Street Lights On,Y,,45,Vehicle - Pedalcyclist,0,N,Washington,47.68255377151968,-122.35530042772184
Block,1ST AVE BETWEEN UNION ST AND PIKE ST,2,Injury Collision,Cycles,2,0,1,1,1,0,0,2009-05-28T00:00:00.000Z,5/28/2009 6:28:00 PM,Mid-Block (not related to intersection),18.0,"MOTOR VEHICLE STRUCK PEDALCYCLIST, FRONT END AT ANGLE",,0,Clear or Partly Cloudy,Dry,Daylight,,,45,Vehicle - Pedalcyclist,0,N,Washington,47.60832339911416,-122.33955831349716
Block,EASTLAKE AVE E BETWEEN E LYNN ST AND E LOUISA ST,2,Injury Collision,Cycles,2,0,1,1,1,0,0,2009-10-07T00:00:00.000Z,10/7/2009,Mid-Block (not related to intersection),18.0,"MOTOR VEHICLE STRUCK PEDALCYCLIST, FRONT END AT ANGLE",,1,Clear or Partly Cloudy,Dry,Daylight,Y,,45,Vehicle - Pedalcyclist,0,N,Washington,47.64087739090343,-122.32588991601541
Intersection,DELRIDGE WAY SW AND SW TRENTON ST,2,Injury Collision,Cycles,2,0,1,1,1,0,0,2009-07-09T00:00:00.000Z,7/9/2009,At Intersection (intersection related),18.0,"MOTOR VEHICLE STRUCK PEDALCYCLIST, FRONT END AT ANGLE",,0,Clear or Partly Cloudy,Dry,Daylight,,,45,Vehicle - Pedalcyclist,0,N,Washington,47.52469334530178,-122.36047908428793
Block,DEXTER AVE N BETWEEN WARD ST AND PROSPECT ST,2,Injury Collision,Cycles,2,0,1,1,1,0,0,2009-08-13T00:00:00.000Z,8/13/2009 7:30:00 AM,Mid-Block (but intersection related),23.0,"MOTOR VEHICLE STRUCK PEDALCYCLIST, LEFT SIDE SIDESWIPE",,0,Overcast,Dry,Daylight,Y,,45,Vehicle - Pedalcyclist,0,N,Washington,,
Intersection,11TH AVE E AND E JOHN ST,2,Injury Collision,Cycles,3,0,1,1,1,0,0,2009-09-29T00:00:00.000Z,9/29/2009 9:25:00 AM,At Intersection (intersection related),18.0,"MOTOR VEHICLE STRUCK PEDALCYCLIST, FRONT END AT ANGLE",,0,Overcast,Dry,Daylight,Y,,45,Vehicle - Pedalcyclist,0,N,Washington,47.6199271844004,-122.31823392580662
Block,38TH AVE NE BETWEEN NE 82ND ST AND NE 85TH E ST,2,Injury Collision,Cycles,2,0,1,1,1,0,0,2009-05-31T00:00:00.000Z,5/31/2009 11:48:00 AM,Driveway Junction,18.0,"MOTOR VEHICLE STRUCK PEDALCYCLIST, FRONT END AT ANGLE",,0,Clear or Partly Cloudy,Dry,Daylight,,,45,Vehicle - Pedalcyclist,0,N,Washington,47.68930986454286,-122.28746970268469
Intersection,BOYLSTON AVE AND E PINE ST,2b,Serious Injury Collision,Cycles,2,0,1,1,1,1,0,2009-03-24T00:00:00.000Z,3/24/2009 10:16:00 PM,At Intersection (intersection related),69.0,PEDALCYCLIST OVERTURNED IN ROAD,,0,Overcast,Dry,Dark - Street Lights On,Y,,45,Vehicle - Pedalcyclist,0,N,Washington,47.61523114208018,-122.32341547054027
Block,7TH AVE BETWEEN UNION ST AND PIKE ST,2,Injury Collision,Cycles,2,0,1,1,1,0,0,2009-06-12T00:00:00.000Z,6/12/2009 3:10:00 PM,Mid-Block (not related to intersection),18.0,"MOTOR VEHICLE STRUCK PEDALCYCLIST, FRONT END AT ANGLE",,0,Clear or Partly Cloudy,Dry,Daylight,Y,,45,Vehicle - Pedalcyclist,0,N,Washington,47.611109090354326,-122.33289919137226
Block,NE 45TH ST BETWEEN ROOSEVELT WAY NE AND 11TH AVE NE,2,Injury Collision,Cycles,1,0,1,0,1,0,0,2009-08-03T00:00:00.000Z,8/3/2009,Driveway Junction,68.0,PEDALCYCLIST RAN OFF ROAD - HIT FIXED OBJECT,,0,Clear or Partly Cloudy,Dry,Daylight,,,45,Vehicle - Pedalcyclist,0,N,Washington,47.66129534249778,-122.31711056968085
Block,9TH AVE BETWEEN LENORA ST AND BLANCHARD ST,2,Injury Collision,Cycles,1,0,1,0,1,0,0,2009-12-17T00:00:00.000Z,12/17/2009 8:15:00 PM,Mid-Block (but intersection related),66.0,PEDALCYCLIST STRUCK OBJECT IN ROAD,Y,0,Clear or Partly Cloudy,Dry,Dark - Street Lights On,,,45,Vehicle - Pedalcyclist,0,N,Washington,47.617509161367785,-122.33766175539165
Intersection,4TH AVE AND DENNY WAY,2,Injury Collision,Cycles,2,0,1,1,1,0,0,2009-11-26T00:00:00.000Z,11/26/2009 12:05:00 AM,At Intersection (intersection related),18.0,"MOTOR VEHICLE STRUCK PEDALCYCLIST, FRONT END AT ANGLE",,1,Raining,Wet,Dark - Street Lights On,,,45,Vehicle - Pedalcyclist,0,N,Washington,47.61857626552509,-122.34892520406065
Block,S JACKSON ST BETWEEN 2ND AV ET S AND 4TH AVE S,1,Property Damage Only Collision,Cycles,2,0,1,1,0,0,0,2009-09-18T00:00:00.000Z,9/18/2009 2:16:00 AM,Mid-Block (but intersection related),51.0,PEDALCYCLIST STRUCK MOTOR VEHICLE FRONT END AT ANGLE,,0,Clear or Partly Cloudy,Dry,Dark - Street Lights On,,,45,Vehicle - Pedalcyclist,0,N,Washington,47.59919741433271,-122.32932504830325
Block,15TH AVE S BETWEEN S HILL ST AND S WALKER ST,2b,Serious Injury Collision,Cycles,2,0,1,1,1,1,0,2008-10-31T00:00:00.000Z,10/31/2008 5:06:00 AM,Mid-Block (but intersection related),51.0,PEDALCYCLIST STRUCK MOTOR VEHICLE FRONT END AT ANGLE,,0,Raining,Wet,Dark - Street Lights On,Y,,45,Vehicle - Pedalcyclist,0,N,Washington,47.58412088281311,-122.31338283371107
Intersection,7TH AVE AND STEWART ST,2,Injury Collision,Cycles,1,0,1,0,1,0,0,2009-06-29T00:00:00.000Z,6/29/2009 4:29:00 PM,At Intersection (intersection related),69.0,PEDALCYCLIST OVERTURNED IN ROAD,,0,Clear or Partly Cloudy,Dry,Daylight,,,45,Vehicle - Pedalcyclist,0,N,Washington,47.61428794696642,-122.33615476839044
Block,CALIFORNIA AVE SW BETWEEN SW RAYMOND ST AND SW GRAHAM ST,2,Injury Collision,Cycles,3,0,1,2,1,0,0,2009-07-15T00:00:00.000Z,7/15/2009 5:20:00 PM,Mid-Block (but intersection related),56.0,PEDALCYCLIST STRUCK MOTOR VEHICLE LEFT SIDE SIDESWIPE,,0,Clear or Partly Cloudy,Dry,Daylight,Y,,45,Vehicle - Pedalcyclist,0,N,Washington,47.54758854059414,-122.38716952864759
Intersection,SW AVALON WAY AND SW GENESEE ST,2,Injury Collision,Cycles,3,0,1,1,1,0,0,2009-07-30T00:00:00.000Z,7/30/2009 7:14:00 PM,At Intersection (intersection related),51.0,PEDALCYCLIST STRUCK MOTOR VEHICLE FRONT END AT ANGLE,Y,0,Clear or Partly Cloudy,Dry,Daylight,,,45,Vehicle - Pedalcyclist,0,N,Washington,47.56466115571797,-122.37256226132315
Intersection,14TH AVE NW AND NW 46TH ST,2,Injury Collision,Cycles,2,0,1,1,1,0,0,2009-09-16T00:00:00.000Z,9/16/2009 6:40:00 PM,At Intersection (intersection related),18.0,"MOTOR VEHICLE STRUCK PEDALCYCLIST, FRONT END AT ANGLE",,0,Overcast,Wet,Dusk,,,45,Vehicle - Pedalcyclist,0,N,Washington,47.66220234303487,-122.37359543157223
Intersection,ELLIOTT AVE W AND W GALER ST,1,Property Damage Only Collision,Cycles,2,0,1,1,0,0,0,2009-07-17T00:00:00.000Z,7/17/2009 2:49:00 PM,At Intersection (intersection related),18.0,"MOTOR VEHICLE STRUCK PEDALCYCLIST, FRONT END AT ANGLE",,0,Clear or Partly Cloudy,Dry,Daylight,Y,,45,Vehicle - Pedalcyclist,630874,N,Washington,47.63225239999701,-122.3756521994114
Intersection,30TH AVE NE AND NE 50TH ST,2,Injury Collision,Cycles,2,0,1,1,1,0,0,2009-12-16T00:00:00.000Z,12/16/2009 6:12:00 PM,At Intersection (intersection related),51.0,PEDALCYCLIST STRUCK MOTOR VEHICLE FRONT END AT ANGLE,Y,0,Raining,Wet,Dark - Street Lights On,Y,,45,Vehicle - Pedalcyclist,0,N,Washington,47.66488329297256,-122.29562013618508
Block,DAYTON AVE N BETWEEN N 36TH ST AND N 39TH E ST,2,Injury Collision,Cycles,2,0,1,1,1,0,0,2009-04-04T00:00:00.000Z,4/4/2009,Driveway Junction,18.0,"MOTOR VEHICLE STRUCK PEDALCYCLIST, FRONT END AT ANGLE",,0,Clear or Partly Cloudy,Dry,Daylight,Y,,45,Vehicle - Pedalcyclist,0,N,Washington,47.65295221623952,-122.35235313641607
Block,LAKESIDE AVE S BETWEEN E YESLER WAY AND S LESCHI PL,2,Injury Collision,Cycles,2,0,1,1,1,0,0,2009-08-21T00:00:00.000Z,8/21/2009 1:37:00 PM,Mid-Block (not related to intersection),56.0,PEDALCYCLIST STRUCK MOTOR VEHICLE LEFT SIDE SIDESWIPE,,0,Clear or Partly Cloudy,Dry,Daylight,Y,,45,Vehicle - Pedalcyclist,0,N,Washington,47.60062883817975,-122.28571351067009
Intersection,LAKE WASHINGTON BLVD S AND S ADAMS ST,1,Property Damage Only Collision,Cycles,2,0,1,1,0,0,0,2009-02-07T00:00:00.000Z,2/7/2009,At Intersection (intersection related),51.0,PEDALCYCLIST STRUCK MOTOR VEHICLE FRONT END AT ANGLE,,0,Overcast,Dry,Daylight,,,45,Vehicle - Pedalcyclist,0,N,Washington,47.56530318437329,-122.26795577715868
Intersection,14TH AVE NW AND NW 58TH ST,2b,Serious Injury Collision,Cycles,2,0,1,1,1,1,0,2009-08-03T00:00:00.000Z,8/3/2009,At Intersection (intersection related),18.0,"MOTOR VEHICLE STRUCK PEDALCYCLIST, FRONT END AT ANGLE",,0,Clear or Partly Cloudy,Dry,Daylight,,,45,Vehicle - Pedalcyclist,0,N,Washington,47.670899681941115,-122.37358196619124
Intersection,16TH AVE AND E PINE ST,2,Injury Collision,Cycles,2,0,1,1,1,0,0,2009-05-27T00:00:00.000Z,5/27/2009 7:53:00 AM,At Intersection (intersection related),18.0,"MOTOR VEHICLE STRUCK PEDALCYCLIST, FRONT END AT ANGLE",,0,Clear or Partly Cloudy,Dry,Daylight,Y,,45,Vehicle - Pedalcyclist,0,N,Washington,47.615277671467894,-122.31146185183015
Block,NE 70TH ST BETWEEN 19TH AVE NE AND 20TH AVE NE,2,Injury Collision,Cycles,2,0,1,1,1,0,0,2009-11-03T00:00:00.000Z,11/3/2009,Mid-Block (not related to intersection),51.0,PEDALCYCLIST STRUCK MOTOR VEHICLE FRONT END AT ANGLE,,0,Clear or Partly Cloudy,Dry,Daylight,Y,,45,Vehicle - Pedalcyclist,0,N,Washington,47.67943775557014,-122.30716286153543
Intersection,19TH AVE NE AND NE 47TH ST,2,Injury Collision,Cycles,4,0,1,1,1,0,0,2009-10-15T00:00:00.000Z,10/15/2009 4:40:00 PM,At Intersection (intersection related),51.0,PEDALCYCLIST STRUCK MOTOR VEHICLE FRONT END AT ANGLE,,0,Raining,Wet,Daylight,,,45,Vehicle - Pedalcyclist,0,N,Washington,47.663050781707476,-122.3072179676313
Block,YESLER WAY BETWEEN 8TH AVE AND BROADWAY,2,Injury Collision,Cycles,2,0,1,1,1,0,0,2009-07-22T00:00:00.000Z,7/22/2009 7:37:00 PM,Mid-Block (not related to intersection),56.0,PEDALCYCLIST STRUCK MOTOR VEHICLE LEFT SIDE SIDESWIPE,,0,Overcast,Dry,Daylight,,,45,Vehicle - Pedalcyclist,0,N,Washington,47.601701922953254,-122.32159412317623
Intersection,SAND POINT WAY NE AND NE 65TH ST,1,Property Damage Only Collision,Cycles,2,0,1,1,0,0,0,2009-07-20T00:00:00.000Z,7/20/2009 9:58:00 PM,At Intersection (intersection related),18.0,"MOTOR VEHICLE STRUCK PEDALCYCLIST, FRONT END AT ANGLE",,0,Clear or Partly Cloudy,Dry,Dusk,Y,,45,Vehicle - Pedalcyclist,525666,N,Washington,47.675722426228646,-122.26354467954675
Intersection,7TH AVE AND PIKE ST,2,Injury Collision,Cycles,2,0,1,1,1,0,0,2009-08-13T00:00:00.000Z,8/13/2009 3:37:00 PM,At Intersection (intersection related),18.0,"MOTOR VEHICLE STRUCK PEDALCYCLIST, FRONT END AT ANGLE",,0,Clear or Partly Cloudy,Dry,Daylight,Y,,45,Vehicle - Pedalcyclist,0,N,Washington,47.61160634961557,-122.333353807343