addrtype,location,severitycode,severitydesc,collisiontype,personcount,pedcount,pedcylcount,vehcount,injuries,seriousinjuries,fatalities,incdate,incdttm,junctiontype,sdot_colcode,sdot_coldesc,inattentionind,underinfl,weather,roadcond,lightcond,pedrownotgrnt,speeding,st_colcode,st_coldesc,crosswalkkey,hitparkedcar,state,latitude,longitude
Block,MARION ST BETWEEN 3RD AVE AND 4TH AVE,1,Property Damage Only Collision,Cycles,2,0,1,1,0,0,0,2009-04-01T00:00:00.000Z,4/1/2009,Driveway Junction,18.0,"MOTOR VEHICLE STRUCK PEDALCYCLIST, FRONT END AT ANGLE",,0,Raining,Wet,Daylight,Y,,45,Vehicle - Pedalcyclist,0,N,Washington,47.60514166774501,-122.33281320119644
Intersection,15TH AVE NE AND NE 50TH ST,2,Injury Collision,Cycles,2,0,1,1,1,0,0,2009-12-11T00:00:00.000Z,12/11/2009 5:43:00 PM,At Intersection (intersection related),51.0,PEDALCYCLIST STRUCK MOTOR VEHICLE FRONT END AT ANGLE,,0,Clear or Partly Cloudy,Dry,Dark - Street Lights On,Y,,45,Vehicle - Pedalcyclist,0,N,Washington,47.664892810988796,-122.31193741873598
Block,WESTERN AVE BETWEEN UNIVERSITY ST AND UNION ST,1,Property Damage Only Collision,Cycles,4,0,1,1,0,0,0,2009-01-31T00:00:00.000Z,1/31/2009 1:56:00 PM,Mid-Block (not related to intersection),18.0,"MOTOR VEHICLE STRUCK PEDALCYCLIST, FRONT END AT ANGLE",,0,Clear or Partly Cloudy,Dry,Daylight,,,45,Vehicle - Pedalcyclist,0,N,Washington,47.606865973247864,-122.3397604105788
Intersection,EASTLAKE AVE E AND E NEWTON ST,2,Injury Collision,Cycles,2,0,1,1,1,0,0,2009-01-30T00:00:00.000Z,1/30/2009 8:12:00 PM,At Intersection (intersection related),18.0,"MOTOR VEHICLE STRUCK PEDALCYCLIST, FRONT END AT ANGLE",,0,Raining,Wet,Dark - Street Lights On,Y,,45,Vehicle - Pedalcyclist,0,N,Washington,47.636766497000934,-122.32589888796042
Intersection,1ST AVE AND PIKE ST,2b,Serious Injury Collision,Cycles,2,1,1,0,1,1,0,2009-11-13T00:00:00.000Z,11/13/2009 6:39:00 PM,At Intersection (intersection related),64.0,PEDALCYCLIST STRUCK PEDESTRIAN,,0,Overcast,Dry,Dark - Street Lights On,Y,,45,Vehicle - Pedalcyclist,0,N,Washington,47.60882096003468,-122.34001342746024
Intersection,15TH AVE NE AND NE 43RD ST,2,Injury Collision,Cycles,2,0,1,1,1,0,0,2009-12-26T00:00:00.000Z,12/26/2009 12:04:00 PM,At Intersection (intersection related),18.0,"MOTOR VEHICLE STRUCK PEDALCYCLIST, FRONT END AT ANGLE",,0,Clear or Partly Cloudy,Dry,Daylight,,,45,Vehicle - Pedalcyclist,520848,N,Washington,47.65978147538043,-122.31203248405404
Block,NE 45TH ST BETWEEN 2ND AVE NE AND THACKERAY PL NE,2b,Serious Injury Collision,Cycles,2,0,1,1,1,1,0,2009-08-06T00:00:00.000Z,8/6/2009,Driveway Junction,51.0,PEDALCYCLIST STRUCK MOTOR VEHICLE FRONT END AT ANGLE,,0,Clear or Partly Cloudy,Dry,Daylight,Y,,45,Vehicle - Pedalcyclist,0,N,Washington,47.66135208576847,-122.3267166126382
Intersection,QUEEN ANNE AVE N AND RAYE ST,2,Injury Collision,Cycles,2,0,1,1,1,0,0,2009-01-15T00:00:00.000Z,1/15/2009 7:40:00 AM,At Intersection (intersection related),23.0,"MOTOR VEHICLE STRUCK PEDALCYCLIST, LEFT SIDE SIDESWIPE",,0,Clear or Partly Cloudy,Dry,Daylight,Y,,45,Vehicle - Pedalcyclist,0,N,Washington,47.64324017784182,-122.35688758963772
Block,WALL ST BETWEEN 3RD AVE AND 4TH AVE,2,Injury Collision,Cycles,2,0,1,1,1,0,0,2009-07-17T00:00:00.000Z,7/17/2009 8:32:00 AM,Driveway Junction,18.0,"MOTOR VEHICLE STRUCK PEDALCYCLIST, FRONT END AT ANGLE",,0,Clear or Partly Cloudy,Dry,Daylight,,,45,Vehicle - Pedalcyclist,0,N,Washington,47.61635727364843,-122.34660090148148
Block,26TH AVE E BETWEEN BOYER AVE E AND E NEWTON ST,2,Injury Collision,Cycles,2,0,1,1,1,0,0,2009-05-14T00:00:00.000Z,5/14/2009 8:54:00 PM,Mid-Block (not related to intersection),54.0,PEDALCYCLIST STRUCK MOTOR VEHICLE REAR END,,0,Clear or Partly Cloudy,Dry,Dusk,,Y,45,Vehicle - Pedalcyclist,0,N,Washington,47.635908906439646,-122.29947268423828
Block,EAST MARGINAL WAY S BETWEEN 14TH AVE S AND 16TH AVE S,2,Injury Collision,Cycles,2,0,1,1,1,0,0,2009-10-14T00:00:00.000Z,10/14/2009 3:08:00 AM,Mid-Block (not related to intersection),55.0,PEDALCYCLIST STRUCK MOTOR VEHICLE RIGHT SIDE SIDESWIPE,Y,1,Raining,Wet,Dark - Street Lights On,,,45,Vehicle - Pedalcyclist,0,N,Washington,47.53476480650466,-122.31401501020711
Block,BOYLSTON AVE E BETWEEN LAKEVIEW N BV E AND E BOSTON ST,1,Property Damage Only Collision,Cycles,2,0,1,1,0,0,0,2009-07-07T00:00:00.000Z,7/7/2009,Mid-Block (not related to intersection),23.0,"MOTOR VEHICLE STRUCK PEDALCYCLIST, LEFT SIDE SIDESWIPE",,0,Clear or Partly Cloudy,Dry,Daylight,Y,,45,Vehicle - Pedalcyclist,0,N,Washington,47.6375260327843,-122.32346609334206
Block,2ND AVE BETWEEN PIKE ST AND PINE ST,2,Injury Collision,Cycles,2,0,1,1,1,0,0,2009-04-02T00:00:00.000Z,4/2/2009,Driveway Junction,18.0,"MOTOR VEHICLE STRUCK PEDALCYCLIST, FRONT END AT ANGLE",Y,0,Raining,Wet,Dusk,Y,,45,Vehicle - Pedalcyclist,0,N,Washington,47.609780570210454,-122.33935700687486
Intersection,12TH AVE AND E JEFFERSON ST,2,Injury Collision,Cycles,2,0,1,1,1,0,0,2009-04-07T00:00:00.000Z,4/7/2009,At Intersection (intersection related),18.0,"MOTOR VEHICLE STRUCK PEDALCYCLIST, FRONT END AT ANGLE",,0,Clear or Partly Cloudy,Dry,Dark - Street Lights On,,Y,45,Vehicle - Pedalcyclist,0,N,Washington,47.606203045254205,-122.316780466471
Intersection,BROADWAY AND E DENNY WAY,2,Injury Collision,Cycles,2,0,1,1,1,0,0,2009-10-07T00:00:00.000Z,10/7/2009,At Intersection (intersection related),18.0,"MOTOR VEHICLE STRUCK PEDALCYCLIST, FRONT END AT ANGLE",,0,Clear or Partly Cloudy,Dry,Dawn,Y,,45,Vehicle - Pedalcyclist,0,N,Washington,47.61873954148882,-122.32085448301252
Intersection,BELLEVUE AVE AND E PINE ST,2,Injury Collision,Cycles,2,0,1,1,1,0,0,2009-04-04T00:00:00.000Z,4/4/2009,At Intersection (intersection related),18.0,"MOTOR VEHICLE STRUCK PEDALCYCLIST, FRONT END AT ANGLE",,0,Clear or Partly Cloudy,Dry,Daylight,Y,,45,Vehicle - Pedalcyclist,0,N,Washington,47.61521815296026,-122.32680418837404
Intersection,HIGHLAND DR AND WESTLAKE AVE N,2b,Serious Injury Collision,Cycles,2,0,1,1,1,1,0,2009-08-19T00:00:00.000Z,8/19/2009 4:58:00 PM,At Intersection (intersection related),18.0,"MOTOR VEHICLE STRUCK PEDALCYCLIST, FRONT END AT ANGLE",,0,Clear or Partly Cloudy,Dry,Daylight,Y,,45,Vehicle - Pedalcyclist,574134,N,Washington,47.62971165716965,-122.3410074358488
Intersection,11TH AVE NE AND NE 50TH ST,2,Injury Collision,Cycles,2,0,1,1,1,0,0,2009-05-19T00:00:00.000Z,5/19/2009 8:32:00 PM,At Intersection (intersection related),18.0,"MOTOR VEHICLE STRUCK PEDALCYCLIST, FRONT END AT ANGLE",,0,Raining,Wet,Dark - Street Lights On,Y,,45,Vehicle - Pedalcyclist,524459,N,Washington,47.664927673378536,-122.31633451828236
Block,BEACON AVE S BETWEEN S WALKER ST AND 13TH AVE S,2b,Serious Injury Collision,Cycles,2,1,1,0,2,1,0,2009-11-03T00:00:00.000Z,11/3/2009,Mid-Block (not related to intersection),64.0,PEDALCYCLIST STRUCK PEDESTRIAN,,0,Clear or Partly Cloudy,Dry,Dusk,,,45,Vehicle - Pedalcyclist,0,N,Washington,47.58287913095418,-122.31665759275248
Intersection,14TH AVE AND E JEFFERSON ST,2,Injury Collision,Cycles,5,0,1,1,1,0,0,2009-04-22T00:00:00.000Z,4/22/2009 8:44:00 PM,At Intersection (intersection related),51.0,PEDALCYCLIST STRUCK MOTOR VEHICLE FRONT END AT ANGLE,,0,Raining,Wet,Dark - Street Lights On,,,45,Vehicle - Pedalcyclist,0,N,Washington,47.60619196390571,-122.31416533449709
Intersection,1ST AVE W AND W FLORENTIA ST,2,Injury Collision,Cycles,4,0,1,2,1,0,0,2009-08-20T00:00:00.000Z,8/20/2009 3:27:00 PM,At Intersection (intersection related),51.0,PEDALCYCLIST STRUCK MOTOR VEHICLE FRONT END AT ANGLE,,0,Clear or Partly Cloudy,Dry,Daylight,Y,,45,Vehicle - Pedalcyclist,0,N,Washington,47.64689351814151,-122.35818889945057
Intersection,CALIFORNIA WAY SW AND HARBOR AVE SW,2,Injury Collision,Cycles,2,0,1,1,1,0,0,2009-08-16T00:00:00.000Z,8/16/2009 2:52:00 PM,At Intersection (intersection related),18.0,"MOTOR VEHICLE STRUCK PEDALCYCLIST, FRONT END AT ANGLE",,0,Clear or Partly Cloudy,Dry,Daylight,Y,,45,Vehicle - Pedalcyclist,0,N,Washington,47.58950464411868,-122.38152902098534
Intersection,BROADWAY E AND E HARRISON ST,2,Injury Collision,Cycles,2,0,1,1,1,0,0,2009-09-10T00:00:00.000Z,9/10/2009 12:28:00 PM,At Intersection (intersection related),51.0,PEDALCYCLIST STRUCK MOTOR VEHICLE FRONT END AT ANGLE,Y,0,Clear or Partly Cloudy,Dry,Daylight,Y,,45,Vehicle - Pedalcyclist,0,N,Washington,47.6219880718466,-122.32090617760645
Block,EASTLAKE AVE E BETWEEN E BOSTON ST AND E LYNN ST,2,Injury Collision,Cycles,3,0,2,1,2,0,0,2009-03-13T00:00:00.000Z,3/13/2009 7:05:00 AM,Mid-Block (not related to intersection),36.0,DRIVERLESS VEHICLE STRUCK MOTOR VEHICLE LEFT SIDE SIDESWIPE,,0,Clear or Partly Cloudy,Dry,Daylight,,,45,Vehicle - Pedalcyclist,0,N,Washington,47.638985673814446,-122.32589341174405
Intersection,LINDEN AVE N AND N 83RD ST,2,Injury Collision,Cycles,2,0,1,1,1,0,0,2009-07-22T00:00:00.000Z,7/22/2009 4:29:00 PM,At Intersection (intersection related),51.0,PEDALCYCLIST STRUCK MOTOR VEHICLE FRONT END AT ANGLE,,0,Clear or Partly Cloudy,Dry,Daylight,,,45,Vehicle - Pedalcyclist,0,N,Washington,47.689112484644916,-122.34721638159945
Block,ROOSEVELT WAY NE BETWEEN NE 47TH ST AND NE 50TH ST,2,Injury Collision,Cycles,3,0,1,1,1,0,0,2009-05-20T00:00:00.000Z,5/20/2009 8:49:00 PM,Driveway Junction,51.0,PEDALCYCLIST STRUCK MOTOR VEHICLE FRONT END AT ANGLE,,0,Clear or Partly Cloudy,Dry,Dusk,,,45,Vehicle - Pedalcyclist,0,N,Washington,47.664026175811856,-122.3174136262305
Block,MERIDIAN AVE N BETWEEN N 120TH ST AND N 122ND ST,2,Injury Collision,Cycles,2,0,1,1,1,0,0,2009-06-18T00:00:00.000Z,6/18/2009 4:56:00 PM,Mid-Block (but intersection related),51.0,PEDALCYCLIST STRUCK MOTOR VEHICLE FRONT END AT ANGLE,Y,0,Clear or Partly Cloudy,Dry,Daylight,,,45,Vehicle - Pedalcyclist,0,N,Washington,47.716524591293314,-122.33412326281255
Intersection,JEFFERSON ST AND TERRY AVE,2,Injury Collision,Cycles,2,0,1,1,1,0,0,2009-10-07T00:00:00.000Z,10/7/2009,At Intersection (intersection related),18.0,"MOTOR VEHICLE STRUCK PEDALCYCLIST, FRONT END AT ANGLE",,0,Clear or Partly Cloudy,Dry,Dawn,Y,,45,Vehicle - Pedalcyclist,0,N,Washington,47.6053045121331,-122.32298923066055
Intersection,36TH AVE NE AND NE 65TH W ST,2,Injury Collision,Cycles,2,0,1,1,1,0,0,2009-02-22T00:00:00.000Z,2/22/2009 3:14:00 PM,At Intersection (intersection related),51.0,PEDALCYCLIST STRUCK MOTOR VEHICLE FRONT END AT ANGLE,,0,Overcast,Dry,Daylight,Y,,45,Vehicle - Pedalcyclist,0,N,Washington,47.675784092760544,-122.28916255462772
Intersection,HOWELL ST AND OLIVE WAY,2,Injury Collision,Cycles,4,0,1,1,1,0,0,2009-08-20T00:00:00.000Z,8/20/2009 3:59:00 PM,At Intersection (intersection related),18.0,"MOTOR VEHICLE STRUCK PEDALCYCLIST, FRONT END AT ANGLE",,0,Clear or Partly Cloudy,Dry,Daylight,,,45,Vehicle - Pedalcyclist,523737,N,Washington,47.61405656090602,-122.33406083202192
Intersection,BALLARD AVE NW AND NW IONE PL,2,Injury Collision,Cycles,2,0,1,1,1,0,0,2009-03-20T00:00:00.000Z,3/20/2009 5:00:00 PM,At Intersection (intersection related),18.0,"MOTOR VEHICLE STRUCK PEDALCYCLIST, FRONT END AT ANGLE",Y,0,Overcast,Wet,Daylight,Y,,45,Vehicle - Pedalcyclist,0,N,Washington,47.66510486351175,-122.38166227884632
Intersection,CALIFORNIA AVE SW AND SW RAYMOND ST,2,Injury Collision,Cycles,2,0,1,1,1,0,0,2009-05-20T00:00:00.000Z,5/20/2009 4:29:00 PM,At Intersection (intersection related),18.0,"MOTOR VEHICLE STRUCK PEDALCYCLIST, FRONT END AT ANGLE",,0,Clear or Partly Cloudy,Dry,Daylight,,,45,Vehicle - Pedalcyclist,0,N,Washington,47.54849160262728,-122.38714342897892
Intersection,8TH AVE S AND S DEARBORN ST,2,Injury Collision,Cycles,2,0,1,1,1,0,0,2009-08-03T00:00:00.000Z,8/3/2009,At Intersection (intersection related),18.0,"MOTOR VEHICLE STRUCK PEDALCYCLIST, FRONT END AT ANGLE",,0,Clear or Partly Cloudy,Dry,Daylight,Y,,45,Vehicle - Pedalcyclist,0,N,Washington,47.595831166617344,-122.3224586628908
Intersection,PHINNEY AVE N AND N 50TH E ST,2,Injury Collision,Cycles,2,0,1,1,1,0,0,2009-05-13T00:00:00.000Z,5/13/2009 6:20:00 AM,At Intersection (intersection related),51.0,PEDALCYCLIST STRUCK MOTOR VEHICLE FRONT END AT ANGLE,,0,Clear or Partly Cloudy,Dry,Dawn,Y,,45,Vehicle - Pedalcyclist,0,N,Washington,47.66501938046141,-122.35395996421312
Block,LAKESIDE AVE S BETWEEN S MASSACHUSETTS ST AND 36TH AVE S,2,Injury Collision,Cycles,4,0,2,1,3,0,0,2009-05-23T00:00:00.000Z,5/23/2009 12:38:00 PM,Mid-Block (not related to intersection),56.0,PEDALCYCLIST STRUCK MOTOR VEHICLE LEFT SIDE SIDESWIPE,,0,Clear or Partly Cloudy,Dry,Daylight,Y,,45,Vehicle - Pedalcyclist,0,N,Washington,47.587084044340145,-122.28652384722629
Intersection,8TH AVE NE AND NE 65TH ST,2,Injury Collision,Cycles,2,0,1,1,1,0,0,2009-02-23T00:00:00.000Z,2/23/2009 5:30:00 AM,At Intersection (intersection related),18.0,"MOTOR VEHICLE STRUCK PEDALCYCLIST, FRONT END AT ANGLE",,0,Raining,Wet,Dark - Street Lights On,Y,,45,Vehicle - Pedalcyclist,0,N,Washington,47.675852099979366,-122.32005309036181
Block,1ST AVE BETWEEN BLANCHARD ST AND BELL ST,2,Injury Collision,Cycles,2,0,1,1,1,0,0,2009-06-27T00:00:00.000Z,6/27/2009 12:13:00 AM,Mid-Block (not related to intersection),18.0,"MOTOR VEHICLE STRUCK PEDALCYCLIST, FRONT END AT ANGLE",,1,Clear or Partly Cloudy,Dry,Dark - Street Lights On,,,45,Vehicle - Pedalcyclist,0,N,Washington,47.612989913993864,-122.34586158783074
Intersection,15TH AVE NE AND LAKE CITY WAY NE,2,Injury Collision,Cycles,2,0,1,1,1,0,0,2009-01-29T00:00:00.000Z,1/29/2009 6:47:00 AM,At Intersection (intersection related),51.0,PEDALCYCLIST STRUCK MOTOR VEHICLE FRONT END AT ANGLE,,0,Overcast,Dry,Dark - Street Lights On,,,45,Vehicle - Pedalcyclist,0,N,Washington,47.68751645481245,-122.31217263028209
Block,NW 85TH ST BETWEEN 14TH AVE NW AND MARY AVE NW,2b,Serious Injury Collision,Cycles,2,0,1,1,1,1,0,2009-01-28T00:00:00.000Z,1/28/2009 4:25:00 PM,Driveway Junction,18.0,"MOTOR VEHICLE STRUCK PEDALCYCLIST, FRONT END AT ANGLE",Y,0,Clear or Partly Cloudy,Dry,Daylight,,,45,Vehicle - Pedalcyclist,0,N,Washington,47.69061785143689,-122.37478271867252
Intersection,BURKE GILMAN TRL AND NW 41ST ST,1,Property Damage Only Collision,Cycles,2,0,1,1,0,0,0,2009-07-23T00:00:00.000Z,7/23/2009 2:50:00 PM,At Intersection (intersection related),18.0,"MOTOR VEHICLE STRUCK PEDALCYCLIST, FRONT END AT ANGLE",,0,Clear or Partly Cloudy,Dry,Daylight,,,45,Vehicle - Pedalcyclist,525277,N,Washington,47.65693097354106,-122.36393774664083
Intersection,BRIDGE WAY N AND N 38TH ST,2,Injury Collision,Cycles,2,0,1,1,1,0,0,2009-06-06T00:00:00.000Z,6/6/2009,At Intersection (intersection related),18.0,"MOTOR VEHICLE STRUCK PEDALCYCLIST, FRONT END AT ANGLE",Y,0,Overcast,Dry,Dusk,,,45,Vehicle - Pedalcyclist,0,N,Washington,47.65274500120988,-122.3459637058564
Block,DELRIDGE WAY SW BETWEEN SW HOLDEN ST AND SW KENYON ST,2b,Serious Injury Collision,Cycles,1,0,1,0,1,1,0,2009-08-18T00:00:00.000Z,8/18/2009 6:11:00 AM,Mid-Block (not related to intersection),18.0,"MOTOR VEHICLE STRUCK PEDALCYCLIST, FRONT END AT ANGLE",,0,Clear or Partly Cloudy,Dry,Daylight,,,45,Vehicle - Pedalcyclist,0,N,Washington,47.53278425241511,-122.36043342782813
Block,DENNY WAY BETWEEN QUEEN ANNE AVE N AND 1ST AVE,2,Injury Collision,Cycles,2,0,1,1,1,0,0,2009-08-27T00:00:00.000Z,8/27/2009 4:05:00 PM,Driveway Junction,18.0,"MOTOR VEHICLE STRUCK PEDALCYCLIST, FRONT END AT ANGLE",,0,Clear or Partly Cloudy,Dry,Daylight,,,45,Vehicle - Pedalcyclist,0,N,Washington,47.61860457313088,-122.35610674236656
Intersection,ROOSEVELT WAY NE AND NE 66TH ST,2b,Serious Injury Collision,Cycles,4,0,1,1,1,1,0,2009-06-03T00:00:00.000Z,6/3/2009,At Intersection (intersection related),56.0,PEDALCYCLIST STRUCK MOTOR VEHICLE LEFT SIDE SIDESWIPE,,0,Clear or Partly Cloudy,Dry,Daylight,,,45,Vehicle - Pedalcyclist,0,N,Washington,47.67655440134596,-122.31737321600777
Intersection,4TH AVE AND COLUMBIA ST,2,Injury Collision,Cycles,2,0,1,1,1,0,0,2009-10-21T00:00:00.000Z,10/21/2009 3:57:00 PM,At Intersection (intersection related),51.0,PEDALCYCLIST STRUCK MOTOR VEHICLE FRONT END AT ANGLE,,0,Overcast,Dry,Daylight,,,45,Vehicle - Pedalcyclist,0,N,Washington,47.604661558350756,-122.33160430850334
Intersection,25TH AVE NE AND NE BLAKELEY ST,2,Injury Collision,Cycles,2,0,1,1,2,0,0,2009-12-16T00:00:00.000Z,12/16/2009 10:31:00 AM,At Intersection (intersection related),18.0,"MOTOR VEHICLE STRUCK PEDALCYCLIST, FRONT END AT ANGLE",,0,Raining,Wet,Daylight,,,45,Vehicle - Pedalcyclist,521604,N,Washington,47.66626671821327,-122.30060498001896
Intersection,DEXTER AVE N AND DEXTER WAY N,2,Injury Collision,Cycles,2,1,1,0,2,0,0,2009-04-16T00:00:00.000Z,4/16/2009 8:30:00 AM,At Intersection (intersection related),24.0,MOTOR VEHCILE STRUCK PEDESTRIAN,,0,Clear or Partly Cloudy,Dry,Daylight,Y,,45,Vehicle - Pedalcyclist,522528,N,Washington,47.6376201157292,-122.34335745457842
Block,E MADISON ST BETWEEN 14TH AVE AND E PIKE ST,2,Injury Collision,Cycles,2,0,1,1,1,0,0,2009-04-09T00:00:00.000Z,4/9/2009,Mid-Block (not related to intersection),54.0,PEDALCYCLIST STRUCK MOTOR VEHICLE REAR END,,0,Overcast,Wet,Daylight,,,45,Vehicle - Pedalcyclist,0,N,Washington,47.614004076036245,-122.31395843587488
Intersection,34TH AVE NW AND NW 68TH ST,2,Injury Collision,Cycles,2,0,1,1,1,0,0,2009-05-24T00:00:00.000Z,5/24/2009 9:09:00 AM,At Intersection (intersection related),51.0,PEDALCYCLIST STRUCK MOTOR VEHICLE FRONT END AT ANGLE,,0,Clear or Partly Cloudy,Dry,Daylight,Y,,45,Vehicle - Pedalcyclist,0,N,Washington,47.678220457262924,-122.40109560788763
Intersection,MELROSE AVE AND OLIVE WAY,2,Injury Collision,Cycles,3,0,1,1,1,0,0,2009-07-10T00:00:00.000Z,7/10/2009 7:09:00 PM,At Intersection (intersection related),51.0,PEDALCYCLIST STRUCK MOTOR VEHICLE FRONT END AT ANGLE,Y,0,Clear or Partly Cloudy,Dry,Daylight,Y,,45,Vehicle - Pedalcyclist,0,N,Washington,47.616641709726636,-122.32788067264046
Block,17TH AVE BETWEEN E CHERRY ST AND E COLUMBIA ST,2,Injury Collision,Cycles,2,0,1,1,1,0,0,2009-01-14T00:00:00.000Z,1/14/2009 7:35:00 AM,Driveway Junction,54.0,PEDALCYCLIST STRUCK MOTOR VEHICLE REAR END,,0,Clear or Partly Cloudy,Dry,Daylight,,Y,45,Vehicle - Pedalcyclist,0,N,Washington,47.60861439853689,-122.31023184010138
Intersection,BROADWAY AND MADISON ST,2,Injury Collision,Cycles,2,0,1,1,1,0,0,2009-04-17T00:00:00.000Z,4/17/2009 2:31:00 AM,At Intersection (intersection related),51.0,PEDALCYCLIST STRUCK MOTOR VEHICLE FRONT END AT ANGLE,,1,Raining,Wet,Dark - Street Lights On,Y,,45,Vehicle - Pedalcyclist,0,N,Washington,47.61116907589688,-122.32076019874344
Block,BOREN AVE BETWEEN PINE ST AND OLIVE WAY,2,Injury Collision,Cycles,2,0,1,1,1,0,0,2009-09-30T00:00:00.000Z,9/30/2009 6:50:00 AM,Mid-Block (not related to intersection),18.0,"MOTOR VEHICLE STRUCK PEDALCYCLIST, FRONT END AT ANGLE",,0,Clear or Partly Cloudy,Dry,Dawn,,,45,Vehicle - Pedalcyclist,0,N,Washington,47.614952472155714,-122.33027463071971
Intersection,17TH AVE S AND S DAWSON ST,2,Injury Collision,Cycles,2,0,1,1,1,0,0,2009-06-23T00:00:00.000Z,6/23/2009 3:45:00 PM,At Intersection (intersection related),18.0,"MOTOR VEHICLE STRUCK PEDALCYCLIST, FRONT END AT ANGLE",,0,Clear or Partly Cloudy,Dry,Daylight,,,45,Vehicle - Pedalcyclist,0,N,Washington,47.5556085360516,-122.31052029959505
Intersection,ROOSEVELT WAY NE AND NE 64TH ST,2,Injury Collision,Cycles,3,0,1,1,1,0,0,2009-05-11T00:00:00.000Z,5/11/2009 5:21:00 PM,At Intersection (intersection related),51.0,PEDALCYCLIST STRUCK MOTOR VEHICLE FRONT END AT ANGLE,,0,Clear or Partly Cloudy,Dry,Daylight,,,45,Vehicle - Pedalcyclist,0,N,Washington,47.67497937115568,-122.31736315135029
Block,E PIKE ST BETWEEN 13TH AVE AND 14TH AVE,2,Injury Collision,Cycles,2,0,1,1,1,0,0,2009-08-26T00:00:00.000Z,8/26/2009 11:10:00 PM,Driveway Junction,18.0,"MOTOR VEHICLE STRUCK PEDALCYCLIST, FRONT END AT ANGLE",,0,Clear or Partly Cloudy,Dry,Dark - Street Lights On,,,45,Vehicle - Pedalcyclist,0,N,Washington,47.614117515797346,-122.31487905249209
Intersection,FREMONT AVE N AND N 41ST ST,2,Injury Collision,Cycles,2,0,1,1,1,0,0,2009-09-22T00:00:00.000Z,9/22/2009 4:00:00 PM,At Intersection (intersection related),18.0,"MOTOR VEHICLE STRUCK PEDALCYCLIST, FRONT END AT ANGLE",,0,Overcast,Dry,Daylight,Y,,45,Vehicle - Pedalcyclist,0,N,Washington,47.65666292389746,-122.34994844056598
Block,12TH AVE BETWEEN E OLIVE ST AND E HOWELL ST,2,Injury Collision,Cycles,2,0,1,1,1,0,0,2009-06-14T00:00:00.000Z,6/14/2009 1:02:00 PM,Mid-Block (not related to intersection),56.0,PEDALCYCLIST STRUCK MOTOR VEHICLE LEFT SIDE SIDESWIPE,,0,Clear or Partly Cloudy,Dry,Daylight,,,45,Vehicle - Pedalcyclist,0,N,Washington,47.61701502704043,-122.3168820632538
Intersection,28TH AVE AND E SPRUCE ST,2,Injury Collision,Cycles,2,0,1,1,1,0,0,2009-11-05T00:00:00.000Z,11/5/2009,At Intersection (intersection related),18.0,"MOTOR VEHICLE STRUCK PEDALCYCLIST, FRONT END AT ANGLE",,0,Overcast,Dry,Unknown,Y,,45,Vehicle - Pedalcyclist,0,N,Washington,47.60355440908777,-122.29598020716936
Block,SW SPOKANE ST BETWEEN S SPOKANE ST AND SW KLICKITAT SR WAY,2,Injury Collision,Cycles,2,0,1,1,1,0,0,2009-07-27T00:00:00.000Z,7/27/2009 5:49:00 PM,Driveway Junction,18.0,"MOTOR VEHICLE STRUCK PEDALCYCLIST, FRONT END AT ANGLE",,0,Clear or Partly Cloudy,Dry,Daylight,,,45,Vehicle - Pedalcyclist,0,N,Washington,47.571518580232585,-122.34542222996244
Intersection,2ND AVE AND JAMES ST,2,Injury Collision,Cycles,2,0,1,1,1,0,0,2009-03-02T00:00:00.000Z,3/2/2009,At Intersection (intersection related),51.0,PEDALCYCLIST STRUCK MOTOR VEHICLE FRONT END AT ANGLE,,0,Clear or Partly Cloudy,Dry,Unknown,,,45,Vehicle - Pedalcyclist,0,N,Washington,47.602305601181115,-122.33251943988401
Intersection,20TH AVE AND E DENNY WAY,2,Injury Collision,Cycles,2,0,1,1,1,0,0,2009-02-16T00:00:00.000Z,2/16/2009 8:33:00 AM,At Intersection (intersection related),51.0,PEDALCYCLIST STRUCK MOTOR VEHICLE FRONT END AT ANGLE,,0,Clear or Partly Cloudy,Dry,Daylight,,,45,Vehicle - Pedalcyclist,0,N,Washington,47.61850186928071,-122.30608077499451
Block,AIRPORT WAY S BETWEEN S BRADFORD ST AND S ANDOVER ST,2,Injury Collision,Cycles,2,0,1,1,1,0,0,2009-01-06T00:00:00.000Z,1/6/2009,Driveway Junction,51.0,PEDALCYCLIST STRUCK MOTOR VEHICLE FRONT END AT ANGLE,,0,Raining,Wet,Dark - Street Lights On,Y,,45,Vehicle - Pedalcyclist,0,N,Washington,47.5685137224261,-122.32268371091364
Intersection,44TH AVE SW AND SW EDMUNDS ST,1,Property Damage Only Collision,Cycles,2,0,1,1,0,0,0,2009-03-11T00:00:00.000Z,3/11/2009 8:41:00 AM,At Intersection (intersection related),51.0,PEDALCYCLIST STRUCK MOTOR VEHICLE FRONT END AT ANGLE,,0,Clear or Partly Cloudy,Unknown,Daylight,Y,,45,Vehicle - Pedalcyclist,0,N,Washington,47.559340508422295,-122.3881827987083
Intersection,12TH AVE AND E PINE ST,2,Injury Collision,Cycles,2,0,1,1,1,0,0,2009-07-29T00:00:00.000Z,7/29/2009 12:14:00 PM,At Intersection (intersection related),51.0,PEDALCYCLIST STRUCK MOTOR VEHICLE FRONT END AT ANGLE,,0,Clear or Partly Cloudy,Dry,Daylight,,,45,Vehicle - Pedalcyclist,0,N,Washington,47.615263932778156,-122.31685416865923