addrtype,location,severitycode,severitydesc,collisiontype,personcount,pedcount,pedcylcount,vehcount,injuries,seriousinjuries,fatalities,incdate,incdttm,junctiontype,sdot_colcode,sdot_coldesc,inattentionind,underinfl,weather,roadcond,lightcond,pedrownotgrnt,speeding,st_colcode,st_coldesc,crosswalkkey,hitparkedcar,state,latitude,longitude
Block,25TH AVE NE BETWEEN NE 70TH ST AND NE 74TH ST,2,Injury Collision,Cycles,3,0,1,1,1,0,0,2009-07-23T00:00:00.000Z,7/23/2009 5:45:00 PM,Mid-Block (not related to intersection),23.0,"MOTOR VEHICLE STRUCK PEDALCYCLIST, LEFT SIDE SIDESWIPE",,0,Clear or Partly Cloudy,Dry,Daylight,,,45,Vehicle - Pedalcyclist,0,N,Washington,47.680715117895886,-122.30069818171081
Intersection,30TH AVE NE AND BURKE GILMAN TRL,1,Property Damage Only Collision,Cycles,2,0,1,1,0,0,0,2009-08-02T00:00:00.000Z,8/2/2009,At Intersection (intersection related),18.0,"MOTOR VEHICLE STRUCK PEDALCYCLIST, FRONT END AT ANGLE",,0,Clear or Partly Cloudy,Dry,Daylight,,,45,Vehicle - Pedalcyclist,525568,N,Washington,47.66444733589821,-122.29561786302312
Block,6TH AVE BETWEEN UNION ST AND PIKE ST,1,Property Damage Only Collision,Cycles,2,0,1,1,0,0,0,2009-02-22T00:00:00.000Z,2/22/2009 12:40:00 PM,Driveway Junction,18.0,"MOTOR VEHICLE STRUCK PEDALCYCLIST, FRONT END AT ANGLE",,0,Raining,Wet,Daylight,Y,,45,Vehicle - Pedalcyclist,0,N,Washington,47.6106447568887,-122.3340093220083
Intersection,14TH AVE AND E JEFFERSON ST,2,Injury Collision,Cycles,3,0,1,1,1,0,0,2009-07-27T00:00:00.000Z,7/27/2009 10:52:00 PM,At Intersection (intersection related),18.0,"MOTOR VEHICLE STRUCK PEDALCYCLIST, FRONT END AT ANGLE",,0,Clear or Partly Cloudy,Dry,Dark - Street Lights On,,,45,Vehicle - Pedalcyclist,0,N,Washington,47.60619196390571,-122.31416533449709
Block,25TH AVE NE BETWEEN NE 49TH ST AND NE BLAKELEY ST,2,Injury Collision,Cycles,2,0,1,1,1,0,0,2009-06-18T00:00:00.000Z,6/18/2009 12:30:00 PM,Driveway Junction,18.0,"MOTOR VEHICLE STRUCK PEDALCYCLIST, FRONT END AT ANGLE",,0,Clear or Partly Cloudy,Dry,Daylight,Y,,45,Vehicle - Pedalcyclist,0,N,Washington,47.66533279794604,-122.30071134912028
Block,ROOSEVELT WAY NE BETWEEN NE 66TH ST AND NE 67TH ST,2,Injury Collision,Cycles,2,0,1,1,1,0,0,2009-09-09T00:00:00.000Z,9/9/2009,Driveway Junction,18.0,"MOTOR VEHICLE STRUCK PEDALCYCLIST, FRONT END AT ANGLE",,0,Clear or Partly Cloudy,Dry,Daylight,,,45,Vehicle - Pedalcyclist,0,N,Washington,47.67691750000875,-122.31737822140914
Intersection,8TH AVE NW AND NW 62ND S ST,2,Injury Collision,Cycles,2,0,1,1,1,0,0,2009-01-07T00:00:00.000Z,1/7/2009,At Intersection (intersection related),18.0,"MOTOR VEHICLE STRUCK PEDALCYCLIST, FRONT END AT ANGLE",,0,Raining,Wet,Dark - Street Lights On,Y,,45,Vehicle - Pedalcyclist,0,N,Washington,47.67380710720286,-122.366110371301
Block,PINE ST BETWEEN MINOR AVE AND MELROSE AVE,2,Injury Collision,Cycles,4,0,1,1,1,0,0,2009-10-23T00:00:00.000Z,10/23/2009 11:28:00 PM,Driveway Junction,18.0,"MOTOR VEHICLE STRUCK PEDALCYCLIST, FRONT END AT ANGLE",Y,0,Overcast,Dry,Dark - Street Lights On,,,45,Vehicle - Pedalcyclist,0,N,Washington,47.615080654580574,-122.3283108768688
Block,BOREN AVE S BETWEEN 12TH AVE S AND S MAIN ST,1,Property Damage Only Collision,Cycles,2,0,1,1,0,0,0,2009-06-08T00:00:00.000Z,6/8/2009,Mid-Block (not related to intersection),23.0,"MOTOR VEHICLE STRUCK PEDALCYCLIST, LEFT SIDE SIDESWIPE",,0,Clear or Partly Cloudy,Dry,Daylight,Y,,45,Vehicle - Pedalcyclist,0,N,Washington,47.60040525638135,-122.31648319010914
Intersection,HARVARD AVE E AND LAKEVIEW BLVD E,2,Injury Collision,Cycles,2,0,1,1,1,0,0,2009-02-26T00:00:00.000Z,2/26/2009 6:10:00 PM,At Intersection (intersection related),18.0,"MOTOR VEHICLE STRUCK PEDALCYCLIST, FRONT END AT ANGLE",,0,Clear or Partly Cloudy,Other,Dusk,,,45,Vehicle - Pedalcyclist,0,N,Washington,47.63590126266823,-122.32240874256557
Intersection,UNIVERSITY WAY NE AND NE 43RD ST,2,Injury Collision,Cycles,2,0,1,1,1,0,0,2009-04-24T00:00:00.000Z,4/24/2009 9:04:00 AM,At Intersection (intersection related),18.0,"MOTOR VEHICLE STRUCK PEDALCYCLIST, FRONT END AT ANGLE",,0,Clear or Partly Cloudy,Dry,Daylight,,,45,Vehicle - Pedalcyclist,0,N,Washington,47.659795120482855,-122.31316833583477
Block,NW MARKET ST BETWEEN BARNES AVE NW AND TALLMAN AVE NW,2,Injury Collision,Cycles,2,0,1,1,1,0,0,2009-10-11T00:00:00.000Z,10/11/2009 1:18:00 PM,Mid-Block (not related to intersection),56.0,PEDALCYCLIST STRUCK MOTOR VEHICLE LEFT SIDE SIDESWIPE,,0,Clear or Partly Cloudy,Dry,Daylight,,,45,Vehicle - Pedalcyclist,0,N,Washington,47.66867413290312,-122.38095943828276
Intersection,BURKE GILMAN TRL AND NE 65TH ST,2,Injury Collision,Cycles,4,0,1,1,1,0,0,2009-08-01T00:00:00.000Z,8/1/2009,At Intersection (intersection related),51.0,PEDALCYCLIST STRUCK MOTOR VEHICLE FRONT END AT ANGLE,,0,Clear or Partly Cloudy,Dry,Daylight,,,45,Vehicle - Pedalcyclist,524265,N,Washington,47.67573704171851,-122.26656513433059
Intersection,UNIVERSITY WAY NE AND NE 43RD ST,2,Injury Collision,Cycles,3,1,2,0,1,0,0,2009-05-13T00:00:00.000Z,5/13/2009 1:40:00 PM,At Intersection (intersection related),64.0,PEDALCYCLIST STRUCK PEDESTRIAN,,0,Raining,Wet,Daylight,,,45,Vehicle - Pedalcyclist,522426,N,Washington,47.659795120482855,-122.31316833583477
Intersection,M L KING JR WR WAY S AND S OTHELLO ST,2,Injury Collision,Cycles,2,0,1,1,1,0,0,2009-08-30T00:00:00.000Z,8/30/2009 10:00:00 PM,At Intersection (intersection related),18.0,"MOTOR VEHICLE STRUCK PEDALCYCLIST, FRONT END AT ANGLE",,0,Clear or Partly Cloudy,Dry,Dark - Street Lights On,Y,,45,Vehicle - Pedalcyclist,525191,N,Washington,47.5370423043785,-122.2812931906938
Intersection,25TH AVE NE AND NE 54TH ST,2,Injury Collision,Cycles,2,0,1,1,1,0,0,2009-03-19T00:00:00.000Z,3/19/2009 6:10:00 AM,At Intersection (intersection related),51.0,PEDALCYCLIST STRUCK MOTOR VEHICLE FRONT END AT ANGLE,,0,Raining,Wet,Dark - Street Lights On,Y,,45,Vehicle - Pedalcyclist,0,N,Washington,47.66797835295682,-122.30061611359508
Intersection,15TH AVE NW AND NW MARKET ST,2,Injury Collision,Cycles,3,0,1,1,1,0,0,2009-12-09T00:00:00.000Z,12/9/2009,At Intersection (intersection related),18.0,"MOTOR VEHICLE STRUCK PEDALCYCLIST, FRONT END AT ANGLE",,0,Clear or Partly Cloudy,Dry,Daylight,Y,,45,Vehicle - Pedalcyclist,525122,N,Washington,47.66866690831636,-122.37621447409443
Intersection,12TH AVE NE AND NE 75TH ST,2,Injury Collision,Cycles,2,0,1,1,1,0,0,2009-12-02T00:00:00.000Z,12/2/2009,At Intersection (intersection related),18.0,"MOTOR VEHICLE STRUCK PEDALCYCLIST, FRONT END AT ANGLE",,0,Unknown,Unknown,Dark - Street Lights On,Y,,45,Vehicle - Pedalcyclist,521080,N,Washington,47.68308626417001,-122.31527968863085
Intersection,DEXTER AVE N AND REPUBLICAN ST,2,Injury Collision,Cycles,2,0,1,1,1,0,0,2009-05-06T00:00:00.000Z,5/6/2009,At Intersection (intersection related),51.0,PEDALCYCLIST STRUCK MOTOR VEHICLE FRONT END AT ANGLE,,0,Overcast,Wet,Daylight,Y,,45,Vehicle - Pedalcyclist,0,N,Washington,47.62322375030086,-122.34236126738043
Block,25TH AVE NE BETWEEN NE 49TH ST AND NE BLAKELEY ST,2,Injury Collision,Cycles,2,0,1,1,1,0,0,2009-10-22T00:00:00.000Z,10/22/2009 7:50:00 PM,Driveway Junction,18.0,"MOTOR VEHICLE STRUCK PEDALCYCLIST, FRONT END AT ANGLE",Y,0,Clear or Partly Cloudy,Dry,Dark - Street Lights On,Y,,45,Vehicle - Pedalcyclist,0,N,Washington,47.66533279794604,-122.30071134912028
Block,4TH AVE BETWEEN MARION ST AND MADISON ST,2,Injury Collision,Cycles,4,0,2,1,1,0,0,2009-10-07T00:00:00.000Z,10/7/2009,Mid-Block (not related to intersection),55.0,PEDALCYCLIST STRUCK MOTOR VEHICLE RIGHT SIDE SIDESWIPE,,0,Clear or Partly Cloudy,Dry,Daylight,,,45,Vehicle - Pedalcyclist,0,N,Washington,47.60572988950647,-122.33258176468016
Block,RAINIER AVE S BETWEEN S NORFOLK ST AND S COOPER ST,2,Injury Collision,Cycles,2,0,1,1,1,0,0,2009-07-13T00:00:00.000Z,7/13/2009 6:54:00 PM,Mid-Block (not related to intersection),21.0,"MOTOR VEHICLE STRUCK PEDALCYCLIST, REAR END",,0,Clear or Partly Cloudy,Dry,Daylight,,Y,45,Vehicle - Pedalcyclist,0,N,Washington,47.514015837498796,-122.25144482727819
Block,DENNY WAY BETWEEN QUEEN ANNE AVE N AND 1ST AVE,2,Injury Collision,Cycles,3,0,1,1,1,0,0,2009-07-10T00:00:00.000Z,7/10/2009 6:57:00 PM,Driveway Junction,18.0,"MOTOR VEHICLE STRUCK PEDALCYCLIST, FRONT END AT ANGLE",,0,Clear or Partly Cloudy,Dry,Daylight,Y,,45,Vehicle - Pedalcyclist,0,N,Washington,47.61860457313088,-122.35610674236656
Intersection,37TH AVE S AND M L KING JR ER WAY S,2,Injury Collision,Cycles,3,0,1,1,1,0,0,2009-09-29T00:00:00.000Z,9/29/2009 7:25:00 AM,At Intersection (intersection related),18.0,"MOTOR VEHICLE STRUCK PEDALCYCLIST, FRONT END AT ANGLE",,0,Overcast,Dry,Daylight,,,45,Vehicle - Pedalcyclist,545819,N,Washington,47.54807903603074,-122.28644273137505
Intersection,EASTERN AVE N AND N 45TH ST,2,Injury Collision,Cycles,2,0,1,1,1,0,0,2009-03-02T00:00:00.000Z,3/2/2009,At Intersection (intersection related),51.0,PEDALCYCLIST STRUCK MOTOR VEHICLE FRONT END AT ANGLE,,0,Raining,Wet,Dark - Street Lights On,Y,,45,Vehicle - Pedalcyclist,0,N,Washington,47.66136334713843,-122.32896932550615
Intersection,RAINIER AVE S AND SEWARD PARK AVE S,2,Injury Collision,Cycles,3,0,1,1,1,0,0,2009-05-29T00:00:00.000Z,5/29/2009 2:15:00 PM,At Intersection (intersection related),51.0,PEDALCYCLIST STRUCK MOTOR VEHICLE FRONT END AT ANGLE,,0,Clear or Partly Cloudy,Dry,Daylight,,,45,Vehicle - Pedalcyclist,0,N,Washington,47.520117012626315,-122.26277739734071
Intersection,MELROSE AVE AND PINE ST,1,Property Damage Only Collision,Cycles,3,0,1,1,0,0,0,2009-02-22T00:00:00.000Z,2/22/2009 2:25:00 PM,At Intersection (intersection related),18.0,"MOTOR VEHICLE STRUCK PEDALCYCLIST, FRONT END AT ANGLE",,0,Clear or Partly Cloudy,Dry,Daylight,Y,,45,Vehicle - Pedalcyclist,0,N,Washington,47.61523842026632,-122.32790375541016
Intersection,MIDVALE AVE N AND N 85TH ST,2,Injury Collision,Cycles,2,0,1,1,1,0,0,2009-04-15T00:00:00.000Z,4/15/2009 7:34:00 AM,At Intersection (intersection related),18.0,"MOTOR VEHICLE STRUCK PEDALCYCLIST, FRONT END AT ANGLE",,0,Clear or Partly Cloudy,Dry,Daylight,,,45,Vehicle - Pedalcyclist,0,N,Washington,47.69054624178382,-122.34237319289913
Intersection,M L KING JR WAY S AND S MASSACHUSETTS ST,1,Property Damage Only Collision,Cycles,2,0,1,1,0,0,0,2009-06-17T00:00:00.000Z,6/17/2009 3:27:00 PM,At Intersection (intersection related),18.0,"MOTOR VEHICLE STRUCK PEDALCYCLIST, FRONT END AT ANGLE",,0,Overcast,Dry,Daylight,Y,,45,Vehicle - Pedalcyclist,524937,N,Washington,47.58831183204907,-122.2980506522027
Intersection,21ST AVE E AND E MERCER ST,2,Injury Collision,Cycles,2,0,1,1,2,0,0,2009-09-22T00:00:00.000Z,9/22/2009 11:46:00 AM,At Intersection (intersection related),18.0,"MOTOR VEHICLE STRUCK PEDALCYCLIST, FRONT END AT ANGLE",,0,Clear or Partly Cloudy,Dry,Daylight,,,45,Vehicle - Pedalcyclist,0,N,Washington,47.62440457437578,-122.30466749422442
Intersection,15TH AVE AND E MADISON ST,2,Injury Collision,Cycles,2,0,1,1,1,0,0,2009-03-12T00:00:00.000Z,3/12/2009 8:43:00 PM,At Intersection (intersection related),18.0,"MOTOR VEHICLE STRUCK PEDALCYCLIST, FRONT END AT ANGLE",,0,Clear or Partly Cloudy,Dry,Dark - Street Lights On,,,45,Vehicle - Pedalcyclist,0,N,Washington,47.61449898544244,-122.31277145484923
Intersection,ALASKAN WAY S AND S DEARBORN ST,2,Injury Collision,Cycles,2,0,1,1,1,0,0,2009-12-08T00:00:00.000Z,12/8/2009,At Intersection (intersection related),18.0,"MOTOR VEHICLE STRUCK PEDALCYCLIST, FRONT END AT ANGLE",,0,Clear or Partly Cloudy,Dry,Dark - Street Lights On,Y,,45,Vehicle - Pedalcyclist,522601,N,Washington,,
Intersection,LEARY WAY NW AND NW 41ST ST,2,Injury Collision,Cycles,2,0,1,1,1,0,0,2009-04-16T00:00:00.000Z,4/16/2009 5:57:00 AM,At Intersection (intersection related),51.0,PEDALCYCLIST STRUCK MOTOR VEHICLE FRONT END AT ANGLE,,0,Overcast,Dry,Dawn,Y,,45,Vehicle - Pedalcyclist,0,N,Washington,47.656936148324654,-122.36276701051996
Intersection,RAINIER AVE S AND S ANGELINE ST,1,Property Damage Only Collision,Cycles,2,0,1,1,0,0,0,2009-06-28T00:00:00.000Z,6/28/2009 5:56:00 PM,At Intersection (intersection related),18.0,"MOTOR VEHICLE STRUCK PEDALCYCLIST, FRONT END AT ANGLE",,0,Clear or Partly Cloudy,Dry,Daylight,Y,,45,Vehicle - Pedalcyclist,0,N,Washington,47.55946382639896,-122.28596362203352
Intersection,UNIVERSITY WAY NE AND NE PACIFIC ST,2,Injury Collision,Cycles,2,0,1,1,1,0,0,2009-05-07T00:00:00.000Z,5/7/2009,At Intersection (intersection related),18.0,"MOTOR VEHICLE STRUCK PEDALCYCLIST, FRONT END AT ANGLE",,0,Raining,Wet,Daylight,Y,,45,Vehicle - Pedalcyclist,522415,N,Washington,47.653399440542536,-122.31333457571537
Intersection,18TH AVE AND E JEFFERSON ST,2,Injury Collision,Cycles,2,0,1,1,1,0,0,2009-05-13T00:00:00.000Z,5/13/2009 3:16:00 PM,At Intersection (intersection related),18.0,"MOTOR VEHICLE STRUCK PEDALCYCLIST, FRONT END AT ANGLE",,0,Raining,Wet,Daylight,Y,,45,Vehicle - Pedalcyclist,0,N,Washington,47.606169971830546,-122.30894195194065
Block,S JACKSON ST BETWEEN 7TH AVE S AND 8TH AVE S,2,Injury Collision,Cycles,2,0,1,1,1,0,0,2009-04-10T00:00:00.000Z,4/10/2009 9:07:00 AM,Mid-Block (not related to intersection),18.0,"MOTOR VEHICLE STRUCK PEDALCYCLIST, FRONT END AT ANGLE",,N,Clear or Partly Cloudy,Dry,Daylight,Y,,45,Vehicle - Pedalcyclist,0,N,Washington,47.599187370613926,-122.32309939355129
Intersection,12TH AVE AND E PINE ST,1,Property Damage Only Collision,Cycles,2,0,1,1,0,0,0,2009-06-02T00:00:00.000Z,6/2/2009,At Intersection (intersection related),21.0,"MOTOR VEHICLE STRUCK PEDALCYCLIST, REAR END",,0,Clear or Partly Cloudy,Dry,Daylight,Y,,45,Vehicle - Pedalcyclist,0,N,Washington,47.615263932778156,-122.31685416865923
Block,CALIFORNIA AVE SW BETWEEN SW GRAHAM ST AND SW EDDY ST,2,Injury Collision,Cycles,3,0,1,2,1,0,0,2009-08-21T00:00:00.000Z,8/21/2009 7:23:00 PM,Driveway Junction,54.0,PEDALCYCLIST STRUCK MOTOR VEHICLE REAR END,,0,Clear or Partly Cloudy,Dry,Daylight,,,45,Vehicle - Pedalcyclist,0,N,Washington,47.546359812530746,-122.38719884139469
Intersection,FREMONT AVE N AND N 36TH ST,1,Property Damage Only Collision,Cycles,4,0,1,1,0,0,0,2009-12-20T00:00:00.000Z,12/20/2009 7:09:00 PM,At Intersection (intersection related),18.0,"MOTOR VEHICLE STRUCK PEDALCYCLIST, FRONT END AT ANGLE",,1,Raining,Wet,Dusk,,,45,Vehicle - Pedalcyclist,0,N,Washington,47.65134880870682,-122.34993445253836
Block,STONE WAY N BETWEEN N NORTHLAKE WAY AND N 34TH ST,2,Injury Collision,Cycles,2,0,1,1,1,0,0,2009-07-13T00:00:00.000Z,7/13/2009 5:26:00 PM,Driveway Junction,51.0,PEDALCYCLIST STRUCK MOTOR VEHICLE FRONT END AT ANGLE,,0,Clear or Partly Cloudy,Dry,Daylight,,,45,Vehicle - Pedalcyclist,0,N,Washington,47.6483511025983,-122.34278486670208
Block,19TH AVE E BETWEEN E ROY ST AND E ALOHA ST,2,Injury Collision,Cycles,2,0,1,1,1,0,0,2009-06-05T00:00:00.000Z,6/5/2009,Mid-Block (not related to intersection),56.0,PEDALCYCLIST STRUCK MOTOR VEHICLE LEFT SIDE SIDESWIPE,,0,Overcast,Dry,Daylight,Y,,45,Vehicle - Pedalcyclist,0,N,Washington,47.626041573444965,-122.30730824910452
Intersection,4TH AVE AND PINE ST,2,Injury Collision,Cycles,2,0,1,1,1,0,0,2009-10-09T00:00:00.000Z,10/9/2009,At Intersection (intersection related),18.0,"MOTOR VEHICLE STRUCK PEDALCYCLIST, FRONT END AT ANGLE",,1,Clear or Partly Cloudy,Dry,Dark - Street Lights On,,,45,Vehicle - Pedalcyclist,0,N,Washington,47.61120737279311,-122.33759198158764
Block,LAKE WASHINGTON BLVD BETWEEN E YESLER WAY AND E HURON ST,2,Injury Collision,Cycles,2,0,1,1,1,0,0,2009-07-25T00:00:00.000Z,7/25/2009 9:18:00 AM,Mid-Block (not related to intersection),56.0,PEDALCYCLIST STRUCK MOTOR VEHICLE LEFT SIDE SIDESWIPE,,0,Clear or Partly Cloudy,Dry,Daylight,,,45,Vehicle - Pedalcyclist,0,N,Washington,47.60190654778146,-122.28710594168659
Intersection,MERIDIAN AVE N AND N 50TH ST,2,Injury Collision,Cycles,3,0,1,1,1,0,0,2009-06-04T00:00:00.000Z,6/4/2009,At Intersection (intersection related),18.0,"MOTOR VEHICLE STRUCK PEDALCYCLIST, FRONT END AT ANGLE",,0,Clear or Partly Cloudy,Dry,Daylight,,,45,Vehicle - Pedalcyclist,0,N,Washington,47.665035720770476,-122.33371870103828
Block,E UNION ST BETWEEN 14TH AVE AND 15TH AVE,2,Injury Collision,Cycles,2,0,1,1,1,0,0,2009-01-21T00:00:00.000Z,1/21/2009 11:06:00 AM,Mid-Block (not related to intersection),18.0,"MOTOR VEHICLE STRUCK PEDALCYCLIST, FRONT END AT ANGLE",,0,Overcast,Dry,Daylight,,,45,Vehicle - Pedalcyclist,0,N,Washington,47.61291457767376,-122.31347563064041
Block,WESTERN AVE BETWEEN EAGLE ST AND BAY ST,2,Injury Collision,Cycles,2,0,1,1,1,0,0,2009-04-23T00:00:00.000Z,4/23/2009 8:00:00 PM,Mid-Block (not related to intersection),23.0,"MOTOR VEHICLE STRUCK PEDALCYCLIST, LEFT SIDE SIDESWIPE",,0,Clear or Partly Cloudy,Dry,Daylight,,,45,Vehicle - Pedalcyclist,0,N,Washington,47.617417409412724,-122.35533927182063
Intersection,7TH AVE AND UNION ST,2,Injury Collision,Cycles,2,0,1,1,1,0,0,2009-05-23T00:00:00.000Z,5/23/2009 8:44:00 PM,At Intersection (intersection related),18.0,"MOTOR VEHICLE STRUCK PEDALCYCLIST, FRONT END AT ANGLE",,0,Clear or Partly Cloudy,Dry,Daylight,,,45,Vehicle - Pedalcyclist,0,N,Washington,47.610614154037115,-122.33244672351381
Block,NE 41ST ST BETWEEN BROOKLYN AVE NE AND UNIVERSITY WAY NE,2,Injury Collision,Cycles,3,0,1,1,1,0,0,2009-03-10T00:00:00.000Z,3/10/2009 7:10:00 PM,Driveway Junction,18.0,"MOTOR VEHICLE STRUCK PEDALCYCLIST, FRONT END AT ANGLE",,0,Clear or Partly Cloudy,Dry,Dusk,,,45,Vehicle - Pedalcyclist,0,N,Washington,47.656841228722534,-122.31382613770815
Intersection,MERCER ST AND TAYLOR AVE N,2,Injury Collision,Cycles,2,0,1,1,1,0,0,2009-08-13T00:00:00.000Z,8/13/2009 8:04:00 AM,At Intersection (intersection related),18.0,"MOTOR VEHICLE STRUCK PEDALCYCLIST, FRONT END AT ANGLE",,0,Overcast,Dry,Daylight,Y,,45,Vehicle - Pedalcyclist,0,N,Washington,47.624558047947815,-122.34626626345265
Block,S DEARBORN ST BETWEEN MAYNARD AVE S AND 7TH AVE S,2,Injury Collision,Cycles,2,0,1,1,1,0,0,2009-06-18T00:00:00.000Z,6/18/2009 6:28:00 AM,Driveway Junction,51.0,PEDALCYCLIST STRUCK MOTOR VEHICLE FRONT END AT ANGLE,Y,0,Clear or Partly Cloudy,Dry,Daylight,Y,,45,Vehicle - Pedalcyclist,0,N,Washington,47.595834328843644,-122.3244180607972
Intersection,SUNNYSIDE AVE N AND N 45TH ST,1,Property Damage Only Collision,Cycles,3,0,1,1,0,0,0,2009-02-10T00:00:00.000Z,2/10/2009 7:31:00 PM,At Intersection (intersection related),18.0,"MOTOR VEHICLE STRUCK PEDALCYCLIST, FRONT END AT ANGLE",,0,Sleet/Hail/Freezing Rain,Wet,Dark - Street Lights On,Y,,45,Vehicle - Pedalcyclist,0,N,Washington,47.66136913158625,-122.33016245961309
Block,NE PACIFIC PL BETWEEN NE PACIFIC ST AND MONTLAKE BLVD NE,2,Injury Collision,Cycles,2,0,1,1,1,0,0,2009-12-18T00:00:00.000Z,12/18/2009 4:28:00 PM,Mid-Block (not related to intersection),18.0,"MOTOR VEHICLE STRUCK PEDALCYCLIST, FRONT END AT ANGLE",,0,Overcast,Dry,Dark - Street Lights On,Y,,45,Vehicle - Pedalcyclist,524520,N,Washington,47.65062622725186,-122.30572030762428
Block,VIRGINIA ST BETWEEN TERRY AVE AND FAIRVIEW AVE,2,Injury Collision,Cycles,4,0,1,1,1,0,0,2009-08-12T00:00:00.000Z,8/12/2009 8:40:00 AM,Mid-Block (not related to intersection),21.0,"MOTOR VEHICLE STRUCK PEDALCYCLIST, REAR END",,0,Clear or Partly Cloudy,Wet,Daylight,Y,,45,Vehicle - Pedalcyclist,0,N,Washington,47.61729106867357,-122.334564371256
Intersection,25TH AVE NE AND NE 117TH ST,2,Injury Collision,Cycles,3,0,1,1,1,0,0,2009-08-10T00:00:00.000Z,8/10/2009 5:27:00 PM,At Intersection (intersection related),51.0,PEDALCYCLIST STRUCK MOTOR VEHICLE FRONT END AT ANGLE,,0,Clear or Partly Cloudy,Dry,Daylight,Y,,45,Vehicle - Pedalcyclist,0,N,Washington,47.713878096852255,-122.3017724316402
Block,STONE WAY N BETWEEN N NORTHLAKE WAY AND N 34TH ST,2,Injury Collision,Cycles,2,0,1,1,1,0,0,2009-08-12T00:00:00.000Z,8/12/2009 9:25:00 AM,Mid-Block (but intersection related),51.0,PEDALCYCLIST STRUCK MOTOR VEHICLE FRONT END AT ANGLE,,0,Clear or Partly Cloudy,Dry,Daylight,,Y,45,Vehicle - Pedalcyclist,523424,N,Washington,47.6483511025983,-122.34278486670208
Intersection,24TH AVE E AND E PROSPECT ST,2,Injury Collision,Cycles,2,0,1,1,1,0,0,2009-01-28T00:00:00.000Z,1/28/2009 8:30:00 AM,At Intersection (intersection related),51.0,PEDALCYCLIST STRUCK MOTOR VEHICLE FRONT END AT ANGLE,,0,Clear or Partly Cloudy,Dry,Daylight,,Y,45,Vehicle - Pedalcyclist,0,N,Washington,47.62926766711782,-122.30166617767364
Intersection,15TH AVE NE AND NE 62ND ST,2,Injury Collision,Cycles,2,0,1,1,1,0,0,2009-09-30T00:00:00.000Z,9/30/2009 8:35:00 AM,At Intersection (intersection related),51.0,PEDALCYCLIST STRUCK MOTOR VEHICLE FRONT END AT ANGLE,,0,Clear or Partly Cloudy,Dry,Daylight,,,45,Vehicle - Pedalcyclist,0,N,Washington,47.67397842706623,-122.31191775546223
Block,GREEN LAKE WAY N BETWEEN N 52ND ST AND N 53RD ST,2,Injury Collision,Cycles,2,0,1,1,1,0,0,2009-04-21T00:00:00.000Z,4/21/2009 5:13:00 PM,Mid-Block (not related to intersection),23.0,"MOTOR VEHICLE STRUCK PEDALCYCLIST, LEFT SIDE SIDESWIPE",Y,0,Clear or Partly Cloudy,Dry,Daylight,,,45,Vehicle - Pedalcyclist,0,N,Washington,47.66674642857474,-122.34008797692695
Intersection,14TH AVE NW AND NW 51ST ST,2,Injury Collision,Cycles,2,0,1,1,1,0,0,2009-12-14T00:00:00.000Z,12/14/2009 5:28:00 PM,At Intersection (intersection related),18.0,"MOTOR VEHICLE STRUCK PEDALCYCLIST, FRONT END AT ANGLE",,0,Raining,Wet,Dark - Street Lights Off,Y,,45,Vehicle - Pedalcyclist,0,N,Washington,47.66570139118975,-122.37359168025992
Intersection,15TH AVE NE AND NE PACIFIC ST,2,Injury Collision,Cycles,3,0,1,2,1,0,0,2009-01-24T00:00:00.000Z,1/24/2009 9:16:00 PM,At Intersection (intersection related),18.0,"MOTOR VEHICLE STRUCK PEDALCYCLIST, FRONT END AT ANGLE",,0,Raining,Wet,Dark - Street Lights On,,,45,Vehicle - Pedalcyclist,520838,N,Washington,47.65297596413605,-122.31246414473328
Intersection,28TH AVE W AND W DRAVUS ST,2,Injury Collision,Cycles,2,0,1,1,1,0,0,2009-06-28T00:00:00.000Z,6/28/2009 7:16:00 PM,At Intersection (intersection related),18.0,"MOTOR VEHICLE STRUCK PEDALCYCLIST, FRONT END AT ANGLE",,0,Clear or Partly Cloudy,Dry,Daylight,,,45,Vehicle - Pedalcyclist,0,N,Washington,47.64864617572081,-122.39290032462755
Intersection,RAINIER AVE S AND S MASSACHUSETTS ST,1,Property Damage Only Collision,Cycles,6,0,1,1,0,0,0,2009-06-28T00:00:00.000Z,6/28/2009 11:39:00 AM,At Intersection (intersection related),18.0,"MOTOR VEHICLE STRUCK PEDALCYCLIST, FRONT END AT ANGLE",,0,Clear or Partly Cloudy,Dry,Daylight,Y,,45,Vehicle - Pedalcyclist,524935,N,Washington,47.588410601323574,-122.30582739649395
Intersection,DENNY WAY AND TERRY AVE,2,Injury Collision,Cycles,3,0,1,1,1,0,0,2009-05-01T00:00:00.000Z,5/1/2009,At Intersection (intersection related),51.0,PEDALCYCLIST STRUCK MOTOR VEHICLE FRONT END AT ANGLE,,0,Clear or Partly Cloudy,Dry,Daylight,Y,,45,Vehicle - Pedalcyclist,0,N,Washington,47.61852689284808,-122.33715073001076