addrtype,location,severitycode,severitydesc,collisiontype,personcount,pedcount,pedcylcount,vehcount,injuries,seriousinjuries,fatalities,incdate,incdttm,junctiontype,sdot_colcode,sdot_coldesc,inattentionind,underinfl,weather,roadcond,lightcond,pedrownotgrnt,speeding,st_colcode,st_coldesc,crosswalkkey,hitparkedcar,state,latitude,longitude
Intersection,DEXTER AVE N AND GARFIELD N ST,2,Injury Collision,Cycles,2,0,1,1,1,0,0,2009-04-10T00:00:00.000Z,4/10/2009 8:21:00 AM,At Intersection (intersection related),18.0,"MOTOR VEHICLE STRUCK PEDALCYCLIST, FRONT END AT ANGLE",,0,Raining,Wet,Daylight,Y,,45,Vehicle - Pedalcyclist,0,N,Washington,47.63342020133894,-122.34228296417204
Intersection,2ND AVE NE AND NE 45TH ST,2,Injury Collision,Cycles,3,0,1,1,1,0,0,2009-05-01T00:00:00.000Z,5/1/2009,At Intersection (intersection related),51.0,PEDALCYCLIST STRUCK MOTOR VEHICLE FRONT END AT ANGLE,,0,Clear or Partly Cloudy,Dry,Daylight,Y,,45,Vehicle - Pedalcyclist,0,N,Washington,47.661354746959546,-122.32725022505704
Intersection,BURKE GILMAN TRL AND NE 65TH ST,2b,Serious Injury Collision,Cycles,2,0,1,1,1,1,0,2009-09-26T00:00:00.000Z,9/26/2009 6:06:00 PM,At Intersection (intersection related),18.0,"MOTOR VEHICLE STRUCK PEDALCYCLIST, FRONT END AT ANGLE",,0,Clear or Partly Cloudy,Dry,Daylight,,,45,Vehicle - Pedalcyclist,524265,N,Washington,47.67573704171851,-122.26656513433059
Block,STEWART ST BETWEEN BOREN AVE AND MINOR AVE,2,Injury Collision,Cycles,2,0,1,1,1,0,0,2009-07-27T00:00:00.000Z,7/27/2009 10:02:00 PM,Driveway Junction,18.0,"MOTOR VEHICLE STRUCK PEDALCYCLIST, FRONT END AT ANGLE",Y,0,Clear or Partly Cloudy,Dry,Dark - Street Lights On,Y,,45,Vehicle - Pedalcyclist,0,N,Washington,47.61727621050019,-122.33228969617555
Block,UNIVERSITY BR BETWEEN FUHRMAN AVE E AND POINT A,1,Property Damage Only Collision,Cycles,2,0,1,1,0,0,0,2009-06-01T00:00:00.000Z,6/1/2009,Mid-Block (not related to intersection),55.0,PEDALCYCLIST STRUCK MOTOR VEHICLE RIGHT SIDE SIDESWIPE,,0,Clear or Partly Cloudy,Dry,Daylight,,,45,Vehicle - Pedalcyclist,0,N,Washington,47.65202472754186,-122.32092404908016
Intersection,BOREN AVE AND PIKE ST,1,Property Damage Only Collision,Cycles,2,0,1,1,0,0,0,2009-09-25T00:00:00.000Z,9/25/2009 4:40:00 PM,At Intersection (intersection related),51.0,PEDALCYCLIST STRUCK MOTOR VEHICLE FRONT END AT ANGLE,,0,Clear or Partly Cloudy,Dry,Daylight,,,45,Vehicle - Pedalcyclist,0,N,Washington,47.61346582031274,-122.328913101671
Block,E ROANOKE ST BETWEEN GLENWILDE PL E AND 25TH AVE E,2,Injury Collision,Cycles,2,0,1,1,1,0,0,2009-05-14T00:00:00.000Z,5/14/2009 2:38:00 PM,Mid-Block (but intersection related),51.0,PEDALCYCLIST STRUCK MOTOR VEHICLE FRONT END AT ANGLE,,0,Clear or Partly Cloudy,Dry,Daylight,,,45,Vehicle - Pedalcyclist,0,N,Washington,47.643149037456034,-122.300714509972
Intersection,1ST AVE S AND S LANDER ST,2,Injury Collision,Cycles,2,0,1,1,1,0,0,2009-01-22T00:00:00.000Z,1/22/2009 7:35:00 AM,At Intersection (intersection related),51.0,PEDALCYCLIST STRUCK MOTOR VEHICLE FRONT END AT ANGLE,,0,Overcast,Dry,Dawn,Y,,45,Vehicle - Pedalcyclist,0,N,Washington,47.579811138377295,-122.33420081438796
Intersection,15TH AV W NB OFF RP AND W DRAVUS ST,2,Injury Collision,Cycles,2,0,2,0,2,0,0,2009-01-21T00:00:00.000Z,1/21/2009 7:23:00 AM,At Intersection (intersection related),58.0,PEDALCYCLIST STRUCK PEDALCYCLIST FRONT END AT ANGLE,,0,Clear or Partly Cloudy,Dry,Dawn,,,45,Vehicle - Pedalcyclist,0,N,Washington,47.64846828541992,-122.37610866447187
Block,BURKE GILMAN TRL BETWEEN 8TH AVE NW AND 8TH AVE NW,2,Injury Collision,Cycles,2,0,1,1,1,0,0,2009-02-20T00:00:00.000Z,2/20/2009 2:05:00 PM,Driveway Junction,18.0,"MOTOR VEHICLE STRUCK PEDALCYCLIST, FRONT END AT ANGLE",,0,Clear or Partly Cloudy,Dry,Daylight,Y,,45,Vehicle - Pedalcyclist,630875,N,Washington,47.659098414835704,-122.36625996251696
Intersection,15TH AVE S AND S COLLEGE ST,2,Injury Collision,Cycles,2,0,1,1,1,0,0,2009-09-13T00:00:00.000Z,9/13/2009 2:25:00 AM,At Intersection (intersection related),18.0,"MOTOR VEHICLE STRUCK PEDALCYCLIST, FRONT END AT ANGLE",,0,Clear or Partly Cloudy,Dry,Dark - Street Lights On,Y,,45,Vehicle - Pedalcyclist,0,N,Washington,47.58298194562986,-122.31339442967251
Intersection,DEXTER AVE N AND MERCER ST,2,Injury Collision,Cycles,2,0,1,1,1,0,0,2009-08-19T00:00:00.000Z,8/19/2009 4:09:00 PM,At Intersection (intersection related),51.0,PEDALCYCLIST STRUCK MOTOR VEHICLE FRONT END AT ANGLE,,0,Clear or Partly Cloudy,Dry,Daylight,Y,,45,Vehicle - Pedalcyclist,0,N,Washington,47.62454972661586,-122.34234960108273
Block,21ST AVE W BETWEEN W EMERSON PL AND W ELMORE ST,2,Injury Collision,Cycles,1,0,1,0,1,0,0,2009-08-01T00:00:00.000Z,8/1/2009,Driveway Junction,69.0,PEDALCYCLIST OVERTURNED IN ROAD,,0,Clear or Partly Cloudy,Dry,Daylight,,,45,Vehicle - Pedalcyclist,0,N,Washington,47.656631259361326,-122.38339089704864
Block,HARVARD AVE E BETWEEN E SHELBY ST AND E GWINN PL,2,Injury Collision,Cycles,2,0,1,1,1,0,0,2009-05-30T00:00:00.000Z,5/30/2009 2:23:00 PM,Driveway Junction,18.0,"MOTOR VEHICLE STRUCK PEDALCYCLIST, FRONT END AT ANGLE",,0,Clear or Partly Cloudy,Dry,Daylight,,Y,45,Vehicle - Pedalcyclist,0,N,Washington,47.647372982924146,-122.32210191385515
Intersection,CALIFORNIA AVE SW AND SW HANFORD ST,2,Injury Collision,Cycles,2,0,1,1,1,0,0,2009-07-03T00:00:00.000Z,7/3/2009,At Intersection (intersection related),18.0,"MOTOR VEHICLE STRUCK PEDALCYCLIST, FRONT END AT ANGLE",,0,Clear or Partly Cloudy,Dry,Daylight,Y,,45,Vehicle - Pedalcyclist,522807,N,Washington,47.57562625119454,-122.38676064834976
Block,M L KING JR WAY BETWEEN E ALDER ST AND E JEFFERSON ST,2,Injury Collision,Cycles,2,0,1,1,1,0,0,2009-09-13T00:00:00.000Z,9/13/2009 2:00:00 PM,Mid-Block (not related to intersection),23.0,"MOTOR VEHICLE STRUCK PEDALCYCLIST, LEFT SIDE SIDESWIPE",,0,Clear or Partly Cloudy,Dry,Daylight,Y,,45,Vehicle - Pedalcyclist,0,N,Washington,47.60520605762989,-122.29679336588457
Block,12TH AVE BETWEEN E REMINGTON CT AND E JEFFERSON ST,1,Property Damage Only Collision,Cycles,2,0,1,1,0,0,0,2009-06-12T00:00:00.000Z,6/12/2009 4:36:00 PM,Mid-Block (not related to intersection),56.0,PEDALCYCLIST STRUCK MOTOR VEHICLE LEFT SIDE SIDESWIPE,,0,Clear or Partly Cloudy,Dry,Daylight,Y,,45,Vehicle - Pedalcyclist,0,N,Washington,47.60588380033929,-122.31678057657798
Block,15TH AVE S BETWEEN S ATLANTIC ST AND S MASSACHUSETTS ST,2,Injury Collision,Cycles,2,0,1,1,1,0,0,2009-06-02T00:00:00.000Z,6/2/2009,Mid-Block (not related to intersection),56.0,PEDALCYCLIST STRUCK MOTOR VEHICLE LEFT SIDE SIDESWIPE,,0,Clear or Partly Cloudy,Dry,Daylight,,,45,Vehicle - Pedalcyclist,0,N,Washington,47.58923541046653,-122.3137509407652
Block,BEACON ER AVE S BETWEEN S DAWSON ST AND S BENNETT N ST,2b,Serious Injury Collision,Cycles,2,0,1,1,1,1,0,2009-01-21T00:00:00.000Z,1/21/2009 7:18:00 AM,Mid-Block (but intersection related),51.0,PEDALCYCLIST STRUCK MOTOR VEHICLE FRONT END AT ANGLE,,0,Clear or Partly Cloudy,Dry,Dawn,,,45,Vehicle - Pedalcyclist,0,N,Washington,47.55563121654081,-122.30313970606909
Intersection,1ST AVE AND VINE ST,2,Injury Collision,Cycles,2,0,1,1,1,0,0,2009-01-21T00:00:00.000Z,1/21/2009 5:16:00 PM,At Intersection (intersection related),18.0,"MOTOR VEHICLE STRUCK PEDALCYCLIST, FRONT END AT ANGLE",,0,Clear or Partly Cloudy,Dry,Daylight,Y,,45,Vehicle - Pedalcyclist,0,N,Washington,47.61524908594235,-122.3496818706592
Intersection,RENTON AVE S AND S HENDERSON ST,1,Property Damage Only Collision,Cycles,2,0,1,1,0,0,0,2009-03-24T00:00:00.000Z,3/24/2009 7:45:00 AM,At Intersection (intersection related),18.0,"MOTOR VEHICLE STRUCK PEDALCYCLIST, FRONT END AT ANGLE",,0,Overcast,Dry,Daylight,,,45,Vehicle - Pedalcyclist,0,N,Washington,47.52331233900897,-122.2764032545482
Block,UNIVERSITY WAY NE BETWEEN NE 43RD ST AND NE 45TH ST,2,Injury Collision,Cycles,2,1,1,0,1,0,0,2009-05-18T00:00:00.000Z,5/18/2009 12:40:00 PM,Mid-Block (not related to intersection),64.0,PEDALCYCLIST STRUCK PEDESTRIAN,,0,Clear or Partly Cloudy,Dry,Daylight,Y,,45,Vehicle - Pedalcyclist,522427,N,Washington,47.66053087564724,-122.31314903324123
Block,15TH AVE W BETWEEN W BLAINE ST AND W HOWE ST,2,Injury Collision,Cycles,2,0,1,1,1,0,0,2009-09-22T00:00:00.000Z,9/22/2009 9:03:00 AM,Mid-Block (not related to intersection),18.0,"MOTOR VEHICLE STRUCK PEDALCYCLIST, FRONT END AT ANGLE",,0,Clear or Partly Cloudy,Dry,Daylight,Y,,45,Vehicle - Pedalcyclist,0,N,Washington,47.6353862504601,-122.37613581336176
Intersection,12TH AVE NE AND NE 125TH ST,1,Property Damage Only Collision,Cycles,2,0,1,1,0,0,0,2009-03-18T00:00:00.000Z,3/18/2009 4:57:00 PM,At Intersection (intersection related),51.0,PEDALCYCLIST STRUCK MOTOR VEHICLE FRONT END AT ANGLE,,0,Clear or Partly Cloudy,Dry,Daylight,,,45,Vehicle - Pedalcyclist,0,N,Washington,47.719431869819296,-122.31540634185845
Block,LEARY WAY NW BETWEEN NW BOWDOIN N PL AND NW 40TH ST,2,Injury Collision,Cycles,2,0,1,1,1,0,0,2009-07-12T00:00:00.000Z,7/12/2009 12:01:00 PM,Driveway Junction,18.0,"MOTOR VEHICLE STRUCK PEDALCYCLIST, FRONT END AT ANGLE",,0,Unknown,Unknown,Dark - Street Lights Off,Y,,45,Vehicle - Pedalcyclist,0,N,Washington,47.655624257484945,-122.36149436990057
Block,10TH AVE E BETWEEN E MILLER ST AND E ROANOKE W ST,1,Property Damage Only Collision,Cycles,2,0,1,1,0,0,0,2009-07-10T00:00:00.000Z,7/10/2009 10:28:00 PM,Mid-Block (not related to intersection),56.0,PEDALCYCLIST STRUCK MOTOR VEHICLE LEFT SIDE SIDESWIPE,,0,Clear or Partly Cloudy,Dry,Dark - Street Lights On,,,45,Vehicle - Pedalcyclist,0,N,Washington,47.64227343347911,-122.32005761622581
Block,1ST AVE S BETWEEN YESLER WAY AND S WASHINGTON ST,2,Injury Collision,Cycles,2,0,1,1,1,0,0,2009-05-15T00:00:00.000Z,5/15/2009 11:42:00 PM,Mid-Block (but intersection related),56.0,PEDALCYCLIST STRUCK MOTOR VEHICLE LEFT SIDE SIDESWIPE,,1,Clear or Partly Cloudy,Dry,Dark - Street Lights On,,,45,Vehicle - Pedalcyclist,0,N,Washington,47.60130412800311,-122.33418005591764
Intersection,MERIDIAN AVE N AND N 92ND ST,2,Injury Collision,Cycles,3,0,1,1,1,0,0,2009-09-25T00:00:00.000Z,9/25/2009 9:05:00 PM,At Intersection (intersection related),18.0,"MOTOR VEHICLE STRUCK PEDALCYCLIST, FRONT END AT ANGLE",,0,Clear or Partly Cloudy,Dry,Dark - Street Lights Off,Y,,45,Vehicle - Pedalcyclist,0,N,Washington,47.695946657056105,-122.33380390845657
Intersection,17TH AVE NW AND SHILSHOLE AVE NW,2,Injury Collision,Cycles,2,0,1,1,1,0,0,2009-07-17T00:00:00.000Z,7/17/2009 7:20:00 AM,At Intersection (intersection related),18.0,"MOTOR VEHICLE STRUCK PEDALCYCLIST, FRONT END AT ANGLE",,0,Clear or Partly Cloudy,Dry,Daylight,,,45,Vehicle - Pedalcyclist,0,N,Washington,47.6623896548719,-122.37889419934376
Intersection,HARRISON ST AND WESTLAKE AVE N,2,Injury Collision,Cycles,2,0,1,1,1,0,0,2009-07-29T00:00:00.000Z,7/29/2009 8:39:00 AM,At Intersection (intersection related),18.0,"MOTOR VEHICLE STRUCK PEDALCYCLIST, FRONT END AT ANGLE",,0,Clear or Partly Cloudy,Dry,Daylight,,,45,Vehicle - Pedalcyclist,0,N,Washington,47.6220412354285,-122.3384557066986
Block,S DEARBORN ST BETWEEN RAINIER AVE S AND HIAWATHA PL S,2,Injury Collision,Cycles,2,0,1,1,1,0,0,2009-04-08T00:00:00.000Z,4/8/2009,Driveway Junction,56.0,PEDALCYCLIST STRUCK MOTOR VEHICLE LEFT SIDE SIDESWIPE,,0,Overcast,Dry,Daylight,,,45,Vehicle - Pedalcyclist,0,N,Washington,47.595873775628064,-122.31087581754964
Intersection,3RD AVE AND VINE ST,2b,Serious Injury Collision,Cycles,2,0,1,1,1,1,0,2009-08-05T00:00:00.000Z,8/5/2009,At Intersection (intersection related),18.0,"MOTOR VEHICLE STRUCK PEDALCYCLIST, FRONT END AT ANGLE",,0,Clear or Partly Cloudy,Dry,Daylight,Y,,45,Vehicle - Pedalcyclist,0,N,Washington,47.61657884246956,-122.3479637662434
Block,VALLEY ST BETWEEN BOREN AVE N AND FAIRVIEW AVE N,1,Property Damage Only Collision,Cycles,2,0,1,1,0,0,0,2009-12-10T00:00:00.000Z,12/10/2009 8:28:00 PM,Driveway Junction,51.0,PEDALCYCLIST STRUCK MOTOR VEHICLE FRONT END AT ANGLE,,0,Clear or Partly Cloudy,Dry,Dark - Street Lights On,Y,,45,Vehicle - Pedalcyclist,0,N,Washington,47.62577678511252,-122.3350870019462
Intersection,STONE WAY N AND N ALLEN PL,2,Injury Collision,Cycles,2,0,1,1,1,0,0,2009-07-28T00:00:00.000Z,7/28/2009 10:24:00 PM,At Intersection (intersection related),18.0,"MOTOR VEHICLE STRUCK PEDALCYCLIST, FRONT END AT ANGLE",,0,Clear or Partly Cloudy,Dry,Dark - Street Lights On,Y,,45,Vehicle - Pedalcyclist,0,N,Washington,47.66067212109103,-122.3421813240287
Intersection,1ST AVE AND WARREN PL,2,Injury Collision,Cycles,2,0,1,1,1,0,0,2009-01-06T00:00:00.000Z,1/6/2009,At Intersection (intersection related),21.0,"MOTOR VEHICLE STRUCK PEDALCYCLIST, REAR END",,0,Raining,Wet,Dark - Street Lights On,Y,Y,45,Vehicle - Pedalcyclist,0,N,Washington,47.61788948020937,-122.35415335423576
Intersection,BAGLEY AVE N AND N 77TH ST,2,Injury Collision,Cycles,3,0,1,1,2,0,0,2009-10-07T00:00:00.000Z,10/7/2009,At Intersection (intersection related),51.0,PEDALCYCLIST STRUCK MOTOR VEHICLE FRONT END AT ANGLE,,0,Clear or Partly Cloudy,Dry,Daylight,,Y,45,Vehicle - Pedalcyclist,0,N,Washington,47.68508443680218,-122.33162119334877
Block,STONE WAY N BETWEEN N 41ST N ST AND N 42ND ST,2,Injury Collision,Cycles,2,0,1,1,1,0,0,2009-09-15T00:00:00.000Z,9/15/2009 5:07:00 PM,Driveway Junction,51.0,PEDALCYCLIST STRUCK MOTOR VEHICLE FRONT END AT ANGLE,,0,Clear or Partly Cloudy,Dry,Daylight,Y,,45,Vehicle - Pedalcyclist,0,N,Washington,47.65743060957786,-122.34234102396195
Intersection,SUMMIT AVE AND E PINE ST,2,Injury Collision,Cycles,3,0,1,1,1,0,0,2009-10-22T00:00:00.000Z,10/22/2009 6:53:00 PM,At Intersection (intersection related),23.0,"MOTOR VEHICLE STRUCK PEDALCYCLIST, LEFT SIDE SIDESWIPE",,0,Clear or Partly Cloudy,Dry,Dark - Street Lights On,,,45,Vehicle - Pedalcyclist,0,N,Washington,47.615218748198224,-122.32552884050469
Block,ALKI TRL BETWEEN DUWAMISH HEAD AND 62ND AVE SW,2,Injury Collision,Cycles,2,1,1,0,2,0,0,2009-07-22T00:00:00.000Z,7/22/2009 12:17:00 PM,Mid-Block (not related to intersection),64.0,PEDALCYCLIST STRUCK PEDESTRIAN,,0,Overcast,Dry,Daylight,,,45,Vehicle - Pedalcyclist,0,N,Washington,47.58674175249408,-122.39755180931714
Intersection,ROOSEVELT WAY NE AND NE 65TH ST,2,Injury Collision,Cycles,3,0,1,1,1,0,0,2009-09-20T00:00:00.000Z,9/20/2009 4:53:00 PM,At Intersection (intersection related),18.0,"MOTOR VEHICLE STRUCK PEDALCYCLIST, FRONT END AT ANGLE",,0,Clear or Partly Cloudy,Dry,Daylight,Y,,45,Vehicle - Pedalcyclist,524480,N,Washington,47.67582932762448,-122.31736322087171
Intersection,12TH AVE S AND S WELLER ST,2,Injury Collision,Cycles,2,0,1,1,1,0,0,2009-04-17T00:00:00.000Z,4/17/2009 5:41:00 PM,At Intersection (intersection related),18.0,"MOTOR VEHICLE STRUCK PEDALCYCLIST, FRONT END AT ANGLE",,0,Clear or Partly Cloudy,Dry,Daylight,Y,,45,Vehicle - Pedalcyclist,525494,N,Washington,47.597499571589154,-122.31722672722155
Intersection,15TH AVE NE AND NE 50TH ST,1,Property Damage Only Collision,Cycles,2,0,1,1,0,0,0,2009-02-19T00:00:00.000Z,2/19/2009 2:49:00 PM,At Intersection (intersection related),18.0,"MOTOR VEHICLE STRUCK PEDALCYCLIST, FRONT END AT ANGLE",,0,Clear or Partly Cloudy,Dry,Daylight,Y,,45,Vehicle - Pedalcyclist,0,N,Washington,47.664892810988796,-122.31193741873598
Intersection,23RD AVE S AND S MCCLELLAN ST,2,Injury Collision,Cycles,2,0,1,1,1,0,0,2009-11-06T00:00:00.000Z,11/6/2009,At Intersection (intersection related),51.0,PEDALCYCLIST STRUCK MOTOR VEHICLE FRONT END AT ANGLE,,0,Raining,Sand/Mud/Dirt,Dark - Street Lights On,Y,,45,Vehicle - Pedalcyclist,0,N,Washington,47.578351079496116,-122.30332510506165
Block,S JUNEAU ST BETWEEN 25TH AVE S AND 28TH AVE S,2,Injury Collision,Cycles,2,0,1,1,1,0,0,2009-04-08T00:00:00.000Z,4/8/2009,Driveway Junction,18.0,"MOTOR VEHICLE STRUCK PEDALCYCLIST, FRONT END AT ANGLE",,0,Overcast,Dry,Dark - No Street Lights,,,45,Vehicle - Pedalcyclist,0,N,Washington,47.54997973497639,-122.29859596584393
Block,LAKESIDE AVE S BETWEEN E YESLER WAY AND S LESCHI PL,2,Injury Collision,Cycles,2,0,1,1,1,0,0,2009-04-07T00:00:00.000Z,4/7/2009,Mid-Block (not related to intersection),56.0,PEDALCYCLIST STRUCK MOTOR VEHICLE LEFT SIDE SIDESWIPE,,0,Clear or Partly Cloudy,Dry,Daylight,,,45,Vehicle - Pedalcyclist,0,N,Washington,47.60062883817975,-122.28571351067009
Block,19TH AVE E BETWEEN E MERCER ST AND E ROY ST,2,Injury Collision,Cycles,2,0,1,1,1,0,0,2009-02-19T00:00:00.000Z,2/19/2009 2:21:00 PM,Mid-Block (not related to intersection),56.0,PEDALCYCLIST STRUCK MOTOR VEHICLE LEFT SIDE SIDESWIPE,,0,Clear or Partly Cloudy,Dry,Daylight,,,45,Vehicle - Pedalcyclist,0,N,Washington,47.62482521360421,-122.30730943459743
Intersection,TALLMAN AVE NW AND NW MARKET ST,2,Injury Collision,Cycles,2,0,1,1,1,0,0,2009-08-18T00:00:00.000Z,8/18/2009 4:00:00 PM,At Intersection (intersection related),18.0,"MOTOR VEHICLE STRUCK PEDALCYCLIST, FRONT END AT ANGLE",,0,Clear or Partly Cloudy,Dry,Daylight,Y,,45,Vehicle - Pedalcyclist,596167,N,Washington,47.66867507383785,-122.38157414888278
Intersection,5TH AVE AND OLIVE WAY,2b,Serious Injury Collision,Cycles,2,0,1,1,1,1,0,2009-08-24T00:00:00.000Z,8/24/2009 4:40:00 PM,At Intersection (intersection related),51.0,PEDALCYCLIST STRUCK MOTOR VEHICLE FRONT END AT ANGLE,,0,Clear or Partly Cloudy,Dry,Daylight,,,45,Vehicle - Pedalcyclist,0,N,Washington,47.61266534728218,-122.33739360436388
Block,24TH AVE NW BETWEEN NW 64TH ST AND NW 65TH ST,3,Fatality Collision,Cycles,2,0,1,1,0,0,1,2009-02-04T00:00:00.000Z,2/4/2009,Mid-Block (not related to intersection),18.0,"MOTOR VEHICLE STRUCK PEDALCYCLIST, FRONT END AT ANGLE",,0,Clear or Partly Cloudy,Dry,Daylight,,,45,Vehicle - Pedalcyclist,0,N,Washington,47.675617110914644,-122.38758443927021
Block,4TH AVE BETWEEN LENORA ST AND BLANCHARD ST,2b,Serious Injury Collision,Cycles,3,0,1,2,1,1,0,2009-02-28T00:00:00.000Z,2/28/2009 6:50:00 PM,Mid-Block (not related to intersection),56.0,PEDALCYCLIST STRUCK MOTOR VEHICLE LEFT SIDE SIDESWIPE,,0,Clear or Partly Cloudy,Dry,Dark - Street Lights On,,,45,Vehicle - Pedalcyclist,0,N,Washington,47.61421489351256,-122.34198208867042
Block,E OLIVE WAY BETWEEN SUMMIT AVE E AND E JOHN ST,2,Injury Collision,Cycles,2,0,1,1,1,0,0,2009-11-06T00:00:00.000Z,11/6/2009,Driveway Junction,18.0,"MOTOR VEHICLE STRUCK PEDALCYCLIST, FRONT END AT ANGLE",,0,Raining,Wet,Daylight,Y,,45,Vehicle - Pedalcyclist,0,N,Washington,47.61927351293272,-122.32483051743284
Block,NE 45TH ST BETWEEN 1ST AVE NE AND 2ND AVE NE,2,Injury Collision,Cycles,2,0,1,1,1,0,0,2009-10-21T00:00:00.000Z,10/21/2009 2:16:00 PM,Driveway Junction,51.0,PEDALCYCLIST STRUCK MOTOR VEHICLE FRONT END AT ANGLE,,0,Clear or Partly Cloudy,Dry,Daylight,Y,,45,Vehicle - Pedalcyclist,0,N,Washington,47.66135727672546,-122.32775751125796
Intersection,EAST GREEN LAKE DR N AND NE RAVENNA EB BV,2,Injury Collision,Cycles,2,0,1,1,1,0,0,2009-08-27T00:00:00.000Z,8/27/2009 2:24:00 PM,At Intersection (intersection related),18.0,"MOTOR VEHICLE STRUCK PEDALCYCLIST, FRONT END AT ANGLE",,0,Clear or Partly Cloudy,Dry,Daylight,Y,,45,Vehicle - Pedalcyclist,524088,N,Washington,47.67981701513979,-122.32571289789236
Block,BALLARD AVE NW BETWEEN 20TH AVE NW AND NW VERNON PL,2,Injury Collision,Cycles,3,0,2,1,2,0,0,2009-07-19T00:00:00.000Z,7/19/2009 7:17:00 PM,Mid-Block (not related to intersection),56.0,PEDALCYCLIST STRUCK MOTOR VEHICLE LEFT SIDE SIDESWIPE,,0,Clear or Partly Cloudy,Dry,Daylight,,,45,Vehicle - Pedalcyclist,0,N,Washington,47.6659563179465,-122.38266506709364
Intersection,14TH AVE AND E JEFFERSON ST,1,Property Damage Only Collision,Cycles,2,0,1,1,0,0,0,2009-10-19T00:00:00.000Z,10/19/2009 5:00:00 PM,At Intersection (intersection related),18.0,"MOTOR VEHICLE STRUCK PEDALCYCLIST, FRONT END AT ANGLE",Y,0,Clear or Partly Cloudy,Dry,Daylight,Y,,45,Vehicle - Pedalcyclist,524055,N,Washington,47.60619196390571,-122.31416533449709
Block,S DEARBORN ST BETWEEN MAYNARD AVE S AND 7TH AVE S,2,Injury Collision,Cycles,3,0,1,1,1,0,0,2009-02-27T00:00:00.000Z,2/27/2009 10:00:00 AM,Mid-Block (not related to intersection),51.0,PEDALCYCLIST STRUCK MOTOR VEHICLE FRONT END AT ANGLE,,0,Clear or Partly Cloudy,Dry,Daylight,Y,,45,Vehicle - Pedalcyclist,0,N,Washington,47.595834328843644,-122.3244180607972
Block,JAMES ST BETWEEN 2ND AVE AND 3RD AVE,2,Injury Collision,Cycles,5,0,1,2,1,0,0,2009-08-22T00:00:00.000Z,8/22/2009 8:32:00 PM,Mid-Block (but intersection related),54.0,PEDALCYCLIST STRUCK MOTOR VEHICLE REAR END,Y,0,Clear or Partly Cloudy,Dry,Dark - Street Lights On,,,45,Vehicle - Pedalcyclist,0,N,Washington,47.60253667215804,-122.33196570583172
Intersection,1ST AVE NE AND NE 56TH ST,3,Fatality Collision,Cycles,4,0,1,1,0,0,1,2009-03-11T00:00:00.000Z,3/11/2009 10:25:00 AM,At Intersection (intersection related),18.0,"MOTOR VEHICLE STRUCK PEDALCYCLIST, FRONT END AT ANGLE",,0,Clear or Partly Cloudy,Dry,Daylight,,,45,Vehicle - Pedalcyclist,0,N,Washington,47.669365574472316,-122.32825777944271
Intersection,MCGILVRA BLVD E AND E MADISON S ST,2,Injury Collision,Cycles,2,0,1,1,1,0,0,2009-01-12T00:00:00.000Z,1/12/2009 5:49:00 PM,At Intersection (intersection related),51.0,PEDALCYCLIST STRUCK MOTOR VEHICLE FRONT END AT ANGLE,,0,Raining,Wet,Dark - No Street Lights,Y,,45,Vehicle - Pedalcyclist,0,N,Washington,47.63337181281477,-122.2815784935638
Block,1ST AVE S BETWEEN RAILROAD S WAY S AND S ROYAL BROUGHAM WAY,2,Injury Collision,Cycles,1,0,1,0,1,0,0,2009-04-16T00:00:00.000Z,4/16/2009 6:59:00 PM,Driveway Junction,18.0,"MOTOR VEHICLE STRUCK PEDALCYCLIST, FRONT END AT ANGLE",,0,Clear or Partly Cloudy,Dry,Daylight,,,45,Vehicle - Pedalcyclist,0,N,Washington,47.594039730514666,-122.3341922762974
Intersection,ARBORETUM DR E AND LAKE WASHINGTON BLVD E,2b,Serious Injury Collision,Cycles,2,1,1,0,2,1,0,2009-07-19T00:00:00.000Z,7/19/2009 2:40:00 PM,At Intersection (intersection related),64.0,PEDALCYCLIST STRUCK PEDESTRIAN,,0,Clear or Partly Cloudy,Dry,Daylight,Y,,45,Vehicle - Pedalcyclist,0,N,Washington,47.628152870723845,-122.29408106699304
Intersection,21ST AVE AND E UNION ST,2,Injury Collision,Cycles,2,0,1,1,1,0,0,2009-06-29T00:00:00.000Z,6/29/2009 3:55:00 PM,At Intersection (intersection related),18.0,"MOTOR VEHICLE STRUCK PEDALCYCLIST, FRONT END AT ANGLE",,0,Clear or Partly Cloudy,Dry,Daylight,Y,,45,Vehicle - Pedalcyclist,0,N,Washington,47.6129212902877,-122.30494951080604
Intersection,17TH AVE S AND S JACKSON ST,2,Injury Collision,Cycles,3,0,1,1,1,0,0,2009-10-12T00:00:00.000Z,10/12/2009 6:55:00 AM,At Intersection (intersection related),18.0,"MOTOR VEHICLE STRUCK PEDALCYCLIST, FRONT END AT ANGLE",,0,Clear or Partly Cloudy,Dry,Dawn,Y,,45,Vehicle - Pedalcyclist,0,N,Washington,47.59923179338943,-122.31027221407935
Intersection,22ND AVE NW AND NW 62ND ST,1,Property Damage Only Collision,Cycles,2,0,1,1,0,0,0,2009-01-14T00:00:00.000Z,1/14/2009 3:15:00 PM,At Intersection (intersection related),18.0,"MOTOR VEHICLE STRUCK PEDALCYCLIST, FRONT END AT ANGLE",,0,Clear or Partly Cloudy,Dry,Unknown,,,45,Vehicle - Pedalcyclist,0,N,Washington,47.67382941148709,-122.38474112425641