addrtype,location,severitycode,severitydesc,collisiontype,personcount,pedcount,pedcylcount,vehcount,injuries,seriousinjuries,fatalities,incdate,incdttm,junctiontype,sdot_colcode,sdot_coldesc,inattentionind,underinfl,weather,roadcond,lightcond,pedrownotgrnt,speeding,st_colcode,st_coldesc,crosswalkkey,hitparkedcar,state,latitude,longitude
Block,ROOSEVELT WAY NE BETWEEN NE 42ND N ST AND NE 43RD S ST,2,Injury Collision,Cycles,1,0,1,0,1,0,0,2009-04-17T00:00:00.000Z,4/17/2009 9:28:00 AM,Mid-Block (not related to intersection),69.0,PEDALCYCLIST OVERTURNED IN ROAD,,0,Overcast,Wet,Daylight,,,45,Vehicle - Pedalcyclist,0,N,Washington,47.65891124921488,-122.31776595018732
Block,51ST AVE S BETWEEN RAINIER AVE S AND S BARTON PL,2,Injury Collision,Cycles,2,0,1,1,1,0,0,2009-07-21T00:00:00.000Z,7/21/2009 11:27:00 AM,Mid-Block (but intersection related),51.0,PEDALCYCLIST STRUCK MOTOR VEHICLE FRONT END AT ANGLE,,0,Clear or Partly Cloudy,Dry,Daylight,,,45,Vehicle - Pedalcyclist,0,N,Washington,47.520054160107954,-122.26982140770949
Intersection,CORLISS AVE N AND N NORTHGATE WAY,2,Injury Collision,Cycles,2,0,1,1,1,0,0,2009-01-26T00:00:00.000Z,1/26/2009 12:05:00 PM,At Intersection (intersection related),51.0,PEDALCYCLIST STRUCK MOTOR VEHICLE FRONT END AT ANGLE,,0,Clear or Partly Cloudy,Dry,Daylight,,,45,Vehicle - Pedalcyclist,0,N,Washington,47.70864592480071,-122.33131365385418
Block,NE 65TH ST BETWEEN 44TH AVE NE AND 45TH AVE NE,2b,Serious Injury Collision,Cycles,2,0,1,1,1,1,0,2009-08-03T00:00:00.000Z,8/3/2009,Mid-Block (not related to intersection),54.0,PEDALCYCLIST STRUCK MOTOR VEHICLE REAR END,,0,Clear or Partly Cloudy,Dry,Daylight,,,45,Vehicle - Pedalcyclist,0,N,Washington,47.675788904816656,-122.28020712975086
Intersection,18TH AVE AND E UNION ST,2,Injury Collision,Cycles,2,0,1,1,1,0,0,2009-02-01T00:00:00.000Z,2/1/2009,At Intersection (intersection related),51.0,PEDALCYCLIST STRUCK MOTOR VEHICLE FRONT END AT ANGLE,,0,Clear or Partly Cloudy,Dry,Dark - Street Lights On,Y,,45,Vehicle - Pedalcyclist,0,N,Washington,47.612901753286074,-122.30886086811044
Intersection,FAIRVIEW AVE N AND FAIRVIEW PL N,2,Injury Collision,Cycles,2,0,1,1,1,0,0,2009-05-25T00:00:00.000Z,5/25/2009 11:42:00 PM,At Intersection (intersection related),18.0,"MOTOR VEHICLE STRUCK PEDALCYCLIST, FRONT END AT ANGLE",,0,Clear or Partly Cloudy,Dry,Dark - Street Lights On,,,45,Vehicle - Pedalcyclist,0,N,Washington,47.62628087670744,-122.33400849264623
Block,BROADWAY E BETWEEN E DENNY WAY AND E OLIVE WAY,2,Injury Collision,Cycles,2,0,1,1,1,0,0,2009-10-19T00:00:00.000Z,10/19/2009 6:45:00 PM,Mid-Block (but intersection related),23.0,"MOTOR VEHICLE STRUCK PEDALCYCLIST, LEFT SIDE SIDESWIPE",,0,Clear or Partly Cloudy,Dry,Dusk,Y,,45,Vehicle - Pedalcyclist,0,N,Washington,47.61932227618106,-122.32086366598641
Intersection,MERIDIAN AVE N AND N 145TH ST,2,Injury Collision,Cycles,2,0,1,1,1,0,0,2009-07-10T00:00:00.000Z,7/10/2009 6:45:00 PM,At Intersection (intersection related),18.0,"MOTOR VEHICLE STRUCK PEDALCYCLIST, FRONT END AT ANGLE",,0,Clear or Partly Cloudy,Dry,Daylight,,,45,Vehicle - Pedalcyclist,523998,N,Washington,47.73413650138539,-122.3342759432768
Block,E THOMAS ST BETWEEN 15TH S AVE E AND 16TH AVE E,2,Injury Collision,Cycles,2,0,1,1,1,0,0,2009-02-04T00:00:00.000Z,2/4/2009,Driveway Junction,18.0,"MOTOR VEHICLE STRUCK PEDALCYCLIST, FRONT END AT ANGLE",,0,Clear or Partly Cloudy,Dry,Dawn,Y,,45,Vehicle - Pedalcyclist,0,N,Washington,47.62050127523856,-122.31205001225342
Intersection,15TH AVE NW AND NW 75TH ST,2,Injury Collision,Cycles,3,0,1,1,1,0,0,2009-02-02T00:00:00.000Z,2/2/2009,At Intersection (intersection related),18.0,"MOTOR VEHICLE STRUCK PEDALCYCLIST, FRONT END AT ANGLE",,0,Clear or Partly Cloudy,Dry,Daylight,,,45,Vehicle - Pedalcyclist,521278,N,Washington,47.683237918990315,-122.37678003461723
Intersection,BROOKLYN AVE NE AND BURKE GILMAN TRL,1,Property Damage Only Collision,Cycles,2,0,1,1,0,0,0,2009-11-16T00:00:00.000Z,11/16/2009 5:10:00 PM,At Intersection (intersection related),18.0,"MOTOR VEHICLE STRUCK PEDALCYCLIST, FRONT END AT ANGLE",,0,Raining,Wet,Dark - Street Lights Off,,,45,Vehicle - Pedalcyclist,525567,N,Washington,47.654209093695,-122.31447179623804
Block,NW 83RD ST BETWEEN MARY AVE NW AND 15TH AVE NW,1,Property Damage Only Collision,Cycles,2,0,1,1,0,0,0,2009-05-16T00:00:00.000Z,5/16/2009 12:59:00 PM,Mid-Block (but intersection related),54.0,PEDALCYCLIST STRUCK MOTOR VEHICLE REAR END,,0,Clear or Partly Cloudy,Dry,Daylight,,,45,Vehicle - Pedalcyclist,0,N,Washington,47.6887266201027,-122.37612772578353
Block,MERCER SR ST BETWEEN BOREN AVE N AND FAIRVIEW N AVE N,2,Injury Collision,Cycles,2,0,1,1,1,0,0,2009-01-21T00:00:00.000Z,1/21/2009 9:20:00 AM,Driveway Junction,18.0,"MOTOR VEHICLE STRUCK PEDALCYCLIST, FRONT END AT ANGLE",,0,Clear or Partly Cloudy,Dry,Daylight,Y,,45,Vehicle - Pedalcyclist,0,N,Washington,47.62461787219193,-122.33506154594276
Block,NE 55TH ST BETWEEN 43RD AVE NE AND 45TH AVE NE,2,Injury Collision,Cycles,2,0,1,1,1,0,0,2009-03-07T00:00:00.000Z,3/7/2009,Mid-Block (not related to intersection),56.0,PEDALCYCLIST STRUCK MOTOR VEHICLE LEFT SIDE SIDESWIPE,,0,Overcast,Wet,Daylight,,,45,Vehicle - Pedalcyclist,0,N,Washington,47.66878859433042,-122.2808018201054
Intersection,M L KING JR WAY AND E ALDER ST,2,Injury Collision,Cycles,3,0,1,1,1,0,0,2009-04-26T00:00:00.000Z,4/26/2009 6:49:00 PM,At Intersection (intersection related),18.0,"MOTOR VEHICLE STRUCK PEDALCYCLIST, FRONT END AT ANGLE",,0,Clear or Partly Cloudy,Dry,Daylight,,,45,Vehicle - Pedalcyclist,0,N,Washington,47.60424209795997,-122.29679819285737
Block,TAYLOR AVE N BETWEEN ALOHA ST AND WARD PL,1,Property Damage Only Collision,Cycles,2,0,1,1,0,0,0,2009-04-25T00:00:00.000Z,4/25/2009 7:00:00 AM,Mid-Block (not related to intersection),11.0,"MOTOR VEHICLE STRUCK MOTOR VEHICLE, FRONT END AT ANGLE",,0,Clear or Partly Cloudy,Dry,Dawn,,,45,Vehicle - Pedalcyclist,0,N,Washington,47.627274834324105,-122.3462437216086
Block,NE 45TH ST BETWEEN 1ST AVE NE AND 2ND AVE NE,2,Injury Collision,Cycles,2,0,1,1,1,0,0,2009-04-24T00:00:00.000Z,4/24/2009 5:15:00 PM,Driveway Junction,51.0,PEDALCYCLIST STRUCK MOTOR VEHICLE FRONT END AT ANGLE,,0,Clear or Partly Cloudy,Dry,Daylight,Y,,45,Vehicle - Pedalcyclist,0,N,Washington,47.66135727672546,-122.32775751125796
Block,WESTERN AVE BETWEEN UNION ST AND PIKE ST,2,Injury Collision,Cycles,2,0,1,1,1,0,0,2009-08-13T00:00:00.000Z,8/13/2009 6:15:00 PM,Driveway Junction,51.0,PEDALCYCLIST STRUCK MOTOR VEHICLE FRONT END AT ANGLE,,0,Overcast,Wet,Daylight,Y,,45,Vehicle - Pedalcyclist,0,N,Washington,47.60785918363553,-122.34066884673305
Intersection,BELMONT AVE E AND E OLIVE WAY,2,Injury Collision,Cycles,3,1,1,1,1,0,0,2009-05-06T00:00:00.000Z,5/6/2009,At Intersection (intersection related),64.0,PEDALCYCLIST STRUCK PEDESTRIAN,,0,Raining,Wet,Daylight,Y,,45,Vehicle - Pedalcyclist,0,N,Washington,47.61966624417621,-122.324011265552
Intersection,20TH AVE NE AND LAKE CITY WAY NE,2,Injury Collision,Cycles,2,0,1,1,1,0,0,2009-10-01T00:00:00.000Z,10/1/2009,At Intersection (intersection related),18.0,"MOTOR VEHICLE STRUCK PEDALCYCLIST, FRONT END AT ANGLE",,0,Clear or Partly Cloudy,Wet,Daylight,Y,,45,Vehicle - Pedalcyclist,524603,N,Washington,47.691236166631654,-122.30684853557621
Block,ALASKAN WAY BETWEEN PINE ST AND VIRGINIA ST,2,Injury Collision,Cycles,3,0,1,1,1,0,0,2009-06-02T00:00:00.000Z,6/2/2009,Mid-Block (not related to intersection),56.0,PEDALCYCLIST STRUCK MOTOR VEHICLE LEFT SIDE SIDESWIPE,,0,Clear or Partly Cloudy,Dry,Daylight,,,45,Vehicle - Pedalcyclist,0,N,Washington,47.608900558191024,-122.3444403936804
Intersection,12TH AVE NE AND NE 75TH ST,2b,Serious Injury Collision,Cycles,2,0,1,1,1,1,0,2009-07-07T00:00:00.000Z,7/7/2009,At Intersection (intersection related),18.0,"MOTOR VEHICLE STRUCK PEDALCYCLIST, FRONT END AT ANGLE",,0,Clear or Partly Cloudy,Dry,Daylight,Y,,45,Vehicle - Pedalcyclist,521080,N,Washington,47.68308626417001,-122.31527968863085
Intersection,BELLEVUE AVE AND E PIKE ST,2,Injury Collision,Cycles,2,0,1,1,1,0,0,2009-06-23T00:00:00.000Z,6/23/2009 5:11:00 PM,At Intersection (intersection related),18.0,"MOTOR VEHICLE STRUCK PEDALCYCLIST, FRONT END AT ANGLE",,0,Clear or Partly Cloudy,Dry,Daylight,Y,,45,Vehicle - Pedalcyclist,0,N,Washington,47.614088126888205,-122.32682047281412
Intersection,11TH AVE AND E PINE ST,2,Injury Collision,Cycles,4,0,1,1,1,0,0,2009-06-12T00:00:00.000Z,6/12/2009 9:20:00 PM,At Intersection (intersection related),18.0,"MOTOR VEHICLE STRUCK PEDALCYCLIST, FRONT END AT ANGLE",,0,Clear or Partly Cloudy,Dry,Daylight,Y,,45,Vehicle - Pedalcyclist,0,N,Washington,47.61525439144628,-122.31815943391057
Block,SW JUNEAU ST BETWEEN 40TH AVE SW AND 41ST AVE SW,2,Injury Collision,Cycles,2,0,1,1,1,0,0,2009-08-11T00:00:00.000Z,8/11/2009 3:15:00 PM,Driveway Junction,51.0,PEDALCYCLIST STRUCK MOTOR VEHICLE FRONT END AT ANGLE,,0,Clear or Partly Cloudy,Dry,Daylight,Y,,45,Vehicle - Pedalcyclist,0,N,Washington,47.55025612428986,-122.38367869459644
Block,24TH AVE NW BETWEEN NW 73RD ST AND NW 75TH ST,2,Injury Collision,Cycles,2,0,1,1,1,0,0,2009-04-13T00:00:00.000Z,4/13/2009 6:40:00 PM,Mid-Block (not related to intersection),18.0,"MOTOR VEHICLE STRUCK PEDALCYCLIST, FRONT END AT ANGLE",,0,Overcast,Wet,Dawn,Y,,45,Vehicle - Pedalcyclist,0,N,Washington,47.682247597372246,-122.38755410503143
Intersection,UNIVERSITY WAY NE AND NE 43RD ST,2,Injury Collision,Cycles,2,0,1,1,1,0,0,2009-01-08T00:00:00.000Z,1/8/2009,At Intersection (intersection related),18.0,"MOTOR VEHICLE STRUCK PEDALCYCLIST, FRONT END AT ANGLE",,0,Raining,Wet,Dark - Street Lights On,,,45,Vehicle - Pedalcyclist,0,N,Washington,47.659795120482855,-122.31316833583477
Intersection,21ST AVE S AND S COLLEGE ST,2,Injury Collision,Cycles,2,0,1,1,1,0,0,2009-01-06T00:00:00.000Z,1/6/2009,At Intersection (intersection related),18.0,"MOTOR VEHICLE STRUCK PEDALCYCLIST, FRONT END AT ANGLE",,0,Raining,Wet,Daylight,Y,Y,45,Vehicle - Pedalcyclist,0,N,Washington,47.58295569262807,-122.30556231313169
Intersection,LEARY WAY NW AND NW 46TH ST,2,Injury Collision,Cycles,2,0,1,1,1,0,0,2009-07-08T00:00:00.000Z,7/8/2009,At Intersection (intersection related),18.0,"MOTOR VEHICLE STRUCK PEDALCYCLIST, FRONT END AT ANGLE",,0,Clear or Partly Cloudy,Dry,Daylight,Y,,45,Vehicle - Pedalcyclist,0,N,Washington,47.6621954055336,-122.36786512751544
Block,5TH AVE BETWEEN STEWART ST AND VIRGINIA ST,2,Injury Collision,Cycles,2,0,1,1,1,0,0,2009-07-06T00:00:00.000Z,7/6/2009,Mid-Block (not related to intersection),56.0,PEDALCYCLIST STRUCK MOTOR VEHICLE LEFT SIDE SIDESWIPE,,0,Clear or Partly Cloudy,Dry,Daylight,,,45,Vehicle - Pedalcyclist,0,N,Washington,47.613341769941634,-122.33852199683822
Intersection,5TH AVE AND COLUMBIA ST,2,Injury Collision,Cycles,2,0,1,1,1,0,0,2009-04-10T00:00:00.000Z,4/10/2009 5:11:00 PM,At Intersection (intersection related),18.0,"MOTOR VEHICLE STRUCK PEDALCYCLIST, FRONT END AT ANGLE",,0,Overcast,Dry,Daylight,,,45,Vehicle - Pedalcyclist,0,N,Washington,47.60512615150692,-122.33049384171488
Block,E ALOHA ST BETWEEN 10TH AVE E AND FEDERAL AVE E,2,Injury Collision,Cycles,2,0,1,1,1,0,0,2009-12-07T00:00:00.000Z,12/7/2009,Driveway Junction,18.0,"MOTOR VEHICLE STRUCK PEDALCYCLIST, FRONT END AT ANGLE",,0,Clear or Partly Cloudy,Dry,Dark - Street Lights On,Y,,45,Vehicle - Pedalcyclist,0,N,Washington,47.62682377974975,-122.3196843536289
Block,FAIRVIEW AVE N BETWEEN MERCER S SR ST AND MERCER ST,1,Property Damage Only Collision,Cycles,2,0,1,1,0,0,0,2009-07-29T00:00:00.000Z,7/29/2009 7:55:00 AM,Mid-Block (but intersection related),21.0,"MOTOR VEHICLE STRUCK PEDALCYCLIST, REAR END",Y,N,Clear or Partly Cloudy,Dry,Daylight,,,45,Vehicle - Pedalcyclist,0,N,Washington,47.62447819870101,-122.33428654395549
Intersection,ROOSEVELT WAY NE AND NE 68TH ST,2,Injury Collision,Cycles,2,0,1,1,1,0,0,2009-12-11T00:00:00.000Z,12/11/2009 7:27:00 AM,At Intersection (intersection related),51.0,PEDALCYCLIST STRUCK MOTOR VEHICLE FRONT END AT ANGLE,Y,0,Clear or Partly Cloudy,Dry,Dawn,,,45,Vehicle - Pedalcyclist,0,N,Washington,47.678012421058405,-122.31739331760281
Intersection,20TH AVE NE AND NE 125TH ST,2b,Serious Injury Collision,Cycles,2,0,1,1,1,1,0,2009-09-04T00:00:00.000Z,9/4/2009,At Intersection (intersection related),51.0,PEDALCYCLIST STRUCK MOTOR VEHICLE FRONT END AT ANGLE,,0,Clear or Partly Cloudy,Dry,Dawn,Y,,45,Vehicle - Pedalcyclist,0,N,Washington,47.71936523225594,-122.30727176378835
Block,EAST GREEN LAKE WAY N BETWEEN 2ND AVE NE AND 4TH AVE NE,2,Injury Collision,Cycles,2,0,1,1,1,0,0,2009-05-31T00:00:00.000Z,5/31/2009 1:12:00 PM,Mid-Block (not related to intersection),51.0,PEDALCYCLIST STRUCK MOTOR VEHICLE FRONT END AT ANGLE,,0,Overcast,Dry,Daylight,Y,,45,Vehicle - Pedalcyclist,0,N,Washington,47.67843998617093,-122.32716208387451
Intersection,9TH AVE NW AND NW 45TH ST,2,Injury Collision,Cycles,2,0,1,1,1,0,0,2009-12-10T00:00:00.000Z,12/10/2009 2:14:00 PM,At Intersection (intersection related),18.0,"MOTOR VEHICLE STRUCK PEDALCYCLIST, FRONT END AT ANGLE",,0,Clear or Partly Cloudy,Dry,Daylight,Y,,45,Vehicle - Pedalcyclist,630875,N,Washington,47.661466928808316,-122.36861555357004
Block,NW MARKET ST BETWEEN TALLMAN AVE NW AND 20TH AVE NW,2,Injury Collision,Cycles,3,0,1,1,1,0,0,2009-10-03T00:00:00.000Z,10/3/2009,Mid-Block (not related to intersection),56.0,PEDALCYCLIST STRUCK MOTOR VEHICLE LEFT SIDE SIDESWIPE,Y,0,Clear or Partly Cloudy,Dry,Daylight,,,45,Vehicle - Pedalcyclist,0,N,Washington,47.668675434048865,-122.38185005891027
Intersection,FLORENTIA ST AND NICKERSON ST,2,Injury Collision,Cycles,4,0,1,1,1,0,0,2010-02-10T00:00:00.000Z,2/10/2010 6:09:00 PM,At Intersection (intersection related),18.0,"MOTOR VEHICLE STRUCK PEDALCYCLIST, FRONT END AT ANGLE",,N,Raining,Wet,Dark - Street Lights On,,,45,Vehicle - Pedalcyclist,0,N,Washington,47.64688457727989,-122.35135310957972
Intersection,12TH AVE AND E BARCLAY CT,1,Property Damage Only Collision,Cycles,2,0,1,1,0,0,0,2010-04-05T00:00:00.000Z,4/5/2010 10:34:00 AM,At Intersection (intersection related),51.0,PEDALCYCLIST STRUCK MOTOR VEHICLE FRONT END AT ANGLE,,N,Clear or Partly Cloudy,Dry,Daylight,Y,,45,Vehicle - Pedalcyclist,0,N,Washington,47.606837711679965,-122.3167802898391
Intersection,27TH AVE AND E COLUMBIA ST,2,Injury Collision,Cycles,2,0,1,1,1,0,0,2009-06-04T00:00:00.000Z,6/4/2009,At Intersection (intersection related),18.0,"MOTOR VEHICLE STRUCK PEDALCYCLIST, FRONT END AT ANGLE",,0,Clear or Partly Cloudy,Dry,Daylight,Y,,45,Vehicle - Pedalcyclist,0,N,Washington,47.609009516573146,-122.2975506949044
Intersection,DENSMORE AVE N AND N NORTHLAKE WAY,2,Injury Collision,Cycles,3,0,2,1,1,0,0,2009-05-25T00:00:00.000Z,5/25/2009 4:11:00 PM,At Intersection (intersection related),18.0,"MOTOR VEHICLE STRUCK PEDALCYCLIST, FRONT END AT ANGLE",,0,Clear or Partly Cloudy,Dry,Daylight,Y,,45,Vehicle - Pedalcyclist,0,N,Washington,47.64688448077725,-122.33755585653577
Intersection,STROUD AVE N AND EAST GREEN LAKE DR N,2,Injury Collision,Cycles,3,0,1,1,1,0,0,2010-09-22T00:00:00.000Z,9/22/2010 11:22:00 AM,At Intersection (intersection related),11.0,"MOTOR VEHICLE STRUCK MOTOR VEHICLE, FRONT END AT ANGLE",,N,Clear or Partly Cloudy,Dry,Daylight,,,45,Vehicle - Pedalcyclist,0,N,Washington,47.685423206302026,-122.33623019403689
Block,E PINE ST BETWEEN MELROSE AVE AND BELLEVUE AVE,2,Injury Collision,Cycles,1,0,1,0,1,0,0,2010-12-06T00:00:00.000Z,12/6/2010 7:26:00 PM,Driveway Junction,18.0,"MOTOR VEHICLE STRUCK PEDALCYCLIST, FRONT END AT ANGLE",,N,Clear or Partly Cloudy,Dry,Dark - Street Lights On,,,45,Vehicle - Pedalcyclist,0,N,Washington,47.61522832528225,-122.32735599306
Intersection,23RD AVE W AND GILMAN AVE W,2,Injury Collision,Cycles,2,0,1,1,1,0,0,2010-11-26T00:00:00.000Z,11/26/2010 4:48:00 PM,At Intersection (but not related to intersection),54.0,PEDALCYCLIST STRUCK MOTOR VEHICLE REAR END,Y,N,Raining,Wet,Dark - Street Lights On,,,45,Vehicle - Pedalcyclist,0,N,Washington,47.655492660415796,-122.38600013022322
Intersection,SUMMIT AVE E AND E HARRISON ST,2,Injury Collision,Cycles,2,0,1,1,1,0,0,2009-07-20T00:00:00.000Z,7/20/2009 7:32:00 AM,At Intersection (intersection related),51.0,PEDALCYCLIST STRUCK MOTOR VEHICLE FRONT END AT ANGLE,,0,Clear or Partly Cloudy,Dry,Daylight,Y,,45,Vehicle - Pedalcyclist,0,N,Washington,47.62198600985019,-122.32530599534887
Intersection,15TH AVE S AND S LUCILE ST,1,Property Damage Only Collision,Cycles,2,0,1,1,0,0,0,2009-10-06T00:00:00.000Z,10/6/2009,At Intersection (intersection related),18.0,"MOTOR VEHICLE STRUCK PEDALCYCLIST, FRONT END AT ANGLE",,0,Clear or Partly Cloudy,Dry,Daylight,,,45,Vehicle - Pedalcyclist,525165,N,Washington,47.55344267569375,-122.31347288252485
Block,HARVARD AVE E BETWEEN E SHELBY ST AND E GWINN PL,2,Injury Collision,Cycles,2,0,1,1,1,0,0,2010-03-19T00:00:00.000Z,3/19/2010 11:09:00 PM,Mid-Block (not related to intersection),23.0,"MOTOR VEHICLE STRUCK PEDALCYCLIST, LEFT SIDE SIDESWIPE",,N,Clear or Partly Cloudy,Dry,Dark - Street Lights On,,,45,Vehicle - Pedalcyclist,0,N,Washington,47.647372982924146,-122.32210191385515
Intersection,STONE WAY N AND N 39TH ST,2b,Serious Injury Collision,Cycles,2,0,1,1,1,1,0,2010-07-13T00:00:00.000Z,7/13/2010 7:45:00 PM,At Intersection (intersection related),51.0,PEDALCYCLIST STRUCK MOTOR VEHICLE FRONT END AT ANGLE,,N,Clear or Partly Cloudy,Dry,Daylight,Y,,45,Vehicle - Pedalcyclist,0,N,Washington,47.65412009316235,-122.34250125821244
Intersection,ROOSEVELT WAY NE AND NE 41ST ST,2,Injury Collision,Cycles,2,0,1,1,1,0,0,2009-10-12T00:00:00.000Z,10/12/2009 3:30:00 PM,At Intersection (intersection related),23.0,"MOTOR VEHICLE STRUCK PEDALCYCLIST, LEFT SIDE SIDESWIPE",,0,Unknown,Unknown,Unknown,Y,,45,Vehicle - Pedalcyclist,0,N,Washington,47.65688930464752,-122.31781902882895
Block,DEXTER AVE N BETWEEN WARD ST AND PROSPECT ST,2b,Serious Injury Collision,Cycles,2,1,1,0,2,1,0,2010-06-08T00:00:00.000Z,6/8/2010 5:25:00 PM,,0.0,NOT ENOUGH INFORMATION / NOT APPLICABLE,,N,Overcast,Dry,Daylight,Y,,45,Vehicle - Pedalcyclist,0,N,Washington,,
Intersection,BALLARD AVE NW AND NW MARKET ST,2,Injury Collision,Cycles,2,0,1,1,1,0,0,2010-07-18T00:00:00.000Z,7/18/2010 2:31:00 PM,At Intersection (intersection related),18.0,"MOTOR VEHICLE STRUCK PEDALCYCLIST, FRONT END AT ANGLE",,N,Clear or Partly Cloudy,Dry,Daylight,Y,,45,Vehicle - Pedalcyclist,521840,N,Washington,47.66867996790295,-122.38636797855473
Intersection,ALOHA ST AND TAYLOR AVE N,2,Injury Collision,Cycles,2,0,1,1,1,0,0,2010-12-16T00:00:00.000Z,12/16/2010 5:22:00 PM,At Intersection (intersection related),18.0,"MOTOR VEHICLE STRUCK PEDALCYCLIST, FRONT END AT ANGLE",,0,Overcast,Dry,Dark - Street Lights On,Y,,45,Vehicle - Pedalcyclist,0,N,Washington,47.62715494247578,-122.34624471931143
Block,BEACON ER AVE S BETWEEN CHEASTY BLVD S AND S ANGELINE ST,2,Injury Collision,Cycles,2,0,1,1,1,0,0,2009-06-25T00:00:00.000Z,6/25/2009 12:57:00 PM,Driveway Junction,54.0,PEDALCYCLIST STRUCK MOTOR VEHICLE REAR END,,0,Clear or Partly Cloudy,Dry,Daylight,,,45,Vehicle - Pedalcyclist,0,N,Washington,47.560661896859465,-122.30469634595778
Intersection,GREENWOOD AVE N AND N 100TH ST,2,Injury Collision,Cycles,2,0,1,1,1,0,0,2010-04-14T00:00:00.000Z,4/14/2010 4:32:00 PM,At Intersection (intersection related),18.0,"MOTOR VEHICLE STRUCK PEDALCYCLIST, FRONT END AT ANGLE",,N,Clear or Partly Cloudy,Dry,Daylight,,,45,Vehicle - Pedalcyclist,0,N,Washington,47.70146108463195,-122.3554148754619
Intersection,KIRKWOOD PL N AND N 56TH ST,1,Property Damage Only Collision,Cycles,3,0,1,1,0,0,0,2010-09-21T00:00:00.000Z,9/21/2010 4:02:00 PM,At Intersection (intersection related),11.0,"MOTOR VEHICLE STRUCK MOTOR VEHICLE, FRONT END AT ANGLE",,N,Clear or Partly Cloudy,Dry,Daylight,Y,,45,Vehicle - Pedalcyclist,0,N,Washington,47.6690096011613,-122.33173384712872
Block,THORNDYKE AVE W BETWEEN 22ND AVE W AND 21ST AVE W,2,Injury Collision,Cycles,2,0,1,1,1,0,0,2010-08-23T00:00:00.000Z,8/23/2010 4:53:00 PM,Mid-Block (not related to intersection),11.0,"MOTOR VEHICLE STRUCK MOTOR VEHICLE, FRONT END AT ANGLE",,N,Clear or Partly Cloudy,Dry,Daylight,Y,,45,Vehicle - Pedalcyclist,0,N,Washington,47.64384253680165,-122.3839118261287
Block,ALASKAN WAY BETWEEN XW BELL ST AND WALL ST,2,Injury Collision,Cycles,2,0,1,1,1,0,0,2010-08-14T00:00:00.000Z,8/14/2010 1:35:00 PM,Mid-Block (not related to intersection),56.0,PEDALCYCLIST STRUCK MOTOR VEHICLE LEFT SIDE SIDESWIPE,,N,Clear or Partly Cloudy,Dry,Daylight,,,45,Vehicle - Pedalcyclist,0,N,Washington,47.61218693182577,-122.35002038055764
Block,S ROYAL BROUGHAM WAY BETWEEN EAST FRONTAGE RD S AND 1ST AVE S,2,Injury Collision,Cycles,2,0,1,1,1,0,0,2009-06-01T00:00:00.000Z,6/1/2009,Driveway Junction,51.0,PEDALCYCLIST STRUCK MOTOR VEHICLE FRONT END AT ANGLE,,0,Clear or Partly Cloudy,Dry,Daylight,,,45,Vehicle - Pedalcyclist,0,N,Washington,47.59239745260909,-122.33484538997023
Intersection,15TH AVE NE AND NE 45TH ST,2,Injury Collision,Cycles,2,1,1,0,1,0,0,2009-04-21T00:00:00.000Z,4/21/2009 1:30:00 PM,At Intersection (intersection related),64.0,PEDALCYCLIST STRUCK PEDESTRIAN,,0,Clear or Partly Cloudy,Dry,Daylight,Y,,45,Vehicle - Pedalcyclist,524694,N,Washington,47.661261953360615,-122.31199330952428
Intersection,HARVARD AVE AND E PIKE ST,2b,Serious Injury Collision,Cycles,2,0,1,1,1,1,0,2010-07-14T00:00:00.000Z,7/14/2010 2:10:00 PM,At Intersection (intersection related),51.0,PEDALCYCLIST STRUCK MOTOR VEHICLE FRONT END AT ANGLE,,N,Clear or Partly Cloudy,Dry,Daylight,,,45,Vehicle - Pedalcyclist,0,N,Washington,47.614066196262954,-122.3221109248895
Block,10TH AVE E BETWEEN E ROY W ST AND E ALOHA ST,2,Injury Collision,Cycles,3,0,1,1,1,0,0,2010-06-22T00:00:00.000Z,6/22/2010 9:47:00 PM,Mid-Block (not related to intersection),54.0,PEDALCYCLIST STRUCK MOTOR VEHICLE REAR END,Y,N,Clear or Partly Cloudy,Dry,Dark - No Street Lights,,,45,Vehicle - Pedalcyclist,0,N,Washington,47.62614319916937,-122.32022303785999
Intersection,24TH AVE E AND BOYER AVE E,2,Injury Collision,Cycles,2,0,1,1,1,0,0,2010-05-15T00:00:00.000Z,5/15/2010 1:49:00 PM,At Intersection (intersection related),51.0,PEDALCYCLIST STRUCK MOTOR VEHICLE FRONT END AT ANGLE,,N,Clear or Partly Cloudy,Dry,Daylight,Y,,45,Vehicle - Pedalcyclist,0,N,Washington,47.63524417736178,-122.30156537450607
Intersection,2ND AVE AND UNIVERSITY ST,2,Injury Collision,Cycles,3,0,1,1,1,0,0,2010-09-01T00:00:00.000Z,9/1/2010 8:41:00 PM,At Intersection (intersection related),18.0,"MOTOR VEHICLE STRUCK PEDALCYCLIST, FRONT END AT ANGLE",,N,Clear or Partly Cloudy,Dry,Dark - Street Lights On,,,45,Vehicle - Pedalcyclist,0,N,Washington,47.60729905819726,-122.33708679815666