addrtype,location,severitycode,severitydesc,collisiontype,personcount,pedcount,pedcylcount,vehcount,injuries,seriousinjuries,fatalities,incdate,incdttm,junctiontype,sdot_colcode,sdot_coldesc,inattentionind,underinfl,weather,roadcond,lightcond,pedrownotgrnt,speeding,st_colcode,st_coldesc,crosswalkkey,hitparkedcar,state,latitude,longitude
Block,NE 45TH ST BETWEEN ROOSEVELT WAY NE AND 11TH AVE NE,2,Injury Collision,Cycles,2,0,1,1,1,0,0,2010-08-31T00:00:00.000Z,8/31/2010 7:50:00 PM,Mid-Block (not related to intersection),51.0,PEDALCYCLIST STRUCK MOTOR VEHICLE FRONT END AT ANGLE,,N,Overcast,Wet,Dark - Street Lights On,Y,,45,Vehicle - Pedalcyclist,0,N,Washington,47.66129534249778,-122.31711056968085
Block,1ST AVE S BETWEEN S ROYAL BROUGHAM WAY AND S ATLANTIC ST,2,Injury Collision,Cycles,2,0,1,1,1,0,0,2010-07-02T00:00:00.000Z,7/2/2010,Mid-Block (not related to intersection),21.0,"MOTOR VEHICLE STRUCK PEDALCYCLIST, REAR END",,0,Raining,Wet,Daylight,Y,,45,Vehicle - Pedalcyclist,0,N,Washington,47.59135530965445,-122.33419497846964
Intersection,25TH AVE SW AND SW BARTON ST,2,Injury Collision,Cycles,2,0,1,1,1,0,0,2010-04-06T00:00:00.000Z,4/6/2010 6:12:00 PM,At Intersection (intersection related),18.0,"MOTOR VEHICLE STRUCK PEDALCYCLIST, FRONT END AT ANGLE",,N,Clear or Partly Cloudy,Dry,Daylight,Y,,45,Vehicle - Pedalcyclist,0,N,Washington,47.521023292388975,-122.36454783752541
Block,14TH AVE NW BETWEEN NW LEARY WAY AND NW 49TH ST,2,Injury Collision,Cycles,2,0,1,1,1,0,0,2009-06-29T00:00:00.000Z,6/29/2009 11:00:00 PM,Mid-Block (not related to intersection),23.0,"MOTOR VEHICLE STRUCK PEDALCYCLIST, LEFT SIDE SIDESWIPE",,0,Clear or Partly Cloudy,Dry,Dusk,,,45,Vehicle - Pedalcyclist,0,N,Washington,47.66402504956825,-122.373593478192
Block,BOYER AVE E BETWEEN BOYER UPPER AVE E AND E EDGAR ST,2,Injury Collision,Cycles,2,0,1,1,1,0,0,2009-12-05T00:00:00.000Z,12/5/2009,Mid-Block (not related to intersection),56.0,PEDALCYCLIST STRUCK MOTOR VEHICLE LEFT SIDE SIDESWIPE,,0,Clear or Partly Cloudy,Dry,Daylight,,,45,Vehicle - Pedalcyclist,0,N,Washington,47.64404198161766,-122.3170544741604
Intersection,28TH AVE NE AND NE 65TH ST,2,Injury Collision,Cycles,2,0,1,1,1,0,0,2009-11-01T00:00:00.000Z,11/1/2009,At Intersection (intersection related),18.0,"MOTOR VEHICLE STRUCK PEDALCYCLIST, FRONT END AT ANGLE",,0,Clear or Partly Cloudy,Dry,Daylight,Y,,45,Vehicle - Pedalcyclist,0,N,Washington,47.67577728048031,-122.297412819778
Block,ROOSEVELT WAY NE BETWEEN NE 50TH ST AND NE 52ND ST,1,Property Damage Only Collision,Cycles,2,0,1,1,0,0,0,2009-04-25T00:00:00.000Z,4/25/2009 5:57:00 PM,Mid-Block (not related to intersection),56.0,PEDALCYCLIST STRUCK MOTOR VEHICLE LEFT SIDE SIDESWIPE,,0,Clear or Partly Cloudy,Dry,Daylight,,,45,Vehicle - Pedalcyclist,0,N,Washington,47.66568552030336,-122.31739560364203
Intersection,27TH AVE NE AND NE 55TH ST,2,Injury Collision,Cycles,2,0,1,1,1,0,0,2009-04-09T00:00:00.000Z,4/9/2009,At Intersection (intersection related),18.0,"MOTOR VEHICLE STRUCK PEDALCYCLIST, FRONT END AT ANGLE",,0,Overcast,Wet,Daylight,Y,,45,Vehicle - Pedalcyclist,0,N,Washington,47.66852284746541,-122.29850823029768
Intersection,12TH AVE AND E MADISON ST,1,Property Damage Only Collision,Cycles,2,0,1,1,0,0,0,2009-05-20T00:00:00.000Z,5/20/2009 6:19:00 PM,At Intersection (intersection related),18.0,"MOTOR VEHICLE STRUCK PEDALCYCLIST, FRONT END AT ANGLE",,0,Clear or Partly Cloudy,Dry,Daylight,,,45,Vehicle - Pedalcyclist,0,N,Washington,47.61288923577013,-122.31673339075188
Intersection,12TH AVE S AND S CLOVERDALE ST,2,Injury Collision,Cycles,2,0,1,1,1,0,0,2009-02-04T00:00:00.000Z,2/4/2009,At Intersection (intersection related),18.0,"MOTOR VEHICLE STRUCK PEDALCYCLIST, FRONT END AT ANGLE",,0,Clear or Partly Cloudy,Dry,Dark - Street Lights On,Y,,45,Vehicle - Pedalcyclist,0,N,Washington,47.5264485384739,-122.31758185100031
Block,W NICKERSON ST BETWEEN QUEEN ANNE AVE N AND W BERTONA ST,2,Injury Collision,Cycles,2,0,1,1,1,0,0,2009-05-05T00:00:00.000Z,5/5/2009,Mid-Block (not related to intersection),23.0,"MOTOR VEHICLE STRUCK PEDALCYCLIST, LEFT SIDE SIDESWIPE",,0,Raining,Wet,Daylight,Y,,45,Vehicle - Pedalcyclist,0,N,Washington,47.65009985418252,-122.35838332416843
Intersection,6TH AVE AND PIKE ST,1,Property Damage Only Collision,Cycles,2,0,1,1,0,0,0,2009-05-24T00:00:00.000Z,5/24/2009 12:50:00 PM,At Intersection (intersection related),18.0,"MOTOR VEHICLE STRUCK PEDALCYCLIST, FRONT END AT ANGLE",,0,Clear or Partly Cloudy,Dry,Daylight,Y,,45,Vehicle - Pedalcyclist,523698,N,Washington,47.61114239799386,-122.33446376986288
Block,15TH AVE E BETWEEN E REPUBLICAN N ST AND E MERCER S ST,1,Property Damage Only Collision,Cycles,2,0,1,1,0,0,0,2009-09-29T00:00:00.000Z,9/29/2009 5:49:00 PM,Mid-Block (not related to intersection),56.0,PEDALCYCLIST STRUCK MOTOR VEHICLE LEFT SIDE SIDESWIPE,,0,Raining,Wet,Daylight,,,45,Vehicle - Pedalcyclist,0,N,Washington,47.623755130202504,-122.3126150740469
Intersection,RAINIER AVE S AND S MASSACHUSETTS ST,2,Injury Collision,Cycles,3,0,1,1,1,0,0,2009-09-28T00:00:00.000Z,9/28/2009 4:34:00 PM,At Intersection (intersection related),18.0,"MOTOR VEHICLE STRUCK PEDALCYCLIST, FRONT END AT ANGLE",,0,Clear or Partly Cloudy,Dry,Daylight,,,45,Vehicle - Pedalcyclist,522986,N,Washington,47.588410601323574,-122.30582739649395
Block,6TH AVE BETWEEN JAMES ST AND CHERRY ST,2,Injury Collision,Cycles,2,0,1,1,1,0,0,2009-10-20T00:00:00.000Z,10/20/2009 4:44:00 PM,Driveway Junction,18.0,"MOTOR VEHICLE STRUCK PEDALCYCLIST, FRONT END AT ANGLE",,0,Clear or Partly Cloudy,Dry,Daylight,Y,,45,Vehicle - Pedalcyclist,0,N,Washington,47.60451764055054,-122.32840497592406
Intersection,DEXTER AVE N AND HARRISON ST,2,Injury Collision,Cycles,2,0,1,1,1,0,0,2009-11-16T00:00:00.000Z,11/16/2009 5:17:00 PM,At Intersection (intersection related),51.0,PEDALCYCLIST STRUCK MOTOR VEHICLE FRONT END AT ANGLE,,0,Raining,Wet,Dark - Street Lights On,Y,,45,Vehicle - Pedalcyclist,0,N,Washington,47.62205574526417,-122.34237158587831
Intersection,9TH AVE AND MADISON ST,2,Injury Collision,Cycles,2,0,1,1,1,0,0,2009-11-13T00:00:00.000Z,11/13/2009 9:13:00 AM,At Intersection (intersection related),18.0,"MOTOR VEHICLE STRUCK PEDALCYCLIST, FRONT END AT ANGLE",,0,Raining,Wet,Daylight,Y,,45,Vehicle - Pedalcyclist,0,N,Washington,47.60840867623646,-122.32736100947704
Block,LAKE WASHINGTON BLVD E BETWEEN E MADISON ST AND ARBORETUM DR E,1,Property Damage Only Collision,Cycles,2,0,1,1,0,0,0,2009-06-01T00:00:00.000Z,6/1/2009,Mid-Block (but intersection related),23.0,"MOTOR VEHICLE STRUCK PEDALCYCLIST, LEFT SIDE SIDESWIPE",,0,Clear or Partly Cloudy,Dry,Daylight,Y,,45,Vehicle - Pedalcyclist,0,N,Washington,47.627191362075216,-122.29298983476741
Intersection,BELLEVUE AVE AND E PINE ST,2,Injury Collision,Cycles,2,0,1,1,1,0,0,2009-08-18T00:00:00.000Z,8/18/2009 4:52:00 PM,At Intersection (intersection related),51.0,PEDALCYCLIST STRUCK MOTOR VEHICLE FRONT END AT ANGLE,,0,Clear or Partly Cloudy,Dry,Daylight,Y,,45,Vehicle - Pedalcyclist,0,N,Washington,47.61521815296026,-122.32680418837404
Intersection,DEXTER AVE N AND MERCER ST,2,Injury Collision,Cycles,2,0,1,1,1,0,0,2009-02-23T00:00:00.000Z,2/23/2009 8:05:00 AM,At Intersection (intersection related),51.0,PEDALCYCLIST STRUCK MOTOR VEHICLE FRONT END AT ANGLE,,0,Clear or Partly Cloudy,Dry,Daylight,Y,,45,Vehicle - Pedalcyclist,0,N,Washington,47.62454972661586,-122.34234960108273
Intersection,CLAY ST AND ELLIOTT AVE,2,Injury Collision,Cycles,2,0,1,1,1,0,0,2009-10-05T00:00:00.000Z,10/5/2009,At Intersection (intersection related),51.0,PEDALCYCLIST STRUCK MOTOR VEHICLE FRONT END AT ANGLE,,0,Clear or Partly Cloudy,Dry,Daylight,Y,,45,Vehicle - Pedalcyclist,0,N,Washington,47.615024764225,-122.35326864619364
Intersection,BELMONT AVE E AND E OLIVE WAY,1,Property Damage Only Collision,Cycles,4,0,1,1,0,0,0,2009-12-29T00:00:00.000Z,12/29/2009 8:20:00 AM,At Intersection (intersection related),18.0,"MOTOR VEHICLE STRUCK PEDALCYCLIST, FRONT END AT ANGLE",,0,Clear or Partly Cloudy,Dry,Daylight,Y,,45,Vehicle - Pedalcyclist,0,N,Washington,47.61966624417621,-122.324011265552
Block,LINDEN AVE N BETWEEN N 130TH ST AND N 135TH ST,2,Injury Collision,Cycles,2,0,1,1,1,0,0,2009-10-20T00:00:00.000Z,10/20/2009 2:16:00 PM,Driveway Junction,18.0,"MOTOR VEHICLE STRUCK PEDALCYCLIST, FRONT END AT ANGLE",,0,Clear or Partly Cloudy,Dry,Daylight,,,45,Vehicle - Pedalcyclist,0,N,Washington,47.725037475206186,-122.34793329661959
Intersection,46TH AVE SW AND ERSKINE E WAY SW,2,Injury Collision,Cycles,2,0,1,1,1,0,0,2009-09-12T00:00:00.000Z,9/12/2009 5:55:00 AM,At Intersection (intersection related),18.0,"MOTOR VEHICLE STRUCK PEDALCYCLIST, FRONT END AT ANGLE",,0,Clear or Partly Cloudy,Dry,Dark - Street Lights On,Y,,45,Vehicle - Pedalcyclist,0,N,Washington,47.555672248985175,-122.39062963216529
Block,W GOVERNMENT WAY BETWEEN 33RD AVE W AND 34TH AVE W,2,Injury Collision,Cycles,2,0,1,1,1,0,0,2009-01-31T00:00:00.000Z,1/31/2009 10:31:00 AM,Mid-Block (not related to intersection),23.0,"MOTOR VEHICLE STRUCK PEDALCYCLIST, LEFT SIDE SIDESWIPE",,0,Clear or Partly Cloudy,Dry,Daylight,,Y,45,Vehicle - Pedalcyclist,0,N,Washington,47.659776680163716,-122.40034774437763
Intersection,ROOSEVELT WAY NE AND NE 45TH ST,2,Injury Collision,Cycles,2,0,1,1,1,0,0,2009-03-06T00:00:00.000Z,3/6/2009,At Intersection (intersection related),18.0,"MOTOR VEHICLE STRUCK PEDALCYCLIST, FRONT END AT ANGLE",,0,Clear or Partly Cloudy,Dry,Dark - Street Lights On,,,45,Vehicle - Pedalcyclist,524683,N,Washington,47.661298736597935,-122.31763816171551
Block,EASTLAKE AVE E BETWEEN E BLAINE ST AND E HOWE ST,2,Injury Collision,Cycles,4,0,1,1,1,0,0,2009-04-07T00:00:00.000Z,4/7/2009,Driveway Junction,18.0,"MOTOR VEHICLE STRUCK PEDALCYCLIST, FRONT END AT ANGLE",,0,Clear or Partly Cloudy,Dry,Daylight,Y,,45,Vehicle - Pedalcyclist,0,N,Washington,47.635368210544655,-122.32540032998993
Intersection,14TH AVE W AND W NICKERSON ST,2,Injury Collision,Cycles,2,0,1,1,1,0,0,2009-06-30T00:00:00.000Z,6/30/2009 9:46:00 PM,At Intersection (intersection related),18.0,"MOTOR VEHICLE STRUCK PEDALCYCLIST, FRONT END AT ANGLE",,0,Clear or Partly Cloudy,Dry,Dusk,Y,,45,Vehicle - Pedalcyclist,0,N,Washington,47.65516512469361,-122.37491603470748
Intersection,LAKE WASHINGTON BLVD S AND S ORCAS ST,3,Fatality Collision,Cycles,7,0,1,1,1,0,1,2009-07-17T00:00:00.000Z,7/17/2009 6:36:00 PM,At Intersection (intersection related),51.0,PEDALCYCLIST STRUCK MOTOR VEHICLE FRONT END AT ANGLE,,0,Clear or Partly Cloudy,Dry,Daylight,Y,,45,Vehicle - Pedalcyclist,0,N,Washington,47.55104977884832,-122.2593430029616
Intersection,11TH AVE NE AND NE 50TH ST,2,Injury Collision,Cycles,2,0,1,1,1,0,0,2009-05-18T00:00:00.000Z,5/18/2009 6:00:00 PM,At Intersection (intersection related),18.0,"MOTOR VEHICLE STRUCK PEDALCYCLIST, FRONT END AT ANGLE",,0,Overcast,Dry,Daylight,,,45,Vehicle - Pedalcyclist,0,N,Washington,47.664927673378536,-122.31633451828236
Intersection,WOODLAWN AVE N AND N 45TH W ST,2,Injury Collision,Cycles,2,0,1,1,1,0,0,2009-01-30T00:00:00.000Z,1/30/2009 6:56:00 PM,At Intersection (intersection related),18.0,"MOTOR VEHICLE STRUCK PEDALCYCLIST, FRONT END AT ANGLE",,0,Raining,Wet,Dark - Street Lights On,Y,,45,Vehicle - Pedalcyclist,0,N,Washington,47.66138585233632,-122.33915660479492
Intersection,2ND AVE AND PIKE ST,2,Injury Collision,Cycles,2,0,1,1,1,0,0,2009-10-13T00:00:00.000Z,10/13/2009 7:40:00 AM,At Intersection (intersection related),51.0,PEDALCYCLIST STRUCK MOTOR VEHICLE FRONT END AT ANGLE,,0,Overcast,Dry,Daylight,,,45,Vehicle - Pedalcyclist,0,N,Washington,47.60928514308913,-122.33890369362145
Block,CALIFORNIA AVE SW BETWEEN FAUNTLEROY WAY SW AND SW HOLLY ST,2,Injury Collision,Cycles,2,0,1,1,1,0,0,2010-07-30T00:00:00.000Z,7/30/2010 6:16:00 PM,Mid-Block (not related to intersection),18.0,"MOTOR VEHICLE STRUCK PEDALCYCLIST, FRONT END AT ANGLE",Y,N,Clear or Partly Cloudy,Dry,Daylight,Y,,45,Vehicle - Pedalcyclist,0,N,Washington,47.54397624455408,-122.38722466789694
Intersection,14TH AVE AND E UNION ST,1,Property Damage Only Collision,Cycles,2,0,1,1,0,0,0,2010-06-18T00:00:00.000Z,6/18/2010 8:30:00 AM,At Intersection (intersection related),11.0,"MOTOR VEHICLE STRUCK MOTOR VEHICLE, FRONT END AT ANGLE",,N,Unknown,Unknown,Unknown,,,45,Vehicle - Pedalcyclist,0,N,Washington,47.612917397233026,-122.31416739449831
Intersection,FREMONT AVE N AND N 34TH ST,2,Injury Collision,Cycles,2,0,1,1,1,0,0,2009-05-19T00:00:00.000Z,5/19/2009 7:20:00 AM,At Intersection (intersection related),18.0,"MOTOR VEHICLE STRUCK PEDALCYCLIST, FRONT END AT ANGLE",,0,Overcast,Dry,Daylight,Y,,45,Vehicle - Pedalcyclist,0,N,Washington,47.64958972852735,-122.34974744884168
Block,BROADWAY E BETWEEN E ROANOKE ST AND E EDGAR S ST,2,Injury Collision,Cycles,2,0,1,1,1,0,0,2010-01-15T00:00:00.000Z,1/15/2010 4:56:00 PM,Mid-Block (but intersection related),18.0,"MOTOR VEHICLE STRUCK PEDALCYCLIST, FRONT END AT ANGLE",,N,Raining,Wet,Dark - No Street Lights,,,45,Vehicle - Pedalcyclist,0,N,Washington,47.64380959109921,-122.32085044742249
Block,FREMONT AVE N BETWEEN FREMONT WAY N AND XW N40,2,Injury Collision,Cycles,1,0,1,0,1,0,0,2010-09-11T00:00:00.000Z,9/11/2010 4:43:00 PM,Mid-Block (not related to intersection),29.0,MOTOR VEHICLE OVERTURNED IN ROAD,,N,Clear or Partly Cloudy,Dry,Daylight,,Y,45,Vehicle - Pedalcyclist,0,N,Washington,47.65477142244605,-122.34991612977073
Block,8TH AVE BETWEEN OLIVE WAY AND STEWART ST,2,Injury Collision,Cycles,2,0,1,1,1,0,0,2010-09-21T00:00:00.000Z,9/21/2010 5:27:00 PM,Mid-Block (not related to intersection),18.0,"MOTOR VEHICLE STRUCK PEDALCYCLIST, FRONT END AT ANGLE",Y,N,Clear or Partly Cloudy,Dry,Daylight,Y,,45,Vehicle - Pedalcyclist,0,N,Washington,47.61450364671687,-122.33467655192725
Intersection,14TH AVE AND E YESLER WAY,2,Injury Collision,Cycles,2,0,1,1,1,0,0,2010-08-10T00:00:00.000Z,8/10/2010 3:15:00 PM,At Intersection (intersection related),14.0,"MOTOR VEHICLE STRUCK MOTOR VEHICLE, REAR END",,N,Clear or Partly Cloudy,Dry,Daylight,,,45,Vehicle - Pedalcyclist,0,N,Washington,47.60168875701373,-122.31416192561012
Intersection,BALLARD AVE NW AND NW DOCK PL,2,Injury Collision,Cycles,2,0,1,1,1,0,0,2009-06-02T00:00:00.000Z,6/2/2009,At Intersection (intersection related),51.0,PEDALCYCLIST STRUCK MOTOR VEHICLE FRONT END AT ANGLE,Y,0,Clear or Partly Cloudy,Dry,Daylight,Y,,45,Vehicle - Pedalcyclist,0,N,Washington,47.66446185054597,-122.38090587088483
Intersection,DAYTON AVE N AND N 83RD ST,2b,Serious Injury Collision,Cycles,2,0,1,1,1,1,0,2010-04-26T00:00:00.000Z,4/26/2010 4:56:00 PM,At Intersection (intersection related),18.0,"MOTOR VEHICLE STRUCK PEDALCYCLIST, FRONT END AT ANGLE",,N,Raining,Wet,Daylight,,,45,Vehicle - Pedalcyclist,0,N,Washington,47.68911217998084,-122.35260268945585
Intersection,2ND AVE S AND S HOLDEN ST,2,Injury Collision,Cycles,3,0,1,1,1,0,0,2009-06-26T00:00:00.000Z,6/26/2009 11:45:00 AM,At Intersection (intersection related),18.0,"MOTOR VEHICLE STRUCK PEDALCYCLIST, FRONT END AT ANGLE",,0,Clear or Partly Cloudy,Dry,Daylight,Y,,45,Vehicle - Pedalcyclist,0,N,Washington,47.53415617180662,-122.33138589628136
Intersection,LATONA AVE NE AND EAST GREEN LAKE DR N,2,Injury Collision,Cycles,2,0,1,1,1,0,0,2009-09-17T00:00:00.000Z,9/17/2009 8:00:00 AM,At Intersection (intersection related),51.0,PEDALCYCLIST STRUCK MOTOR VEHICLE FRONT END AT ANGLE,Y,0,Clear or Partly Cloudy,Dry,Daylight,,,45,Vehicle - Pedalcyclist,0,N,Washington,47.68165808077612,-122.32748855205195
Block,E MADISON ST BETWEEN E PINE ST AND 17TH AVE,2,Injury Collision,Cycles,2,0,1,1,1,0,0,2009-08-18T00:00:00.000Z,8/18/2009 11:43:00 PM,Mid-Block (but intersection related),21.0,"MOTOR VEHICLE STRUCK PEDALCYCLIST, REAR END",Y,0,Clear or Partly Cloudy,Dry,Dark - Street Lights On,,,45,Vehicle - Pedalcyclist,0,N,Washington,47.615377589604904,-122.3106605140051
Block,M L KING JR WAY S BETWEEN S DEARBORN ST AND S NORMAN ST,2,Injury Collision,Cycles,2,0,1,1,1,0,0,2010-07-15T00:00:00.000Z,7/15/2010 5:26:00 PM,Mid-Block (not related to intersection),51.0,PEDALCYCLIST STRUCK MOTOR VEHICLE FRONT END AT ANGLE,,N,Clear or Partly Cloudy,Dry,Daylight,Y,,45,Vehicle - Pedalcyclist,0,N,Washington,47.594435788477476,-122.29787055564913
Block,NW 65TH ST BETWEEN 7TH E AVE NW AND 7TH W AVE NW,2b,Serious Injury Collision,Cycles,2,0,1,1,1,1,0,2009-10-24T00:00:00.000Z,10/24/2009 4:35:00 PM,Mid-Block (not related to intersection),21.0,"MOTOR VEHICLE STRUCK PEDALCYCLIST, REAR END",,1,Clear or Partly Cloudy,Dry,Daylight,Y,,45,Vehicle - Pedalcyclist,0,N,Washington,47.67598993756136,-122.3647907008127
Intersection,MARINE VIEW DR SW AND SW 104TH ST,2,Injury Collision,Cycles,2,0,1,1,2,0,0,2009-08-08T00:00:00.000Z,8/8/2009,At Intersection (intersection related),23.0,"MOTOR VEHICLE STRUCK PEDALCYCLIST, LEFT SIDE SIDESWIPE",Y,0,Overcast,Dry,Daylight,,,45,Vehicle - Pedalcyclist,0,N,Washington,47.51008456016989,-122.38816333807823
Intersection,DEXTER AVE N AND MERCER ST,2,Injury Collision,Cycles,2,0,1,1,1,0,0,2009-05-15T00:00:00.000Z,5/15/2009 3:49:00 PM,At Intersection (intersection related),51.0,PEDALCYCLIST STRUCK MOTOR VEHICLE FRONT END AT ANGLE,,0,Clear or Partly Cloudy,Dry,Daylight,Y,,45,Vehicle - Pedalcyclist,0,N,Washington,47.62454972661586,-122.34234960108273
Block,ALOHA ST BETWEEN YALE AVE N AND EASTLAKE AVE E,2,Injury Collision,Cycles,2,0,1,1,1,0,0,2009-06-18T00:00:00.000Z,6/18/2009 12:19:00 PM,Driveway Junction,18.0,"MOTOR VEHICLE STRUCK PEDALCYCLIST, FRONT END AT ANGLE",,0,Clear or Partly Cloudy,Dry,Daylight,,,45,Vehicle - Pedalcyclist,0,N,Washington,47.6268696431205,-122.33003397717121
Intersection,STONE WAY N AND N MENFORD PL,2,Injury Collision,Cycles,2,0,1,1,1,0,0,2010-04-11T00:00:00.000Z,4/11/2010 1:12:00 PM,At Intersection (intersection related),18.0,"MOTOR VEHICLE STRUCK PEDALCYCLIST, FRONT END AT ANGLE",,N,Clear or Partly Cloudy,Dry,Daylight,,,45,Vehicle - Pedalcyclist,0,N,Washington,47.658434098485614,-122.34229378644108
Block,30TH AVE NE BETWEEN NE 125TH ST AND NE 127TH ST,2,Injury Collision,Cycles,2,0,1,1,1,0,0,2010-07-21T00:00:00.000Z,7/21/2010 11:41:00 AM,Mid-Block (not related to intersection),18.0,"MOTOR VEHICLE STRUCK PEDALCYCLIST, FRONT END AT ANGLE",,N,Clear or Partly Cloudy,Dry,Daylight,Y,,45,Vehicle - Pedalcyclist,0,N,Washington,47.72018729253522,-122.29632488346277
Block,14TH AVE S BETWEEN S ATLANTIC ST AND S MASSACHUSETTS ST,2,Injury Collision,Cycles,2,0,1,1,1,0,0,2009-04-05T00:00:00.000Z,4/5/2009,Mid-Block (not related to intersection),56.0,PEDALCYCLIST STRUCK MOTOR VEHICLE LEFT SIDE SIDESWIPE,,0,Clear or Partly Cloudy,Dry,Daylight,,,45,Vehicle - Pedalcyclist,0,N,Washington,47.5892140859225,-122.3148561461042
Block,AIRPORT WAY S BETWEEN S OTHELLO ST AND MILITARY RD S,2,Injury Collision,Cycles,2,0,1,1,1,0,0,2010-03-11T00:00:00.000Z,3/11/2010 2:53:00 AM,Mid-Block (not related to intersection),54.0,PEDALCYCLIST STRUCK MOTOR VEHICLE REAR END,,N,Raining,Wet,Dark - Street Lights On,,,45,Vehicle - Pedalcyclist,0,N,Washington,47.53396284471634,-122.29835839544032
Intersection,BROOKLYN AVE NE AND NE 40TH ST,2b,Serious Injury Collision,Cycles,2,0,1,1,1,1,0,2010-01-13T00:00:00.000Z,1/13/2010 10:33:00 AM,At Intersection (intersection related),18.0,"MOTOR VEHICLE STRUCK PEDALCYCLIST, FRONT END AT ANGLE",Y,N,Clear or Partly Cloudy,Wet,Daylight,,,45,Vehicle - Pedalcyclist,0,N,Washington,47.65536764266762,-122.31444113282866
Block,S DEARBORN ST BETWEEN 7TH AVE S AND 8TH AVE S,2,Injury Collision,Cycles,5,0,1,1,1,0,0,2009-08-26T00:00:00.000Z,8/26/2009 12:38:00 PM,Driveway Junction,18.0,"MOTOR VEHICLE STRUCK PEDALCYCLIST, FRONT END AT ANGLE",,0,Clear or Partly Cloudy,Dry,Daylight,,,45,Vehicle - Pedalcyclist,0,N,Washington,47.59583224035126,-122.32311316690009
Block,QUEEN ANNE AVE N BETWEEN VALLEY ST AND ALOHA ST,2,Injury Collision,Cycles,1,0,1,0,1,0,0,2009-05-23T00:00:00.000Z,5/23/2009 2:07:00 PM,Mid-Block (not related to intersection),69.0,PEDALCYCLIST OVERTURNED IN ROAD,,0,Clear or Partly Cloudy,Dry,Daylight,,Y,45,Vehicle - Pedalcyclist,0,N,Washington,47.62675310450573,-122.35669314688015
Intersection,20TH AVE NE AND NE 54TH ST,2,Injury Collision,Cycles,2,0,1,1,1,0,0,2010-12-28T00:00:00.000Z,12/28/2010 5:19:00 PM,At Intersection (intersection related),18.0,"MOTOR VEHICLE STRUCK PEDALCYCLIST, FRONT END AT ANGLE",,N,Overcast,Wet,Dark - Street Lights On,Y,,45,Vehicle - Pedalcyclist,0,N,Washington,47.66800627343393,-122.30648740194358
Intersection,28TH AVE E AND E ALOHA ST,2b,Serious Injury Collision,Cycles,1,0,1,0,1,1,0,2011-01-03T00:00:00.000Z,1/3/2011 5:30:00 PM,At Intersection (intersection related),69.0,PEDALCYCLIST OVERTURNED IN ROAD,,N,Clear or Partly Cloudy,Ice,Dark - Street Lights On,,,45,Vehicle - Pedalcyclist,0,N,Washington,47.626641063055146,-122.2964141838903
Block,S SNOQUALMIE ST BETWEEN 15TH AVE S AND 16TH AVE S,2,Injury Collision,Cycles,2,0,1,1,1,0,0,2010-09-16T00:00:00.000Z,9/16/2010 3:00:00 PM,Mid-Block (not related to intersection),55.0,PEDALCYCLIST STRUCK MOTOR VEHICLE RIGHT SIDE SIDESWIPE,,N,Unknown,Unknown,Daylight,Y,,45,Vehicle - Pedalcyclist,0,N,Washington,47.561697789418055,-122.3131354706717
Block,UNIVERSITY WAY NE BETWEEN NE 52ND ST AND NE 55TH ST,2,Injury Collision,Cycles,2,0,1,1,1,0,0,2010-10-01T00:00:00.000Z,10/1/2010 3:00:00 PM,Mid-Block (not related to intersection),18.0,"MOTOR VEHICLE STRUCK PEDALCYCLIST, FRONT END AT ANGLE",,N,Clear or Partly Cloudy,Dry,Daylight,Y,,45,Vehicle - Pedalcyclist,0,N,Washington,47.667490163549644,-122.31303423754751
Block,3RD AVE BETWEEN MARION ST AND MADISON ST,1,Property Damage Only Collision,Cycles,2,0,1,1,0,0,0,2010-06-25T00:00:00.000Z,6/25/2010 2:30:00 PM,Mid-Block (not related to intersection),0.0,NOT ENOUGH INFORMATION / NOT APPLICABLE,,N,Unknown,Unknown,Unknown,,Y,45,Vehicle - Pedalcyclist,0,N,Washington,47.60526605063952,-122.33369167614435
Intersection,WINONA AVE N AND N 77TH ST,2,Injury Collision,Cycles,2,0,1,1,1,0,0,2010-06-24T00:00:00.000Z,6/24/2010 4:50:00 PM,At Intersection (intersection related),51.0,PEDALCYCLIST STRUCK MOTOR VEHICLE FRONT END AT ANGLE,,N,Clear or Partly Cloudy,Dry,Daylight,Y,,45,Vehicle - Pedalcyclist,0,N,Washington,47.68475561303728,-122.33990346623435
Intersection,45TH AVE NE AND NE 95TH ST,2,Injury Collision,Cycles,2,0,1,1,1,0,0,2010-06-21T00:00:00.000Z,6/21/2010 10:02:00 AM,At Intersection (intersection related),51.0,PEDALCYCLIST STRUCK MOTOR VEHICLE FRONT END AT ANGLE,,N,Clear or Partly Cloudy,Dry,Daylight,,Y,45,Vehicle - Pedalcyclist,0,N,Washington,47.697377577639216,-122.28001774793691
Intersection,BROADWAY AND E DENNY WAY,2,Injury Collision,Cycles,4,0,1,1,1,0,0,2010-10-30T00:00:00.000Z,10/30/2010 5:38:00 PM,At Intersection (intersection related),51.0,PEDALCYCLIST STRUCK MOTOR VEHICLE FRONT END AT ANGLE,,N,Raining,Wet,Dusk,,,45,Vehicle - Pedalcyclist,0,N,Washington,47.61873954148882,-122.32085448301252