addrtype,location,severitycode,severitydesc,collisiontype,personcount,pedcount,pedcylcount,vehcount,injuries,seriousinjuries,fatalities,incdate,incdttm,junctiontype,sdot_colcode,sdot_coldesc,inattentionind,underinfl,weather,roadcond,lightcond,pedrownotgrnt,speeding,st_colcode,st_coldesc,crosswalkkey,hitparkedcar,state,latitude,longitude
Intersection,FAUNTLEROY WAY SW AND SW BARTON ST,2,Injury Collision,Cycles,4,0,1,1,1,0,0,2009-07-29T00:00:00.000Z,7/29/2009 9:15:00 PM,At Intersection (intersection related),18.0,"MOTOR VEHICLE STRUCK PEDALCYCLIST, FRONT END AT ANGLE",,0,Clear or Partly Cloudy,Dry,Dusk,Y,,45,Vehicle - Pedalcyclist,0,N,Washington,47.52317298141956,-122.39298987266605
Intersection,34TH AVE S AND S MCCLELLAN ST,2,Injury Collision,Cycles,2,0,1,1,1,0,0,2009-03-17T00:00:00.000Z,3/17/2009 9:29:00 AM,At Intersection (intersection related),51.0,PEDALCYCLIST STRUCK MOTOR VEHICLE FRONT END AT ANGLE,,0,Clear or Partly Cloudy,Wet,Daylight,Y,,45,Vehicle - Pedalcyclist,0,N,Washington,47.578341488311,-122.28979542139655
Intersection,3RD AVE AND PIKE ST,2,Injury Collision,Cycles,2,0,1,1,1,0,0,2009-10-09T00:00:00.000Z,10/9/2009,At Intersection (intersection related),21.0,"MOTOR VEHICLE STRUCK PEDALCYCLIST, REAR END",,0,Clear or Partly Cloudy,Dry,Daylight,,,45,Vehicle - Pedalcyclist,0,N,Washington,47.609749733180806,-122.33779291611958
Block,RAINIER AVE S BETWEEN S FOREST ST AND M L KING JR WAY S,2,Injury Collision,Cycles,2,0,1,1,1,0,0,2009-09-25T00:00:00.000Z,9/25/2009 12:56:00 PM,Driveway Junction,18.0,"MOTOR VEHICLE STRUCK PEDALCYCLIST, FRONT END AT ANGLE",,0,Clear or Partly Cloudy,Dry,Daylight,Y,,45,Vehicle - Pedalcyclist,0,N,Washington,47.57694362644242,-122.29707687085444
Block,1ST AVE BETWEEN LENORA ST AND BLANCHARD ST,1,Property Damage Only Collision,Cycles,2,0,1,1,0,0,0,2009-07-11T00:00:00.000Z,7/11/2009 3:06:00 PM,Driveway Junction,18.0,"MOTOR VEHICLE STRUCK PEDALCYCLIST, FRONT END AT ANGLE",Y,0,Clear or Partly Cloudy,Dry,Daylight,Y,,45,Vehicle - Pedalcyclist,0,N,Washington,47.61222096196305,-122.34456117977655
Block,HARBOR AVE SW BETWEEN SW HARBOR LN AND SW SPOKANE NR ST,2b,Serious Injury Collision,Cycles,4,0,1,1,1,1,0,2009-07-05T00:00:00.000Z,7/5/2009,Driveway Junction,51.0,PEDALCYCLIST STRUCK MOTOR VEHICLE FRONT END AT ANGLE,Y,0,Clear or Partly Cloudy,Dry,Daylight,,,45,Vehicle - Pedalcyclist,0,N,Washington,47.574311358678244,-122.37093230938636
Intersection,WALLINGFORD AVE N AND N 35TH ST,2,Injury Collision,Cycles,2,0,1,1,1,0,0,2009-01-07T00:00:00.000Z,1/7/2009,At Intersection (intersection related),51.0,PEDALCYCLIST STRUCK MOTOR VEHICLE FRONT END AT ANGLE,,0,Overcast,Wet,Daylight,Y,,45,Vehicle - Pedalcyclist,0,N,Washington,47.649195658904674,-122.33633816003099
Intersection,7TH AVE AND PINE ST,2,Injury Collision,Cycles,2,0,1,1,1,0,0,2009-08-14T00:00:00.000Z,8/14/2009 6:37:00 PM,At Intersection (intersection related),51.0,PEDALCYCLIST STRUCK MOTOR VEHICLE FRONT END AT ANGLE,,0,Clear or Partly Cloudy,Dry,Daylight,Y,,45,Vehicle - Pedalcyclist,0,N,Washington,47.61260043834794,-122.33426239963751
Block,E PIKE ST BETWEEN HARVARD AVE AND BROADWAY,2,Injury Collision,Cycles,2,0,1,1,1,0,0,2009-08-07T00:00:00.000Z,8/7/2009,Mid-Block (but intersection related),54.0,PEDALCYCLIST STRUCK MOTOR VEHICLE REAR END,,0,Clear or Partly Cloudy,Dry,Daylight,,,45,Vehicle - Pedalcyclist,0,N,Washington,47.61407091912712,-122.32144766830498
Intersection,AURORA AVE N AND DEXTER WAY N,3,Fatality Collision,Cycles,3,0,1,2,1,0,1,2009-07-01T00:00:00.000Z,7/1/2009,At Intersection (intersection related),18.0,"MOTOR VEHICLE STRUCK PEDALCYCLIST, FRONT END AT ANGLE",,1,Clear or Partly Cloudy,Dry,Dark - Street Lights On,,,45,Vehicle - Pedalcyclist,0,N,Washington,47.6405893068481,-122.34631476279868
Intersection,MELROSE AVE AND PINE ST,2,Injury Collision,Cycles,2,0,1,1,1,0,0,2009-09-17T00:00:00.000Z,9/17/2009 3:15:00 AM,At Intersection (intersection related),11.0,"MOTOR VEHICLE STRUCK MOTOR VEHICLE, FRONT END AT ANGLE",,1,Clear or Partly Cloudy,Dry,Dark - Street Lights On,,,45,Vehicle - Pedalcyclist,0,N,Washington,47.61523842026632,-122.32790375541016
Intersection,11TH AVE NE AND NE 50TH ST,2,Injury Collision,Cycles,2,0,1,1,1,0,0,2009-01-27T00:00:00.000Z,1/27/2009 4:40:00 PM,At Intersection (intersection related),18.0,"MOTOR VEHICLE STRUCK PEDALCYCLIST, FRONT END AT ANGLE",Y,0,Raining,Wet,Dusk,,,45,Vehicle - Pedalcyclist,0,N,Washington,47.664927673378536,-122.31633451828236
Block,15TH AVE NE BETWEEN NE 73RD ST AND NE 75TH ST,2,Injury Collision,Cycles,2,0,1,1,1,0,0,2009-05-21T00:00:00.000Z,5/21/2009 12:32:00 AM,Mid-Block (but intersection related),21.0,"MOTOR VEHICLE STRUCK PEDALCYCLIST, REAR END",,1,Clear or Partly Cloudy,Dry,Dark - Street Lights On,Y,,45,Vehicle - Pedalcyclist,0,N,Washington,47.68214975433567,-122.31169203751504
Block,15TH AVE W BETWEEN W ARMOUR ST AND 15TH AV W NB OFF RP,2,Injury Collision,Cycles,4,0,1,1,1,0,0,2009-04-24T00:00:00.000Z,4/24/2009 7:59:00 PM,Mid-Block (but intersection related),51.0,PEDALCYCLIST STRUCK MOTOR VEHICLE FRONT END AT ANGLE,,0,Clear or Partly Cloudy,Dry,Dusk,,,45,Vehicle - Pedalcyclist,0,N,Washington,47.645662685360755,-122.37626316533901
Block,E UNION ST BETWEEN 19TH AVE AND 20TH AVE,1,Property Damage Only Collision,Cycles,2,0,1,1,0,0,0,2010-03-04T00:00:00.000Z,3/4/2010 10:11:00 PM,Mid-Block (not related to intersection),51.0,PEDALCYCLIST STRUCK MOTOR VEHICLE FRONT END AT ANGLE,,N,Clear or Partly Cloudy,Dry,Dark - Street Lights On,,,45,Vehicle - Pedalcyclist,0,N,Washington,47.61290392811205,-122.30687720048364
Block,NE 127TH ST BETWEEN 25TH AVE NE AND 26TH AVE NE,2,Injury Collision,Cycles,2,0,1,1,1,0,0,2009-02-02T00:00:00.000Z,2/2/2009,Driveway Junction,51.0,PEDALCYCLIST STRUCK MOTOR VEHICLE FRONT END AT ANGLE,,0,Overcast,Dry,Dusk,Y,,45,Vehicle - Pedalcyclist,0,N,Washington,47.72112433850775,-122.30118357652876
Intersection,2ND AVE AND PIKE ST,2,Injury Collision,Cycles,3,0,1,1,1,0,0,2009-05-09T00:00:00.000Z,5/9/2009,At Intersection (intersection related),18.0,"MOTOR VEHICLE STRUCK PEDALCYCLIST, FRONT END AT ANGLE",,0,Clear or Partly Cloudy,Dry,Dark - Street Lights On,,,45,Vehicle - Pedalcyclist,0,N,Washington,47.60928514308913,-122.33890369362145
Intersection,BOREN AVE AND OLIVE WAY,2,Injury Collision,Cycles,2,0,1,1,1,0,0,2010-10-08T00:00:00.000Z,10/8/2010 11:55:00 PM,At Intersection (intersection related),18.0,"MOTOR VEHICLE STRUCK PEDALCYCLIST, FRONT END AT ANGLE",,N,Raining,Wet,Dark - Street Lights On,,,45,Vehicle - Pedalcyclist,0,N,Washington,47.615449718161365,-122.33072969571377
Intersection,BELMONT AVE E AND E OLIVE WAY,2,Injury Collision,Cycles,2,0,1,1,1,0,0,2009-06-26T00:00:00.000Z,6/26/2009 9:33:00 PM,At Intersection (intersection related),51.0,PEDALCYCLIST STRUCK MOTOR VEHICLE FRONT END AT ANGLE,,0,Clear or Partly Cloudy,Dry,Dark - Street Lights On,Y,,45,Vehicle - Pedalcyclist,0,N,Washington,47.61966624417621,-122.324011265552
Intersection,61ST AVE SW AND ALKI AVE SW,2,Injury Collision,Cycles,2,0,1,1,1,0,0,2009-09-11T00:00:00.000Z,9/11/2009 3:39:00 PM,At Intersection (intersection related),18.0,"MOTOR VEHICLE STRUCK PEDALCYCLIST, FRONT END AT ANGLE",,0,Clear or Partly Cloudy,Dry,Daylight,,,45,Vehicle - Pedalcyclist,0,N,Washington,47.57912495068197,-122.41064800774583
Block,5TH AVE NE BETWEEN NE 52ND ST AND NE 53RD ST,2,Injury Collision,Cycles,2,0,1,1,1,0,0,2010-06-11T00:00:00.000Z,6/11/2010 8:10:00 AM,Mid-Block (not related to intersection),0.0,NOT ENOUGH INFORMATION / NOT APPLICABLE,,N,Overcast,Dry,Daylight,Y,,45,Vehicle - Pedalcyclist,0,N,Washington,47.666780090373,-122.32285604643265
Block,NW 80TH ST BETWEEN 14TH AVE NW AND MARY AVE NW,2,Injury Collision,Cycles,2,0,1,1,1,0,0,2010-03-17T00:00:00.000Z,3/17/2010 12:44:00 PM,Mid-Block (not related to intersection),23.0,"MOTOR VEHICLE STRUCK PEDALCYCLIST, LEFT SIDE SIDESWIPE",,N,Overcast,Wet,Daylight,Y,,45,Vehicle - Pedalcyclist,0,N,Washington,47.686888946047524,-122.37477303188757
Intersection,FREMONT AVE N AND N 95TH ST,2,Injury Collision,Cycles,2,0,1,1,1,0,0,2010-10-19T00:00:00.000Z,10/19/2010 4:39:00 PM,At Intersection (intersection related),51.0,PEDALCYCLIST STRUCK MOTOR VEHICLE FRONT END AT ANGLE,,N,Clear or Partly Cloudy,Dry,Daylight,Y,,45,Vehicle - Pedalcyclist,0,N,Washington,47.69782381857103,-122.349997940222
Intersection,48TH AVE SW AND BEACH DR SW,2,Injury Collision,Cycles,2,0,1,1,1,0,0,2010-06-18T00:00:00.000Z,6/18/2010 5:28:00 PM,At Intersection (intersection related),51.0,PEDALCYCLIST STRUCK MOTOR VEHICLE FRONT END AT ANGLE,,N,Clear or Partly Cloudy,Dry,Daylight,Y,,45,Vehicle - Pedalcyclist,0,N,Washington,47.54070141577264,-122.39646048387051
Block,15TH AVE NW BETWEEN NW 70TH ST AND NW 73RD ST,2,Injury Collision,Cycles,2,0,1,1,1,0,0,2010-05-21T00:00:00.000Z,5/21/2010 8:50:00 AM,Mid-Block (not related to intersection),18.0,"MOTOR VEHICLE STRUCK PEDALCYCLIST, FRONT END AT ANGLE",,N,Clear or Partly Cloudy,Dry,Daylight,,,45,Vehicle - Pedalcyclist,0,N,Washington,47.680453787150185,-122.37677179292805
Intersection,ADMIRAL AVALON RP AND SW ADMIRAL WAY,2,Injury Collision,Cycles,2,0,1,1,1,0,0,2010-05-20T00:00:00.000Z,5/20/2010 8:24:00 AM,At Intersection (intersection related),51.0,PEDALCYCLIST STRUCK MOTOR VEHICLE FRONT END AT ANGLE,,0,Overcast,Dry,Daylight,,,45,Vehicle - Pedalcyclist,0,N,Washington,47.57147661645102,-122.37131991732576
Block,BARNES AVE NW BETWEEN 17TH AVE NW AND NW MARKET ST,2,Injury Collision,Cycles,3,0,1,1,1,0,0,2010-10-04T00:00:00.000Z,10/4/2010 9:21:00 AM,Driveway Junction,54.0,PEDALCYCLIST STRUCK MOTOR VEHICLE REAR END,Y,N,Clear or Partly Cloudy,Dry,Daylight,,,45,Vehicle - Pedalcyclist,0,N,Washington,47.66804977023706,-122.37961752427363
Block,DELRIDGE WAY SW BETWEEN SW CHARLESTOWN ST AND DELRIDGE-W SEATTLE BR EB ON RP,2,Injury Collision,Cycles,3,0,1,1,2,0,0,2010-05-24T00:00:00.000Z,5/24/2010 4:22:00 PM,Mid-Block (but intersection related),51.0,PEDALCYCLIST STRUCK MOTOR VEHICLE FRONT END AT ANGLE,,N,Clear or Partly Cloudy,Dry,Daylight,Y,,45,Vehicle - Pedalcyclist,0,N,Washington,47.57004013387965,-122.36210570160362
Intersection,1ST AVE NE AND NE 105TH ST,2,Injury Collision,Cycles,2,0,1,1,1,0,0,2010-09-13T00:00:00.000Z,9/13/2010 4:50:00 PM,At Intersection (intersection related),18.0,"MOTOR VEHICLE STRUCK PEDALCYCLIST, FRONT END AT ANGLE",,Y,Clear or Partly Cloudy,Dry,Daylight,,,45,Vehicle - Pedalcyclist,0,N,Washington,47.70499627072976,-122.32854960003695
Block,NW 100TH PL BETWEEN 7TH AVE NW AND NW 100TH ST,1,Property Damage Only Collision,Cycles,2,0,1,1,0,0,0,2010-02-10T00:00:00.000Z,2/10/2010 6:30:00 PM,Driveway Junction,51.0,PEDALCYCLIST STRUCK MOTOR VEHICLE FRONT END AT ANGLE,,N,Raining,Wet,Dark - Street Lights On,Y,,45,Vehicle - Pedalcyclist,0,N,Washington,47.702007698026975,-122.36474756112509
Intersection,BOREN AVE S AND RAINIER AVE S,2,Injury Collision,Cycles,2,0,1,1,1,0,0,2010-02-18T00:00:00.000Z,2/18/2010 8:07:00 PM,At Intersection (intersection related),18.0,"MOTOR VEHICLE STRUCK PEDALCYCLIST, FRONT END AT ANGLE",,N,Clear or Partly Cloudy,Dry,Dark - Street Lights On,Y,,45,Vehicle - Pedalcyclist,0,N,Washington,47.59921008677189,-122.31413725545687
Intersection,BOREN AVE AND PINE ST,2,Injury Collision,Cycles,2,0,1,1,1,0,0,2010-03-23T00:00:00.000Z,3/23/2010 10:44:00 AM,At Intersection (intersection related),51.0,PEDALCYCLIST STRUCK MOTOR VEHICLE FRONT END AT ANGLE,,N,Clear or Partly Cloudy,Dry,Daylight,,,45,Vehicle - Pedalcyclist,0,N,Washington,47.614457242057235,-122.3298224327749
Intersection,5TH AVE N AND ALOHA ST,2,Injury Collision,Cycles,3,0,1,1,1,0,0,2010-02-25T00:00:00.000Z,2/25/2010 7:55:00 AM,At Intersection (intersection related),51.0,PEDALCYCLIST STRUCK MOTOR VEHICLE FRONT END AT ANGLE,Y,N,Raining,Wet,Daylight,,,45,Vehicle - Pedalcyclist,0,N,Washington,47.627159467222484,-122.34754993140827
Intersection,20TH AVE NE AND NE 58TH ST,2,Injury Collision,Cycles,3,0,1,1,1,0,0,2010-05-11T00:00:00.000Z,5/11/2010 10:16:00 AM,At Intersection (intersection related),51.0,PEDALCYCLIST STRUCK MOTOR VEHICLE FRONT END AT ANGLE,,N,Clear or Partly Cloudy,Dry,Daylight,Y,,45,Vehicle - Pedalcyclist,0,N,Washington,47.67070345760186,-122.30649833796355
Block,12TH AVE BETWEEN E JEFFERSON ST AND E BARCLAY CT,2b,Serious Injury Collision,Cycles,1,0,1,0,1,1,0,2010-05-09T00:00:00.000Z,5/9/2010 10:33:00 PM,Mid-Block (not related to intersection),69.0,PEDALCYCLIST OVERTURNED IN ROAD,,N,Clear or Partly Cloudy,Dry,Dark - Street Lights On,,,45,Vehicle - Pedalcyclist,0,N,Washington,47.60651901650144,-122.31678037851285
Intersection,16TH AVE S AND S JACKSON ST,2,Injury Collision,Cycles,2,0,1,1,1,0,0,2010-10-15T00:00:00.000Z,10/15/2010 10:41:00 AM,At Intersection (intersection related),18.0,"MOTOR VEHICLE STRUCK PEDALCYCLIST, FRONT END AT ANGLE",,N,Clear or Partly Cloudy,Dry,Daylight,Y,,45,Vehicle - Pedalcyclist,0,N,Washington,47.59922459598135,-122.31157742314562
Block,E MADISON ST BETWEEN 27TH N AVE E AND M L KING JR WAY E,2,Injury Collision,Cycles,2,0,1,1,1,0,0,2010-08-24T00:00:00.000Z,8/24/2010 5:07:00 PM,Mid-Block (not related to intersection),56.0,PEDALCYCLIST STRUCK MOTOR VEHICLE LEFT SIDE SIDESWIPE,,0,Clear or Partly Cloudy,Dry,Daylight,Y,,45,Vehicle - Pedalcyclist,0,N,Washington,47.62302952193205,-122.29685042567509
Intersection,4TH AVE AND SPRING ST,2,Injury Collision,Cycles,2,0,1,1,1,0,0,2010-03-24T00:00:00.000Z,3/24/2010 8:15:00 AM,At Intersection (intersection related),18.0,"MOTOR VEHICLE STRUCK PEDALCYCLIST, FRONT END AT ANGLE",,N,Clear or Partly Cloudy,Dry,Daylight,Y,Y,45,Vehicle - Pedalcyclist,523605,N,Washington,47.60680128689784,-122.33356204885344
Intersection,CALIFORNIA AVE SW AND SW DAWSON S ST,2b,Serious Injury Collision,Cycles,2,0,1,1,1,1,0,2010-10-01T00:00:00.000Z,10/1/2010 12:54:00 PM,At Intersection (intersection related),18.0,"MOTOR VEHICLE STRUCK PEDALCYCLIST, FRONT END AT ANGLE",,N,Clear or Partly Cloudy,Dry,Daylight,,,45,Vehicle - Pedalcyclist,0,N,Washington,47.55570116753914,-122.38693512949696
Block,BELL ST BETWEEN 3RD AVE AND 4TH AVE,2,Injury Collision,Cycles,3,0,2,1,1,0,0,2010-06-25T00:00:00.000Z,6/25/2010 5:36:00 PM,Mid-Block (not related to intersection),51.0,PEDALCYCLIST STRUCK MOTOR VEHICLE FRONT END AT ANGLE,,Y,Overcast,Dry,Daylight,,,45,Vehicle - Pedalcyclist,0,N,Washington,47.61503572372193,-122.344365298596
Intersection,PHINNEY WR AVE N AND N 50TH ST,2,Injury Collision,Cycles,2,0,1,1,1,0,0,2010-06-08T00:00:00.000Z,6/8/2010 1:00:00 PM,At Intersection (intersection related),0.0,NOT ENOUGH INFORMATION / NOT APPLICABLE,,N,Clear or Partly Cloudy,Dry,Daylight,Y,,45,Vehicle - Pedalcyclist,0,N,Washington,47.66502100503461,-122.35443705347856
Intersection,SUMMIT AVE AND E PINE ST,2,Injury Collision,Cycles,2,0,1,1,1,0,0,2010-08-11T00:00:00.000Z,8/11/2010 6:22:00 PM,At Intersection (intersection related),18.0,"MOTOR VEHICLE STRUCK PEDALCYCLIST, FRONT END AT ANGLE",,N,Clear or Partly Cloudy,Dry,Daylight,Y,,45,Vehicle - Pedalcyclist,0,N,Washington,47.615218748198224,-122.32552884050469
Intersection,MERCER ST AND WARREN AVE N,1,Property Damage Only Collision,Cycles,2,0,1,1,0,0,0,2010-09-24T00:00:00.000Z,9/24/2010 5:12:00 PM,At Intersection (intersection related),51.0,PEDALCYCLIST STRUCK MOTOR VEHICLE FRONT END AT ANGLE,,N,Clear or Partly Cloudy,Unknown,Unknown,Y,,45,Vehicle - Pedalcyclist,622624,N,Washington,47.62457552049159,-122.35409847959365
Intersection,35TH AVE NE AND ERICKSON PL NE,1,Property Damage Only Collision,Cycles,2,0,1,1,0,0,0,2010-09-14T00:00:00.000Z,9/14/2010 3:50:00 PM,At Intersection (but not related to intersection),0.0,NOT ENOUGH INFORMATION / NOT APPLICABLE,,N,Unknown,Unknown,Unknown,Y,,45,Vehicle - Pedalcyclist,0,N,Washington,47.72646363931889,-122.29090682978381
Intersection,14TH AVE NW AND NW 61ST ST,2b,Serious Injury Collision,Cycles,2,0,1,1,1,1,0,2010-08-09T00:00:00.000Z,8/9/2010 11:58:00 AM,At Intersection (intersection related),18.0,"MOTOR VEHICLE STRUCK PEDALCYCLIST, FRONT END AT ANGLE",,N,Unknown,Unknown,Daylight,Y,,45,Vehicle - Pedalcyclist,0,N,Washington,47.67308658638947,-122.3735786767794
Intersection,AIRPORT WAY S AND S MASSACHUSETTS ST,2,Injury Collision,Cycles,2,0,1,1,1,0,0,2010-04-13T00:00:00.000Z,4/13/2010 10:51:00 AM,At Intersection (intersection related),51.0,PEDALCYCLIST STRUCK MOTOR VEHICLE FRONT END AT ANGLE,,N,Clear or Partly Cloudy,Wet,Daylight,,,45,Vehicle - Pedalcyclist,0,N,Washington,47.58822484057981,-122.32139126730405
Intersection,BELLEVUE AVE AND E PINE ST,2,Injury Collision,Cycles,2,0,1,1,1,0,0,2010-04-20T00:00:00.000Z,4/20/2010 1:43:00 PM,At Intersection (intersection related),51.0,PEDALCYCLIST STRUCK MOTOR VEHICLE FRONT END AT ANGLE,,N,Clear or Partly Cloudy,Dry,Daylight,Y,Y,45,Vehicle - Pedalcyclist,0,N,Washington,47.61521815296026,-122.32680418837404
Intersection,8TH AVE NE AND NE NORTHGATE WAY,2,Injury Collision,Cycles,2,0,1,1,1,0,0,2010-05-01T00:00:00.000Z,5/1/2010 5:30:00 PM,At Intersection (intersection related),18.0,"MOTOR VEHICLE STRUCK PEDALCYCLIST, FRONT END AT ANGLE",,N,Clear or Partly Cloudy,Dry,Daylight,,,45,Vehicle - Pedalcyclist,521317,N,Washington,47.70857741076025,-122.32056130260521
Block,1ST AVE NE BETWEEN NE 43RD ST AND NE 44TH ST,2,Injury Collision,Cycles,3,0,1,1,1,0,0,2010-05-10T00:00:00.000Z,5/10/2010 6:08:00 PM,Mid-Block (but intersection related),51.0,PEDALCYCLIST STRUCK MOTOR VEHICLE FRONT END AT ANGLE,,N,Clear or Partly Cloudy,Dry,Daylight,,,45,Vehicle - Pedalcyclist,0,N,Washington,47.65964494967551,-122.32828717395431
Block,35TH AVE NE BETWEEN NE 57TH ST AND NE 60TH ST,2,Injury Collision,Cycles,2,0,1,1,1,0,0,2010-02-04T00:00:00.000Z,2/4/2010 3:20:00 PM,Mid-Block (but intersection related),51.0,PEDALCYCLIST STRUCK MOTOR VEHICLE FRONT END AT ANGLE,,N,Clear or Partly Cloudy,Dry,Daylight,Y,,45,Vehicle - Pedalcyclist,0,N,Washington,47.67123285370897,-122.29022335106556
Intersection,12TH AVE S AND S JACKSON ST,2,Injury Collision,Cycles,2,0,1,1,1,0,0,2010-02-02T00:00:00.000Z,2/2/2010 8:43:00 AM,At Intersection (intersection related),18.0,"MOTOR VEHICLE STRUCK PEDALCYCLIST, FRONT END AT ANGLE",,N,Overcast,Wet,Daylight,Y,,45,Vehicle - Pedalcyclist,0,N,Washington,47.599189062752046,-122.3172228469232
Intersection,GREEN LAKE DR N AND N 80TH ST,2,Injury Collision,Cycles,3,0,1,1,1,0,0,2010-09-05T00:00:00.000Z,9/5/2010 6:26:00 PM,At Intersection (intersection related),18.0,"MOTOR VEHICLE STRUCK PEDALCYCLIST, FRONT END AT ANGLE",Y,N,Clear or Partly Cloudy,Dry,Daylight,,,45,Vehicle - Pedalcyclist,0,N,Washington,47.68692953892702,-122.34045581877588
Intersection,DEXTER AVE N AND HAYES ST,2,Injury Collision,Cycles,3,0,1,1,1,0,0,2010-02-09T00:00:00.000Z,2/9/2010 4:19:00 PM,At Intersection (intersection related),51.0,PEDALCYCLIST STRUCK MOTOR VEHICLE FRONT END AT ANGLE,Y,N,Clear or Partly Cloudy,Dry,Daylight,,,45,Vehicle - Pedalcyclist,0,N,Washington,47.63396882568906,-122.34228374277664
Intersection,3RD AVE NW AND LEARY WAY NW,2,Injury Collision,Cycles,2,0,1,1,1,0,0,2010-06-11T00:00:00.000Z,6/11/2010 7:50:00 AM,At Intersection (intersection related),0.0,NOT ENOUGH INFORMATION / NOT APPLICABLE,,N,Raining,Wet,Daylight,Y,,45,Vehicle - Pedalcyclist,0,N,Washington,47.65493809296035,-122.36083128782411
Block,TERRY AVE BETWEEN SPRUCE ST AND ALDER ST,2,Injury Collision,Cycles,2,0,1,1,1,0,0,2010-02-21T00:00:00.000Z,2/21/2010 9:30:00 PM,Mid-Block (not related to intersection),56.0,PEDALCYCLIST STRUCK MOTOR VEHICLE LEFT SIDE SIDESWIPE,,Y,Clear or Partly Cloudy,Dry,Dark - Street Lights On,,,45,Vehicle - Pedalcyclist,0,N,Washington,,
Intersection,FREMONT AVE N AND N 103RD ST,2,Injury Collision,Cycles,2,0,1,1,1,0,0,2010-08-30T00:00:00.000Z,8/30/2010 7:14:00 AM,At Intersection (intersection related),51.0,PEDALCYCLIST STRUCK MOTOR VEHICLE FRONT END AT ANGLE,,N,Clear or Partly Cloudy,Dry,Daylight,Y,,45,Vehicle - Pedalcyclist,0,N,Washington,47.70361876411887,-122.35005769563854
Intersection,ALOHA ST AND FAIRVIEW AVE N,1,Property Damage Only Collision,Cycles,2,0,1,1,0,0,0,2010-03-14T00:00:00.000Z,3/14/2010 11:31:00 AM,At Intersection (intersection related),18.0,"MOTOR VEHICLE STRUCK PEDALCYCLIST, FRONT END AT ANGLE",,N,Clear or Partly Cloudy,Dry,Daylight,Y,,45,Vehicle - Pedalcyclist,0,N,Washington,47.62722134764161,-122.3327990330862
Intersection,1ST AVE AND LENORA ST,2,Injury Collision,Cycles,2,0,1,1,1,0,0,2010-10-06T00:00:00.000Z,10/6/2010 12:47:00 PM,At Intersection (intersection related),18.0,"MOTOR VEHICLE STRUCK PEDALCYCLIST, FRONT END AT ANGLE",,N,Clear or Partly Cloudy,Dry,Daylight,Y,,45,Vehicle - Pedalcyclist,523313,N,Washington,47.61183728823285,-122.34391211396604
Intersection,22ND AVE S AND S NORMAN ST,2,Injury Collision,Cycles,2,0,1,1,1,0,0,2010-04-13T00:00:00.000Z,4/13/2010 4:00:00 PM,At Intersection (but not related to intersection),18.0,"MOTOR VEHICLE STRUCK PEDALCYCLIST, FRONT END AT ANGLE",,N,Clear or Partly Cloudy,Dry,Daylight,,,45,Vehicle - Pedalcyclist,0,N,Washington,47.593058724664466,-122.30327338105286
Intersection,12TH AVE AND E ALDER ST,3,Fatality Collision,Cycles,2,0,1,1,0,0,1,2010-07-28T00:00:00.000Z,7/28/2010 10:38:00 AM,At Intersection (intersection related),18.0,"MOTOR VEHICLE STRUCK PEDALCYCLIST, FRONT END AT ANGLE",,N,Clear or Partly Cloudy,Dry,Daylight,Y,,45,Vehicle - Pedalcyclist,0,N,Washington,47.60436038491066,-122.31678113297993
Block,6TH AVE BETWEEN UNIVERSITY ST AND UNION ST,2,Injury Collision,Cycles,5,0,1,2,1,0,0,2010-09-03T00:00:00.000Z,9/3/2010 4:19:00 PM,Mid-Block (not related to intersection),55.0,PEDALCYCLIST STRUCK MOTOR VEHICLE RIGHT SIDE SIDESWIPE,,N,Clear or Partly Cloudy,Dry,Daylight,,,45,Vehicle - Pedalcyclist,0,N,Washington,47.60965387076256,-122.3330970486663
Block,NE 45TH ST BETWEEN 1ST AVE NE AND 2ND AVE NE,2,Injury Collision,Cycles,2,0,1,1,1,0,0,2010-02-15T00:00:00.000Z,2/15/2010 8:31:00 PM,Driveway Junction,51.0,PEDALCYCLIST STRUCK MOTOR VEHICLE FRONT END AT ANGLE,,N,Clear or Partly Cloudy,Wet,Dark - Street Lights On,Y,,45,Vehicle - Pedalcyclist,0,N,Washington,47.66135727672546,-122.32775751125796
Block,UNIVERSITY WAY NE BETWEEN NE 42ND ST AND NE 43RD ST,1,Property Damage Only Collision,Cycles,2,0,1,1,0,0,0,2010-04-29T00:00:00.000Z,4/29/2010 7:40:00 PM,Driveway Junction,18.0,"MOTOR VEHICLE STRUCK PEDALCYCLIST, FRONT END AT ANGLE",,N,Clear or Partly Cloudy,Dry,Dusk,Y,,45,Vehicle - Pedalcyclist,0,N,Washington,47.6590536166544,-122.313187788016
Intersection,DEARBORN ST OFF RP AND S DEARBORN ST,2,Injury Collision,Cycles,2,0,1,1,1,0,0,2010-08-28T00:00:00.000Z,8/28/2010 3:50:00 PM,At Intersection (intersection related),18.0,"MOTOR VEHICLE STRUCK PEDALCYCLIST, FRONT END AT ANGLE",,N,Clear or Partly Cloudy,Dry,Daylight,Y,,45,Vehicle - Pedalcyclist,525652,N,Washington,47.59582497750532,-122.31921545010128