addrtype,location,severitycode,severitydesc,collisiontype,personcount,pedcount,pedcylcount,vehcount,injuries,seriousinjuries,fatalities,incdate,incdttm,junctiontype,sdot_colcode,sdot_coldesc,inattentionind,underinfl,weather,roadcond,lightcond,pedrownotgrnt,speeding,st_colcode,st_coldesc,crosswalkkey,hitparkedcar,state,latitude,longitude
Block,3RD AVE W BETWEEN W HARRISON ST AND W REPUBLICAN ST,2,Injury Collision,Cycles,3,0,1,1,1,0,0,2010-09-17T00:00:00.000Z,9/17/2010 9:15:00 AM,Mid-Block (not related to intersection),18.0,"MOTOR VEHICLE STRUCK PEDALCYCLIST, FRONT END AT ANGLE",,N,Overcast,Dry,Daylight,Y,,45,Vehicle - Pedalcyclist,0,N,Washington,47.62270504782256,-122.36064255977465
Block,ROOSEVELT WAY NE BETWEEN NE 105TH ST AND NE 108TH ST,2,Injury Collision,Cycles,2,0,1,1,1,0,0,2010-12-30T00:00:00.000Z,12/30/2010 2:52:00 PM,Mid-Block (not related to intersection),21.0,"MOTOR VEHICLE STRUCK PEDALCYCLIST, REAR END",,N,Clear or Partly Cloudy,Dry,Daylight,Y,,45,Vehicle - Pedalcyclist,0,N,Washington,47.70628405837221,-122.31781934615023
Intersection,6TH AVE NE AND NE 70TH N ST,2b,Serious Injury Collision,Cycles,2,0,1,1,1,1,0,2010-05-04T00:00:00.000Z,5/4/2010 8:00:00 AM,At Intersection (intersection related),18.0,"MOTOR VEHICLE STRUCK PEDALCYCLIST, FRONT END AT ANGLE",,N,Clear or Partly Cloudy,Dry,Daylight,Y,,45,Vehicle - Pedalcyclist,0,N,Washington,47.68021033337568,-122.3217575474932
Intersection,MELROSE AVE AND PINE ST,2,Injury Collision,Cycles,2,0,1,1,1,0,0,2010-04-09T00:00:00.000Z,4/9/2010 8:19:00 PM,At Intersection (intersection related),51.0,PEDALCYCLIST STRUCK MOTOR VEHICLE FRONT END AT ANGLE,Y,N,Clear or Partly Cloudy,Dry,Dark - Street Lights On,,Y,45,Vehicle - Pedalcyclist,0,N,Washington,47.61523842026632,-122.32790375541016
Intersection,M L KING JR WAY AND E YESLER WAY,1,Property Damage Only Collision,Cycles,2,0,1,1,0,0,0,2010-11-10T00:00:00.000Z,11/10/2010 4:31:00 PM,At Intersection (intersection related),18.0,"MOTOR VEHICLE STRUCK PEDALCYCLIST, FRONT END AT ANGLE",,N,Clear or Partly Cloudy,Dry,Dusk,Y,,45,Vehicle - Pedalcyclist,523687,N,Washington,47.601656152550404,-122.29676784163301
Block,N 36TH ST BETWEEN PALATINE AVE N AND GREENWOOD AVE N,2,Injury Collision,Cycles,1,0,1,0,1,0,0,2010-04-26T00:00:00.000Z,4/26/2010 7:30:00 PM,Driveway Junction,69.0,PEDALCYCLIST OVERTURNED IN ROAD,,N,Raining,Wet,Dusk,,,45,Vehicle - Pedalcyclist,0,N,Washington,47.652599432443246,-122.35604696157995
Intersection,DELRIDGE WAY SW AND SW HUDSON ST,2b,Serious Injury Collision,Cycles,2,0,1,1,1,1,0,2010-06-19T00:00:00.000Z,6/19/2010 1:30:00 PM,At Intersection (intersection related),51.0,PEDALCYCLIST STRUCK MOTOR VEHICLE FRONT END AT ANGLE,,N,Overcast,Dry,Daylight,,Y,45,Vehicle - Pedalcyclist,0,N,Washington,47.55746718393263,-122.36291869696657
Intersection,2ND AVE AND UNIVERSITY ST,1,Property Damage Only Collision,Cycles,3,0,1,2,0,0,0,2010-01-21T00:00:00.000Z,1/21/2010 8:30:00 AM,At Intersection (intersection related),11.0,"MOTOR VEHICLE STRUCK MOTOR VEHICLE, FRONT END AT ANGLE",,N,Clear or Partly Cloudy,Dry,Daylight,,,45,Vehicle - Pedalcyclist,0,N,Washington,47.60729905819726,-122.33708679815666
Block,UNIVERSITY WAY NE BETWEEN NE 45TH ST AND NE 47TH ST,2,Injury Collision,Cycles,3,0,1,1,1,0,0,2010-09-29T00:00:00.000Z,9/29/2010 3:46:00 PM,Mid-Block (not related to intersection),18.0,"MOTOR VEHICLE STRUCK PEDALCYCLIST, FRONT END AT ANGLE",,N,Clear or Partly Cloudy,Dry,Daylight,,,45,Vehicle - Pedalcyclist,0,N,Washington,47.66217920897607,-122.31311572731876
Intersection,ROOSEVELT WAY NE AND NE 115TH ST,1,Property Damage Only Collision,Cycles,2,0,1,1,0,0,0,2010-12-31T00:00:00.000Z,12/31/2010 3:18:00 PM,At Intersection (intersection related),18.0,"MOTOR VEHICLE STRUCK PEDALCYCLIST, FRONT END AT ANGLE",,N,Clear or Partly Cloudy,Dry,Daylight,Y,,45,Vehicle - Pedalcyclist,0,N,Washington,47.71219944629407,-122.31790869237787
Block,N 45TH ST BETWEEN DENSMORE E AVE N AND WALLINGFORD AVE N,2,Injury Collision,Cycles,3,0,1,1,1,0,0,2010-03-22T00:00:00.000Z,3/22/2010 9:00:00 PM,Mid-Block (not related to intersection),18.0,"MOTOR VEHICLE STRUCK PEDALCYCLIST, FRONT END AT ANGLE",,N,Clear or Partly Cloudy,Dry,Dark - Street Lights On,,,45,Vehicle - Pedalcyclist,0,N,Washington,47.66138638378675,-122.33683478735995
Intersection,12TH AVE S AND S KING ST,2,Injury Collision,Cycles,2,0,1,1,1,0,0,2010-02-08T00:00:00.000Z,2/8/2010 3:46:00 PM,At Intersection (intersection related),18.0,"MOTOR VEHICLE STRUCK PEDALCYCLIST, FRONT END AT ANGLE",,N,Clear or Partly Cloudy,Dry,Daylight,,,45,Vehicle - Pedalcyclist,521161,N,Washington,47.598337593315385,-122.31722797859959
Block,17TH AVE BETWEEN E PINE ST AND E MADISON ST,2,Injury Collision,Cycles,2,0,1,1,1,0,0,2010-11-19T00:00:00.000Z,11/19/2010 5:30:00 PM,Mid-Block (but intersection related),51.0,PEDALCYCLIST STRUCK MOTOR VEHICLE FRONT END AT ANGLE,,N,Unknown,Wet,Dark - Street Lights On,,,45,Vehicle - Pedalcyclist,0,N,Washington,47.61543076026522,-122.31015223548971
Block,1ST AVE BETWEEN SPRING ST AND SENECA ST,2,Injury Collision,Cycles,3,0,1,1,1,0,0,2010-05-20T00:00:00.000Z,5/20/2010 4:41:00 PM,Mid-Block (but intersection related),55.0,PEDALCYCLIST STRUCK MOTOR VEHICLE RIGHT SIDE SIDESWIPE,,N,Overcast,Dry,Daylight,,,45,Vehicle - Pedalcyclist,0,N,Washington,47.6057638630913,-122.33721651811425
Intersection,24TH AVE NW AND NW 59TH ST,2,Injury Collision,Cycles,2,0,1,1,1,0,0,2010-03-13T00:00:00.000Z,3/13/2010 3:10:00 PM,At Intersection (intersection related),18.0,"MOTOR VEHICLE STRUCK PEDALCYCLIST, FRONT END AT ANGLE",,N,Clear or Partly Cloudy,Dry,Daylight,Y,,45,Vehicle - Pedalcyclist,0,N,Washington,47.67164521735136,-122.38758724512077
Block,N 143RD ST BETWEEN EVANSTON AVE N AND LINDEN AVE N,2,Injury Collision,Cycles,2,0,1,1,1,0,0,2010-02-01T00:00:00.000Z,2/1/2010 11:04:00 PM,Mid-Block (not related to intersection),18.0,"MOTOR VEHICLE STRUCK PEDALCYCLIST, FRONT END AT ANGLE",,N,Overcast,Wet,Dark - Street Lights On,,,45,Vehicle - Pedalcyclist,0,N,Washington,47.73231424055485,-122.34976845507215
Intersection,19TH AVE AND E SPRUCE ST,2,Injury Collision,Cycles,2,0,1,1,1,0,0,2010-06-13T00:00:00.000Z,6/13/2010 5:35:00 PM,At Intersection (intersection related),51.0,PEDALCYCLIST STRUCK MOTOR VEHICLE FRONT END AT ANGLE,,N,Clear or Partly Cloudy,Dry,Daylight,Y,,45,Vehicle - Pedalcyclist,0,N,Washington,47.60351442961448,-122.30765932992948
Intersection,12TH AVE S AND S JACKSON ST,2,Injury Collision,Cycles,2,0,1,1,1,0,0,2010-05-27T00:00:00.000Z,5/27/2010 9:48:00 PM,At Intersection (intersection related),51.0,PEDALCYCLIST STRUCK MOTOR VEHICLE FRONT END AT ANGLE,,N,Overcast,Dry,Dark - Street Lights On,Y,,45,Vehicle - Pedalcyclist,0,N,Washington,47.599189062752046,-122.3172228469232
Block,E MADISON ST BETWEEN 16TH AVE AND E PINE ST,1,Property Damage Only Collision,Cycles,2,0,1,1,0,0,0,2010-10-28T00:00:00.000Z,10/28/2010 11:38:00 AM,Mid-Block (not related to intersection),18.0,"MOTOR VEHICLE STRUCK PEDALCYCLIST, FRONT END AT ANGLE",,N,Raining,Wet,Daylight,,,45,Vehicle - Pedalcyclist,0,N,Washington,47.61510494330813,-122.3113146223027
Intersection,ROOSEVELT WAY NE AND NE 66TH ST,2b,Serious Injury Collision,Cycles,2,0,1,1,1,1,0,2010-09-20T00:00:00.000Z,9/20/2010 3:56:00 PM,At Intersection (intersection related),51.0,PEDALCYCLIST STRUCK MOTOR VEHICLE FRONT END AT ANGLE,,N,Clear or Partly Cloudy,Dry,Daylight,Y,,45,Vehicle - Pedalcyclist,0,N,Washington,47.67655440134596,-122.31737321600777
Block,S JACKSON ST BETWEEN 7TH AVE S AND 8TH AVE S,2,Injury Collision,Cycles,1,0,1,0,1,0,0,2010-11-09T00:00:00.000Z,11/9/2010 5:39:00 PM,Mid-Block (not related to intersection),69.0,PEDALCYCLIST OVERTURNED IN ROAD,,N,Raining,Wet,Dark - Street Lights On,,,45,Vehicle - Pedalcyclist,0,N,Washington,47.599187370613926,-122.32309939355129
Intersection,DEXTER AVE N AND THOMAS ST,2,Injury Collision,Cycles,1,0,1,0,1,0,0,2010-11-08T00:00:00.000Z,11/8/2010 6:17:00 PM,At Intersection (intersection related),51.0,PEDALCYCLIST STRUCK MOTOR VEHICLE FRONT END AT ANGLE,,N,Clear or Partly Cloudy,Dry,Dark - Street Lights On,,,45,Vehicle - Pedalcyclist,0,N,Washington,47.620888394604385,-122.34238173081964
Intersection,GOLF DR S AND S CHARLES ST,2,Injury Collision,Cycles,3,0,1,1,1,0,0,2010-11-05T00:00:00.000Z,11/5/2010 5:56:00 PM,At Intersection (intersection related),18.0,"MOTOR VEHICLE STRUCK PEDALCYCLIST, FRONT END AT ANGLE",,N,Raining,Wet,Dark - Street Lights On,Y,,45,Vehicle - Pedalcyclist,0,N,Washington,47.594281683773424,-122.31657709205992
Block,ROOSEVELT WAY NE BETWEEN NE 63RD ST AND NE 64TH ST,2,Injury Collision,Cycles,4,0,1,2,1,0,0,2010-08-13T00:00:00.000Z,8/13/2010 1:25:00 PM,Mid-Block (not related to intersection),51.0,PEDALCYCLIST STRUCK MOTOR VEHICLE FRONT END AT ANGLE,,N,Clear or Partly Cloudy,Dry,Daylight,Y,,45,Vehicle - Pedalcyclist,0,N,Washington,47.67456673298784,-122.31736324057896
Intersection,BROOKLYN AVE NE AND NE 50TH ST,2,Injury Collision,Cycles,2,0,1,1,1,0,0,2010-06-14T00:00:00.000Z,6/14/2010 4:39:00 PM,,0.0,NOT ENOUGH INFORMATION / NOT APPLICABLE,,N,Clear or Partly Cloudy,Dry,Daylight,,,45,Vehicle - Pedalcyclist,0,N,Washington,47.66490847462878,-122.3142100907226
Block,2ND AVE BETWEEN PINE ST AND STEWART ST,2,Injury Collision,Cycles,2,0,1,1,1,0,0,2010-05-13T00:00:00.000Z,5/13/2010 7:53:00 AM,Driveway Junction,18.0,"MOTOR VEHICLE STRUCK PEDALCYCLIST, FRONT END AT ANGLE",,N,Clear or Partly Cloudy,Dry,Daylight,Y,,45,Vehicle - Pedalcyclist,0,N,Washington,47.61062229598858,-122.34012716975988
Intersection,QUEEN ANNE AVE N AND THOMAS ST,2,Injury Collision,Cycles,3,0,1,1,1,0,0,2010-04-10T00:00:00.000Z,4/10/2010 5:51:00 PM,At Intersection (intersection related),69.0,PEDALCYCLIST OVERTURNED IN ROAD,,N,Clear or Partly Cloudy,Dry,Daylight,,,45,Vehicle - Pedalcyclist,0,N,Washington,47.620941004508154,-122.35673850576008
Intersection,SAND POINT WAY NE AND NE 107TH ST,2,Injury Collision,Cycles,2,0,1,1,1,0,0,2010-05-09T00:00:00.000Z,5/9/2010 12:36:00 PM,At Intersection (intersection related),51.0,PEDALCYCLIST STRUCK MOTOR VEHICLE FRONT END AT ANGLE,,N,Clear or Partly Cloudy,Dry,Daylight,Y,,45,Vehicle - Pedalcyclist,0,N,Washington,47.707026788307324,-122.2792801220128
Intersection,25TH AVE NE AND NE 47TH ST,2,Injury Collision,Cycles,2,0,1,1,1,0,0,2010-01-22T00:00:00.000Z,1/22/2010 1:00:00 PM,At Intersection (intersection related),18.0,"MOTOR VEHICLE STRUCK PEDALCYCLIST, FRONT END AT ANGLE",,N,Overcast,Dry,Dusk,,,45,Vehicle - Pedalcyclist,521603,N,Washington,47.66326617682528,-122.30088691634994
Block,HARVARD AVE E BETWEEN E ALLISON ST AND EASTLAKE AVE E,2,Injury Collision,Cycles,2,0,1,1,1,0,0,2010-10-07T00:00:00.000Z,10/7/2010 5:04:00 PM,Mid-Block (not related to intersection),18.0,"MOTOR VEHICLE STRUCK PEDALCYCLIST, FRONT END AT ANGLE",,N,Overcast,Dry,Dusk,,,45,Vehicle - Pedalcyclist,0,N,Washington,47.64961353826936,-122.32209673575213
Intersection,BROOKLYN AVE NE AND BURKE GILMAN TRL,2,Injury Collision,Cycles,2,0,1,1,1,0,0,2010-08-11T00:00:00.000Z,8/11/2010 7:00:00 PM,At Intersection (but not related to intersection),51.0,PEDALCYCLIST STRUCK MOTOR VEHICLE FRONT END AT ANGLE,,N,Clear or Partly Cloudy,Dry,Daylight,Y,,45,Vehicle - Pedalcyclist,525567,N,Washington,47.654209093695,-122.31447179623804
Intersection,2ND AVE AND UNIVERSITY ST,2,Injury Collision,Cycles,2,0,1,1,1,0,0,2010-10-05T00:00:00.000Z,10/5/2010 9:22:00 AM,At Intersection (intersection related),18.0,"MOTOR VEHICLE STRUCK PEDALCYCLIST, FRONT END AT ANGLE",,N,Clear or Partly Cloudy,Dry,Daylight,Y,,45,Vehicle - Pedalcyclist,0,N,Washington,47.60729905819726,-122.33708679815666
Block,1ST AVE S BETWEEN S WASHINGTON ST AND S MAIN ST,2,Injury Collision,Cycles,2,0,1,1,1,0,0,2010-02-26T00:00:00.000Z,2/26/2010 4:40:00 PM,Mid-Block (but intersection related),69.0,PEDALCYCLIST OVERTURNED IN ROAD,,N,Raining,Wet,Dusk,,,45,Vehicle - Pedalcyclist,0,N,Washington,47.60046507201304,-122.33418322801921
Block,AURORA AVE N BETWEEN N 125TH ST AND N 127TH ST,1,Property Damage Only Collision,Cycles,2,0,1,1,0,0,0,2010-02-16T00:00:00.000Z,2/16/2010 1:44:00 PM,Driveway Junction,51.0,PEDALCYCLIST STRUCK MOTOR VEHICLE FRONT END AT ANGLE,,N,Raining,Dry,Daylight,,,45,Vehicle - Pedalcyclist,0,N,Washington,47.72048062662639,-122.34494681833144
Intersection,MELROSE AVE AND PIKE ST,2,Injury Collision,Cycles,3,0,1,1,1,0,0,2010-02-08T00:00:00.000Z,2/8/2010 4:11:00 PM,At Intersection (intersection related),18.0,"MOTOR VEHICLE STRUCK PEDALCYCLIST, FRONT END AT ANGLE",,N,Clear or Partly Cloudy,Dry,Daylight,Y,,45,Vehicle - Pedalcyclist,0,N,Washington,47.613930229686225,-122.32780457563459
Block,UNIVERSITY WAY NE BETWEEN NE 42ND ST AND NE 43RD ST,2,Injury Collision,Cycles,4,0,1,1,1,0,0,2010-12-19T00:00:00.000Z,12/19/2010 8:33:00 PM,Mid-Block (not related to intersection),0.0,NOT ENOUGH INFORMATION / NOT APPLICABLE,Y,N,Overcast,Wet,Dark - Street Lights On,,,45,Vehicle - Pedalcyclist,0,N,Washington,47.6590536166544,-122.313187788016
Intersection,HARVARD AVE AND E OLIVE ST,2,Injury Collision,Cycles,2,1,1,0,1,0,0,2010-07-21T00:00:00.000Z,7/21/2010 7:01:00 PM,At Intersection (intersection related),24.0,MOTOR VEHCILE STRUCK PEDESTRIAN,,N,Clear or Partly Cloudy,Dry,Daylight,,,45,Vehicle - Pedalcyclist,0,N,Washington,47.61639417084022,-122.32214881071937
Intersection,NAGLE PL AND E PINE ST,2,Injury Collision,Cycles,2,0,1,1,1,0,0,2010-06-17T00:00:00.000Z,6/17/2010 10:21:00 PM,At Intersection (intersection related),0.0,NOT ENOUGH INFORMATION / NOT APPLICABLE,,N,Clear or Partly Cloudy,Dry,Dark - Street Lights On,Y,,45,Vehicle - Pedalcyclist,0,N,Washington,47.61524085523932,-122.32001617622973
Block,EAST MARGINAL WAY S BETWEEN S FRONT ST AND S MICHIGAN ST,2,Injury Collision,Cycles,2,0,1,1,1,0,0,2010-06-15T00:00:00.000Z,6/15/2010 2:45:00 PM,,0.0,NOT ENOUGH INFORMATION / NOT APPLICABLE,,N,Clear or Partly Cloudy,Dry,Daylight,,,45,Vehicle - Pedalcyclist,0,N,Washington,47.545389036961296,-122.33216351512321
Intersection,11TH AVE AND E PIKE ST,2b,Serious Injury Collision,Cycles,2,0,1,1,1,1,0,2010-05-13T00:00:00.000Z,5/13/2010 7:55:00 PM,At Intersection (intersection related),51.0,PEDALCYCLIST STRUCK MOTOR VEHICLE FRONT END AT ANGLE,,N,Clear or Partly Cloudy,Dry,Dusk,Y,,45,Vehicle - Pedalcyclist,0,N,Washington,47.614094432422974,-122.31814095005302
Intersection,BROADWAY AND E DENNY WAY,2,Injury Collision,Cycles,2,0,1,1,1,0,0,2010-08-06T00:00:00.000Z,8/6/2010 12:00:00 PM,At Intersection (intersection related),51.0,PEDALCYCLIST STRUCK MOTOR VEHICLE FRONT END AT ANGLE,,N,Overcast,Dry,Daylight,Y,,45,Vehicle - Pedalcyclist,523773,N,Washington,47.61873954148882,-122.32085448301252
Intersection,AIRPORT WAY S AND S EDMUNDS ST,2,Injury Collision,Cycles,1,0,1,0,1,0,0,2010-10-12T00:00:00.000Z,10/12/2010 2:40:00 PM,At Intersection (intersection related),51.0,PEDALCYCLIST STRUCK MOTOR VEHICLE FRONT END AT ANGLE,,N,Clear or Partly Cloudy,Dry,Daylight,,,45,Vehicle - Pedalcyclist,0,N,Washington,47.55980817995785,-122.32326997421649
Intersection,32ND AVE S AND S ORCAS ST,2,Injury Collision,Cycles,2,0,1,1,1,0,0,2010-08-25T00:00:00.000Z,8/25/2010 6:13:00 PM,At Intersection (intersection related),51.0,PEDALCYCLIST STRUCK MOTOR VEHICLE FRONT END AT ANGLE,,N,Overcast,Dry,Daylight,Y,,45,Vehicle - Pedalcyclist,0,N,Washington,47.55095458057354,-122.29155569613384
Intersection,12TH AVE AND E MADISON ST,2,Injury Collision,Cycles,2,0,1,1,1,0,0,2010-09-29T00:00:00.000Z,9/29/2010 3:32:00 PM,At Intersection (intersection related),18.0,"MOTOR VEHICLE STRUCK PEDALCYCLIST, FRONT END AT ANGLE",Y,N,Clear or Partly Cloudy,Dry,Daylight,Y,,45,Vehicle - Pedalcyclist,0,N,Washington,47.61288923577013,-122.31673339075188
Block,BALLARD BR BETWEEN 15TH AVE W AND POINT A,2b,Serious Injury Collision,Cycles,9,0,1,1,1,1,0,2010-06-05T00:00:00.000Z,6/5/2010 5:38:00 PM,Mid-Block (not related to intersection),23.0,"MOTOR VEHICLE STRUCK PEDALCYCLIST, LEFT SIDE SIDESWIPE",,N,Clear or Partly Cloudy,Dry,Daylight,,,45,Vehicle - Pedalcyclist,0,N,Washington,47.656987822174656,-122.3762225615747
Block,NE 45TH ST BETWEEN 1ST AVE NE AND 2ND AVE NE,2,Injury Collision,Cycles,2,0,1,1,1,0,0,2010-04-15T00:00:00.000Z,4/15/2010 8:18:00 PM,Driveway Junction,51.0,PEDALCYCLIST STRUCK MOTOR VEHICLE FRONT END AT ANGLE,,N,Clear or Partly Cloudy,Dry,Dark - Street Lights On,Y,Y,45,Vehicle - Pedalcyclist,0,N,Washington,47.66135727672546,-122.32775751125796
Block,E MCGRAW ST BETWEEN 15TH AVE E AND 16TH AVE E,2,Injury Collision,Cycles,2,0,1,1,1,0,0,2010-10-15T00:00:00.000Z,10/15/2010 8:04:00 AM,Mid-Block (but intersection related),18.0,"MOTOR VEHICLE STRUCK PEDALCYCLIST, FRONT END AT ANGLE",,N,Clear or Partly Cloudy,Wet,Daylight,Y,,45,Vehicle - Pedalcyclist,0,N,Washington,47.64029575451347,-122.31153054278543
Intersection,15TH AVE W AND W HOWE ST,2,Injury Collision,Cycles,2,0,1,1,1,0,0,2010-07-27T00:00:00.000Z,7/27/2010 6:24:00 PM,At Intersection (intersection related),18.0,"MOTOR VEHICLE STRUCK PEDALCYCLIST, FRONT END AT ANGLE",,N,Clear or Partly Cloudy,Dry,Daylight,Y,,45,Vehicle - Pedalcyclist,0,N,Washington,47.63595304825938,-122.37613788360537
Intersection,BOYER AVE E AND E LYNN ST,2,Injury Collision,Cycles,2,0,1,1,1,0,0,2010-06-08T00:00:00.000Z,6/8/2010 8:23:00 AM,At Intersection (intersection related),0.0,NOT ENOUGH INFORMATION / NOT APPLICABLE,,N,Clear or Partly Cloudy,Dry,Daylight,,,45,Vehicle - Pedalcyclist,0,N,Washington,47.63956179992621,-122.31077139488914
Block,N 115TH ST BETWEEN STONE AVE N AND MERIDIAN AVE N,2,Injury Collision,Cycles,3,0,1,1,1,0,0,2010-07-24T00:00:00.000Z,7/24/2010 4:05:00 PM,Mid-Block (not related to intersection),54.0,PEDALCYCLIST STRUCK MOTOR VEHICLE REAR END,Y,N,Clear or Partly Cloudy,Dry,Daylight,,,45,Vehicle - Pedalcyclist,0,N,Washington,47.712301805004394,-122.33809240814219
Intersection,5TH AVE AND PINE ST,2,Injury Collision,Cycles,2,0,1,1,1,0,0,2010-05-15T00:00:00.000Z,5/15/2010 2:08:00 AM,At Intersection (intersection related),18.0,"MOTOR VEHICLE STRUCK PEDALCYCLIST, FRONT END AT ANGLE",,N,Clear or Partly Cloudy,Dry,Dark - Street Lights On,,,45,Vehicle - Pedalcyclist,0,N,Washington,47.611672009747465,-122.33648396621885
Block,2ND AV ET S BETWEEN S WASHINGTON ST AND YESLER WAY,1,Property Damage Only Collision,Cycles,2,0,1,1,0,0,0,2010-09-22T00:00:00.000Z,9/22/2010 5:10:00 PM,Mid-Block (not related to intersection),18.0,"MOTOR VEHICLE STRUCK PEDALCYCLIST, FRONT END AT ANGLE",,N,Clear or Partly Cloudy,Dry,Daylight,,,45,Vehicle - Pedalcyclist,0,N,Washington,47.601297429493115,-122.3315981278804
Block,SW ORCHARD ST BETWEEN DELRIDGE WAY SW AND SYLVAN WAY SW,2,Injury Collision,Cycles,2,0,1,1,1,0,0,2010-11-18T00:00:00.000Z,11/18/2010 3:40:00 PM,Mid-Block (but intersection related),18.0,"MOTOR VEHICLE STRUCK PEDALCYCLIST, FRONT END AT ANGLE",,N,Clear or Partly Cloudy,Dry,Daylight,,,45,Vehicle - Pedalcyclist,525434,N,Washington,47.53775876213243,-122.36186725509536
Intersection,BELL ST AND DENNY WAY,2,Injury Collision,Cycles,2,0,1,1,1,0,0,2010-05-18T00:00:00.000Z,5/18/2010 1:30:00 PM,At Intersection (intersection related),51.0,PEDALCYCLIST STRUCK MOTOR VEHICLE FRONT END AT ANGLE,,N,Clear or Partly Cloudy,Dry,Daylight,Y,,45,Vehicle - Pedalcyclist,0,N,Washington,47.618540125961275,-122.33983235245165
Intersection,18TH AVE S AND S JACKSON ST,2,Injury Collision,Cycles,2,0,1,1,1,0,0,2010-02-10T00:00:00.000Z,2/10/2010 8:08:00 AM,At Intersection (intersection related),18.0,"MOTOR VEHICLE STRUCK PEDALCYCLIST, FRONT END AT ANGLE",,N,Clear or Partly Cloudy,Dry,Daylight,Y,,45,Vehicle - Pedalcyclist,0,N,Washington,47.59923897055192,-122.30896784408894
Intersection,13TH AVE W AND W NICKERSON ST,2,Injury Collision,Cycles,2,0,1,1,1,0,0,2010-05-08T00:00:00.000Z,5/8/2010 12:22:00 PM,At Intersection (intersection related),18.0,"MOTOR VEHICLE STRUCK PEDALCYCLIST, FRONT END AT ANGLE",,N,Unknown,Unknown,Unknown,,,45,Vehicle - Pedalcyclist,0,N,Washington,47.655513663979775,-122.37361083650083
Intersection,20TH AVE AND E JEFFERSON ST,2,Injury Collision,Cycles,2,0,1,1,1,0,0,2010-05-19T00:00:00.000Z,5/19/2010 3:21:00 PM,At Intersection (intersection related),51.0,PEDALCYCLIST STRUCK MOTOR VEHICLE FRONT END AT ANGLE,,N,Raining,Wet,Daylight,Y,,45,Vehicle - Pedalcyclist,0,N,Washington,47.60616745162813,-122.30633165638449
Block,10TH AVE E BETWEEN E ROY W ST AND E ALOHA ST,2,Injury Collision,Cycles,2,0,1,1,1,0,0,2010-06-01T00:00:00.000Z,6/1/2010 10:15:00 AM,Mid-Block (not related to intersection),51.0,PEDALCYCLIST STRUCK MOTOR VEHICLE FRONT END AT ANGLE,,N,Clear or Partly Cloudy,Dry,Daylight,Y,,45,Vehicle - Pedalcyclist,0,N,Washington,47.62614319916937,-122.32022303785999
Intersection,2ND AVE AND UNIVERSITY ST,2,Injury Collision,Cycles,2,0,1,1,1,0,0,2010-06-18T00:00:00.000Z,6/18/2010 10:49:00 PM,At Intersection (intersection related),51.0,PEDALCYCLIST STRUCK MOTOR VEHICLE FRONT END AT ANGLE,,N,Clear or Partly Cloudy,Dry,Dark - Street Lights On,,,45,Vehicle - Pedalcyclist,0,N,Washington,47.60729905819726,-122.33708679815666
Intersection,1ST AVE NE AND NE 130TH ST,2b,Serious Injury Collision,Cycles,2,0,1,1,1,1,0,2010-08-08T00:00:00.000Z,8/8/2010 9:36:00 AM,At Intersection (intersection related),51.0,PEDALCYCLIST STRUCK MOTOR VEHICLE FRONT END AT ANGLE,,N,Raining,Wet,Daylight,,,45,Vehicle - Pedalcyclist,524136,N,Washington,47.72316551607188,-122.32891834778911
Block,E ALDER ST BETWEEN BOREN AVE AND 10TH AVE,2,Injury Collision,Cycles,2,0,1,1,1,0,0,2010-06-09T00:00:00.000Z,6/9/2010 2:20:00 PM,Mid-Block (not related to intersection),51.0,PEDALCYCLIST STRUCK MOTOR VEHICLE FRONT END AT ANGLE,,N,Raining,Wet,Daylight,,,45,Vehicle - Pedalcyclist,0,N,Washington,47.60436137082655,-122.31999365578459
Block,1ST WR AVE S BETWEEN S HINDS ST AND S SPOKANE NR ST,1,Property Damage Only Collision,Cycles,2,0,1,1,0,0,0,2010-06-24T00:00:00.000Z,6/24/2010 5:15:00 PM,Mid-Block (not related to intersection),51.0,PEDALCYCLIST STRUCK MOTOR VEHICLE FRONT END AT ANGLE,,N,Clear or Partly Cloudy,Dry,Daylight,Y,,45,Vehicle - Pedalcyclist,0,N,Washington,47.572701817457926,-122.33433916816301
Intersection,44TH AVE NE AND NE 65TH ST,2,Injury Collision,Cycles,2,0,1,1,1,0,0,2010-12-10T00:00:00.000Z,12/10/2010 8:41:00 AM,At Intersection (intersection related),18.0,"MOTOR VEHICLE STRUCK PEDALCYCLIST, FRONT END AT ANGLE",,N,Clear or Partly Cloudy,Dry,Daylight,Y,,45,Vehicle - Pedalcyclist,0,N,Washington,47.67578869126143,-122.28087630864201
Intersection,27TH AVE NE AND NE 90TH ST,2,Injury Collision,Cycles,2,0,1,1,1,0,0,2010-12-15T00:00:00.000Z,12/15/2010 7:31:00 AM,At Intersection (intersection related),18.0,"MOTOR VEHICLE STRUCK PEDALCYCLIST, FRONT END AT ANGLE",,N,Clear or Partly Cloudy,Wet,Daylight,Y,,45,Vehicle - Pedalcyclist,0,N,Washington,47.69388393011444,-122.298731123181