addrtype,location,severitycode,severitydesc,collisiontype,personcount,pedcount,pedcylcount,vehcount,injuries,seriousinjuries,fatalities,incdate,incdttm,junctiontype,sdot_colcode,sdot_coldesc,inattentionind,underinfl,weather,roadcond,lightcond,pedrownotgrnt,speeding,st_colcode,st_coldesc,crosswalkkey,hitparkedcar,state,latitude,longitude
Block,GREENWOOD AVE N BETWEEN N 100TH ST AND N 101ST ST,2,Injury Collision,Cycles,2,0,1,1,1,0,0,2010-11-10T00:00:00.000Z,11/10/2010 2:00:00 PM,Mid-Block (not related to intersection),18.0,"MOTOR VEHICLE STRUCK PEDALCYCLIST, FRONT END AT ANGLE",,N,Unknown,Unknown,Unknown,Y,,45,Vehicle - Pedalcyclist,0,N,Washington,47.701821961875886,-122.35541864208405
Intersection,EASTLAKE AVE E AND HARVARD AVE E,2,Injury Collision,Cycles,2,0,1,1,1,0,0,2010-08-09T00:00:00.000Z,8/9/2010 7:50:00 AM,At Intersection (but not related to intersection),23.0,"MOTOR VEHICLE STRUCK PEDALCYCLIST, LEFT SIDE SIDESWIPE",,N,Overcast,Dry,Daylight,Y,,45,Vehicle - Pedalcyclist,0,N,Washington,47.65051917298521,-122.3220944648673
Intersection,AIRPORT WAY S AND S VALE ST,2,Injury Collision,Cycles,2,0,1,1,1,0,0,2010-12-21T00:00:00.000Z,12/21/2010 2:15:00 PM,At Intersection (intersection related),18.0,"MOTOR VEHICLE STRUCK PEDALCYCLIST, FRONT END AT ANGLE",,N,Overcast,Wet,Daylight,Y,,45,Vehicle - Pedalcyclist,0,N,Washington,47.54924358023775,-122.31689513863242
Block,NE 45TH ST BETWEEN THACKERAY PL NE AND LATONA AVE NE,2,Injury Collision,Cycles,3,0,1,1,1,0,0,2010-07-29T00:00:00.000Z,7/29/2010 3:58:00 PM,Mid-Block (not related to intersection),51.0,PEDALCYCLIST STRUCK MOTOR VEHICLE FRONT END AT ANGLE,,N,Clear or Partly Cloudy,Dry,Daylight,Y,,45,Vehicle - Pedalcyclist,0,N,Washington,47.661346755251515,-122.32564536473947
Intersection,DAYTON AVE N AND N 84TH ST,2,Injury Collision,Cycles,4,0,1,1,1,0,0,2010-08-04T00:00:00.000Z,8/4/2010 6:47:00 PM,At Intersection (intersection related),51.0,PEDALCYCLIST STRUCK MOTOR VEHICLE FRONT END AT ANGLE,,N,Clear or Partly Cloudy,Dry,Dusk,,,45,Vehicle - Pedalcyclist,0,N,Washington,47.689835933385964,-122.35260226898721
Block,S MYRTLE ST BETWEEN 38TH AVE S AND M L KING JR WR WAY S,2,Injury Collision,Cycles,2,0,1,1,1,0,0,2010-01-06T00:00:00.000Z,1/6/2010 6:08:00 PM,Driveway Junction,18.0,"MOTOR VEHICLE STRUCK PEDALCYCLIST, FRONT END AT ANGLE",,N,Clear or Partly Cloudy,Dry,Dark - Street Lights On,Y,,45,Vehicle - Pedalcyclist,0,N,Washington,47.538883039953575,-122.28346561738309
Block,2ND AV ET S BETWEEN S JACKSON ST AND S MAIN ST,1,Property Damage Only Collision,Cycles,2,0,1,1,0,0,0,2010-06-01T00:00:00.000Z,6/1/2010 7:08:00 PM,Mid-Block (not related to intersection),18.0,"MOTOR VEHICLE STRUCK PEDALCYCLIST, FRONT END AT ANGLE",,N,Overcast,Wet,Dusk,Y,,45,Vehicle - Pedalcyclist,0,N,Washington,47.59959343580528,-122.3300094981593
Intersection,MADISON ST AND TERRY AVE,2,Injury Collision,Cycles,2,0,1,1,1,0,0,2010-10-23T00:00:00.000Z,10/23/2010 9:02:00 PM,At Intersection (intersection related),51.0,PEDALCYCLIST STRUCK MOTOR VEHICLE FRONT END AT ANGLE,,N,Raining,Wet,Dark - Street Lights On,Y,,45,Vehicle - Pedalcyclist,0,N,Washington,47.60887338018297,-122.32624962892125
Intersection,3RD AVE N AND MERCER ST,2,Injury Collision,Cycles,2,0,1,1,1,0,0,2010-09-16T00:00:00.000Z,9/16/2010 6:21:00 PM,At Intersection (intersection related),51.0,PEDALCYCLIST STRUCK MOTOR VEHICLE FRONT END AT ANGLE,,N,Raining,Wet,Daylight,Y,,45,Vehicle - Pedalcyclist,0,N,Washington,47.62456996339036,-122.35148741511824
Block,QUEEN ANNE AVE N BETWEEN CROCKETT ST AND BOSTON ST,2,Injury Collision,Cycles,3,0,1,1,1,0,0,2010-07-13T00:00:00.000Z,7/13/2010 12:00:00 PM,Mid-Block (not related to intersection),56.0,PEDALCYCLIST STRUCK MOTOR VEHICLE LEFT SIDE SIDESWIPE,,N,Clear or Partly Cloudy,Dry,Daylight,Y,,45,Vehicle - Pedalcyclist,0,N,Washington,47.6377747223607,-122.3569339849762
Block,DEXTER AVE N BETWEEN WARD ST AND PROSPECT ST,2,Injury Collision,Cycles,2,0,1,1,1,0,0,2010-06-01T00:00:00.000Z,6/1/2010 8:45:00 AM,Mid-Block (not related to intersection),51.0,PEDALCYCLIST STRUCK MOTOR VEHICLE FRONT END AT ANGLE,,N,Clear or Partly Cloudy,Dry,Daylight,Y,,45,Vehicle - Pedalcyclist,0,N,Washington,,
Block,WESTERN AVE BETWEEN UNION ST AND PIKE ST,2,Injury Collision,Cycles,2,0,1,1,1,0,0,2010-12-05T00:00:00.000Z,12/5/2010 1:29:00 PM,Driveway Junction,18.0,"MOTOR VEHICLE STRUCK PEDALCYCLIST, FRONT END AT ANGLE",,N,Overcast,Wet,Daylight,Y,,45,Vehicle - Pedalcyclist,0,N,Washington,47.60785918363553,-122.34066884673305
Intersection,KENWOOD PL N AND EAST GREEN LAKE WAY N,2,Injury Collision,Cycles,2,1,1,0,1,0,0,2010-06-03T00:00:00.000Z,6/3/2010 11:40:00 AM,At Intersection (intersection related),24.0,MOTOR VEHCILE STRUCK PEDESTRIAN,,N,Clear or Partly Cloudy,Dry,Daylight,Y,,45,Vehicle - Pedalcyclist,524207,N,Washington,47.67218409213922,-122.33762007249912
Intersection,FREMONT AVE N AND N 36TH ST,2,Injury Collision,Cycles,5,0,1,1,1,0,0,2010-09-25T00:00:00.000Z,9/25/2010 12:40:00 AM,At Intersection (intersection related),51.0,PEDALCYCLIST STRUCK MOTOR VEHICLE FRONT END AT ANGLE,,N,Clear or Partly Cloudy,Dry,Dark - Street Lights On,,,45,Vehicle - Pedalcyclist,0,N,Washington,47.65134880870682,-122.34993445253836
Intersection,FREMONT AVE N AND N ALLEN PL,2,Injury Collision,Cycles,2,0,1,1,1,0,0,2010-05-06T00:00:00.000Z,5/6/2010 1:25:00 PM,At Intersection (intersection related),51.0,PEDALCYCLIST STRUCK MOTOR VEHICLE FRONT END AT ANGLE,,N,Clear or Partly Cloudy,Dry,Daylight,,,45,Vehicle - Pedalcyclist,0,N,Washington,47.66076328577776,-122.35003210804906
Intersection,3RD AVE S AND S STACY ST,1,Property Damage Only Collision,Cycles,2,0,1,1,0,0,0,2010-04-22T00:00:00.000Z,4/22/2010 11:24:00 AM,At Intersection (intersection related),18.0,"MOTOR VEHICLE STRUCK PEDALCYCLIST, FRONT END AT ANGLE",,N,Clear or Partly Cloudy,Dry,Daylight,,,45,Vehicle - Pedalcyclist,0,N,Washington,47.581893113276955,-122.32998835803822
Intersection,25TH AVE SW AND SW HUDSON ST,2,Injury Collision,Cycles,2,0,1,1,1,0,0,2010-07-13T00:00:00.000Z,7/13/2010 7:48:00 AM,At Intersection (intersection related),51.0,PEDALCYCLIST STRUCK MOTOR VEHICLE FRONT END AT ANGLE,,N,Clear or Partly Cloudy,Dry,Daylight,,,45,Vehicle - Pedalcyclist,0,N,Washington,47.557474691369045,-122.36425503178516
Block,DELRIDGE WAY SW BETWEEN SW BRANDON ST AND SW FINDLAY ST,2,Injury Collision,Cycles,2,0,1,1,1,0,0,2010-05-22T00:00:00.000Z,5/22/2010 5:45:00 PM,Driveway Junction,18.0,"MOTOR VEHICLE STRUCK PEDALCYCLIST, FRONT END AT ANGLE",,N,Unknown,Unknown,Unknown,,,45,Vehicle - Pedalcyclist,0,N,Washington,47.552821135663955,-122.36297547645216
Block,EASTLAKE AVE E BETWEEN HARVARD AVE E AND FUHRMAN AVE E,2,Injury Collision,Cycles,5,0,1,1,1,0,0,2010-08-19T00:00:00.000Z,8/19/2010 9:30:00 AM,Mid-Block (not related to intersection),51.0,PEDALCYCLIST STRUCK MOTOR VEHICLE FRONT END AT ANGLE,,N,Overcast,Dry,Daylight,,,45,Vehicle - Pedalcyclist,0,N,Washington,47.65104751116883,-122.32168580219019
Intersection,1ST AVE S AND S HANFORD ST,2,Injury Collision,Cycles,4,0,1,1,1,0,0,2010-05-03T00:00:00.000Z,5/3/2010 4:19:00 PM,At Intersection (intersection related),51.0,PEDALCYCLIST STRUCK MOTOR VEHICLE FRONT END AT ANGLE,,N,Clear or Partly Cloudy,Dry,Daylight,Y,,45,Vehicle - Pedalcyclist,0,N,Washington,47.57557557380279,-122.33420302527028
Intersection,LEARY WAY NW AND NW 46TH ST,2,Injury Collision,Cycles,2,0,1,1,1,0,0,2010-03-24T00:00:00.000Z,3/24/2010 3:22:00 PM,At Intersection (intersection related),21.0,"MOTOR VEHICLE STRUCK PEDALCYCLIST, REAR END",,N,Clear or Partly Cloudy,Dry,Daylight,Y,,45,Vehicle - Pedalcyclist,0,N,Washington,47.6621954055336,-122.36786512751544
Block,AIRPORT WAY S BETWEEN S EDMUNDS ST AND AIRPORT WY S VI,2,Injury Collision,Cycles,2,0,1,1,1,0,0,2010-03-24T00:00:00.000Z,3/24/2010 8:11:00 PM,Mid-Block (not related to intersection),23.0,"MOTOR VEHICLE STRUCK PEDALCYCLIST, LEFT SIDE SIDESWIPE",,0,Clear or Partly Cloudy,Dry,Dark - Street Lights On,Y,,45,Vehicle - Pedalcyclist,0,N,Washington,47.55892134832731,-122.32317369199265
Block,CALIFORNIA AVE SW BETWEEN SW MASSACHUSETTS ST AND SW HOLGATE ST,2,Injury Collision,Cycles,2,0,1,1,1,0,0,2010-09-25T00:00:00.000Z,9/25/2010 10:00:00 AM,Mid-Block (not related to intersection),51.0,PEDALCYCLIST STRUCK MOTOR VEHICLE FRONT END AT ANGLE,,N,Clear or Partly Cloudy,Dry,Daylight,Y,,45,Vehicle - Pedalcyclist,0,N,Washington,47.58740836676322,-122.38629838832895
Block,NE 45TH ST BETWEEN 1ST AVE NE AND 2ND AVE NE,2,Injury Collision,Cycles,3,0,1,1,1,0,0,2010-12-11T00:00:00.000Z,12/11/2010 10:13:00 PM,Driveway Junction,18.0,"MOTOR VEHICLE STRUCK PEDALCYCLIST, FRONT END AT ANGLE",Y,N,Raining,Wet,Dark - Street Lights On,Y,,45,Vehicle - Pedalcyclist,0,N,Washington,47.66135727672546,-122.32775751125796
Intersection,FAIRVIEW AVE N AND FAIRVIEW PL N,2,Injury Collision,Cycles,2,0,1,1,1,0,0,2010-10-30T00:00:00.000Z,10/30/2010 3:04:00 PM,At Intersection (intersection related),51.0,PEDALCYCLIST STRUCK MOTOR VEHICLE FRONT END AT ANGLE,,N,Raining,Wet,Daylight,,,45,Vehicle - Pedalcyclist,0,N,Washington,47.62628087670744,-122.33400849264623
Intersection,5TH AVE NE AND NE 76TH ST,2,Injury Collision,Cycles,2,0,1,1,1,0,0,2010-10-20T00:00:00.000Z,10/20/2010 7:05:00 AM,At Intersection (intersection related),51.0,PEDALCYCLIST STRUCK MOTOR VEHICLE FRONT END AT ANGLE,,N,Clear or Partly Cloudy,Dry,Dawn,,,45,Vehicle - Pedalcyclist,0,N,Washington,47.683537847389914,-122.32290725761392
Block,SW KLICKITAT SR WAY BETWEEN SW SPOKANE ST AND 11TH CR AVE SW,2,Injury Collision,Cycles,2,0,1,1,1,0,0,2010-07-27T00:00:00.000Z,7/27/2010 6:11:00 AM,Driveway Junction,51.0,PEDALCYCLIST STRUCK MOTOR VEHICLE FRONT END AT ANGLE,,N,Clear or Partly Cloudy,Dry,Daylight,,,45,Vehicle - Pedalcyclist,0,N,Washington,47.571096799230425,-122.34747999364323
Intersection,29TH AVE S AND S DEARBORN E ST,2,Injury Collision,Cycles,2,0,1,1,1,0,0,2010-07-17T00:00:00.000Z,7/17/2010 1:39:00 PM,At Intersection (intersection related),51.0,PEDALCYCLIST STRUCK MOTOR VEHICLE FRONT END AT ANGLE,,N,Clear or Partly Cloudy,Dry,Daylight,Y,,45,Vehicle - Pedalcyclist,630890,N,Washington,47.59578947839231,-122.29513435311512
Intersection,2ND AVE AND CHERRY ST,2,Injury Collision,Cycles,2,0,1,1,1,0,0,2010-07-01T00:00:00.000Z,7/1/2010 5:28:00 PM,At Intersection (intersection related),11.0,"MOTOR VEHICLE STRUCK MOTOR VEHICLE, FRONT END AT ANGLE",,N,Clear or Partly Cloudy,Dry,Daylight,,,45,Vehicle - Pedalcyclist,0,N,Washington,47.60301939344011,-122.33317224593478
Intersection,14TH AVE E AND E REPUBLICAN ST,1,Property Damage Only Collision,Cycles,2,0,1,1,0,0,0,2010-08-06T00:00:00.000Z,8/6/2010 3:18:00 PM,At Intersection (intersection related),51.0,PEDALCYCLIST STRUCK MOTOR VEHICLE FRONT END AT ANGLE,,N,Clear or Partly Cloudy,Dry,Daylight,,,45,Vehicle - Pedalcyclist,0,N,Washington,47.623109801231756,-122.31465385876541
Intersection,10TH AVE AND E PINE ST,2,Injury Collision,Cycles,4,0,1,1,1,0,0,2010-09-03T00:00:00.000Z,9/3/2010 12:42:00 PM,At Intersection (intersection related),11.0,"MOTOR VEHICLE STRUCK MOTOR VEHICLE, FRONT END AT ANGLE",Y,N,Clear or Partly Cloudy,Dry,Daylight,,,45,Vehicle - Pedalcyclist,0,N,Washington,47.615245137368404,-122.31946547553095
Intersection,FREMONT AVE N AND N 34TH ST,2,Injury Collision,Cycles,9,0,1,1,1,0,0,2010-09-01T00:00:00.000Z,9/1/2010 5:58:00 AM,At Intersection (intersection related),51.0,PEDALCYCLIST STRUCK MOTOR VEHICLE FRONT END AT ANGLE,,N,Overcast,Wet,Dark - Street Lights On,Y,,45,Vehicle - Pedalcyclist,0,N,Washington,47.64958972852735,-122.34974744884168
Intersection,UNIVERSITY WAY NE AND NE 50TH ST,2,Injury Collision,Cycles,2,0,1,1,1,0,0,2010-11-01T00:00:00.000Z,11/1/2010 10:30:00 AM,At Intersection (intersection related),51.0,PEDALCYCLIST STRUCK MOTOR VEHICLE FRONT END AT ANGLE,,N,Raining,Wet,Daylight,Y,,45,Vehicle - Pedalcyclist,0,N,Washington,47.664900723928135,-122.3130741604038
Intersection,10TH AVE E AND E BOSTON ST,1,Property Damage Only Collision,Cycles,2,0,1,1,0,0,0,2010-08-25T00:00:00.000Z,8/25/2010 9:00:00 AM,At Intersection (intersection related),23.0,"MOTOR VEHICLE STRUCK PEDALCYCLIST, LEFT SIDE SIDESWIPE",,N,Clear or Partly Cloudy,Dry,Daylight,Y,,45,Vehicle - Pedalcyclist,0,N,Washington,47.63840322495143,-122.32007129508058
Intersection,18TH AVE S AND S WASHINGTON ST,1,Property Damage Only Collision,Cycles,2,0,1,1,0,0,0,2010-01-12T00:00:00.000Z,1/12/2010 1:45:00 PM,At Intersection (intersection related),18.0,"MOTOR VEHICLE STRUCK PEDALCYCLIST, FRONT END AT ANGLE",,N,Raining,Wet,Daylight,Y,,45,Vehicle - Pedalcyclist,0,N,Washington,47.60083884240174,-122.30896284831923
Intersection,4TH AVE AND PINE ST,2,Injury Collision,Cycles,2,1,1,0,1,0,0,2010-05-02T00:00:00.000Z,5/2/2010 2:04:00 PM,At Intersection (intersection related),64.0,PEDALCYCLIST STRUCK PEDESTRIAN,,N,Clear or Partly Cloudy,Dry,Daylight,,,45,Vehicle - Pedalcyclist,521865,N,Washington,47.61120737279311,-122.33759198158764
Block,CALIFORNIA AVE SW BETWEEN FAUNTLEROY WAY SW AND SW HOLLY ST,1,Property Damage Only Collision,Cycles,2,0,1,1,0,0,0,2010-08-01T00:00:00.000Z,8/1/2010 9:04:00 PM,Mid-Block (not related to intersection),51.0,PEDALCYCLIST STRUCK MOTOR VEHICLE FRONT END AT ANGLE,Y,N,Clear or Partly Cloudy,Dry,Dark - Street Lights On,,,45,Vehicle - Pedalcyclist,0,N,Washington,47.54397624455408,-122.38722466789694
Block,NW 65TH ST BETWEEN 19TH AVE NW AND 20TH AVE NW,2,Injury Collision,Cycles,2,0,1,1,1,0,0,2010-01-26T00:00:00.000Z,1/26/2010 9:44:00 PM,Mid-Block (but intersection related),21.0,"MOTOR VEHICLE STRUCK PEDALCYCLIST, REAR END",Y,N,Clear or Partly Cloudy,Dry,Dark - Street Lights On,,,45,Vehicle - Pedalcyclist,0,N,Washington,47.67598716394521,-122.38158360969294
Intersection,2ND AVE AND CHERRY ST,2,Injury Collision,Cycles,2,0,1,1,1,0,0,2010-09-02T00:00:00.000Z,9/2/2010 7:14:00 PM,At Intersection (intersection related),18.0,"MOTOR VEHICLE STRUCK PEDALCYCLIST, FRONT END AT ANGLE",,N,Clear or Partly Cloudy,Dry,Daylight,Y,,45,Vehicle - Pedalcyclist,0,N,Washington,47.60301939344011,-122.33317224593478
Intersection,15TH NB AVE NW AND NW LEARY WAY,2,Injury Collision,Cycles,3,0,1,1,1,0,0,2010-09-12T00:00:00.000Z,9/12/2010 5:40:00 PM,At Intersection (intersection related),51.0,PEDALCYCLIST STRUCK MOTOR VEHICLE FRONT END AT ANGLE,,N,Clear or Partly Cloudy,Dry,Daylight,,,45,Vehicle - Pedalcyclist,0,N,Washington,47.663664352401284,-122.37612339278841
Intersection,BROADWAY AND E PIKE ST,2b,Serious Injury Collision,Cycles,3,0,1,1,1,1,0,2010-12-18T00:00:00.000Z,12/18/2010 1:14:00 AM,At Intersection (intersection related),18.0,"MOTOR VEHICLE STRUCK PEDALCYCLIST, FRONT END AT ANGLE",,N,Clear or Partly Cloudy,Dry,Dark - Street Lights On,Y,,45,Vehicle - Pedalcyclist,0,N,Washington,47.614075666770745,-122.32078036743833
Block,LAKE WASHINGTON BLVD E BETWEEN ARBORETUM DR E AND E INTERLAKEN BLVD,1,Property Damage Only Collision,Cycles,2,0,1,1,0,0,0,2010-11-10T00:00:00.000Z,11/10/2010 7:50:00 AM,Mid-Block (not related to intersection),51.0,PEDALCYCLIST STRUCK MOTOR VEHICLE FRONT END AT ANGLE,,N,Unknown,Unknown,Unknown,,,45,Vehicle - Pedalcyclist,0,N,Washington,47.629205173238745,-122.29605706114181
Intersection,1ST AVE NE AND NE 45TH ST,2,Injury Collision,Cycles,6,0,1,1,1,0,0,2010-10-10T00:00:00.000Z,10/10/2010 4:14:00 PM,At Intersection (intersection related),18.0,"MOTOR VEHICLE STRUCK PEDALCYCLIST, FRONT END AT ANGLE",,N,Overcast,Dry,Daylight,,,45,Vehicle - Pedalcyclist,0,N,Washington,47.661359783929186,-122.32826075553051
Intersection,2ND AVE AND JAMES ST,1,Property Damage Only Collision,Cycles,2,0,1,1,0,0,0,2010-10-22T00:00:00.000Z,10/22/2010 4:27:00 PM,At Intersection (intersection related),51.0,PEDALCYCLIST STRUCK MOTOR VEHICLE FRONT END AT ANGLE,,N,Overcast,Dry,Daylight,,,45,Vehicle - Pedalcyclist,523248,N,Washington,47.602305601181115,-122.33251943988401
Intersection,SAND POINT WAY NE AND NE 95TH ST,2,Injury Collision,Cycles,3,0,1,1,1,0,0,2010-06-27T00:00:00.000Z,6/27/2010 4:20:00 PM,At Intersection (intersection related),61.0,PEDALCYCLIST STRUCK PEDALCYCLIST REAR END,,N,Overcast,Dry,Daylight,Y,,45,Vehicle - Pedalcyclist,0,N,Washington,47.697359211991674,-122.27762238759277
Intersection,ROOSEVELT WAY NE AND NE 62ND ST,2,Injury Collision,Cycles,2,0,1,1,1,0,0,2010-06-10T00:00:00.000Z,6/10/2010 4:11:00 PM,At Intersection (intersection related),0.0,NOT ENOUGH INFORMATION / NOT APPLICABLE,,N,Clear or Partly Cloudy,Dry,Daylight,,,45,Vehicle - Pedalcyclist,0,N,Washington,47.6733347762294,-122.31736337490804
Block,N 50TH ST BETWEEN EASTERN AVE N AND 1ST AVE NE,2b,Serious Injury Collision,Cycles,5,0,1,1,1,1,0,2010-12-17T00:00:00.000Z,12/17/2010 8:23:00 AM,Mid-Block (but intersection related),51.0,PEDALCYCLIST STRUCK MOTOR VEHICLE FRONT END AT ANGLE,Y,N,Clear or Partly Cloudy,Dry,Daylight,,,45,Vehicle - Pedalcyclist,0,N,Washington,47.66500561749764,-122.32866697076986
Intersection,1ST AVE S AND S JACKSON ST,2,Injury Collision,Cycles,2,0,1,1,1,0,0,2010-10-22T00:00:00.000Z,10/22/2010 7:53:00 AM,At Intersection (intersection related),51.0,PEDALCYCLIST STRUCK MOTOR VEHICLE FRONT END AT ANGLE,,N,Overcast,Wet,Daylight,,,45,Vehicle - Pedalcyclist,521022,N,Washington,47.59920482885765,-122.33418803153756
Block,30TH AVE BETWEEN E CHERRY ST AND E ARLINGTON PL,2,Injury Collision,Cycles,2,0,1,1,1,0,0,2010-09-09T00:00:00.000Z,9/9/2010 5:30:00 PM,Mid-Block (not related to intersection),15.0,"MOTOR VEHICLE STRUCK MOTOR VEHICLE, RIGHT SIDE SIDESWIPE",,N,Clear or Partly Cloudy,Dry,Daylight,,,45,Vehicle - Pedalcyclist,0,N,Washington,47.60823329181037,-122.293652883218
Block,LAKE CITY WAY NE BETWEEN 27TH AVE NE AND NE 117TH ST,2,Injury Collision,Cycles,2,0,1,1,1,0,0,2010-03-09T00:00:00.000Z,3/9/2010 4:56:00 PM,Driveway Junction,18.0,"MOTOR VEHICLE STRUCK PEDALCYCLIST, FRONT END AT ANGLE",,N,Clear or Partly Cloudy,Dry,Daylight,Y,,45,Vehicle - Pedalcyclist,0,N,Washington,47.71359991403412,-122.29859196190004
Intersection,ROOSEVELT WAY NE AND NE 105TH ST,1,Property Damage Only Collision,Cycles,2,0,1,1,0,0,0,2010-11-20T00:00:00.000Z,11/20/2010 7:51:00 AM,At Intersection (intersection related),18.0,"MOTOR VEHICLE STRUCK PEDALCYCLIST, FRONT END AT ANGLE",,N,Overcast,Wet,Daylight,Y,,45,Vehicle - Pedalcyclist,0,N,Washington,47.704920079382546,-122.31779966883806
Intersection,2ND AVE AND COLUMBIA ST,2,Injury Collision,Cycles,4,0,1,1,1,0,0,2010-09-10T00:00:00.000Z,9/10/2010 11:21:00 PM,At Intersection (intersection related),51.0,PEDALCYCLIST STRUCK MOTOR VEHICLE FRONT END AT ANGLE,,N,Clear or Partly Cloudy,Dry,Dark - Street Lights On,,,45,Vehicle - Pedalcyclist,0,N,Washington,47.603732792609094,-122.33382457188871
Intersection,ALASKAN WAY AND MADISON ST,1,Property Damage Only Collision,Cycles,2,0,1,1,0,0,0,2010-10-01T00:00:00.000Z,10/1/2010 1:35:00 PM,At Intersection (intersection related),54.0,PEDALCYCLIST STRUCK MOTOR VEHICLE REAR END,,N,Clear or Partly Cloudy,Dry,Daylight,,,45,Vehicle - Pedalcyclist,0,N,Washington,47.603781344663716,-122.33842408956005
Block,BROOKLYN AVE NE BETWEEN NE PACIFIC ST AND NE 40TH ST,2,Injury Collision,Cycles,2,0,1,1,1,0,0,2010-03-31T00:00:00.000Z,3/31/2010 5:45:00 PM,Mid-Block (not related to intersection),18.0,"MOTOR VEHICLE STRUCK PEDALCYCLIST, FRONT END AT ANGLE",,N,Clear or Partly Cloudy,Dry,Daylight,,,45,Vehicle - Pedalcyclist,525567,N,Washington,47.65448187130049,-122.31446453691488
Intersection,29TH AVE NE AND NE 65TH ST,2,Injury Collision,Left Turn,2,0,1,1,1,0,0,2010-04-18T00:00:00.000Z,4/18/2010 5:24:00 PM,At Intersection (intersection related),18.0,"MOTOR VEHICLE STRUCK PEDALCYCLIST, FRONT END AT ANGLE",,N,Clear or Partly Cloudy,Dry,Daylight,Y,,28,From opposite direction - one left turn - one straight,0,N,Washington,47.67577817244234,-122.29643184299084
Intersection,BLANCHARD ST AND WESTLAKE AVE,2,Injury Collision,Cycles,3,0,1,1,1,0,0,2010-11-07T00:00:00.000Z,11/7/2010 5:50:00 PM,At Intersection (intersection related),51.0,PEDALCYCLIST STRUCK MOTOR VEHICLE FRONT END AT ANGLE,,N,Clear or Partly Cloudy,Dry,Dark - Street Lights On,,,45,Vehicle - Pedalcyclist,0,N,Washington,47.6177518471047,-122.3383444349012
Intersection,STONE AVE N AND N 77TH ST,2,Injury Collision,Cycles,2,0,1,1,1,0,0,2010-09-14T00:00:00.000Z,9/14/2010 4:15:00 PM,At Intersection (intersection related),51.0,PEDALCYCLIST STRUCK MOTOR VEHICLE FRONT END AT ANGLE,,N,Clear or Partly Cloudy,Dry,Daylight,,,45,Vehicle - Pedalcyclist,0,N,Washington,47.68476076048436,-122.3417932321506
Block,EASTLAKE AVE E BETWEEN E LYNN ST AND E LOUISA ST,2,Injury Collision,Cycles,3,0,1,1,1,0,0,2010-12-30T00:00:00.000Z,12/30/2010 4:30:00 PM,Mid-Block (not related to intersection),51.0,PEDALCYCLIST STRUCK MOTOR VEHICLE FRONT END AT ANGLE,,N,Clear or Partly Cloudy,Dry,Dusk,,,45,Vehicle - Pedalcyclist,0,N,Washington,47.64087739090343,-122.32588991601541
Intersection,4TH AVE S AND SEATTLE BLVD S,1,Property Damage Only Collision,Cycles,2,0,1,1,0,0,0,2010-04-01T00:00:00.000Z,4/1/2010 3:20:00 PM,At Intersection (intersection related),18.0,"MOTOR VEHICLE STRUCK PEDALCYCLIST, FRONT END AT ANGLE",,N,Raining,Wet,Daylight,Y,,45,Vehicle - Pedalcyclist,522348,N,Washington,47.596486014425366,-122.32904622073431
Intersection,28TH AVE S AND S CHARLES ST,1,Property Damage Only Collision,Cycles,2,0,1,1,0,0,0,2010-10-09T00:00:00.000Z,10/9/2010 6:38:00 PM,At Intersection (but not related to intersection),51.0,PEDALCYCLIST STRUCK MOTOR VEHICLE FRONT END AT ANGLE,,N,Clear or Partly Cloudy,Dry,Daylight,,,45,Vehicle - Pedalcyclist,0,N,Washington,47.59449258280885,-122.29657526942768
Intersection,25TH AVE NE AND NE BLAKELEY ST,1,Property Damage Only Collision,Cycles,3,0,1,1,0,0,0,2010-05-12T00:00:00.000Z,5/12/2010 8:39:00 PM,At Intersection (intersection related),18.0,"MOTOR VEHICLE STRUCK PEDALCYCLIST, FRONT END AT ANGLE",,N,Overcast,Dry,Daylight,Y,,45,Vehicle - Pedalcyclist,521604,N,Washington,47.66626671821327,-122.30060498001896
Block,15TH AV W SB ON RP BETWEEN 15TH AVE W AND W DRAVUS ST,2,Injury Collision,Cycles,2,0,1,1,1,0,0,2010-02-22T00:00:00.000Z,2/22/2010 4:27:00 PM,Mid-Block (but intersection related),21.0,"MOTOR VEHICLE STRUCK PEDALCYCLIST, REAR END",Y,N,Clear or Partly Cloudy,Dry,Daylight,Y,,45,Vehicle - Pedalcyclist,0,N,Washington,47.647507173206435,-122.37663546534313
Block,S ANGELINE ST BETWEEN 39TH AVE S AND 42ND AVE S,2,Injury Collision,Cycles,2,0,1,1,1,0,0,2010-05-07T00:00:00.000Z,5/7/2010 2:05:00 PM,Mid-Block (not related to intersection),54.0,PEDALCYCLIST STRUCK MOTOR VEHICLE REAR END,Y,N,Clear or Partly Cloudy,Dry,Daylight,,,45,Vehicle - Pedalcyclist,0,N,Washington,47.55942994973936,-122.28211254272314
Intersection,LEARY WAY NW AND NW BALLARD WAY,2,Injury Collision,Cycles,2,0,1,1,1,0,0,2010-10-14T00:00:00.000Z,10/14/2010 11:35:00 AM,At Intersection (intersection related),51.0,PEDALCYCLIST STRUCK MOTOR VEHICLE FRONT END AT ANGLE,,N,Clear or Partly Cloudy,Dry,Daylight,Y,,45,Vehicle - Pedalcyclist,0,N,Washington,47.66293721890843,-122.36860020067915