addrtype,location,severitycode,severitydesc,collisiontype,personcount,pedcount,pedcylcount,vehcount,injuries,seriousinjuries,fatalities,incdate,incdttm,junctiontype,sdot_colcode,sdot_coldesc,inattentionind,underinfl,weather,roadcond,lightcond,pedrownotgrnt,speeding,st_colcode,st_coldesc,crosswalkkey,hitparkedcar,state,latitude,longitude
Intersection,MARY AVE NW AND NW 83RD ST,2,Injury Collision,Cycles,2,0,1,1,1,0,0,2010-01-13T00:00:00.000Z,1/13/2010 8:00:00 PM,At Intersection (intersection related),18.0,"MOTOR VEHICLE STRUCK PEDALCYCLIST, FRONT END AT ANGLE",,N,Raining,Wet,Dark - No Street Lights,Y,,45,Vehicle - Pedalcyclist,0,N,Washington,47.68872885722526,-122.37546004954909
Block,NW 80TH ST BETWEEN 31ST AVE NW AND 32ND AVE NW,2,Injury Collision,Cycles,2,0,1,1,1,0,0,2010-06-26T00:00:00.000Z,6/26/2010 5:55:00 PM,Mid-Block (not related to intersection),51.0,PEDALCYCLIST STRUCK MOTOR VEHICLE FRONT END AT ANGLE,,N,Clear or Partly Cloudy,Dry,Daylight,,,45,Vehicle - Pedalcyclist,0,N,Washington,47.686745060867,-122.39763993720051
Intersection,12TH AVE AND E SPRING ST,2,Injury Collision,Cycles,2,0,1,1,1,0,0,2010-10-20T00:00:00.000Z,10/20/2010 6:26:00 PM,At Intersection (intersection related),51.0,PEDALCYCLIST STRUCK MOTOR VEHICLE FRONT END AT ANGLE,,N,Clear or Partly Cloudy,Dry,Dark - Street Lights On,Y,,45,Vehicle - Pedalcyclist,0,N,Washington,47.61156267617347,-122.31677888952036
Intersection,11TH AVE SW AND SW SPOKANE NR ST,2,Injury Collision,Cycles,2,0,1,1,1,0,0,2010-07-15T00:00:00.000Z,7/15/2010 7:06:00 AM,At Intersection (intersection related),51.0,PEDALCYCLIST STRUCK MOTOR VEHICLE FRONT END AT ANGLE,,N,Clear or Partly Cloudy,Dry,Daylight,,,45,Vehicle - Pedalcyclist,525537,N,Washington,47.57165394163272,-122.34924289488659
Intersection,10TH AVE E AND E LYNN ST,2,Injury Collision,Cycles,3,0,1,1,1,0,0,2010-09-18T00:00:00.000Z,9/18/2010 2:17:00 AM,At Intersection (intersection related),51.0,PEDALCYCLIST STRUCK MOTOR VEHICLE FRONT END AT ANGLE,,Y,Raining,Wet,Dark - Street Lights On,Y,,45,Vehicle - Pedalcyclist,0,N,Washington,47.639547112800344,-122.3200628709582
Intersection,15TH AVE S AND S MCCLELLAN ST,2,Injury Collision,Cycles,3,0,1,1,1,0,0,2010-07-21T00:00:00.000Z,7/21/2010 5:52:00 PM,At Intersection (intersection related),51.0,PEDALCYCLIST STRUCK MOTOR VEHICLE FRONT END AT ANGLE,,N,Clear or Partly Cloudy,Dry,Daylight,,Y,45,Vehicle - Pedalcyclist,520973,N,Washington,47.57863325352103,-122.31335343250585
Intersection,1ST AVE AND WARREN PL,2,Injury Collision,Cycles,2,0,1,1,1,0,0,2010-11-16T00:00:00.000Z,11/16/2010 5:07:00 PM,At Intersection (intersection related),18.0,"MOTOR VEHICLE STRUCK PEDALCYCLIST, FRONT END AT ANGLE",,N,Overcast,Dry,Dark - Street Lights On,Y,,45,Vehicle - Pedalcyclist,0,N,Washington,47.61788948020937,-122.35415335423576
Block,5TH AVE NE BETWEEN NE 112TH S ST AND NE 112TH N ST,2,Injury Collision,Cycles,3,0,1,1,1,0,0,2010-06-18T00:00:00.000Z,6/18/2010 5:37:00 PM,Mid-Block (not related to intersection),54.0,PEDALCYCLIST STRUCK MOTOR VEHICLE REAR END,,N,Clear or Partly Cloudy,Dry,Daylight,,,45,Vehicle - Pedalcyclist,0,N,Washington,47.70978682025138,-122.32331016805318
Intersection,22ND AVE AND E CHERRY ST,2,Injury Collision,Cycles,2,0,1,1,1,0,0,2010-04-11T00:00:00.000Z,4/11/2010 4:41:00 PM,At Intersection (intersection related),51.0,PEDALCYCLIST STRUCK MOTOR VEHICLE FRONT END AT ANGLE,,N,Clear or Partly Cloudy,Dry,Daylight,,,45,Vehicle - Pedalcyclist,0,N,Washington,47.60801107747415,-122.3037215197932
Block,NE 45TH ST BETWEEN 1ST AVE NE AND 2ND AVE NE,2,Injury Collision,Cycles,3,0,1,1,1,0,0,2010-10-22T00:00:00.000Z,10/22/2010 8:25:00 PM,Mid-Block (not related to intersection),51.0,PEDALCYCLIST STRUCK MOTOR VEHICLE FRONT END AT ANGLE,,Y,Clear or Partly Cloudy,Dry,Dark - Street Lights On,Y,,45,Vehicle - Pedalcyclist,0,N,Washington,47.66135727672546,-122.32775751125796
Intersection,2ND AVE AND MADISON ST,2b,Serious Injury Collision,Cycles,2,0,1,1,1,1,0,2010-06-12T00:00:00.000Z,6/12/2010 8:29:00 AM,At Intersection (intersection related),0.0,NOT ENOUGH INFORMATION / NOT APPLICABLE,,N,Clear or Partly Cloudy,Dry,Daylight,Y,,45,Vehicle - Pedalcyclist,0,N,Washington,47.60515932143504,-122.33512927310603
Block,LAKE WASHINGTON BLVD E BETWEEN E MADISON ST AND ARBORETUM DR E,2,Injury Collision,Cycles,2,0,1,1,1,0,0,2010-05-15T00:00:00.000Z,5/15/2010 6:11:00 PM,Mid-Block (but intersection related),18.0,"MOTOR VEHICLE STRUCK PEDALCYCLIST, FRONT END AT ANGLE",,N,Clear or Partly Cloudy,Dry,Daylight,Y,,45,Vehicle - Pedalcyclist,0,N,Washington,47.627191362075216,-122.29298983476741
Block,16TH AVE SW BETWEEN SW FINDLAY ST AND SW MORGAN ST,2,Injury Collision,Cycles,2,0,1,1,1,0,0,2010-02-02T00:00:00.000Z,2/2/2010,Mid-Block (not related to intersection),54.0,PEDALCYCLIST STRUCK MOTOR VEHICLE REAR END,,0,Clear or Partly Cloudy,Dry,Daylight,,,45,Vehicle - Pedalcyclist,0,N,Washington,47.54832347275465,-122.35483730700425
Block,EAST GREEN LAKE DR N BETWEEN LATONA AVE NE AND SUNNYSIDE AVE N,2b,Serious Injury Collision,Cycles,2,0,1,1,1,1,0,2010-07-14T00:00:00.000Z,7/14/2010 9:00:00 PM,Mid-Block (not related to intersection),56.0,PEDALCYCLIST STRUCK MOTOR VEHICLE LEFT SIDE SIDESWIPE,Y,N,Clear or Partly Cloudy,Dry,Dusk,,,45,Vehicle - Pedalcyclist,0,N,Washington,47.6822529218508,-122.32843386287823
Block,YESLER WAY BETWEEN 6TH AVE AND 8TH AVE,2,Injury Collision,Cycles,2,0,1,1,1,0,0,2010-01-22T00:00:00.000Z,1/22/2010 3:59:00 PM,Mid-Block (but intersection related),54.0,PEDALCYCLIST STRUCK MOTOR VEHICLE REAR END,Y,N,Clear or Partly Cloudy,Dry,Daylight,,,45,Vehicle - Pedalcyclist,0,N,Washington,47.601709116817744,-122.3244008995059
Intersection,WESTLAKE EAST RDWY AVE N AND NEWELL ST,2,Injury Collision,Cycles,2,0,1,1,1,0,0,2010-12-09T00:00:00.000Z,12/9/2010 7:18:00 AM,At Intersection (intersection related),18.0,"MOTOR VEHICLE STRUCK PEDALCYCLIST, FRONT END AT ANGLE",,N,Raining,Wet,Dawn,Y,,45,Vehicle - Pedalcyclist,0,N,Washington,47.644091588523146,-122.34468815203788
Intersection,25TH AVE NE AND NE 55TH ST,2,Injury Collision,Cycles,2,0,1,1,1,0,0,2010-09-22T00:00:00.000Z,9/22/2010 11:57:00 AM,At Intersection (intersection related),18.0,"MOTOR VEHICLE STRUCK PEDALCYCLIST, FRONT END AT ANGLE",,N,Clear or Partly Cloudy,Dry,Daylight,Y,,45,Vehicle - Pedalcyclist,0,N,Washington,47.668525747833385,-122.30061895388829
Intersection,36TH AVE E AND E HARRISON ST,2,Injury Collision,Cycles,2,0,1,1,1,0,0,2010-02-18T00:00:00.000Z,2/18/2010 12:59:00 PM,At Intersection (intersection related),51.0,PEDALCYCLIST STRUCK MOTOR VEHICLE FRONT END AT ANGLE,,N,Clear or Partly Cloudy,Dry,Daylight,Y,,45,Vehicle - Pedalcyclist,0,N,Washington,47.62252025290683,-122.28714692933242
Intersection,1ST AVE AND PINE ST,2,Injury Collision,Cycles,2,0,1,1,1,0,0,2010-07-14T00:00:00.000Z,7/14/2010 4:40:00 PM,At Intersection (intersection related),51.0,PEDALCYCLIST STRUCK MOTOR VEHICLE FRONT END AT ANGLE,,N,Clear or Partly Cloudy,Dry,Daylight,Y,,45,Vehicle - Pedalcyclist,0,N,Washington,47.609814229839344,-122.34092204396555
Intersection,6TH AVE S AND S STACY ST,2,Injury Collision,Cycles,2,0,1,1,1,0,0,2010-04-16T00:00:00.000Z,4/16/2010 4:41:00 PM,At Intersection (intersection related),51.0,PEDALCYCLIST STRUCK MOTOR VEHICLE FRONT END AT ANGLE,,N,Clear or Partly Cloudy,Dry,Daylight,Y,,45,Vehicle - Pedalcyclist,0,N,Washington,47.581892551819585,-122.32597519362317
Intersection,BALLARD AVE NW AND NW MARKET ST,2,Injury Collision,Cycles,2,0,1,1,1,0,0,2010-01-28T00:00:00.000Z,1/28/2010 11:30:00 AM,At Intersection (intersection related),18.0,"MOTOR VEHICLE STRUCK PEDALCYCLIST, FRONT END AT ANGLE",,N,Unknown,Unknown,Daylight,Y,,45,Vehicle - Pedalcyclist,521840,N,Washington,47.66867996790295,-122.38636797855473
Block,M L KING JR WAY BETWEEN E MARION ST AND E SPRING ST,2,Injury Collision,Cycles,1,0,1,0,1,0,0,2010-05-31T00:00:00.000Z,5/31/2010 1:49:00 AM,Mid-Block (not related to intersection),69.0,PEDALCYCLIST OVERTURNED IN ROAD,,Y,Raining,Wet,Dark - Street Lights On,,,45,Vehicle - Pedalcyclist,0,N,Washington,47.61081278507495,-122.2962261460818
Intersection,3RD AVE AND COLUMBIA ST,2,Injury Collision,Cycles,2,0,1,1,1,0,0,2010-10-06T00:00:00.000Z,10/6/2010 7:04:00 PM,At Intersection (intersection related),18.0,"MOTOR VEHICLE STRUCK PEDALCYCLIST, FRONT END AT ANGLE",,N,Clear or Partly Cloudy,Dry,Dark - Street Lights On,Y,,45,Vehicle - Pedalcyclist,0,N,Washington,47.60419712075976,-122.33271437934727
Intersection,20TH AVE NE AND NE 65TH ST,2,Injury Collision,Cycles,2,0,1,1,1,0,0,2010-04-02T00:00:00.000Z,4/2/2010 8:35:00 PM,At Intersection (intersection related),21.0,"MOTOR VEHICLE STRUCK PEDALCYCLIST, REAR END",Y,N,Raining,Wet,Dark - Street Lights On,,,45,Vehicle - Pedalcyclist,0,N,Washington,47.67577850067682,-122.30651871524023
Intersection,8TH AVE NW AND NW 48TH ST,2,Injury Collision,Cycles,1,0,1,0,1,0,0,2010-08-11T00:00:00.000Z,8/11/2010 9:11:00 AM,At Intersection (intersection related),69.0,PEDALCYCLIST OVERTURNED IN ROAD,,N,Clear or Partly Cloudy,Dry,Daylight,,,45,Vehicle - Pedalcyclist,0,N,Washington,47.66365140577966,-122.36619134458485
Intersection,GOLF DR S AND S CHARLES ST,2,Injury Collision,Cycles,2,0,1,1,1,0,0,2010-10-26T00:00:00.000Z,10/26/2010 9:50:00 AM,At Intersection (intersection related),18.0,"MOTOR VEHICLE STRUCK PEDALCYCLIST, FRONT END AT ANGLE",,N,Overcast,Dry,Daylight,Y,,45,Vehicle - Pedalcyclist,0,N,Washington,47.594281683773424,-122.31657709205992
Intersection,HIAWATHA PL S AND S CHARLES ST,2,Injury Collision,Cycles,2,0,1,1,1,0,0,2010-02-10T00:00:00.000Z,2/10/2010 11:57:00 AM,At Intersection (intersection related),18.0,"MOTOR VEHICLE STRUCK PEDALCYCLIST, FRONT END AT ANGLE",,N,Raining,Wet,Daylight,,,45,Vehicle - Pedalcyclist,0,N,Washington,47.59443215095732,-122.30912072499359
Block,17TH AVE S BETWEEN S HOLGATE ST AND S PLUM ST,2,Injury Collision,Cycles,2,0,1,1,1,0,0,2010-03-27T00:00:00.000Z,3/27/2010 8:06:00 AM,Mid-Block (not related to intersection),18.0,"MOTOR VEHICLE STRUCK PEDALCYCLIST, FRONT END AT ANGLE",,N,Clear or Partly Cloudy,Dry,Daylight,Y,,45,Vehicle - Pedalcyclist,0,N,Washington,47.58593908987969,-122.31075678969611
Block,WESTERN AVE BETWEEN UNION ST AND PIKE ST,2,Injury Collision,Cycles,2,0,1,1,1,0,0,2010-12-02T00:00:00.000Z,12/2/2010 1:24:00 PM,Mid-Block (not related to intersection),51.0,PEDALCYCLIST STRUCK MOTOR VEHICLE FRONT END AT ANGLE,,N,Clear or Partly Cloudy,Dry,Daylight,Y,,45,Vehicle - Pedalcyclist,0,N,Washington,47.60785918363553,-122.34066884673305
Intersection,34TH AVE SW AND SW ROXBURY ST,2,Injury Collision,Cycles,2,0,1,1,1,0,0,2010-03-03T00:00:00.000Z,3/3/2010 6:28:00 PM,At Intersection (intersection related),51.0,PEDALCYCLIST STRUCK MOTOR VEHICLE FRONT END AT ANGLE,,N,Clear or Partly Cloudy,Dry,Dark - Street Lights On,,,45,Vehicle - Pedalcyclist,0,N,Washington,47.51747231984826,-122.37551294334959
Intersection,1ST AVE S AND S HORTON ST,2b,Serious Injury Collision,Cycles,2,0,1,1,1,1,0,2010-09-13T00:00:00.000Z,9/13/2010 3:33:00 PM,At Intersection (intersection related),51.0,PEDALCYCLIST STRUCK MOTOR VEHICLE FRONT END AT ANGLE,,N,Clear or Partly Cloudy,Dry,Daylight,Y,,45,Vehicle - Pedalcyclist,525175,N,Washington,47.574385578579324,-122.334203660664
Block,WESTLAKE AVE BETWEEN 9TH AVE AND DENNY WAY,2,Injury Collision,Cycles,2,0,1,1,1,0,0,2010-07-09T00:00:00.000Z,7/9/2010 2:20:00 AM,Mid-Block (not related to intersection),21.0,"MOTOR VEHICLE STRUCK PEDALCYCLIST, REAR END",,Y,Clear or Partly Cloudy,Dry,Dark - Street Lights On,,,45,Vehicle - Pedalcyclist,0,N,Washington,47.61832778522556,-122.33845125540967
Intersection,24TH AVE E AND BOYER AVE E,2b,Serious Injury Collision,Cycles,5,0,1,1,1,1,0,2010-07-06T00:00:00.000Z,7/6/2010 9:02:00 PM,At Intersection (intersection related),18.0,"MOTOR VEHICLE STRUCK PEDALCYCLIST, FRONT END AT ANGLE",,N,Clear or Partly Cloudy,Dry,Daylight,Y,,45,Vehicle - Pedalcyclist,0,N,Washington,47.63524417736178,-122.30156537450607
Intersection,35TH AVE NE AND NE 60TH ST,2,Injury Collision,Cycles,2,0,1,1,1,0,0,2010-10-20T00:00:00.000Z,10/20/2010 3:30:00 PM,At Intersection (but not related to intersection),51.0,PEDALCYCLIST STRUCK MOTOR VEHICLE FRONT END AT ANGLE,,N,Clear or Partly Cloudy,Dry,Daylight,,,45,Vehicle - Pedalcyclist,0,N,Washington,47.67214753019721,-122.2902336392575
Intersection,28TH AVE NE AND NE 127TH ST,2,Injury Collision,Cycles,2,0,1,1,1,0,0,2010-02-27T00:00:00.000Z,2/27/2010 1:53:00 PM,At Intersection (intersection related),51.0,PEDALCYCLIST STRUCK MOTOR VEHICLE FRONT END AT ANGLE,,N,Raining,Wet,Daylight,Y,,45,Vehicle - Pedalcyclist,0,N,Washington,47.72110162267192,-122.29772081964826
Intersection,5TH AVE AND STEWART ST,2,Injury Collision,Cycles,2,0,1,1,1,0,0,2010-06-06T00:00:00.000Z,6/6/2010 12:46:00 AM,At Intersection (intersection related),51.0,PEDALCYCLIST STRUCK MOTOR VEHICLE FRONT END AT ANGLE,,N,Clear or Partly Cloudy,Dry,Dark - Street Lights On,,,45,Vehicle - Pedalcyclist,0,N,Washington,47.61295826748179,-122.33787347696676
Intersection,ALASKAN WAY S AND S ATLANTIC ST,2,Injury Collision,Cycles,2,0,1,1,1,0,0,2010-07-11T00:00:00.000Z,7/11/2010 2:41:00 PM,At Intersection (intersection related),51.0,PEDALCYCLIST STRUCK MOTOR VEHICLE FRONT END AT ANGLE,,N,Clear or Partly Cloudy,Dry,Daylight,Y,,45,Vehicle - Pedalcyclist,524988,N,Washington,47.59073208493333,-122.33733580156671
Intersection,15TH AVE NE AND NE PACIFIC ST,2,Injury Collision,Cycles,2,0,1,1,1,0,0,2010-11-11T00:00:00.000Z,11/11/2010 4:50:00 PM,At Intersection (intersection related),0.0,NOT ENOUGH INFORMATION / NOT APPLICABLE,,N,Raining,Wet,Dark - Street Lights On,,,45,Vehicle - Pedalcyclist,520838,N,Washington,47.65297596413605,-122.31246414473328
Intersection,45TH AVE SW AND SW ADMIRAL WAY,2,Injury Collision,Cycles,2,0,1,1,1,0,0,2010-10-19T00:00:00.000Z,10/19/2010 4:43:00 PM,At Intersection (intersection related),51.0,PEDALCYCLIST STRUCK MOTOR VEHICLE FRONT END AT ANGLE,,N,Clear or Partly Cloudy,Dry,Daylight,,,45,Vehicle - Pedalcyclist,0,N,Washington,47.58119150389813,-122.38923919116405
Block,STONE WAY N BETWEEN N 36TH ST AND N 38TH ST,2,Injury Collision,Cycles,2,0,1,1,1,0,0,2010-04-21T00:00:00.000Z,4/21/2010 11:12:00 AM,Driveway Junction,18.0,"MOTOR VEHICLE STRUCK PEDALCYCLIST, FRONT END AT ANGLE",,N,Raining,Wet,Daylight,Y,Y,45,Vehicle - Pedalcyclist,0,N,Washington,47.65161865080639,-122.34262691436464
Intersection,RAINIER AVE S AND S BYRON ST,2,Injury Collision,Cycles,3,0,1,1,1,0,0,2010-10-16T00:00:00.000Z,10/16/2010 2:21:00 PM,At Intersection (intersection related),51.0,PEDALCYCLIST STRUCK MOTOR VEHICLE FRONT END AT ANGLE,,N,Clear or Partly Cloudy,Dry,Daylight,,,45,Vehicle - Pedalcyclist,0,N,Washington,47.57394302530443,-122.29478739952124
Intersection,M L KING JR ER WAY S AND S MYRTLE ST,2,Injury Collision,Cycles,2,0,1,1,1,0,0,2010-04-30T00:00:00.000Z,4/30/2010 10:17:00 AM,At Intersection (intersection related),18.0,"MOTOR VEHICLE STRUCK PEDALCYCLIST, FRONT END AT ANGLE",,N,Overcast,Dry,Daylight,,,45,Vehicle - Pedalcyclist,525621,N,Washington,47.53888841206313,-122.28198839957308
Block,NE 65TH ST BETWEEN LATONA E AVE NE AND 4TH AVE NE,2,Injury Collision,Cycles,2,0,1,1,1,0,0,2010-05-16T00:00:00.000Z,5/16/2010 6:42:00 PM,Mid-Block (not related to intersection),56.0,PEDALCYCLIST STRUCK MOTOR VEHICLE LEFT SIDE SIDESWIPE,Y,N,Clear or Partly Cloudy,Dry,Daylight,,,45,Vehicle - Pedalcyclist,0,N,Washington,47.675898482895505,-122.32492069607416
Intersection,ROOSEVELT WAY NE AND NE 66TH ST,2,Injury Collision,Cycles,2,0,1,1,1,0,0,2010-08-25T00:00:00.000Z,8/25/2010 12:42:00 PM,At Intersection (intersection related),18.0,"MOTOR VEHICLE STRUCK PEDALCYCLIST, FRONT END AT ANGLE",Y,N,Clear or Partly Cloudy,Dry,Daylight,Y,,45,Vehicle - Pedalcyclist,0,N,Washington,47.67655440134596,-122.31737321600777
Intersection,FREMONT AVE N AND N 130TH ST,2,Injury Collision,Cycles,2,0,1,1,1,0,0,2010-09-25T00:00:00.000Z,9/25/2010 6:58:00 PM,At Intersection (intersection related),11.0,"MOTOR VEHICLE STRUCK MOTOR VEHICLE, FRONT END AT ANGLE",,N,Clear or Partly Cloudy,Dry,Dusk,Y,,45,Vehicle - Pedalcyclist,0,N,Washington,47.7232229323529,-122.35036146964875
Intersection,UNIVERSITY WAY NE AND NE 43RD ST,2,Injury Collision,Cycles,2,0,1,1,1,0,0,2010-12-19T00:00:00.000Z,12/19/2010 11:00:00 PM,At Intersection (intersection related),18.0,"MOTOR VEHICLE STRUCK PEDALCYCLIST, FRONT END AT ANGLE",,N,Raining,Wet,Dark - Street Lights On,,,45,Vehicle - Pedalcyclist,524563,N,Washington,47.659795120482855,-122.31316833583477
Block,AIRPORT WAY S BETWEEN S INDUSTRIAL EB WAY AND S OREGON ST,2,Injury Collision,Cycles,2,0,1,1,1,0,0,2010-08-30T00:00:00.000Z,8/30/2010 5:55:00 AM,Mid-Block (not related to intersection),51.0,PEDALCYCLIST STRUCK MOTOR VEHICLE FRONT END AT ANGLE,,N,Clear or Partly Cloudy,Dry,Dawn,Y,,45,Vehicle - Pedalcyclist,0,N,Washington,47.56379196487082,-122.32286846837536
Intersection,3RD AVE AND VIRGINIA ST,2,Injury Collision,Cycles,2,0,1,1,1,0,0,2010-08-19T00:00:00.000Z,8/19/2010 5:13:00 PM,At Intersection (intersection related),18.0,"MOTOR VEHICLE STRUCK PEDALCYCLIST, FRONT END AT ANGLE",,N,Clear or Partly Cloudy,Dry,Daylight,Y,,45,Vehicle - Pedalcyclist,0,N,Washington,47.61239802571792,-122.34089245510886
Intersection,UNIVERSITY WAY NE AND NE 50TH ST,2,Injury Collision,Cycles,3,0,1,1,1,0,0,2010-11-05T00:00:00.000Z,11/5/2010 1:41:00 PM,At Intersection (intersection related),51.0,PEDALCYCLIST STRUCK MOTOR VEHICLE FRONT END AT ANGLE,,N,Overcast,Dry,Daylight,,,45,Vehicle - Pedalcyclist,0,N,Washington,47.664900723928135,-122.3130741604038
Block,N 105TH ST BETWEEN WHITMAN AVE N AND AURORA AVE N,2,Injury Collision,Cycles,1,0,1,0,1,0,0,2010-05-14T00:00:00.000Z,5/14/2010 8:25:00 PM,Mid-Block (not related to intersection),69.0,PEDALCYCLIST OVERTURNED IN ROAD,,N,Clear or Partly Cloudy,Dry,Dusk,,,45,Vehicle - Pedalcyclist,0,N,Washington,47.70505326295174,-122.34536647150128
Intersection,3RD AVE AND UNION ST,2,Injury Collision,Cycles,2,0,1,1,1,0,0,2010-05-17T00:00:00.000Z,5/17/2010 8:11:00 PM,At Intersection (intersection related),18.0,"MOTOR VEHICLE STRUCK PEDALCYCLIST, FRONT END AT ANGLE",,N,Clear or Partly Cloudy,Dry,Daylight,,,45,Vehicle - Pedalcyclist,0,N,Washington,47.60875622459481,-122.3368846034067
Intersection,UNIVERSITY WAY NE AND NE 45TH ST,2,Injury Collision,Cycles,3,0,1,1,1,0,0,2010-01-03T00:00:00.000Z,1/3/2010 8:23:00 PM,At Intersection (intersection related),18.0,"MOTOR VEHICLE STRUCK PEDALCYCLIST, FRONT END AT ANGLE",,N,Raining,Wet,Dark - Street Lights On,,,45,Vehicle - Pedalcyclist,524692,N,Washington,47.661269365816295,-122.31312965833612
Block,WESTERN AVE BETWEEN SPRING ST AND SENECA ST,1,Property Damage Only Collision,Cycles,2,0,1,1,0,0,0,2010-08-21T00:00:00.000Z,8/21/2010 2:50:00 PM,Mid-Block (not related to intersection),0.0,NOT ENOUGH INFORMATION / NOT APPLICABLE,,N,Unknown,Unknown,Unknown,Y,,45,Vehicle - Pedalcyclist,0,N,Washington,47.60529909565833,-122.33832642494541
Block,BOREN AVE BETWEEN UNION ST AND PIKE ST,2,Injury Collision,Cycles,2,0,1,1,1,0,0,2010-11-02T00:00:00.000Z,11/2/2010 5:00:00 PM,Mid-Block (not related to intersection),54.0,PEDALCYCLIST STRUCK MOTOR VEHICLE REAR END,,N,Clear or Partly Cloudy,Dry,Dark - Street Lights On,,Y,45,Vehicle - Pedalcyclist,0,N,Washington,47.612967905034644,-122.32845798125328
Intersection,M L KING JR WAY AND E UNION ST,2,Injury Collision,Cycles,2,0,1,1,1,0,0,2010-08-09T00:00:00.000Z,8/9/2010 5:42:00 PM,At Intersection (intersection related),51.0,PEDALCYCLIST STRUCK MOTOR VEHICLE FRONT END AT ANGLE,,N,Overcast,Dry,Daylight,Y,,45,Vehicle - Pedalcyclist,0,N,Washington,47.612940558621084,-122.29619919499265
Intersection,2ND AVE AND SPRING ST,2,Injury Collision,Cycles,1,0,1,0,1,0,0,2010-09-15T00:00:00.000Z,9/15/2010 7:24:00 AM,At Intersection (intersection related),51.0,PEDALCYCLIST STRUCK MOTOR VEHICLE FRONT END AT ANGLE,,N,Clear or Partly Cloudy,Dry,Daylight,,,45,Vehicle - Pedalcyclist,0,N,Washington,47.60587261716152,-122.33578172373925
Intersection,INTERLAKE AVE N AND N 45TH ST,2,Injury Collision,Cycles,3,0,1,1,1,0,0,2010-12-04T00:00:00.000Z,12/4/2010 4:23:00 PM,At Intersection (intersection related),18.0,"MOTOR VEHICLE STRUCK PEDALCYCLIST, FRONT END AT ANGLE",,N,Clear or Partly Cloudy,Dry,Dusk,Y,,45,Vehicle - Pedalcyclist,0,N,Washington,47.66138558301986,-122.34066246426012
Block,S JACKSON ST BETWEEN 20TH AVE S AND 20TH PL S,2,Injury Collision,Cycles,3,0,1,1,1,0,0,2010-02-10T00:00:00.000Z,2/10/2010 8:18:00 AM,Mid-Block (not related to intersection),18.0,"MOTOR VEHICLE STRUCK PEDALCYCLIST, FRONT END AT ANGLE",,N,Overcast,Dry,Daylight,Y,,45,Vehicle - Pedalcyclist,0,N,Washington,47.599259757154904,-122.30547961716542
Block,NE 68TH ST BETWEEN 27TH AVE NE AND 28TH AVE NE,2,Injury Collision,Cycles,2,0,1,1,1,0,0,2010-03-06T00:00:00.000Z,3/6/2010 8:37:00 AM,Mid-Block (but intersection related),54.0,PEDALCYCLIST STRUCK MOTOR VEHICLE REAR END,,N,Clear or Partly Cloudy,Dry,Daylight,,Y,45,Vehicle - Pedalcyclist,0,N,Washington,47.67759453814386,-122.29791616843865
Block,LAKE WASHINGTON BLVD S BETWEEN S FRINK PL AND S DEARBORN ST,2,Injury Collision,Cycles,2,0,1,1,1,0,0,2010-05-07T00:00:00.000Z,5/7/2010 9:56:00 AM,Mid-Block (not related to intersection),18.0,"MOTOR VEHICLE STRUCK PEDALCYCLIST, FRONT END AT ANGLE",,N,Clear or Partly Cloudy,Dry,Daylight,,,45,Vehicle - Pedalcyclist,0,N,Washington,47.598116035966996,-122.2901495600966
Intersection,ALOHA ST AND QUEEN ANNE AVE N,2,Injury Collision,Cycles,2,0,1,1,1,0,0,2010-01-10T00:00:00.000Z,1/10/2010 12:57:00 PM,At Intersection (intersection related),51.0,PEDALCYCLIST STRUCK MOTOR VEHICLE FRONT END AT ANGLE,,N,Clear or Partly Cloudy,Dry,Daylight,Y,,45,Vehicle - Pedalcyclist,0,N,Washington,47.62719238596771,-122.3566895551185
Block,N 45TH ST BETWEEN STONE WAY N AND INTERLAKE AVE N,2,Injury Collision,Cycles,3,0,1,1,1,0,0,2010-08-13T00:00:00.000Z,8/13/2010 5:27:00 PM,Mid-Block (not related to intersection),51.0,PEDALCYCLIST STRUCK MOTOR VEHICLE FRONT END AT ANGLE,,N,Clear or Partly Cloudy,Dry,Daylight,,,45,Vehicle - Pedalcyclist,0,N,Washington,47.6613854420301,-122.34140593782853
Block,BLANCHARD ST BETWEEN 7TH AVE AND 8TH AVE,2,Injury Collision,Cycles,2,0,1,1,1,0,0,2010-10-03T00:00:00.000Z,10/3/2010 1:39:00 PM,Mid-Block (not related to intersection),16.0,"MOTOR VEHICLE STRUCK MOTOR VEHICLE, LEFT SIDE SIDESWIPE",,N,Clear or Partly Cloudy,Dry,Daylight,,,45,Vehicle - Pedalcyclist,0,N,Washington,47.6169258321461,-122.33962645754585
Intersection,1ST AVE S AND S MASSACHUSETTS ST,2,Injury Collision,Cycles,2,0,1,1,1,0,0,2010-05-13T00:00:00.000Z,5/13/2010 4:50:00 PM,At Intersection (intersection related),51.0,PEDALCYCLIST STRUCK MOTOR VEHICLE FRONT END AT ANGLE,,N,Clear or Partly Cloudy,Dry,Daylight,Y,,45,Vehicle - Pedalcyclist,0,N,Washington,47.588228588505935,-122.33419664310243