addrtype,location,severitycode,severitydesc,collisiontype,personcount,pedcount,pedcylcount,vehcount,injuries,seriousinjuries,fatalities,incdate,incdttm,junctiontype,sdot_colcode,sdot_coldesc,inattentionind,underinfl,weather,roadcond,lightcond,pedrownotgrnt,speeding,st_colcode,st_coldesc,crosswalkkey,hitparkedcar,state,latitude,longitude
Intersection,1ST AVE NE AND NE NORTHGATE WAY,2,Injury Collision,Cycles,2,0,1,1,1,0,0,2010-09-13T00:00:00.000Z,9/13/2010 6:35:00 PM,At Intersection (intersection related),18.0,"MOTOR VEHICLE STRUCK PEDALCYCLIST, FRONT END AT ANGLE",,N,Clear or Partly Cloudy,Dry,Dusk,,,45,Vehicle - Pedalcyclist,630873,N,Washington,47.708628720354106,-122.32863426558531
Intersection,8TH AVE S AND S DEARBORN ST,2,Injury Collision,Cycles,2,0,1,1,1,0,0,2010-09-13T00:00:00.000Z,9/13/2010 10:46:00 AM,At Intersection (intersection related),51.0,PEDALCYCLIST STRUCK MOTOR VEHICLE FRONT END AT ANGLE,,N,Clear or Partly Cloudy,Dry,Daylight,Y,,45,Vehicle - Pedalcyclist,0,N,Washington,47.595831166617344,-122.3224586628908
Block,UNIVERSITY WAY NE BETWEEN NE 43RD ST AND NE 45TH ST,2,Injury Collision,Cycles,2,0,1,1,1,0,0,2010-04-27T00:00:00.000Z,4/27/2010 6:00:00 PM,Mid-Block (not related to intersection),18.0,"MOTOR VEHICLE STRUCK PEDALCYCLIST, FRONT END AT ANGLE",Y,N,Clear or Partly Cloudy,Dry,Daylight,,,45,Vehicle - Pedalcyclist,0,N,Washington,47.66053087564724,-122.31314903324123
Intersection,15TH AVE NE AND NE PACIFIC ST,2,Injury Collision,Cycles,2,0,1,1,1,0,0,2010-04-05T00:00:00.000Z,4/5/2010 10:19:00 AM,At Intersection (intersection related),18.0,"MOTOR VEHICLE STRUCK PEDALCYCLIST, FRONT END AT ANGLE",,N,Clear or Partly Cloudy,Dry,Daylight,Y,,45,Vehicle - Pedalcyclist,520838,N,Washington,47.65297596413605,-122.31246414473328
Block,11TH AVE NE BETWEEN NE 50TH ST AND NE 52ND ST,2,Injury Collision,Cycles,2,0,1,1,1,0,0,2010-05-04T00:00:00.000Z,5/4/2010 2:30:00 PM,Mid-Block (not related to intersection),56.0,PEDALCYCLIST STRUCK MOTOR VEHICLE LEFT SIDE SIDESWIPE,,N,Overcast,Dry,Daylight,,,45,Vehicle - Pedalcyclist,0,N,Washington,47.665682841275995,-122.31632470198292
Intersection,LATONA AVE NE AND NE PACIFIC ST,2,Injury Collision,Cycles,2,0,1,1,1,0,0,2010-10-26T00:00:00.000Z,10/26/2010 7:23:00 PM,At Intersection (intersection related),18.0,"MOTOR VEHICLE STRUCK PEDALCYCLIST, FRONT END AT ANGLE",,N,Overcast,Wet,Dark - Street Lights On,Y,,45,Vehicle - Pedalcyclist,576113,N,Washington,47.65488891153886,-122.32570273372149
Intersection,26TH AVE AND E YESLER WAY,2,Injury Collision,Cycles,2,0,1,1,1,0,0,2010-05-08T00:00:00.000Z,5/8/2010 9:40:00 PM,At Intersection (intersection related),18.0,"MOTOR VEHICLE STRUCK PEDALCYCLIST, FRONT END AT ANGLE",,N,Clear or Partly Cloudy,Dry,Dark - Street Lights On,Y,,45,Vehicle - Pedalcyclist,0,N,Washington,47.60166062570858,-122.29891734148524
Intersection,BROOKLYN AVE NE AND NE 45TH ST,2,Injury Collision,Cycles,2,0,1,1,1,0,0,2010-08-08T00:00:00.000Z,8/8/2010 9:16:00 PM,At Intersection (intersection related),51.0,PEDALCYCLIST STRUCK MOTOR VEHICLE FRONT END AT ANGLE,,Y,Clear or Partly Cloudy,Dry,Dark - Street Lights On,Y,,45,Vehicle - Pedalcyclist,0,N,Washington,47.66127697828911,-122.31428581564968
Intersection,2ND AVE AND BELL ST,2,Injury Collision,Cycles,2,0,1,1,1,0,0,2010-08-05T00:00:00.000Z,8/5/2010 7:05:00 PM,At Intersection (intersection related),18.0,"MOTOR VEHICLE STRUCK PEDALCYCLIST, FRONT END AT ANGLE",,N,Clear or Partly Cloudy,Dry,Daylight,,,45,Vehicle - Pedalcyclist,521007,N,Washington,47.61403982280334,-122.34565345699836
Block,NE 50TH ST BETWEEN 15TH AVE NE AND 16TH AVE NE,2,Injury Collision,Cycles,2,1,1,0,1,0,0,2010-08-11T00:00:00.000Z,8/11/2010 11:57:00 PM,Mid-Block (not related to intersection),64.0,PEDALCYCLIST STRUCK PEDESTRIAN,,N,Clear or Partly Cloudy,Dry,Dark - Street Lights On,,,45,Vehicle - Pedalcyclist,0,N,Washington,47.66488853831376,-122.31137174788343
Intersection,12TH AVE AND E MADISON ST,1,Property Damage Only Collision,Angles,6,0,1,2,0,0,0,2010-04-08T00:00:00.000Z,4/8/2010 7:43:00 AM,At Intersection (intersection related),11.0,"MOTOR VEHICLE STRUCK MOTOR VEHICLE, FRONT END AT ANGLE",,N,Raining,Wet,Daylight,,,10,Entering at angle,0,N,Washington,47.61288923577013,-122.31673339075188
Intersection,FREMONT AVE N AND FREMONT PL N,2,Injury Collision,Cycles,2,0,1,1,1,0,0,2011-06-15T00:00:00.000Z,6/15/2011 8:46:00 AM,At Intersection (intersection related),18.0,"MOTOR VEHICLE STRUCK PEDALCYCLIST, FRONT END AT ANGLE",,N,Overcast,Wet,Daylight,,,45,Vehicle - Pedalcyclist,522545,N,Washington,47.65043101671818,-122.34983490359792
Block,UNIVERSITY ST BETWEEN 4TH AVE AND 5TH AVE,2,Injury Collision,Cycles,2,0,1,1,1,0,0,2011-09-28T00:00:00.000Z,9/28/2011 8:25:00 AM,Mid-Block (not related to intersection),56.0,PEDALCYCLIST STRUCK MOTOR VEHICLE LEFT SIDE SIDESWIPE,,N,Unknown,Unknown,Daylight,,,45,Vehicle - Pedalcyclist,0,N,Washington,47.60845954154362,-122.33431329971664
Block,DELRIDGE WAY SW BETWEEN SW BRANDON ST AND SW FINDLAY ST,2b,Serious Injury Collision,Cycles,3,0,1,1,1,1,0,2010-09-19T00:00:00.000Z,9/19/2010 4:05:00 PM,Mid-Block (not related to intersection),51.0,PEDALCYCLIST STRUCK MOTOR VEHICLE FRONT END AT ANGLE,,N,Clear or Partly Cloudy,Dry,Daylight,Y,,45,Vehicle - Pedalcyclist,0,N,Washington,47.552821135663955,-122.36297547645216
Intersection,45TH AVE SW AND SW STEVENS S ST,2,Injury Collision,Cycles,2,0,1,1,1,0,0,2010-02-03T00:00:00.000Z,2/3/2010 6:00:00 PM,At Intersection (intersection related),51.0,PEDALCYCLIST STRUCK MOTOR VEHICLE FRONT END AT ANGLE,,N,Raining,Wet,Dark - Street Lights On,Y,,45,Vehicle - Pedalcyclist,0,N,Washington,47.577194375252645,-122.38938072037756
Intersection,3RD AVE NW AND NW 56TH ST,2b,Serious Injury Collision,Cycles,2,0,1,1,1,1,0,2010-12-29T00:00:00.000Z,12/29/2010 4:38:00 PM,At Intersection (intersection related),18.0,"MOTOR VEHICLE STRUCK PEDALCYCLIST, FRONT END AT ANGLE",,N,Clear or Partly Cloudy,Dry,Dusk,Y,,45,Vehicle - Pedalcyclist,0,N,Washington,47.669427859355295,-122.36080130344185
Intersection,ROOSEVELT WAY NE AND NE 105TH ST,2,Injury Collision,Cycles,2,0,1,1,1,0,0,2010-12-06T00:00:00.000Z,12/6/2010 9:54:00 PM,At Intersection (intersection related),18.0,"MOTOR VEHICLE STRUCK PEDALCYCLIST, FRONT END AT ANGLE",,N,Overcast,Dry,Dark - Street Lights On,Y,,45,Vehicle - Pedalcyclist,0,N,Washington,47.704920079382546,-122.31779966883806
Intersection,EASTLAKE AVE E AND E EDGAR ST,2,Injury Collision,Cycles,2,0,1,1,1,0,0,2010-05-21T00:00:00.000Z,5/21/2010 2:55:00 PM,At Intersection (intersection related),51.0,PEDALCYCLIST STRUCK MOTOR VEHICLE FRONT END AT ANGLE,,N,Clear or Partly Cloudy,Dry,Daylight,Y,,45,Vehicle - Pedalcyclist,0,N,Washington,47.644493218271954,-122.32588269581478
Block,1ST AVE BETWEEN UNION ST AND PIKE ST,2b,Serious Injury Collision,Cycles,2,0,1,1,1,1,0,2011-12-03T00:00:00.000Z,12/3/2011 4:00:00 PM,Mid-Block (not related to intersection),18.0,"MOTOR VEHICLE STRUCK PEDALCYCLIST, FRONT END AT ANGLE",,N,Clear or Partly Cloudy,Dry,Dusk,,,45,Vehicle - Pedalcyclist,0,N,Washington,47.60832339911416,-122.33955831349716
Intersection,15TH NB AVE NW AND NW 45TH ST,2,Injury Collision,Cycles,2,0,1,1,1,0,0,2010-08-28T00:00:00.000Z,8/28/2010 5:09:00 PM,At Intersection (intersection related),51.0,PEDALCYCLIST STRUCK MOTOR VEHICLE FRONT END AT ANGLE,,N,Clear or Partly Cloudy,Dry,Daylight,Y,,45,Vehicle - Pedalcyclist,0,N,Washington,47.6615329145106,-122.37610393879478
Block,SENECA ST BETWEEN 8TH AVE AND 9TH AVE,2,Injury Collision,Cycles,2,0,1,1,1,0,0,2010-02-09T00:00:00.000Z,2/9/2010,Driveway Junction,18.0,"MOTOR VEHICLE STRUCK PEDALCYCLIST, FRONT END AT ANGLE",,0,Clear or Partly Cloudy,Dry,Daylight,,,45,Vehicle - Pedalcyclist,0,N,Washington,47.60960331889813,-122.3292228337261
Intersection,EASTERN AVE N AND N 42ND ST,2,Injury Collision,Cycles,2,0,1,1,1,0,0,2011-05-08T00:00:00.000Z,5/8/2011 4:01:00 PM,At Intersection (intersection related),18.0,"MOTOR VEHICLE STRUCK PEDALCYCLIST, FRONT END AT ANGLE",,N,Clear or Partly Cloudy,Dry,Daylight,,,45,Vehicle - Pedalcyclist,0,N,Washington,47.657940083629725,-122.32901726740255
Intersection,5TH AVE NE AND NE 103RD ST,2,Injury Collision,Cycles,2,0,1,1,1,0,0,2010-05-19T00:00:00.000Z,5/19/2010 12:58:00 PM,At Intersection (intersection related),18.0,"MOTOR VEHICLE STRUCK PEDALCYCLIST, FRONT END AT ANGLE",,N,Clear or Partly Cloudy,Ice,Daylight,Y,,45,Vehicle - Pedalcyclist,525674,N,Washington,47.703140321077996,-122.32314837088076
Block,12TH AVE BETWEEN E REMINGTON CT AND E JEFFERSON ST,2,Injury Collision,Cycles,2,0,1,1,1,0,0,2010-03-05T00:00:00.000Z,3/5/2010 8:15:00 PM,Mid-Block (not related to intersection),18.0,"MOTOR VEHICLE STRUCK PEDALCYCLIST, FRONT END AT ANGLE",,N,Clear or Partly Cloudy,Dry,Dark - Street Lights On,,,45,Vehicle - Pedalcyclist,0,N,Washington,47.60588380033929,-122.31678057657798
Block,ROOSEVELT WAY NE BETWEEN NE 45TH ST AND NE 47TH ST,1,Property Damage Only Collision,Cycles,2,0,1,1,0,0,0,2010-08-17T00:00:00.000Z,8/17/2010 2:02:00 PM,Mid-Block (not related to intersection),51.0,PEDALCYCLIST STRUCK MOTOR VEHICLE FRONT END AT ANGLE,,N,Clear or Partly Cloudy,Dry,Daylight,Y,,45,Vehicle - Pedalcyclist,0,N,Washington,47.6621980426651,-122.31745114315427
Intersection,BOYLSTON AVE AND E PINE ST,2,Injury Collision,Cycles,2,0,1,1,1,0,0,2010-03-09T00:00:00.000Z,3/9/2010 8:12:00 PM,At Intersection (intersection related),18.0,"MOTOR VEHICLE STRUCK PEDALCYCLIST, FRONT END AT ANGLE",,N,Clear or Partly Cloudy,Dry,Dark - Street Lights On,,,45,Vehicle - Pedalcyclist,0,N,Washington,47.61523114208018,-122.32341547054027
Block,ALOHA ST BETWEEN MINOR AVE N AND YALE AVE N,2,Injury Collision,Cycles,2,0,1,1,1,0,0,2010-07-12T00:00:00.000Z,7/12/2010 5:57:00 PM,Mid-Block (not related to intersection),51.0,PEDALCYCLIST STRUCK MOTOR VEHICLE FRONT END AT ANGLE,,N,Overcast,Dry,Daylight,Y,,45,Vehicle - Pedalcyclist,0,N,Washington,47.626859278122815,-122.33161008766352
Block,E PINE ST BETWEEN BELLEVUE AVE AND CRAWFORD PL,2,Injury Collision,Cycles,4,0,1,1,1,0,0,2010-08-17T00:00:00.000Z,8/17/2010 3:19:00 PM,Mid-Block (not related to intersection),51.0,PEDALCYCLIST STRUCK MOTOR VEHICLE FRONT END AT ANGLE,,N,Clear or Partly Cloudy,Dry,Daylight,Y,,45,Vehicle - Pedalcyclist,0,N,Washington,47.615216166630354,-122.3264973279967
Intersection,NE 68TH ST AND NE RAVENNA EB BV,2,Injury Collision,Cycles,2,0,1,1,1,0,0,2010-11-13T00:00:00.000Z,11/13/2010 9:05:00 AM,At Intersection (intersection related),51.0,PEDALCYCLIST STRUCK MOTOR VEHICLE FRONT END AT ANGLE,,N,Overcast,Wet,Daylight,,,45,Vehicle - Pedalcyclist,0,N,Washington,47.67756433284196,-122.32391190519957
Intersection,2ND AVE NE AND NE 45TH ST,2,Injury Collision,Cycles,3,0,1,1,1,0,0,2010-02-06T00:00:00.000Z,2/6/2010 3:50:00 PM,At Intersection (intersection related),51.0,PEDALCYCLIST STRUCK MOTOR VEHICLE FRONT END AT ANGLE,,N,Clear or Partly Cloudy,Dry,Daylight,Y,,45,Vehicle - Pedalcyclist,0,N,Washington,47.661354746959546,-122.32725022505704
Intersection,AURORA AVE N AND N 137TH ST,2,Injury Collision,Cycles,2,0,1,1,1,0,0,2010-01-20T00:00:00.000Z,1/20/2010 5:49:00 AM,At Intersection (intersection related),18.0,"MOTOR VEHICLE STRUCK PEDALCYCLIST, FRONT END AT ANGLE",,N,Clear or Partly Cloudy,Dry,Dark - Street Lights On,Y,,45,Vehicle - Pedalcyclist,0,N,Washington,47.7286776801251,-122.34503704414527
Intersection,BOREN AVE AND HOWELL ST,2,Injury Collision,Cycles,2,0,1,1,1,0,0,2010-08-11T00:00:00.000Z,8/11/2010 6:13:00 PM,At Intersection (intersection related),18.0,"MOTOR VEHICLE STRUCK PEDALCYCLIST, FRONT END AT ANGLE",,N,Clear or Partly Cloudy,Dry,Daylight,,,45,Vehicle - Pedalcyclist,522452,N,Washington,47.61617112419289,-122.33141659886962
Intersection,6TH AVE NW AND NW 40TH ST,2,Injury Collision,Cycles,2,0,1,1,1,0,0,2010-06-04T00:00:00.000Z,6/4/2010 4:10:00 PM,At Intersection (intersection related),51.0,PEDALCYCLIST STRUCK MOTOR VEHICLE FRONT END AT ANGLE,,N,Overcast,Dry,Daylight,,,45,Vehicle - Pedalcyclist,0,N,Washington,47.65605608604982,-122.36358535035973
Block,35TH AVE NE BETWEEN NE 110TH ST AND NE 113TH ST,2,Injury Collision,Cycles,1,0,1,0,1,0,0,2010-09-10T00:00:00.000Z,9/10/2010 7:00:00 PM,Mid-Block (not related to intersection),51.0,PEDALCYCLIST STRUCK MOTOR VEHICLE FRONT END AT ANGLE,,N,Overcast,Dry,Daylight,,,45,Vehicle - Pedalcyclist,0,N,Washington,47.70927494165832,-122.29073417196443
Block,9TH AVE N BETWEEN REPUBLICAN ST AND MERCER SR ST,2,Injury Collision,Cycles,2,0,1,1,1,0,0,2010-10-04T00:00:00.000Z,10/4/2010 7:40:00 AM,Mid-Block (not related to intersection),56.0,PEDALCYCLIST STRUCK MOTOR VEHICLE LEFT SIDE SIDESWIPE,,N,Clear or Partly Cloudy,Dry,Daylight,,,45,Vehicle - Pedalcyclist,0,N,Washington,47.62387774255418,-122.33974593963735
Block,29TH AVE S BETWEEN S WASHINGTON ST AND S MAIN ST,2,Injury Collision,Cycles,3,0,1,1,1,0,0,2010-05-17T00:00:00.000Z,5/17/2010 8:54:00 AM,Mid-Block (but intersection related),23.0,"MOTOR VEHICLE STRUCK PEDALCYCLIST, LEFT SIDE SIDESWIPE",,N,Clear or Partly Cloudy,Dry,Daylight,,,45,Vehicle - Pedalcyclist,0,N,Washington,47.600568689363115,-122.29499473024035
Block,ALASKAN WAY BETWEEN CLAY ST AND BROAD ST,1,Property Damage Only Collision,Cycles,3,0,1,1,0,0,0,2010-08-05T00:00:00.000Z,8/5/2010 8:05:00 AM,Mid-Block (not related to intersection),56.0,PEDALCYCLIST STRUCK MOTOR VEHICLE LEFT SIDE SIDESWIPE,,N,Unknown,Unknown,Unknown,,,45,Vehicle - Pedalcyclist,0,N,Washington,47.61471048394695,-122.35449693472601
Block,MONTLAKE BLVD NE BETWEEN 25TH AVE NE AND NE 44TH ST,2,Injury Collision,Cycles,2,0,1,1,1,0,0,2010-06-01T00:00:00.000Z,6/1/2010 6:00:00 PM,Mid-Block (not related to intersection),23.0,"MOTOR VEHICLE STRUCK PEDALCYCLIST, LEFT SIDE SIDESWIPE",,N,Raining,Wet,Daylight,,,45,Vehicle - Pedalcyclist,0,N,Washington,47.6597047706275,-122.30067935785412
Block,S JACKSON ST BETWEEN 6TH AVE S AND MAYNARD AVE S,2,Injury Collision,Cycles,2,0,1,1,1,0,0,2010-03-10T00:00:00.000Z,3/10/2010 8:05:00 AM,Mid-Block (but intersection related),51.0,PEDALCYCLIST STRUCK MOTOR VEHICLE FRONT END AT ANGLE,,N,Clear or Partly Cloudy,Dry,Daylight,Y,,45,Vehicle - Pedalcyclist,0,N,Washington,47.599191761577046,-122.32570988706495
Block,DELRIDGE WAY SW BETWEEN SW HENDERSON ST AND 20TH AVE SW,2,Injury Collision,Cycles,3,0,1,1,1,0,0,2010-01-23T00:00:00.000Z,1/23/2010 1:53:00 PM,Mid-Block (but intersection related),18.0,"MOTOR VEHICLE STRUCK PEDALCYCLIST, FRONT END AT ANGLE",,N,Overcast,Dry,Daylight,Y,,45,Vehicle - Pedalcyclist,0,N,Washington,47.52233539466822,-122.35962764812305
Intersection,8TH AVE AND PIKE ST,2,Injury Collision,Cycles,3,0,2,1,1,0,0,2010-12-16T00:00:00.000Z,12/16/2010 7:54:00 PM,At Intersection (intersection related),21.0,"MOTOR VEHICLE STRUCK PEDALCYCLIST, REAR END",,N,Overcast,Dry,Dark - Street Lights On,,,45,Vehicle - Pedalcyclist,0,N,Washington,47.61207057268588,-122.33224408437614
Intersection,32ND AVE E AND LAKE WASHINGTON BLVD E,2,Injury Collision,Cycles,3,0,1,1,1,0,0,2011-05-17T00:00:00.000Z,5/17/2011 3:41:00 PM,At Intersection (intersection related),18.0,"MOTOR VEHICLE STRUCK PEDALCYCLIST, FRONT END AT ANGLE",,N,Clear or Partly Cloudy,Dry,Daylight,Y,,45,Vehicle - Pedalcyclist,0,N,Washington,47.62495143171538,-122.29105074718642
Block,AIRPORT WAY S BETWEEN AIRPORT NB N WAY S AND S ROYAL BROUGHAM WAY,2,Injury Collision,Cycles,2,0,1,1,1,0,0,2010-07-10T00:00:00.000Z,7/10/2010 11:36:00 AM,Mid-Block (not related to intersection),56.0,PEDALCYCLIST STRUCK MOTOR VEHICLE LEFT SIDE SIDESWIPE,,N,Clear or Partly Cloudy,Dry,Daylight,,,45,Vehicle - Pedalcyclist,0,N,Washington,47.592850271933784,-122.32421991230943
Block,BEACON AVE S BETWEEN S HANFORD ST AND S HORTON ST,2,Injury Collision,Cycles,2,0,1,1,1,0,0,2010-09-12T00:00:00.000Z,9/12/2010 1:25:00 PM,Mid-Block (not related to intersection),51.0,PEDALCYCLIST STRUCK MOTOR VEHICLE FRONT END AT ANGLE,Y,N,Clear or Partly Cloudy,Dry,Daylight,Y,,45,Vehicle - Pedalcyclist,0,N,Washington,47.57456877575026,-122.30905805927205
Intersection,4TH AVE AND OLIVE WAY,2,Injury Collision,Cycles,2,1,1,0,2,0,0,2010-05-07T00:00:00.000Z,5/7/2010 7:35:00 AM,At Intersection (intersection related),64.0,PEDALCYCLIST STRUCK PEDESTRIAN,,N,Clear or Partly Cloudy,Dry,Daylight,,,45,Vehicle - Pedalcyclist,523727,N,Washington,47.61218154024858,-122.33854265018252
Intersection,1ST AVE NW AND NW 36TH ST,2,Injury Collision,Cycles,2,0,1,1,1,0,0,2011-04-01T00:00:00.000Z,4/1/2011 12:46:00 PM,At Intersection (intersection related),18.0,"MOTOR VEHICLE STRUCK PEDALCYCLIST, FRONT END AT ANGLE",,N,Raining,Wet,Daylight,,,45,Vehicle - Pedalcyclist,0,N,Washington,47.65296538845206,-122.3576617474892
Intersection,M L KING JR ER WAY S AND S OTHELLO ST,2,Injury Collision,Cycles,2,0,1,1,1,0,0,2011-09-24T00:00:00.000Z,9/24/2011 4:00:00 PM,At Intersection (intersection related),18.0,"MOTOR VEHICLE STRUCK PEDALCYCLIST, FRONT END AT ANGLE",,N,Clear or Partly Cloudy,Dry,Daylight,,,45,Vehicle - Pedalcyclist,545762,N,Washington,47.53705158660728,-122.2811041506965
Intersection,23RD AVE NE AND NE 65TH ST,2,Injury Collision,Cycles,2,0,1,1,1,0,0,2011-08-27T00:00:00.000Z,8/27/2011 11:11:00 AM,At Intersection (intersection related),18.0,"MOTOR VEHICLE STRUCK PEDALCYCLIST, FRONT END AT ANGLE",,0,Clear or Partly Cloudy,Dry,Daylight,,,45,Vehicle - Pedalcyclist,0,N,Washington,47.67577532966146,-122.3027420254248
Intersection,2ND AVE AND CHERRY ST,2,Injury Collision,Cycles,2,0,1,1,1,0,0,2011-09-07T00:00:00.000Z,9/7/2011,At Intersection (intersection related),18.0,"MOTOR VEHICLE STRUCK PEDALCYCLIST, FRONT END AT ANGLE",,0,Clear or Partly Cloudy,Dry,Daylight,,,45,Vehicle - Pedalcyclist,0,N,Washington,47.60301939344011,-122.33317224593478
Intersection,13TH AVE AND E CHERRY ST,2,Injury Collision,Cycles,2,0,1,1,1,0,0,2011-09-04T00:00:00.000Z,9/4/2011,At Intersection (intersection related),51.0,PEDALCYCLIST STRUCK MOTOR VEHICLE FRONT END AT ANGLE,,0,Clear or Partly Cloudy,Dry,Daylight,,,45,Vehicle - Pedalcyclist,0,N,Washington,47.60805331065279,-122.31545756697972
Intersection,12TH AVE AND E JEFFERSON ST,1,Property Damage Only Collision,Cycles,2,0,1,1,0,0,0,2010-06-27T00:00:00.000Z,6/27/2010 8:50:00 AM,At Intersection (intersection related),51.0,PEDALCYCLIST STRUCK MOTOR VEHICLE FRONT END AT ANGLE,,N,Clear or Partly Cloudy,Dry,Daylight,Y,,45,Vehicle - Pedalcyclist,0,N,Washington,47.606203045254205,-122.316780466471
Intersection,1ST AVE AND UNION ST,2,Injury Collision,Cycles,3,0,1,1,1,0,0,2010-05-03T00:00:00.000Z,5/3/2010 5:22:00 PM,At Intersection (intersection related),51.0,PEDALCYCLIST STRUCK MOTOR VEHICLE FRONT END AT ANGLE,,N,Clear or Partly Cloudy,Dry,Daylight,Y,,45,Vehicle - Pedalcyclist,0,N,Washington,47.607828161531245,-122.33910533488405
Intersection,15TH AVE NE AND NE PACIFIC ST,2,Injury Collision,Cycles,2,0,1,1,1,0,0,2010-04-06T00:00:00.000Z,4/6/2010 3:03:00 PM,At Intersection (intersection related),18.0,"MOTOR VEHICLE STRUCK PEDALCYCLIST, FRONT END AT ANGLE",,N,Overcast,Wet,Daylight,Y,,45,Vehicle - Pedalcyclist,520838,N,Washington,47.65297596413605,-122.31246414473328
Intersection,39TH AVE SW AND SW ADMIRAL WAY,2,Injury Collision,Cycles,2,0,1,1,1,0,0,2010-04-27T00:00:00.000Z,4/27/2010 3:30:00 PM,At Intersection (intersection related),18.0,"MOTOR VEHICLE STRUCK PEDALCYCLIST, FRONT END AT ANGLE",,N,Unknown,Unknown,Daylight,Y,,45,Vehicle - Pedalcyclist,0,N,Washington,47.58115869751962,-122.38115119453556
Intersection,FREMONT AVE N AND N 44TH ST,2,Injury Collision,Cycles,2,0,1,1,1,0,0,2010-05-03T00:00:00.000Z,5/3/2010 7:30:00 AM,At Intersection (intersection related),69.0,PEDALCYCLIST OVERTURNED IN ROAD,,N,Clear or Partly Cloudy,Dry,Daylight,Y,,45,Vehicle - Pedalcyclist,0,N,Washington,47.660215110446316,-122.35002640287556
Block,SW ADMIRAL WAY BETWEEN 41ST AVE SW AND 42ND AVE SW,2,Injury Collision,Cycles,3,0,1,1,1,0,0,2010-04-26T00:00:00.000Z,4/26/2010 7:48:00 AM,Driveway Junction,18.0,"MOTOR VEHICLE STRUCK PEDALCYCLIST, FRONT END AT ANGLE",,N,Clear or Partly Cloudy,Dry,Daylight,Y,,45,Vehicle - Pedalcyclist,0,N,Washington,47.58118095701364,-122.38452860211218
Block,NE 55TH ST BETWEEN 45TH AVE NE AND NE TULANE PL,2,Injury Collision,Cycles,2,0,1,1,1,0,0,2010-06-07T00:00:00.000Z,6/7/2010 6:10:00 PM,Mid-Block (not related to intersection),56.0,PEDALCYCLIST STRUCK MOTOR VEHICLE LEFT SIDE SIDESWIPE,,N,Clear or Partly Cloudy,Dry,Daylight,,,45,Vehicle - Pedalcyclist,0,N,Washington,47.669158867794415,-122.27861440897614
Block,BELL ST BETWEEN WESTERN AVE AND 1ST AVE,1,Property Damage Only Collision,Cycles,2,0,1,1,0,0,0,2010-04-29T00:00:00.000Z,4/29/2010 5:55:00 PM,Driveway Junction,18.0,"MOTOR VEHICLE STRUCK PEDALCYCLIST, FRONT END AT ANGLE",,N,Clear or Partly Cloudy,Dry,Daylight,Y,,45,Vehicle - Pedalcyclist,0,N,Washington,47.613041751111915,-122.34694402827145
Block,AURORA AVE N BETWEEN N 130TH ST AND N 135TH ST,2,Injury Collision,Cycles,2,0,1,1,1,0,0,2011-05-17T00:00:00.000Z,5/17/2011 7:11:00 AM,Driveway Junction,51.0,PEDALCYCLIST STRUCK MOTOR VEHICLE FRONT END AT ANGLE,,N,Clear or Partly Cloudy,Dry,Daylight,,,45,Vehicle - Pedalcyclist,0,N,Washington,47.725034182843245,-122.34499681942648
Block,NW MARKET ST BETWEEN 24TH AVE NW AND 26TH AVE NW,1,Property Damage Only Collision,Cycles,3,0,1,1,0,0,0,2010-12-30T00:00:00.000Z,12/30/2010 12:15:00 PM,Mid-Block (not related to intersection),21.0,"MOTOR VEHICLE STRUCK PEDALCYCLIST, REAR END",,N,Clear or Partly Cloudy,Dry,Daylight,Y,,45,Vehicle - Pedalcyclist,0,N,Washington,47.668673567335816,-122.38885869053009
Intersection,EASTLAKE AVE E AND E LOUISA ST,2,Injury Collision,Cycles,2,0,1,1,1,0,0,2011-09-20T00:00:00.000Z,9/20/2011 5:16:00 PM,At Intersection (intersection related),51.0,PEDALCYCLIST STRUCK MOTOR VEHICLE FRONT END AT ANGLE,,N,Clear or Partly Cloudy,Dry,Daylight,Y,,45,Vehicle - Pedalcyclist,0,N,Washington,47.6420304999034,-122.3258883695456
Intersection,14TH AVE NW AND NW MARKET ST,2,Injury Collision,Cycles,2,0,1,1,1,0,0,2010-12-15T00:00:00.000Z,12/15/2010 4:45:00 PM,At Intersection (intersection related),18.0,"MOTOR VEHICLE STRUCK PEDALCYCLIST, FRONT END AT ANGLE",Y,N,Raining,Wet,Dark - Street Lights On,Y,,45,Vehicle - Pedalcyclist,520756,N,Washington,47.66866536787647,-122.37358850396623
Block,NE 65TH ST BETWEEN 58TH AVE NE AND SAND POINT WAY NE,2,Injury Collision,Cycles,2,0,1,1,1,0,0,2010-03-24T00:00:00.000Z,3/24/2010 8:20:00 AM,Mid-Block (not related to intersection),18.0,"MOTOR VEHICLE STRUCK PEDALCYCLIST, FRONT END AT ANGLE",,N,Clear or Partly Cloudy,Dry,Daylight,Y,,45,Vehicle - Pedalcyclist,524265,N,Washington,47.67572936843874,-122.26528244193096
Block,E MADISON ST BETWEEN 10TH AVE AND E SENECA ST,1,Property Damage Only Collision,Cycles,2,0,1,1,0,0,0,2010-10-20T00:00:00.000Z,10/20/2010 5:07:00 PM,Mid-Block (not related to intersection),21.0,"MOTOR VEHICLE STRUCK PEDALCYCLIST, REAR END",,N,Clear or Partly Cloudy,Dry,Daylight,,,45,Vehicle - Pedalcyclist,0,N,Washington,47.611969454669364,-122.31884003256077