addrtype,location,severitycode,severitydesc,collisiontype,personcount,pedcount,pedcylcount,vehcount,injuries,seriousinjuries,fatalities,incdate,incdttm,junctiontype,sdot_colcode,sdot_coldesc,inattentionind,underinfl,weather,roadcond,lightcond,pedrownotgrnt,speeding,st_colcode,st_coldesc,crosswalkkey,hitparkedcar,state,latitude,longitude
Block,E PINE ST BETWEEN BROADWAY AND NAGLE PL,2,Injury Collision,Cycles,2,0,1,1,2,0,0,2010-06-15T00:00:00.000Z,6/15/2010 9:52:00 AM,,0.0,NOT ENOUGH INFORMATION / NOT APPLICABLE,,N,Clear or Partly Cloudy,Dry,Daylight,,,45,Vehicle - Pedalcyclist,523986,N,Washington,47.615238069418275,-122.3204094313228
Block,WALLINGFORD AVE N BETWEEN N 38TH ST AND N 39TH ST,2,Injury Collision,Cycles,2,0,1,1,1,0,0,2010-10-26T00:00:00.000Z,10/26/2010 6:00:00 PM,Mid-Block (not related to intersection),23.0,"MOTOR VEHICLE STRUCK PEDALCYCLIST, LEFT SIDE SIDESWIPE",,N,Raining,Wet,Dusk,,,45,Vehicle - Pedalcyclist,0,N,Washington,47.653729984088926,-122.336285006162
Intersection,W GARFIELD ST AND DEAD END 1,1,Property Damage Only Collision,Cycles,2,0,1,1,0,0,0,2011-06-04T00:00:00.000Z,6/4/2011 3:10:00 PM,At Intersection (intersection related),51.0,PEDALCYCLIST STRUCK MOTOR VEHICLE FRONT END AT ANGLE,,N,Clear or Partly Cloudy,Dry,Daylight,,,45,Vehicle - Pedalcyclist,0,N,Washington,,
Block,12TH AVE S BETWEEN BOREN AVE S AND 12TH AVE S TURN RD,2,Injury Collision,Cycles,3,0,1,1,1,0,0,2011-08-31T00:00:00.000Z,8/31/2011 8:14:00 AM,Driveway Junction,18.0,"MOTOR VEHICLE STRUCK PEDALCYCLIST, FRONT END AT ANGLE",,0,Clear or Partly Cloudy,Dry,Daylight,,,45,Vehicle - Pedalcyclist,0,N,Washington,47.60057491018463,-122.31709598602937
Intersection,M L KING JR WAY AND E OLIVE ST,2,Injury Collision,Cycles,2,0,1,1,1,0,0,2011-08-14T00:00:00.000Z,8/14/2011 10:46:00 AM,At Intersection (intersection related),51.0,PEDALCYCLIST STRUCK MOTOR VEHICLE FRONT END AT ANGLE,,0,Clear or Partly Cloudy,Dry,Daylight,,,45,Vehicle - Pedalcyclist,0,N,Washington,47.616454639876004,-122.29615557082927
Block,HARVARD AVE BETWEEN E PIKE ST AND E PINE ST,2,Injury Collision,Cycles,2,0,1,1,1,0,0,2010-06-02T00:00:00.000Z,6/2/2010 4:56:00 PM,Mid-Block (not related to intersection),56.0,PEDALCYCLIST STRUCK MOTOR VEHICLE LEFT SIDE SIDESWIPE,,N,Clear or Partly Cloudy,Dry,Daylight,,,45,Vehicle - Pedalcyclist,0,N,Washington,47.614644769535246,-122.3221203918482
Block,ROY ST BETWEEN 9TH AVE N AND VALLEY ST,1,Property Damage Only Collision,Cycles,2,0,1,1,0,0,0,2010-02-10T00:00:00.000Z,2/10/2010 4:05:00 PM,Mid-Block (not related to intersection),21.0,"MOTOR VEHICLE STRUCK PEDALCYCLIST, REAR END",,N,Raining,Wet,Daylight,,,45,Vehicle - Pedalcyclist,0,N,Washington,47.625593827697344,-122.33918659664991
Intersection,2ND AVE AND UNIVERSITY ST,2,Injury Collision,Cycles,2,0,1,1,1,0,0,2011-04-27T00:00:00.000Z,4/27/2011 5:30:00 PM,At Intersection (intersection related),18.0,"MOTOR VEHICLE STRUCK PEDALCYCLIST, FRONT END AT ANGLE",,N,Raining,Wet,Daylight,Y,,45,Vehicle - Pedalcyclist,520994,N,Washington,47.60729905819726,-122.33708679815666
Intersection,4TH AVE N AND FREMONT BR,2,Injury Collision,Cycles,2,0,1,1,1,0,0,2010-04-01T00:00:00.000Z,4/1/2010 9:45:00 AM,At Intersection (intersection related),51.0,PEDALCYCLIST STRUCK MOTOR VEHICLE FRONT END AT ANGLE,Y,N,Clear or Partly Cloudy,Dry,Daylight,,,45,Vehicle - Pedalcyclist,0,N,Washington,47.64687975524714,-122.34975371354541
Intersection,LEARY WAY NW AND NW 39TH ST,1,Property Damage Only Collision,Cycles,4,0,1,2,0,0,0,2010-04-03T00:00:00.000Z,4/3/2010 9:33:00 PM,At Intersection (intersection related),18.0,"MOTOR VEHICLE STRUCK PEDALCYCLIST, FRONT END AT ANGLE",,N,Raining,Wet,Dark - Street Lights On,,,45,Vehicle - Pedalcyclist,0,N,Washington,47.65414586409272,-122.3600631614177
Block,W DRAVUS ST BETWEEN 20TH AVE W AND 21ST AVE W,2b,Serious Injury Collision,Cycles,4,0,1,1,1,1,0,2010-07-29T00:00:00.000Z,7/29/2010 2:05:00 PM,Mid-Block (not related to intersection),51.0,PEDALCYCLIST STRUCK MOTOR VEHICLE FRONT END AT ANGLE,,0,Clear or Partly Cloudy,Dry,Daylight,,,45,Vehicle - Pedalcyclist,0,N,Washington,47.6484569180685,-122.38266772140378
Block,SEWARD PARK AVE S BETWEEN S KENYON ST AND S BUDD CT,1,Property Damage Only Collision,Cycles,2,0,1,1,0,0,0,2010-09-18T00:00:00.000Z,9/18/2010 10:00:00 AM,Mid-Block (not related to intersection),23.0,"MOTOR VEHICLE STRUCK PEDALCYCLIST, LEFT SIDE SIDESWIPE",,N,Unknown,Unknown,Unknown,Y,,45,Vehicle - Pedalcyclist,0,N,Washington,47.53070282309722,-122.26632623342476
Block,S MCCLELLAN ST BETWEEN 26TH AVE S AND RAINIER AVE S,2,Injury Collision,Cycles,2,0,1,1,1,0,0,2010-08-25T00:00:00.000Z,8/25/2010 3:16:00 PM,Mid-Block (not related to intersection),18.0,"MOTOR VEHICLE STRUCK PEDALCYCLIST, FRONT END AT ANGLE",,N,Clear or Partly Cloudy,Dry,Daylight,,,45,Vehicle - Pedalcyclist,0,N,Washington,47.578350191787926,-122.29871442506705
Intersection,STONE WAY N AND N 48TH ST,2,Injury Collision,Cycles,2,0,1,1,1,0,0,2010-01-12T00:00:00.000Z,1/12/2010 6:00:00 PM,At Intersection (intersection related),51.0,PEDALCYCLIST STRUCK MOTOR VEHICLE FRONT END AT ANGLE,,N,Raining,Wet,Dark - Street Lights On,Y,,45,Vehicle - Pedalcyclist,0,N,Washington,47.66357851860086,-122.34117338094656
Block,ROOSEVELT WAY NE BETWEEN NE 41ST ST AND NE 42ND S ST,2,Injury Collision,Cycles,2,0,1,1,1,0,0,2011-03-25T00:00:00.000Z,3/25/2011 10:08:00 AM,Driveway Junction,51.0,PEDALCYCLIST STRUCK MOTOR VEHICLE FRONT END AT ANGLE,,N,Clear or Partly Cloudy,Dry,Daylight,,,45,Vehicle - Pedalcyclist,0,N,Washington,47.657200400358775,-122.3178106158992
Intersection,11TH AVE NW AND NW 75TH ST,2,Injury Collision,Cycles,2,0,1,1,1,0,0,2011-04-13T00:00:00.000Z,4/13/2011 7:45:00 AM,At Intersection (intersection related),18.0,"MOTOR VEHICLE STRUCK PEDALCYCLIST, FRONT END AT ANGLE",,N,Raining,Wet,Daylight,,,45,Vehicle - Pedalcyclist,0,N,Washington,47.68325497323201,-122.37039170716423
Intersection,2ND AVE AND CHERRY ST,1,Property Damage Only Collision,Cycles,2,0,1,1,0,0,0,2011-10-10T00:00:00.000Z,10/10/2011 12:44:00 PM,At Intersection (intersection related),54.0,PEDALCYCLIST STRUCK MOTOR VEHICLE REAR END,,0,Raining,Wet,Daylight,,,45,Vehicle - Pedalcyclist,0,N,Washington,47.60301939344011,-122.33317224593478
Block,GREENWOOD AVE N BETWEEN N 74TH ST AND N 75TH ST,2,Injury Collision,Cycles,2,0,1,1,1,0,0,2011-11-22T00:00:00.000Z,11/22/2011 4:00:00 PM,Mid-Block (not related to intersection),56.0,PEDALCYCLIST STRUCK MOTOR VEHICLE LEFT SIDE SIDESWIPE,,N,Raining,Wet,Dark - Street Lights On,,,45,Vehicle - Pedalcyclist,0,N,Washington,47.68291986854726,-122.35529886642496
Block,FREMONT AVE N BETWEEN FREMONT BR AND N 34TH ST,2,Injury Collision,Cycles,2,0,1,1,1,0,0,2011-06-30T00:00:00.000Z,6/30/2011 6:18:00 AM,Mid-Block (not related to intersection),18.0,"MOTOR VEHICLE STRUCK PEDALCYCLIST, FRONT END AT ANGLE",,N,Clear or Partly Cloudy,Dry,Daylight,,,45,Vehicle - Pedalcyclist,0,N,Washington,47.64875309215993,-122.34974894685708
Intersection,4TH AVE NE AND NE 45TH ST,1,Property Damage Only Collision,Cycles,2,0,1,1,0,0,0,2011-06-28T00:00:00.000Z,6/28/2011 5:05:00 PM,At Intersection (intersection related),18.0,"MOTOR VEHICLE STRUCK PEDALCYCLIST, FRONT END AT ANGLE",,N,Clear or Partly Cloudy,Dry,Daylight,Y,,45,Vehicle - Pedalcyclist,0,N,Washington,47.6613387041932,-122.32403639337765
Intersection,BOYLSTON AVE AND E PINE ST,2,Injury Collision,Cycles,2,0,1,1,1,0,0,2011-04-02T00:00:00.000Z,4/2/2011 10:34:00 PM,At Intersection (intersection related),51.0,PEDALCYCLIST STRUCK MOTOR VEHICLE FRONT END AT ANGLE,,Y,Overcast,Dry,Dark - Street Lights On,,,45,Vehicle - Pedalcyclist,0,N,Washington,47.61523114208018,-122.32341547054027
Block,M L KING JR WAY S BETWEEN S IRVING ST AND MOUNTAINS TO SOUND TRL,2,Injury Collision,Cycles,2,0,1,1,1,0,0,2011-07-23T00:00:00.000Z,7/23/2011 8:47:00 AM,Mid-Block (not related to intersection),18.0,"MOTOR VEHICLE STRUCK PEDALCYCLIST, FRONT END AT ANGLE",,N,Clear or Partly Cloudy,Dry,Daylight,Y,,45,Vehicle - Pedalcyclist,630872,N,Washington,47.59077554818335,-122.29743780243435
Intersection,ALASKAN WAY AND SPRING ST,2,Injury Collision,Cycles,1,0,1,0,1,0,0,2011-11-13T00:00:00.000Z,11/13/2011 5:37:00 PM,At Intersection (intersection related),69.0,PEDALCYCLIST OVERTURNED IN ROAD,,N,Clear or Partly Cloudy,Dry,Dark - Street Lights On,,,45,Vehicle - Pedalcyclist,0,N,Washington,47.60448768388286,-122.33909095737489
Block,1ST AVE BETWEEN SPRING ST AND SENECA ST,2,Injury Collision,Cycles,2,0,1,1,1,0,0,2011-06-05T00:00:00.000Z,6/5/2011 10:11:00 AM,Mid-Block (not related to intersection),51.0,PEDALCYCLIST STRUCK MOTOR VEHICLE FRONT END AT ANGLE,,N,Clear or Partly Cloudy,Dry,Daylight,Y,,45,Vehicle - Pedalcyclist,0,N,Washington,47.6057638630913,-122.33721651811425
Block,WESTLAKE EAST RDWY AVE N BETWEEN HIGHLAND DR AND COMSTOCK ST,1,Property Damage Only Collision,Cycles,3,0,1,1,0,0,0,2011-12-15T00:00:00.000Z,12/15/2011 8:06:00 PM,Mid-Block (not related to intersection),51.0,PEDALCYCLIST STRUCK MOTOR VEHICLE FRONT END AT ANGLE,,N,Raining,Wet,Dark - No Street Lights,Y,,45,Vehicle - Pedalcyclist,0,N,Washington,47.63026295219018,-122.34074680289525
Intersection,QUEEN ANNE AVE N AND REPUBLICAN ST,2,Injury Collision,Cycles,2,0,1,1,1,0,0,2011-05-17T00:00:00.000Z,5/17/2011 11:55:00 PM,At Intersection (intersection related),18.0,"MOTOR VEHICLE STRUCK PEDALCYCLIST, FRONT END AT ANGLE",,N,Clear or Partly Cloudy,Dry,Dark - Street Lights On,Y,,45,Vehicle - Pedalcyclist,0,N,Washington,47.62327681312868,-122.35671986073686
Block,SHILSHOLE AVE NW BETWEEN 15TH SB AVE NW AND NW 46TH ST,2,Injury Collision,Cycles,3,0,1,1,1,0,0,2011-01-26T00:00:00.000Z,1/26/2011 12:48:00 PM,Mid-Block (not related to intersection),18.0,"MOTOR VEHICLE STRUCK PEDALCYCLIST, FRONT END AT ANGLE",Y,N,Clear or Partly Cloudy,Dry,Daylight,Y,,45,Vehicle - Pedalcyclist,0,N,Washington,47.661900983108,-122.37731010034271
Block,N 97TH ST BETWEEN WALLINGFORD AVE N AND COLLEGE WAY N,2,Injury Collision,Cycles,2,0,1,1,1,0,0,2011-01-05T00:00:00.000Z,1/5/2011 8:50:00 AM,Mid-Block (not related to intersection),21.0,"MOTOR VEHICLE STRUCK PEDALCYCLIST, REAR END",,N,Overcast,Wet,Daylight,,,45,Vehicle - Pedalcyclist,0,N,Washington,47.699588688013584,-122.33580638018977
Block,ELLIOTT AVE BETWEEN BATTERY ST AND WALL ST,2,Injury Collision,Cycles,2,0,1,1,1,0,0,2011-03-08T00:00:00.000Z,3/8/2011 5:37:00 PM,Driveway Junction,51.0,PEDALCYCLIST STRUCK MOTOR VEHICLE FRONT END AT ANGLE,,N,Clear or Partly Cloudy,Dry,Dusk,,,45,Vehicle - Pedalcyclist,0,N,Washington,47.61308996604289,-122.34999750183552
Block,EASTLAKE AVE E BETWEEN E BOSTON ST AND E LYNN ST,2,Injury Collision,Cycles,3,0,1,1,1,0,0,2011-05-04T00:00:00.000Z,5/4/2011 1:35:00 PM,,56.0,PEDALCYCLIST STRUCK MOTOR VEHICLE LEFT SIDE SIDESWIPE,,N,Clear or Partly Cloudy,Dry,Daylight,,,45,Vehicle - Pedalcyclist,0,N,Washington,47.638985673814446,-122.32589341174405
Intersection,40TH AVE NE AND BURKE GILMAN TRL,2,Injury Collision,Cycles,2,0,1,1,1,0,0,2011-03-11T00:00:00.000Z,3/11/2011 5:57:00 PM,At Intersection (intersection related),18.0,"MOTOR VEHICLE STRUCK PEDALCYCLIST, FRONT END AT ANGLE",,N,Clear or Partly Cloudy,Dry,Dusk,Y,,45,Vehicle - Pedalcyclist,521972,N,Washington,47.667308443602295,-122.28480764283495
Block,SW TRENTON ST BETWEEN 30TH AVE SW AND 31ST AVE SW,2,Injury Collision,Cycles,3,0,1,1,2,0,0,2011-09-18T00:00:00.000Z,9/18/2011 1:40:00 PM,Driveway Junction,18.0,"MOTOR VEHICLE STRUCK PEDALCYCLIST, FRONT END AT ANGLE",,0,Overcast,Wet,Daylight,,,45,Vehicle - Pedalcyclist,0,N,Washington,47.52466461481848,-122.37192757455205
Block,ALASKAN WAY BETWEEN CLAY ST AND BROAD ST,2,Injury Collision,Cycles,2,0,1,1,1,0,0,2011-06-17T00:00:00.000Z,6/17/2011 8:26:00 AM,Mid-Block (not related to intersection),51.0,PEDALCYCLIST STRUCK MOTOR VEHICLE FRONT END AT ANGLE,,N,Clear or Partly Cloudy,Dry,Daylight,,,45,Vehicle - Pedalcyclist,0,N,Washington,47.61471048394695,-122.35449693472601
Intersection,4TH AVE AND CHERRY ST,2,Injury Collision,Cycles,2,1,1,0,1,0,0,2011-10-04T00:00:00.000Z,10/4/2011 9:46:00 AM,At Intersection (intersection related),64.0,PEDALCYCLIST STRUCK PEDESTRIAN,,N,Clear or Partly Cloudy,Dry,Daylight,Y,,45,Vehicle - Pedalcyclist,522725,N,Washington,47.6039484404794,-122.33095206273623
Block,AURORA AVE N BETWEEN N 89TH ST AND N 90TH ST,2b,Serious Injury Collision,Cycles,2,0,1,1,1,1,0,2011-10-20T00:00:00.000Z,10/20/2011 7:38:00 PM,Mid-Block (not related to intersection),51.0,PEDALCYCLIST STRUCK MOTOR VEHICLE FRONT END AT ANGLE,,N,Overcast,Wet,Dark - Street Lights On,,,45,Vehicle - Pedalcyclist,0,N,Washington,47.693822034501935,-122.34456064833552
Block,VIRGINIA ST BETWEEN 6TH AVE AND WESTLAKE AVE,2,Injury Collision,Cycles,2,0,1,1,1,0,0,2011-11-16T00:00:00.000Z,11/16/2011 7:15:00 PM,Mid-Block (not related to intersection),18.0,"MOTOR VEHICLE STRUCK PEDALCYCLIST, FRONT END AT ANGLE",,N,Raining,Wet,Dark - Street Lights On,,,45,Vehicle - Pedalcyclist,0,N,Washington,47.614610604900506,-122.33803078753452
Intersection,BROAD ST AND VALLEY ST,1,Property Damage Only Collision,Cycles,2,0,1,1,0,0,0,2011-06-20T00:00:00.000Z,6/20/2011 7:45:00 PM,At Intersection (intersection related),24.0,MOTOR VEHCILE STRUCK PEDESTRIAN,,N,Unknown,Unknown,Unknown,Y,,45,Vehicle - Pedalcyclist,0,N,Washington,47.6257957692013,-122.33863455026258
Intersection,STROUD AVE N AND EAST GREEN LAKE DR N,2,Injury Collision,Cycles,2,0,1,1,1,0,0,2011-09-05T00:00:00.000Z,9/5/2011,At Intersection (intersection related),18.0,"MOTOR VEHICLE STRUCK PEDALCYCLIST, FRONT END AT ANGLE",,0,Clear or Partly Cloudy,Dry,Daylight,,,45,Vehicle - Pedalcyclist,0,N,Washington,47.685423206302026,-122.33623019403689
Block,23RD AVE S BETWEEN S JACKSON ST AND S KING ST,1,Property Damage Only Collision,Cycles,2,0,1,1,0,0,0,2011-06-03T00:00:00.000Z,6/3/2011 6:25:00 PM,Mid-Block (not related to intersection),51.0,PEDALCYCLIST STRUCK MOTOR VEHICLE FRONT END AT ANGLE,,N,Clear or Partly Cloudy,Dry,Daylight,,,45,Vehicle - Pedalcyclist,0,N,Washington,47.598580707769564,-122.30223147689705
Intersection,15TH AVE AND E PINE ST,2,Injury Collision,Cycles,2,0,1,1,1,0,0,2011-06-05T00:00:00.000Z,6/5/2011 5:29:00 PM,At Intersection (intersection related),18.0,"MOTOR VEHICLE STRUCK PEDALCYCLIST, FRONT END AT ANGLE",,N,Clear or Partly Cloudy,Dry,Daylight,,,45,Vehicle - Pedalcyclist,0,N,Washington,47.615287035942295,-122.31276624756936
Intersection,24TH AVE NE AND LAKE CITY WAY NE,2b,Serious Injury Collision,Cycles,2,0,1,1,1,1,0,2011-04-06T00:00:00.000Z,4/6/2011 5:03:00 PM,At Intersection (intersection related),11.0,"MOTOR VEHICLE STRUCK MOTOR VEHICLE, FRONT END AT ANGLE",,N,Raining,Wet,Daylight,Y,,45,Vehicle - Pedalcyclist,0,N,Washington,47.704544380195635,-122.30161582638691
Intersection,10TH AVE AND E PINE ST,2,Injury Collision,Cycles,2,0,1,1,1,0,0,2011-05-14T00:00:00.000Z,5/14/2011 8:39:00 PM,At Intersection (intersection related),18.0,"MOTOR VEHICLE STRUCK PEDALCYCLIST, FRONT END AT ANGLE",,0,Raining,Wet,Dark - Street Lights On,Y,,45,Vehicle - Pedalcyclist,0,N,Washington,47.615245137368404,-122.31946547553095
Intersection,CALIFORNIA AVE SW AND SW GRAHAM ST,2,Injury Collision,Cycles,2,0,1,1,1,0,0,2011-07-01T00:00:00.000Z,7/1/2011 8:21:00 PM,At Intersection (intersection related),51.0,PEDALCYCLIST STRUCK MOTOR VEHICLE FRONT END AT ANGLE,,N,Clear or Partly Cloudy,Dry,Daylight,,,45,Vehicle - Pedalcyclist,0,N,Washington,47.54668273862346,-122.38719538239712
Intersection,6TH AVE S AND S FOREST ST,2b,Serious Injury Collision,Cycles,2,0,1,1,1,1,0,2011-03-15T00:00:00.000Z,3/15/2011 9:33:00 PM,At Intersection (intersection related),21.0,"MOTOR VEHICLE STRUCK PEDALCYCLIST, REAR END",,N,Raining,Wet,Dark - Street Lights On,Y,,45,Vehicle - Pedalcyclist,0,N,Washington,47.57772508743874,-122.32597792419338
Intersection,NICKERSON ST AND QUEEN ANNE AVE N,2,Injury Collision,Cycles,2,0,1,1,1,0,0,2011-05-03T00:00:00.000Z,5/3/2011 6:11:00 PM,At Intersection (intersection related),18.0,"MOTOR VEHICLE STRUCK PEDALCYCLIST, FRONT END AT ANGLE",,N,Clear or Partly Cloudy,Dry,Daylight,,,45,Vehicle - Pedalcyclist,0,N,Washington,47.649774270949145,-122.35767846568199
Block,BROADWAY E BETWEEN E HARRISON ST AND E REPUBLICAN ST,2,Injury Collision,Cycles,2,0,1,1,1,0,0,2011-05-13T00:00:00.000Z,5/13/2011 1:50:00 PM,Mid-Block (not related to intersection),56.0,PEDALCYCLIST STRUCK MOTOR VEHICLE LEFT SIDE SIDESWIPE,,N,Clear or Partly Cloudy,Dry,Daylight,,,45,Vehicle - Pedalcyclist,0,N,Washington,47.62255712863728,-122.3209151974742
Intersection,BROADWAY AND E UNION ST,2,Injury Collision,Cycles,2,0,1,1,1,0,0,2011-08-01T00:00:00.000Z,8/1/2011,At Intersection (intersection related),51.0,PEDALCYCLIST STRUCK MOTOR VEHICLE FRONT END AT ANGLE,,0,Clear or Partly Cloudy,Dry,Daylight,,,45,Vehicle - Pedalcyclist,0,N,Washington,47.612963362786935,-122.32076237817628
Intersection,27TH AVE E AND E MADISON S ST,2,Injury Collision,Cycles,3,0,1,1,1,0,0,2011-09-08T00:00:00.000Z,9/8/2011,At Intersection (intersection related),51.0,PEDALCYCLIST STRUCK MOTOR VEHICLE FRONT END AT ANGLE,,0,Clear or Partly Cloudy,Dry,Daylight,,,45,Vehicle - Pedalcyclist,0,N,Washington,47.62258860725752,-122.29750233628815
Intersection,16TH AVE E AND E THOMAS ST,2,Injury Collision,Cycles,2,0,1,1,1,0,0,2011-08-01T00:00:00.000Z,8/1/2011,At Intersection (intersection related),18.0,"MOTOR VEHICLE STRUCK PEDALCYCLIST, FRONT END AT ANGLE",,0,Clear or Partly Cloudy,Dry,Daylight,,,45,Vehicle - Pedalcyclist,0,N,Washington,47.620499302866925,-122.31138366018816
Intersection,VIRGINIA ST AND WESTLAKE AVE,2,Injury Collision,Cycles,2,0,1,1,1,0,0,2011-08-07T00:00:00.000Z,8/7/2011,At Intersection (intersection related),51.0,PEDALCYCLIST STRUCK MOTOR VEHICLE FRONT END AT ANGLE,,0,Clear or Partly Cloudy,Dry,Daylight,,,45,Vehicle - Pedalcyclist,0,N,Washington,47.61483186369579,-122.33774456777235
Intersection,GREENWOOD AVE N AND N 75TH ST,2,Injury Collision,Cycles,4,0,2,1,2,0,0,2011-09-03T00:00:00.000Z,9/3/2011,At Intersection (intersection related),18.0,"MOTOR VEHICLE STRUCK PEDALCYCLIST, FRONT END AT ANGLE",,0,Clear or Partly Cloudy,Dry,Daylight,,,45,Vehicle - Pedalcyclist,0,N,Washington,47.68328869774525,-122.35529729313757
Intersection,10TH AVE S AND S JACKSON ST,2,Injury Collision,Cycles,2,0,1,1,1,0,0,2011-06-27T00:00:00.000Z,6/27/2011 12:26:00 PM,At Intersection (intersection related),18.0,"MOTOR VEHICLE STRUCK PEDALCYCLIST, FRONT END AT ANGLE",,N,Overcast,Dry,Daylight,,,45,Vehicle - Pedalcyclist,0,N,Washington,47.599184047501524,-122.31963858316642
Intersection,24TH AVE NE AND RAVENNA PL NE,1,Property Damage Only Collision,Cycles,2,0,1,1,0,0,0,2011-10-24T00:00:00.000Z,10/24/2011 7:18:00 AM,At Intersection (intersection related),18.0,"MOTOR VEHICLE STRUCK PEDALCYCLIST, FRONT END AT ANGLE",,0,Raining,Sand/Mud/Dirt,Dawn,Y,,45,Vehicle - Pedalcyclist,0,N,Washington,47.667069553877546,-122.30194580440559
Block,8TH AVE NW BETWEEN NW 54TH ST AND NW MARKET ST,2b,Serious Injury Collision,Cycles,2,0,1,1,1,1,0,2011-03-18T00:00:00.000Z,3/18/2011 2:06:00 PM,Mid-Block (not related to intersection),51.0,PEDALCYCLIST STRUCK MOTOR VEHICLE FRONT END AT ANGLE,,N,Overcast,Dry,Daylight,,,45,Vehicle - Pedalcyclist,0,N,Washington,47.668281574843064,-122.36617893090505
Block,11TH AVE NE BETWEEN EASTLAKE AVE NE AND NE 42ND ST,2,Injury Collision,Cycles,2,0,1,1,1,0,0,2011-07-16T00:00:00.000Z,7/16/2011 12:36:00 AM,Mid-Block (not related to intersection),52.0,PEDALCYCLIST STRUCK MOTOR VEHICLE RIGHT SIDE AT ANGLE,,Y,Clear or Partly Cloudy,Dry,Dark - Street Lights On,,,45,Vehicle - Pedalcyclist,0,N,Washington,47.65791543218118,-122.31666521822929
Intersection,2ND AVE AND YESLER WAY,1,Property Damage Only Collision,Cycles,2,0,1,1,0,0,0,2011-11-18T00:00:00.000Z,11/18/2011 7:40:00 AM,At Intersection (intersection related),18.0,"MOTOR VEHICLE STRUCK PEDALCYCLIST, FRONT END AT ANGLE",,N,Overcast,Wet,Daylight,,,45,Vehicle - Pedalcyclist,0,N,Washington,47.601718703965894,-122.33198350537205
Intersection,CALIFORNIA AVE SW AND SW ADMIRAL WAY,2,Injury Collision,Cycles,2,0,1,1,1,0,0,2011-03-26T00:00:00.000Z,3/26/2011 2:13:00 AM,At Intersection (intersection related),51.0,PEDALCYCLIST STRUCK MOTOR VEHICLE FRONT END AT ANGLE,,Y,Clear or Partly Cloudy,Dry,Dark - Street Lights On,,,45,Vehicle - Pedalcyclist,0,N,Washington,47.581195342089025,-122.38654575542449
Intersection,FLORENTIA ST AND QUEEN ANNE E AVE N,2,Injury Collision,Cycles,2,0,1,1,1,0,0,2011-08-26T00:00:00.000Z,8/26/2011 2:55:00 PM,At Intersection (intersection related),51.0,PEDALCYCLIST STRUCK MOTOR VEHICLE FRONT END AT ANGLE,,0,Clear or Partly Cloudy,Dry,Daylight,,,45,Vehicle - Pedalcyclist,0,N,Washington,47.646891441994455,-122.35686606350912
Intersection,8TH AVE S AND S CLOVERDALE ST,2,Injury Collision,Cycles,2,0,1,1,1,0,0,2011-09-10T00:00:00.000Z,9/10/2011 5:46:00 PM,At Intersection (intersection related),51.0,PEDALCYCLIST STRUCK MOTOR VEHICLE FRONT END AT ANGLE,,N,Clear or Partly Cloudy,Dry,Daylight,Y,,45,Vehicle - Pedalcyclist,521995,N,Washington,47.526465473968535,-122.32291561273563
Block,5TH AVE BETWEEN BLANCHARD ST AND BELL ST,2,Injury Collision,Cycles,2,0,1,1,1,0,0,2011-01-27T00:00:00.000Z,1/27/2011 1:00:00 AM,Mid-Block (not related to intersection),21.0,"MOTOR VEHICLE STRUCK PEDALCYCLIST, REAR END",,N,Clear or Partly Cloudy,Dry,Dark - Street Lights On,,,45,Vehicle - Pedalcyclist,0,N,Washington,47.615648064391664,-122.34242339762352
Intersection,1ST AVE S AND S LANDER ST,2,Injury Collision,Cycles,2,0,1,1,1,0,0,2011-06-08T00:00:00.000Z,6/8/2011 3:03:00 PM,At Intersection (intersection related),18.0,"MOTOR VEHICLE STRUCK PEDALCYCLIST, FRONT END AT ANGLE",,N,Overcast,Dry,Daylight,Y,,45,Vehicle - Pedalcyclist,0,N,Washington,47.579811138377295,-122.33420081438796
Intersection,3RD AVE AND PINE ST,2,Injury Collision,Cycles,3,0,1,1,1,0,0,2011-11-03T00:00:00.000Z,11/3/2011 7:02:00 PM,At Intersection (intersection related),18.0,"MOTOR VEHICLE STRUCK PEDALCYCLIST, FRONT END AT ANGLE",,N,Clear or Partly Cloudy,Dry,Dark - Street Lights On,,,45,Vehicle - Pedalcyclist,0,N,Washington,47.610742951172654,-122.33870150859981
Block,NW 45TH ST BETWEEN 11TH AVE NW AND 14TH AVE NW,2,Injury Collision,Cycles,1,0,1,0,1,0,0,2011-04-04T00:00:00.000Z,4/4/2011 5:02:00 PM,Mid-Block (not related to intersection),69.0,PEDALCYCLIST OVERTURNED IN ROAD,,N,Raining,Wet,Daylight,,,45,Vehicle - Pedalcyclist,0,N,Washington,47.66147103033102,-122.37218152970043
Block,MELROSE AVE E BETWEEN E MERCER ST AND E ROY ST,1,Property Damage Only Collision,Cycles,2,0,1,1,0,0,0,2011-05-24T00:00:00.000Z,5/24/2011 6:55:00 PM,Driveway Junction,51.0,PEDALCYCLIST STRUCK MOTOR VEHICLE FRONT END AT ANGLE,,N,Clear or Partly Cloudy,Dry,Daylight,Y,,45,Vehicle - Pedalcyclist,0,N,Washington,47.624699301595534,-122.32788367562964