addrtype,location,severitycode,severitydesc,collisiontype,personcount,pedcount,pedcylcount,vehcount,injuries,seriousinjuries,fatalities,incdate,incdttm,junctiontype,sdot_colcode,sdot_coldesc,inattentionind,underinfl,weather,roadcond,lightcond,pedrownotgrnt,speeding,st_colcode,st_coldesc,crosswalkkey,hitparkedcar,state,latitude,longitude
Intersection,EASTLAKE AVE E AND E GARFIELD ST,2,Injury Collision,Left Turn,2,0,1,1,1,0,0,2011-07-05T00:00:00.000Z,7/5/2011 4:54:00 PM,At Intersection (intersection related),51.0,PEDALCYCLIST STRUCK MOTOR VEHICLE FRONT END AT ANGLE,,N,Clear or Partly Cloudy,Dry,Daylight,Y,,28,From opposite direction - one left turn - one straight,0,N,Washington,47.633859619516706,-122.3255870913448
Intersection,2ND AVE S AND S JACKSON ST,2,Injury Collision,Cycles,2,0,1,1,1,0,0,2011-06-09T00:00:00.000Z,6/9/2011 8:53:00 PM,At Intersection (intersection related),51.0,PEDALCYCLIST STRUCK MOTOR VEHICLE FRONT END AT ANGLE,,N,Clear or Partly Cloudy,Dry,Dusk,Y,,45,Vehicle - Pedalcyclist,0,N,Washington,47.59920078505017,-122.33157768635193
Intersection,6TH AVE S AND S KING ST,1,Property Damage Only Collision,Cycles,3,0,1,1,0,0,0,2011-01-24T00:00:00.000Z,1/24/2011 3:37:00 PM,At Intersection (intersection related),51.0,PEDALCYCLIST STRUCK MOTOR VEHICLE FRONT END AT ANGLE,,N,Overcast,Dry,Daylight,,Y,45,Vehicle - Pedalcyclist,0,N,Washington,47.59835381884782,-122.3263638838395
Intersection,ROOSEVELT WAY NE AND NE 66TH ST,2,Injury Collision,Cycles,2,0,1,1,1,0,0,2011-06-11T00:00:00.000Z,6/11/2011 6:50:00 PM,At Intersection (intersection related),51.0,PEDALCYCLIST STRUCK MOTOR VEHICLE FRONT END AT ANGLE,Y,N,Clear or Partly Cloudy,Dry,Daylight,Y,,45,Vehicle - Pedalcyclist,0,N,Washington,47.67655440134596,-122.31737321600777
Block,11TH AV SW ACCESS RD BETWEEN 13TH AVE SW AND KLICKITAT ER AVE SW,2b,Serious Injury Collision,Cycles,2,0,1,1,2,2,0,2011-04-30T00:00:00.000Z,4/30/2011 4:55:00 PM,Mid-Block (not related to intersection),51.0,PEDALCYCLIST STRUCK MOTOR VEHICLE FRONT END AT ANGLE,,N,Clear or Partly Cloudy,Dry,Daylight,,,45,Vehicle - Pedalcyclist,525537,N,Washington,47.57286929356885,-122.35263643755236
Block,8TH AVE NW BETWEEN NW 56TH ST AND NW 57TH ST,2,Injury Collision,Cycles,2,0,1,1,1,0,0,2011-07-05T00:00:00.000Z,7/5/2011 8:44:00 AM,Mid-Block (but intersection related),54.0,PEDALCYCLIST STRUCK MOTOR VEHICLE REAR END,,N,Clear or Partly Cloudy,Dry,Daylight,Y,,45,Vehicle - Pedalcyclist,0,N,Washington,47.66979398291398,-122.36617636109615
Block,CHERRY ST BETWEEN 1ST AVE AND 2ND AVE,2,Injury Collision,Cycles,2,0,1,1,1,0,0,2011-12-27T00:00:00.000Z,12/27/2011 2:49:00 PM,Driveway Junction,51.0,PEDALCYCLIST STRUCK MOTOR VEHICLE FRONT END AT ANGLE,,N,Raining,Wet,Daylight,,,45,Vehicle - Pedalcyclist,0,N,Washington,47.602786644431106,-122.33372838303951
Intersection,FREMONT AVE N AND N 73RD ST,2b,Serious Injury Collision,Cycles,2,0,1,1,1,1,0,2011-06-27T00:00:00.000Z,6/27/2011 9:39:00 AM,At Intersection (intersection related),51.0,PEDALCYCLIST STRUCK MOTOR VEHICLE FRONT END AT ANGLE,,N,Clear or Partly Cloudy,Dry,Daylight,,,45,Vehicle - Pedalcyclist,0,N,Washington,47.68180341478351,-122.34989069164983
Intersection,4TH AVE NE AND NE 45TH ST,2,Injury Collision,Cycles,2,0,1,1,1,0,0,2011-05-11T00:00:00.000Z,5/11/2011 10:01:00 AM,At Intersection (intersection related),51.0,PEDALCYCLIST STRUCK MOTOR VEHICLE FRONT END AT ANGLE,,N,Clear or Partly Cloudy,Dry,Daylight,Y,,45,Vehicle - Pedalcyclist,0,N,Washington,47.6613387041932,-122.32403639337765
Intersection,6TH AVE S AND S DEARBORN ST,1,Property Damage Only Collision,Cycles,2,0,1,1,0,0,0,2011-05-06T00:00:00.000Z,5/6/2011 9:44:00 PM,At Intersection (intersection related),51.0,PEDALCYCLIST STRUCK MOTOR VEHICLE FRONT END AT ANGLE,,N,Raining,Wet,Dark - Street Lights On,Y,,45,Vehicle - Pedalcyclist,522031,N,Washington,47.595837273375686,-122.32637379821077
Block,W GARFIELD ST BETWEEN 1ST AVE W AND 2ND AVE W,1,Property Damage Only Collision,Cycles,3,0,1,1,0,0,0,2011-07-31T00:00:00.000Z,7/31/2011 10:08:00 AM,Mid-Block (not related to intersection),18.0,"MOTOR VEHICLE STRUCK PEDALCYCLIST, FRONT END AT ANGLE",,0,Overcast,Dry,Daylight,,,45,Vehicle - Pedalcyclist,0,N,Washington,47.63352957786066,-122.35899387572394
Block,N 45TH ST BETWEEN N MIDVALE PL AND STONE WAY N,2,Injury Collision,Cycles,2,0,1,1,1,0,0,2011-08-22T00:00:00.000Z,8/22/2011 4:28:00 PM,Driveway Junction,51.0,PEDALCYCLIST STRUCK MOTOR VEHICLE FRONT END AT ANGLE,,N,Clear or Partly Cloudy,Dry,Daylight,,,45,Vehicle - Pedalcyclist,0,N,Washington,47.66138521009543,-122.34257407361707
Intersection,6TH AVE AND PIKE ST,1,Property Damage Only Collision,Cycles,2,0,1,1,0,0,0,2011-05-18T00:00:00.000Z,5/18/2011 10:57:00 AM,At Intersection (intersection related),18.0,"MOTOR VEHICLE STRUCK PEDALCYCLIST, FRONT END AT ANGLE",,N,Clear or Partly Cloudy,Dry,Daylight,Y,,45,Vehicle - Pedalcyclist,521716,N,Washington,47.61114239799386,-122.33446376986288
Intersection,MONTLAKE BLVD NE AND NE PACIFIC ST,2,Injury Collision,Cycles,2,0,1,1,1,0,0,2011-10-05T00:00:00.000Z,10/5/2011 4:17:00 PM,At Intersection (intersection related),18.0,"MOTOR VEHICLE STRUCK PEDALCYCLIST, FRONT END AT ANGLE",,N,Raining,Wet,Daylight,Y,,45,Vehicle - Pedalcyclist,524625,N,Washington,47.64899740410285,-122.30459125885454
Block,EAST GREEN LAKE DR N BETWEEN ORIN CT N AND N 77TH ST,2,Injury Collision,Cycles,3,0,1,1,1,0,0,2011-06-04T00:00:00.000Z,6/4/2011 5:06:00 PM,Mid-Block (not related to intersection),21.0,"MOTOR VEHICLE STRUCK PEDALCYCLIST, REAR END",,N,Clear or Partly Cloudy,Dry,Daylight,,,45,Vehicle - Pedalcyclist,0,N,Washington,47.68405545146319,-122.33466551413572
Block,ALASKAN WAY BETWEEN COLUMBIA ST AND MARION ST,2,Injury Collision,Cycles,2,0,1,1,1,0,0,2011-08-11T00:00:00.000Z,8/11/2011 11:34:00 AM,Mid-Block (not related to intersection),18.0,"MOTOR VEHICLE STRUCK PEDALCYCLIST, FRONT END AT ANGLE",,0,Clear or Partly Cloudy,Dry,Daylight,,,45,Vehicle - Pedalcyclist,0,N,Washington,47.60270291346093,-122.33746652085945
Block,M L KING JR WAY S BETWEEN S BAYVIEW S ST AND S MCCLELLAN ST,2,Injury Collision,Cycles,3,0,1,1,1,0,0,2011-07-17T00:00:00.000Z,7/17/2011 12:24:00 PM,Mid-Block (not related to intersection),18.0,"MOTOR VEHICLE STRUCK PEDALCYCLIST, FRONT END AT ANGLE",,N,Raining,Wet,Daylight,,,45,Vehicle - Pedalcyclist,0,N,Washington,47.57985834955357,-122.29622234947193
Intersection,STONE WAY N AND N 38TH ST,2,Injury Collision,Cycles,2,0,1,1,1,0,0,2011-09-01T00:00:00.000Z,9/1/2011 1:41:00 PM,At Intersection (intersection related),51.0,PEDALCYCLIST STRUCK MOTOR VEHICLE FRONT END AT ANGLE,,N,Clear or Partly Cloudy,Dry,Daylight,,,45,Vehicle - Pedalcyclist,0,N,Washington,47.65270651520957,-122.34257533537043
Intersection,1ST AVE S AND S HOLGATE ST,1,Property Damage Only Collision,Cycles,2,0,1,1,0,0,0,2011-07-20T00:00:00.000Z,7/20/2011 5:51:00 PM,At Intersection (intersection related),18.0,"MOTOR VEHICLE STRUCK PEDALCYCLIST, FRONT END AT ANGLE",,N,Clear or Partly Cloudy,Dry,Daylight,Y,,45,Vehicle - Pedalcyclist,0,N,Washington,47.586103768479134,-122.33419784432444
Intersection,CORLISS AVE N AND N NORTHGATE WAY,2,Injury Collision,Cycles,2,0,1,1,1,0,0,2011-10-12T00:00:00.000Z,10/12/2011 8:40:00 AM,At Intersection (intersection related),18.0,"MOTOR VEHICLE STRUCK PEDALCYCLIST, FRONT END AT ANGLE",,N,Overcast,Dry,Daylight,Y,,45,Vehicle - Pedalcyclist,525659,N,Washington,47.70864592480071,-122.33131365385418
Intersection,STONE AVE N AND N 125TH ST,1,Property Damage Only Collision,Cycles,2,0,1,1,0,0,0,2011-09-26T00:00:00.000Z,9/26/2011 1:30:00 PM,At Intersection (intersection related),51.0,PEDALCYCLIST STRUCK MOTOR VEHICLE FRONT END AT ANGLE,Y,0,Raining,Wet,Unknown,Y,,45,Vehicle - Pedalcyclist,0,N,Washington,47.71957175041644,-122.3422480258624
Intersection,DEXTER AVE N AND ROY ST,2,Injury Collision,Cycles,2,0,1,1,1,0,0,2011-08-26T00:00:00.000Z,8/26/2011 5:21:00 PM,At Intersection (intersection related),51.0,PEDALCYCLIST STRUCK MOTOR VEHICLE FRONT END AT ANGLE,,0,Clear or Partly Cloudy,Dry,Daylight,,,45,Vehicle - Pedalcyclist,0,N,Washington,47.62540330543746,-122.34234200999266
Intersection,33RD AVE S AND RAINIER AVE S,2,Injury Collision,Cycles,2,0,1,1,1,0,0,2011-07-22T00:00:00.000Z,7/22/2011 4:23:00 PM,At Intersection (intersection related),51.0,PEDALCYCLIST STRUCK MOTOR VEHICLE FRONT END AT ANGLE,,N,Clear or Partly Cloudy,Dry,Daylight,Y,,45,Vehicle - Pedalcyclist,0,N,Washington,47.569937927418614,-122.29102293948804
Intersection,6TH AVE NE AND NE 70TH N ST,2,Injury Collision,Cycles,2,0,1,1,1,0,0,2011-07-13T00:00:00.000Z,7/13/2011 4:50:00 PM,At Intersection (intersection related),18.0,"MOTOR VEHICLE STRUCK PEDALCYCLIST, FRONT END AT ANGLE",,N,Clear or Partly Cloudy,Dry,Daylight,Y,,45,Vehicle - Pedalcyclist,0,N,Washington,47.68021033337568,-122.3217575474932
Intersection,8TH AVE N AND ALOHA ST,2,Injury Collision,Cycles,2,0,1,1,1,0,0,2011-11-03T00:00:00.000Z,11/3/2011 7:03:00 AM,At Intersection (intersection related),18.0,"MOTOR VEHICLE STRUCK PEDALCYCLIST, FRONT END AT ANGLE",,N,Clear or Partly Cloudy,Dry,Daylight,Y,,45,Vehicle - Pedalcyclist,0,N,Washington,47.627133784102476,-122.34101985551543
Block,WESTERN AVE W BETWEEN 1ST AVE W AND 2ND AVE W,2,Injury Collision,Cycles,3,0,1,2,1,0,0,2011-08-31T00:00:00.000Z,8/31/2011 6:10:00 PM,Mid-Block (not related to intersection),56.0,PEDALCYCLIST STRUCK MOTOR VEHICLE LEFT SIDE SIDESWIPE,,N,Clear or Partly Cloudy,Dry,Daylight,,,45,Vehicle - Pedalcyclist,0,N,Washington,47.61940404019986,-122.3587060013132
Intersection,CRAWFORD PL AND E PIKE ST,2,Injury Collision,Cycles,2,0,1,1,1,0,0,2011-11-02T00:00:00.000Z,11/2/2011 5:59:00 PM,At Intersection (intersection related),18.0,"MOTOR VEHICLE STRUCK PEDALCYCLIST, FRONT END AT ANGLE",,N,Raining,Wet,Dark - Street Lights On,Y,Y,45,Vehicle - Pedalcyclist,0,N,Washington,47.61408494724692,-122.3261877015347
Block,2ND AV ET S BETWEEN S JACKSON ST AND S MAIN ST,2,Injury Collision,Cycles,2,0,1,1,1,0,0,2011-04-20T00:00:00.000Z,4/20/2011 6:39:00 PM,Mid-Block (not related to intersection),51.0,PEDALCYCLIST STRUCK MOTOR VEHICLE FRONT END AT ANGLE,,N,Clear or Partly Cloudy,Dry,Daylight,,,45,Vehicle - Pedalcyclist,0,N,Washington,47.59959343580528,-122.3300094981593
Block,4TH AVE BETWEEN SENECA ST AND UNIVERSITY ST,1,Property Damage Only Collision,Cycles,2,0,1,1,0,0,0,2011-11-12T00:00:00.000Z,11/12/2011 3:16:00 PM,Mid-Block (but intersection related),21.0,"MOTOR VEHICLE STRUCK PEDALCYCLIST, REAR END",Y,N,Raining,Wet,Daylight,,,45,Vehicle - Pedalcyclist,0,N,Washington,47.60787026749514,-122.33453890891764
Intersection,3RD AVE AND BELL ST,2,Injury Collision,Cycles,2,0,1,1,1,0,0,2011-09-11T00:00:00.000Z,9/11/2011 8:07:00 PM,At Intersection (intersection related),18.0,"MOTOR VEHICLE STRUCK PEDALCYCLIST, FRONT END AT ANGLE",,0,Clear or Partly Cloudy,Dry,Dusk,,,45,Vehicle - Pedalcyclist,0,N,Washington,47.614704585733534,-122.34479351953465
Intersection,M L KING JR WR WAY S AND S CHARLESTOWN ST,2,Injury Collision,Cycles,2,0,1,1,1,0,0,2011-08-03T00:00:00.000Z,8/3/2011,At Intersection (intersection related),0.0,NOT ENOUGH INFORMATION / NOT APPLICABLE,,0,Clear or Partly Cloudy,Dry,Daylight,,,45,Vehicle - Pedalcyclist,0,N,Washington,47.57015285573453,-122.29696826183338
Intersection,NE 65TH ST AND NE RAVENNA EB BV,2,Injury Collision,Cycles,2,0,1,1,1,0,0,2011-02-08T00:00:00.000Z,2/8/2011 6:54:00 AM,At Intersection (intersection related),51.0,PEDALCYCLIST STRUCK MOTOR VEHICLE FRONT END AT ANGLE,,N,Clear or Partly Cloudy,Dry,Dawn,Y,,45,Vehicle - Pedalcyclist,0,N,Washington,47.67587201779961,-122.32233080018557
Block,S JACKSON ST BETWEEN 1ST AVE S AND OCCIDENTAL AVE S,2,Injury Collision,Cycles,2,0,1,1,1,0,0,2011-08-13T00:00:00.000Z,8/13/2011 12:36:00 AM,Mid-Block (not related to intersection),51.0,PEDALCYCLIST STRUCK MOTOR VEHICLE FRONT END AT ANGLE,,0,Clear or Partly Cloudy,Dry,Dark - Street Lights On,,,45,Vehicle - Pedalcyclist,0,N,Washington,47.59920385999877,-122.33353724348714
Intersection,1ST AVE NW AND NW 85TH ST,1,Property Damage Only Collision,Cycles,2,0,1,1,0,0,0,2011-07-11T00:00:00.000Z,7/11/2011 12:16:00 PM,At Intersection (intersection related),18.0,"MOTOR VEHICLE STRUCK PEDALCYCLIST, FRONT END AT ANGLE",,N,Clear or Partly Cloudy,Dry,Daylight,Y,,45,Vehicle - Pedalcyclist,521017,N,Washington,47.69061033125208,-122.35798195029793
Block,GREENWOOD AVE N BETWEEN N 87TH ST AND N 90TH ST,2,Injury Collision,Cycles,3,0,1,1,1,0,0,2011-08-02T00:00:00.000Z,8/2/2011,Driveway Junction,18.0,"MOTOR VEHICLE STRUCK PEDALCYCLIST, FRONT END AT ANGLE",,0,Clear or Partly Cloudy,Dry,Daylight,,,45,Vehicle - Pedalcyclist,0,N,Washington,47.69331628162226,-122.3553301570711
Block,15TH AVE S BETWEEN S BAYVIEW ST AND BEACON AVE S,2,Injury Collision,Cycles,2,0,1,1,1,0,0,2011-07-21T00:00:00.000Z,7/21/2011 5:00:00 PM,Mid-Block (not related to intersection),18.0,"MOTOR VEHICLE STRUCK PEDALCYCLIST, FRONT END AT ANGLE",,N,Clear or Partly Cloudy,Dry,Daylight,Y,,45,Vehicle - Pedalcyclist,0,N,Washington,47.580805467965014,-122.31341045758437
Intersection,BOYLSTON AVE AND MARION ST,2,Injury Collision,Cycles,2,0,1,1,1,0,0,2011-07-21T00:00:00.000Z,7/21/2011 12:27:00 PM,At Intersection (intersection related),26.0,MOTOR VEHICLE STRUCK OBJECT IN ROAD,,N,Overcast,Wet,Daylight,,,45,Vehicle - Pedalcyclist,0,N,Washington,47.61001650691022,-122.32115834089451
Block,NE 45TH ST BETWEEN 1ST AVE NE AND 2ND AVE NE,2,Injury Collision,Cycles,2,0,1,1,1,0,0,2011-07-23T00:00:00.000Z,7/23/2011 5:56:00 PM,Mid-Block (not related to intersection),18.0,"MOTOR VEHICLE STRUCK PEDALCYCLIST, FRONT END AT ANGLE",,N,Clear or Partly Cloudy,Dry,Daylight,Y,,45,Vehicle - Pedalcyclist,0,N,Washington,47.66135727672546,-122.32775751125796
Intersection,UNIVERSITY WAY NE AND NE PACIFIC ST,1,Property Damage Only Collision,Cycles,2,0,1,1,0,0,0,2011-09-15T00:00:00.000Z,9/15/2011 9:23:00 AM,At Intersection (intersection related),18.0,"MOTOR VEHICLE STRUCK PEDALCYCLIST, FRONT END AT ANGLE",,0,Clear or Partly Cloudy,Dry,Daylight,,,45,Vehicle - Pedalcyclist,522415,N,Washington,47.653399440542536,-122.31333457571537
Intersection,MINOR AVE AND STEWART ST,2,Injury Collision,Cycles,2,0,1,1,1,0,0,2011-11-06T00:00:00.000Z,11/6/2011 8:50:00 PM,At Intersection (intersection related),51.0,PEDALCYCLIST STRUCK MOTOR VEHICLE FRONT END AT ANGLE,Y,N,Clear or Partly Cloudy,Dry,Dark - Street Lights On,Y,,45,Vehicle - Pedalcyclist,630805,N,Washington,47.617609533487126,-122.33185856018312
Intersection,MERCER SR ST AND WESTLAKE AVE N,2,Injury Collision,Cycles,2,0,1,1,1,0,0,2011-05-01T00:00:00.000Z,5/1/2011 2:01:00 PM,At Intersection (intersection related),18.0,"MOTOR VEHICLE STRUCK PEDALCYCLIST, FRONT END AT ANGLE",,N,Clear or Partly Cloudy,Dry,Daylight,Y,,45,Vehicle - Pedalcyclist,0,N,Washington,47.62455235985842,-122.33843539353461
Block,E JAMES WAY BETWEEN BROADWAY AND E CHERRY ST,2,Injury Collision,Cycles,2,0,1,1,1,0,0,2011-09-30T00:00:00.000Z,9/30/2011 11:29:00 AM,Driveway Junction,54.0,PEDALCYCLIST STRUCK MOTOR VEHICLE REAR END,,0,Clear or Partly Cloudy,Dry,Daylight,,,45,Vehicle - Pedalcyclist,0,N,Washington,47.60764439861089,-122.31975524027337
Block,CALIFORNIA AVE SW BETWEEN SW OREGON ST AND SW ALASKA ST,2,Injury Collision,Cycles,2,0,1,1,1,0,0,2011-03-04T00:00:00.000Z,3/4/2011 5:00:00 PM,Mid-Block (not related to intersection),56.0,PEDALCYCLIST STRUCK MOTOR VEHICLE LEFT SIDE SIDESWIPE,,N,Raining,Wet,Daylight,,,45,Vehicle - Pedalcyclist,0,N,Washington,47.562010415792045,-122.38677671219659
Block,7TH AVE NE BETWEEN NE 45TH ST AND NE 45TH ST ON RP,2b,Serious Injury Collision,Cycles,2,0,1,1,1,1,0,2011-08-24T00:00:00.000Z,8/24/2011 11:29:00 AM,Mid-Block (not related to intersection),22.0,"MOTOR VEHICLE STRUCK PEDALCYCLIST, RIGHT SIDE SIDESWIPE",Y,N,Clear or Partly Cloudy,Dry,Daylight,,,45,Vehicle - Pedalcyclist,0,N,Washington,47.661561146073005,-122.32072623293577
Block,ELLIOTT AVE BETWEEN LENORA ST AND BLANCHARD ST,2,Injury Collision,Cycles,2,0,1,1,1,0,0,2011-01-17T00:00:00.000Z,1/17/2011 11:39:00 AM,Mid-Block (not related to intersection),18.0,"MOTOR VEHICLE STRUCK PEDALCYCLIST, FRONT END AT ANGLE",Y,N,Overcast,Dry,Daylight,,,45,Vehicle - Pedalcyclist,0,N,Washington,47.611403224687955,-122.3456434550702
Intersection,FREMONT AVE N AND N 103RD ST,1,Property Damage Only Collision,Cycles,2,0,1,1,0,0,0,2011-01-14T00:00:00.000Z,1/14/2011 8:30:00 AM,At Intersection (intersection related),18.0,"MOTOR VEHICLE STRUCK PEDALCYCLIST, FRONT END AT ANGLE",,N,Raining,Wet,Unknown,,,45,Vehicle - Pedalcyclist,0,N,Washington,47.70361876411887,-122.35005769563854
Intersection,DENNY WAY AND TERRY AVE,2,Injury Collision,Cycles,2,0,1,1,1,0,0,2011-06-02T00:00:00.000Z,6/2/2011,,0.0,NOT ENOUGH INFORMATION / NOT APPLICABLE,,0,Clear or Partly Cloudy,Unknown,Daylight,,,45,Vehicle - Pedalcyclist,0,N,Washington,47.61852689284808,-122.33715073001076
Intersection,BOREN AVE AND JEFFERSON ST,2,Injury Collision,Cycles,2,0,1,1,1,0,0,2011-04-27T00:00:00.000Z,4/27/2011 1:36:00 PM,At Intersection (intersection related),51.0,PEDALCYCLIST STRUCK MOTOR VEHICLE FRONT END AT ANGLE,,N,Overcast,Wet,Daylight,,,45,Vehicle - Pedalcyclist,0,N,Washington,47.605769767599405,-122.3218771543034
Block,UNIVERSITY WAY NE BETWEEN NE 55TH ST AND NE 56TH ST,2,Injury Collision,Cycles,2,0,1,1,1,0,0,2011-06-30T00:00:00.000Z,6/30/2011 12:57:00 PM,Mid-Block (not related to intersection),21.0,"MOTOR VEHICLE STRUCK PEDALCYCLIST, REAR END",,N,Overcast,Dry,Daylight,,,45,Vehicle - Pedalcyclist,0,N,Washington,47.66899330384359,-122.31302081305373
Intersection,DEXTER AVE N AND REPUBLICAN ST,2,Injury Collision,Cycles,2,0,1,1,1,0,0,2011-07-15T00:00:00.000Z,7/15/2011 5:30:00 PM,At Intersection (intersection related),51.0,PEDALCYCLIST STRUCK MOTOR VEHICLE FRONT END AT ANGLE,,N,Unknown,Unknown,Unknown,Y,,45,Vehicle - Pedalcyclist,0,N,Washington,47.62322375030086,-122.34236126738043
Block,EASTLAKE AVE E BETWEEN E HAMLIN ST AND E SHELBY ST,2,Injury Collision,Cycles,2,0,1,1,1,0,0,2011-02-01T00:00:00.000Z,2/1/2011 9:01:00 AM,Mid-Block (not related to intersection),18.0,"MOTOR VEHICLE STRUCK PEDALCYCLIST, FRONT END AT ANGLE",,N,Clear or Partly Cloudy,Dry,Daylight,,,45,Vehicle - Pedalcyclist,0,N,Washington,47.646503048118774,-122.32519936846163
Intersection,FREMONT AVE N AND N 102ND ST,2,Injury Collision,Cycles,2,0,1,1,1,0,0,2011-04-22T00:00:00.000Z,4/22/2011 8:43:00 AM,At Intersection (intersection related),18.0,"MOTOR VEHICLE STRUCK PEDALCYCLIST, FRONT END AT ANGLE",,N,Clear or Partly Cloudy,Dry,Daylight,,,45,Vehicle - Pedalcyclist,0,N,Washington,47.7028943919867,-122.35004982279776
Intersection,BOYLSTON AVE E AND E LOUISA ST,2,Injury Collision,Cycles,2,0,1,1,1,0,0,2011-08-10T00:00:00.000Z,8/10/2011 6:10:00 PM,At Intersection (intersection related),21.0,"MOTOR VEHICLE STRUCK PEDALCYCLIST, REAR END",,N,Clear or Partly Cloudy,Dry,Daylight,Y,,45,Vehicle - Pedalcyclist,0,N,Washington,47.64202952471978,-122.32345760859212
Intersection,17TH AVE AND E MADISON ST,2,Injury Collision,Cycles,3,0,1,1,1,0,0,2011-10-12T00:00:00.000Z,10/12/2011 3:33:00 PM,At Intersection (intersection related),51.0,PEDALCYCLIST STRUCK MOTOR VEHICLE FRONT END AT ANGLE,,0,Overcast,Dry,Daylight,Y,,45,Vehicle - Pedalcyclist,0,N,Washington,47.61558986329553,-122.3101512364648
Intersection,11TH AVE NE AND NE 45TH ST,2,Injury Collision,Cycles,2,0,1,1,1,0,0,2011-02-07T00:00:00.000Z,2/7/2011 2:40:00 PM,At Intersection (intersection related),51.0,PEDALCYCLIST STRUCK MOTOR VEHICLE FRONT END AT ANGLE,,N,Raining,Wet,Daylight,,Y,45,Vehicle - Pedalcyclist,520889,N,Washington,47.661291960354745,-122.3165789341517
Intersection,RAINIER AVE S AND S CHARLES S ST,2,Injury Collision,Cycles,2,0,1,1,1,0,0,2011-07-15T00:00:00.000Z,7/15/2011 1:35:00 AM,At Intersection (intersection related),51.0,PEDALCYCLIST STRUCK MOTOR VEHICLE FRONT END AT ANGLE,,N,Overcast,Dry,Dark - Street Lights On,,,45,Vehicle - Pedalcyclist,0,N,Washington,47.594071944259994,-122.31015032296783
Intersection,DEXTER AVE N AND REPUBLICAN ST,1,Property Damage Only Collision,Cycles,2,0,1,1,0,0,0,2011-06-09T00:00:00.000Z,6/9/2011 6:55:00 PM,At Intersection (intersection related),18.0,"MOTOR VEHICLE STRUCK PEDALCYCLIST, FRONT END AT ANGLE",,N,Clear or Partly Cloudy,Dry,Daylight,,,45,Vehicle - Pedalcyclist,0,N,Washington,47.62322375030086,-122.34236126738043
Block,ROOSEVELT WAY NE BETWEEN NE 42ND N ST AND NE 43RD S ST,2,Injury Collision,Cycles,2,0,1,1,1,0,0,2011-09-21T00:00:00.000Z,9/21/2011 8:39:00 AM,Mid-Block (not related to intersection),51.0,PEDALCYCLIST STRUCK MOTOR VEHICLE FRONT END AT ANGLE,,N,Clear or Partly Cloudy,Dry,Daylight,Y,,45,Vehicle - Pedalcyclist,0,N,Washington,47.65891124921488,-122.31776595018732
Block,CALIFORNIA AVE SW BETWEEN SW GENESEE ST AND SW OREGON ST,2,Injury Collision,Cycles,2,0,1,1,1,0,0,2011-10-20T00:00:00.000Z,10/20/2011 11:37:00 AM,Mid-Block (not related to intersection),56.0,PEDALCYCLIST STRUCK MOTOR VEHICLE LEFT SIDE SIDESWIPE,,N,Clear or Partly Cloudy,Dry,Daylight,,,45,Vehicle - Pedalcyclist,0,N,Washington,47.563817330749394,-122.38677345964149
Block,HOWELL ST BETWEEN MINOR AVE AND YALE AVE,2,Injury Collision,Cycles,2,0,1,1,1,0,0,2011-01-13T00:00:00.000Z,1/13/2011 7:48:00 PM,Mid-Block (but intersection related),21.0,"MOTOR VEHICLE STRUCK PEDALCYCLIST, REAR END",,N,Raining,Wet,Dark - Street Lights On,Y,,45,Vehicle - Pedalcyclist,0,N,Washington,47.61717154373585,-122.33013020397459
Block,NE NORTHGATE WAY BETWEEN 19TH AVE NE AND 20TH AVE NE,2,Injury Collision,Cycles,2,0,1,1,1,0,0,2011-10-09T00:00:00.000Z,10/9/2011,Mid-Block (not related to intersection),21.0,"MOTOR VEHICLE STRUCK PEDALCYCLIST, REAR END",Y,1,Raining,Wet,Dark - Street Lights On,,,45,Vehicle - Pedalcyclist,0,N,Washington,47.7084788867896,-122.30717276250941
Block,S GRAHAM ST BETWEEN M L KING JR ER WAY S AND 38TH AVE S,2,Injury Collision,Cycles,4,0,1,1,1,0,0,2011-10-27T00:00:00.000Z,10/27/2011 3:58:00 PM,Driveway Junction,18.0,"MOTOR VEHICLE STRUCK PEDALCYCLIST, FRONT END AT ANGLE",,0,Clear or Partly Cloudy,Dry,Daylight,Y,,45,Vehicle - Pedalcyclist,0,N,Washington,47.54605072276041,-122.28515961732772
Intersection,DENNY WAY AND WESTLAKE AVE,1,Property Damage Only Collision,Cycles,4,0,1,2,0,0,0,2011-08-11T00:00:00.000Z,8/11/2011 11:02:00 PM,At Intersection (intersection related),18.0,"MOTOR VEHICLE STRUCK PEDALCYCLIST, FRONT END AT ANGLE",,0,Clear or Partly Cloudy,Dry,Dark - Street Lights On,,,45,Vehicle - Pedalcyclist,0,N,Washington,47.61853426901042,-122.338484568197