addrtype,location,severitycode,severitydesc,collisiontype,personcount,pedcount,pedcylcount,vehcount,injuries,seriousinjuries,fatalities,incdate,incdttm,junctiontype,sdot_colcode,sdot_coldesc,inattentionind,underinfl,weather,roadcond,lightcond,pedrownotgrnt,speeding,st_colcode,st_coldesc,crosswalkkey,hitparkedcar,state,latitude,longitude
Intersection,20TH AVE NE AND NE RAVENNA WB BV,2,Injury Collision,Cycles,2,0,1,1,1,0,0,2011-02-08T00:00:00.000Z,2/8/2011 5:30:00 PM,At Intersection (intersection related),51.0,PEDALCYCLIST STRUCK MOTOR VEHICLE FRONT END AT ANGLE,,N,Clear or Partly Cloudy,Dry,Dusk,,,45,Vehicle - Pedalcyclist,0,N,Washington,47.66933890756174,-122.30649516828528
Intersection,DENNY WAY AND QUEEN ANNE AVE N,2,Injury Collision,Cycles,3,0,1,1,1,0,0,2011-10-08T00:00:00.000Z,10/8/2011 10:43:00 PM,At Intersection (intersection related),51.0,PEDALCYCLIST STRUCK MOTOR VEHICLE FRONT END AT ANGLE,,Y,Raining,Wet,Dark - Street Lights On,,,45,Vehicle - Pedalcyclist,0,N,Washington,47.61860706105072,-122.35675629529909
Intersection,AURORA AVE N AND N 77TH ST,2,Injury Collision,Cycles,2,0,1,1,1,0,0,2011-09-27T00:00:00.000Z,9/27/2011 9:48:00 AM,At Intersection (intersection related),18.0,"MOTOR VEHICLE STRUCK PEDALCYCLIST, FRONT END AT ANGLE",,N,Clear or Partly Cloudy,Dry,Daylight,,,45,Vehicle - Pedalcyclist,0,N,Washington,47.684767703153256,-122.34449200428044
Block,49TH AVE S BETWEEN S BARTON ST AND S FLETCHER ST,2,Injury Collision,Cycles,2,0,1,1,1,0,0,2011-05-31T00:00:00.000Z,5/31/2011 6:30:00 PM,Mid-Block (not related to intersection),51.0,PEDALCYCLIST STRUCK MOTOR VEHICLE FRONT END AT ANGLE,,N,Clear or Partly Cloudy,Dry,Daylight,,,45,Vehicle - Pedalcyclist,0,N,Washington,47.520076157626065,-122.27338200285
Block,SW ADMIRAL WAY BETWEEN 57TH AVE SW AND 59TH AVE SW,2,Injury Collision,Cycles,2,0,1,1,2,0,0,2011-01-07T00:00:00.000Z,1/7/2011 6:35:00 PM,,0.0,NOT ENOUGH INFORMATION / NOT APPLICABLE,,N,Raining,Wet,Dark - Street Lights On,,,45,Vehicle - Pedalcyclist,0,N,Washington,47.57661551222726,-122.40681449350404
Intersection,DEXTER AVE N AND VALLEY ST,2,Injury Collision,Cycles,2,0,1,1,1,0,0,2011-12-12T00:00:00.000Z,12/12/2011 4:20:00 PM,At Intersection (intersection related),51.0,PEDALCYCLIST STRUCK MOTOR VEHICLE FRONT END AT ANGLE,,N,Clear or Partly Cloudy,Dry,Dusk,Y,,45,Vehicle - Pedalcyclist,0,N,Washington,47.626261483187186,-122.34233438592834
Block,15TH AVE NE BETWEEN COWEN PL NE AND NE 62ND ST,2,Injury Collision,Cycles,3,0,1,1,2,0,0,2011-05-20T00:00:00.000Z,5/20/2011 9:30:00 AM,Mid-Block (not related to intersection),55.0,PEDALCYCLIST STRUCK MOTOR VEHICLE RIGHT SIDE SIDESWIPE,Y,N,Clear or Partly Cloudy,Dry,Daylight,,,45,Vehicle - Pedalcyclist,0,N,Washington,47.673040605871144,-122.31191149200356
Block,2ND AVE W BETWEEN W ROY ST AND W OLYMPIC PL,2b,Serious Injury Collision,Cycles,2,0,1,1,1,1,0,2011-04-25T00:00:00.000Z,4/25/2011 6:15:00 AM,Mid-Block (not related to intersection),18.0,"MOTOR VEHICLE STRUCK PEDALCYCLIST, FRONT END AT ANGLE",,N,Raining,Wet,Daylight,Y,,45,Vehicle - Pedalcyclist,0,N,Washington,47.62622348105234,-122.35930971713486
Intersection,2ND AVE NE AND NE 45TH ST,2,Injury Collision,Cycles,2,0,1,1,1,0,0,2011-06-23T00:00:00.000Z,6/23/2011 3:26:00 PM,At Intersection (intersection related),18.0,"MOTOR VEHICLE STRUCK PEDALCYCLIST, FRONT END AT ANGLE",,N,Clear or Partly Cloudy,Dry,Daylight,Y,,45,Vehicle - Pedalcyclist,0,N,Washington,47.661354746959546,-122.32725022505704
Intersection,12TH AVE AND E MADISON ST,1,Property Damage Only Collision,Cycles,2,0,1,1,0,0,0,2011-03-08T00:00:00.000Z,3/8/2011 9:18:00 AM,At Intersection (intersection related),69.0,PEDALCYCLIST OVERTURNED IN ROAD,,N,Raining,Wet,Daylight,,,45,Vehicle - Pedalcyclist,0,N,Washington,47.61288923577013,-122.31673339075188
Intersection,EASTLAKE AVE E AND E LOUISA ST,1,Property Damage Only Collision,Cycles,2,0,1,1,0,0,0,2011-07-22T00:00:00.000Z,7/22/2011 4:33:00 PM,At Intersection (intersection related),51.0,PEDALCYCLIST STRUCK MOTOR VEHICLE FRONT END AT ANGLE,,N,Clear or Partly Cloudy,Dry,Daylight,,,45,Vehicle - Pedalcyclist,0,N,Washington,47.6420304999034,-122.3258883695456
Intersection,HARVARD AVE E AND E THOMAS ST,2,Injury Collision,Cycles,2,0,1,1,1,0,0,2011-06-03T00:00:00.000Z,6/3/2011 2:00:00 PM,At Intersection (intersection related),18.0,"MOTOR VEHICLE STRUCK PEDALCYCLIST, FRONT END AT ANGLE",,N,Clear or Partly Cloudy,Dry,Daylight,Y,,45,Vehicle - Pedalcyclist,0,N,Washington,47.62106633685225,-122.32222485526226
Block,ROOSEVELT WAY NE BETWEEN NE 52ND ST AND NE 53RD ST,1,Property Damage Only Collision,Cycles,2,0,1,1,0,0,0,2011-05-20T00:00:00.000Z,5/20/2011 6:15:00 PM,Mid-Block (not related to intersection),51.0,PEDALCYCLIST STRUCK MOTOR VEHICLE FRONT END AT ANGLE,,N,Clear or Partly Cloudy,Dry,Daylight,,,45,Vehicle - Pedalcyclist,0,N,Washington,47.666770027662906,-122.3173836124487
Block,STONE WAY N BETWEEN N 40TH ST AND N LUCAS PL,2,Injury Collision,Cycles,2,0,1,1,1,0,0,2011-08-25T00:00:00.000Z,8/25/2011 1:16:00 PM,Mid-Block (not related to intersection),55.0,PEDALCYCLIST STRUCK MOTOR VEHICLE RIGHT SIDE SIDESWIPE,,0,Clear or Partly Cloudy,Dry,Daylight,,,45,Vehicle - Pedalcyclist,0,N,Washington,47.65565365207535,-122.34242594140635
Intersection,12TH AVE AND E JEFFERSON ST,2,Injury Collision,Cycles,2,0,1,1,1,0,0,2011-02-13T00:00:00.000Z,2/13/2011 10:09:00 PM,At Intersection (intersection related),51.0,PEDALCYCLIST STRUCK MOTOR VEHICLE FRONT END AT ANGLE,,N,Raining,Wet,Dark - Street Lights On,,,45,Vehicle - Pedalcyclist,0,N,Washington,47.606203045254205,-122.316780466471
Intersection,ALASKAN WAY S AND S MAIN ST,2,Injury Collision,Cycles,2,0,1,1,1,0,0,2011-07-14T00:00:00.000Z,7/14/2011 6:08:00 AM,At Intersection (intersection related),18.0,"MOTOR VEHICLE STRUCK PEDALCYCLIST, FRONT END AT ANGLE",,N,Overcast,Dry,Dawn,Y,,45,Vehicle - Pedalcyclist,524754,N,Washington,47.60004611083184,-122.33591076464307
Intersection,BURKE GILMAN TRL AND NE 70TH ST,2,Injury Collision,Cycles,2,0,1,1,1,0,0,2011-11-18T00:00:00.000Z,11/18/2011 5:38:00 PM,At Intersection (intersection related),51.0,PEDALCYCLIST STRUCK MOTOR VEHICLE FRONT END AT ANGLE,,N,Raining,Wet,Dark - Street Lights On,,,45,Vehicle - Pedalcyclist,524581,N,Washington,47.67937219886514,-122.2653146199442
Block,24TH AVE NW BETWEEN NW 61ST ST AND NW 62ND ST,2,Injury Collision,Cycles,2,0,1,1,1,0,0,2011-01-18T00:00:00.000Z,1/18/2011 6:00:00 PM,Mid-Block (not related to intersection),51.0,PEDALCYCLIST STRUCK MOTOR VEHICLE FRONT END AT ANGLE,,N,Clear or Partly Cloudy,Dry,Dark - Street Lights On,Y,,45,Vehicle - Pedalcyclist,0,N,Washington,47.673465715154066,-122.3875861085976
Intersection,STONE WAY N AND N 35TH ST,2,Injury Collision,Cycles,2,0,1,1,1,0,0,2011-10-17T00:00:00.000Z,10/17/2011 2:16:00 PM,At Intersection (intersection related),51.0,PEDALCYCLIST STRUCK MOTOR VEHICLE FRONT END AT ANGLE,,0,Clear or Partly Cloudy,Dry,Daylight,Y,,45,Vehicle - Pedalcyclist,0,N,Washington,47.64941986653472,-122.34273258653992
Intersection,EASTLAKE AVE E AND E ROANOKE ST,2,Injury Collision,Cycles,2,0,1,1,1,0,0,2011-09-01T00:00:00.000Z,9/1/2011,At Intersection (intersection related),51.0,PEDALCYCLIST STRUCK MOTOR VEHICLE FRONT END AT ANGLE,,0,Clear or Partly Cloudy,Dry,Daylight,,,45,Vehicle - Pedalcyclist,0,N,Washington,47.64319064257319,-122.32588681195922
Intersection,6TH AVE S AND SEATTLE W BLVD S,2,Injury Collision,Cycles,2,0,1,1,1,0,0,2011-04-21T00:00:00.000Z,4/21/2011 3:20:00 PM,At Intersection (intersection related),18.0,"MOTOR VEHICLE STRUCK PEDALCYCLIST, FRONT END AT ANGLE",,N,Clear or Partly Cloudy,Dry,Daylight,Y,,45,Vehicle - Pedalcyclist,522974,N,Washington,47.595130638685035,-122.32637666349659
Block,35TH AVE NE BETWEEN NE 94TH ST AND NE 95TH ST,2,Injury Collision,Cycles,2,0,1,1,1,0,0,2011-10-21T00:00:00.000Z,10/21/2011 3:26:00 PM,Mid-Block (not related to intersection),21.0,"MOTOR VEHICLE STRUCK PEDALCYCLIST, REAR END",,N,Overcast,Wet,Daylight,,,45,Vehicle - Pedalcyclist,0,N,Washington,47.69704364638947,-122.29054415271288
Block,S JACKSON ST BETWEEN 10TH AVE S AND 12TH AVE S,2,Injury Collision,Cycles,2,0,1,1,1,0,0,2011-05-18T00:00:00.000Z,5/18/2011 1:59:00 PM,Mid-Block (not related to intersection),56.0,PEDALCYCLIST STRUCK MOTOR VEHICLE LEFT SIDE SIDESWIPE,,0,Clear or Partly Cloudy,Dry,Daylight,,,45,Vehicle - Pedalcyclist,0,N,Washington,47.599186557411784,-122.31843273845254
Block,DEXTER AVE N BETWEEN DENNY WAY AND JOHN ST,2,Injury Collision,Cycles,2,0,1,1,1,0,0,2011-04-11T00:00:00.000Z,4/11/2011 5:46:00 PM,Mid-Block (not related to intersection),23.0,"MOTOR VEHICLE STRUCK PEDALCYCLIST, LEFT SIDE SIDESWIPE",,N,Clear or Partly Cloudy,Dry,Daylight,,,45,Vehicle - Pedalcyclist,0,N,Washington,47.619133522455684,-122.34239679428836
Block,SEWARD PARK AVE S BETWEEN S ORCHARD ST AND S OTHELLO ST,1,Property Damage Only Collision,Cycles,2,0,1,1,0,0,0,2011-08-13T00:00:00.000Z,8/13/2011 11:02:00 AM,Mid-Block (not related to intersection),23.0,"MOTOR VEHICLE STRUCK PEDALCYCLIST, LEFT SIDE SIDESWIPE",,0,Clear or Partly Cloudy,Dry,Daylight,,,45,Vehicle - Pedalcyclist,0,N,Washington,47.53746089219676,-122.26726801616631
Intersection,11TH AVE SW AND SW SPOKANE NR ST,1,Property Damage Only Collision,Cycles,2,0,1,1,0,0,0,2011-04-11T00:00:00.000Z,4/11/2011 7:32:00 PM,At Intersection (intersection related),51.0,PEDALCYCLIST STRUCK MOTOR VEHICLE FRONT END AT ANGLE,,N,Clear or Partly Cloudy,Dry,Daylight,,,45,Vehicle - Pedalcyclist,0,N,Washington,47.57165394163272,-122.34924289488659
Block,BALLARD AVE NW BETWEEN NW IONE PL AND 20TH AVE NW,2,Injury Collision,Cycles,2,0,1,1,1,0,0,2011-02-26T00:00:00.000Z,2/26/2011 1:54:00 PM,Mid-Block (not related to intersection),18.0,"MOTOR VEHICLE STRUCK PEDALCYCLIST, FRONT END AT ANGLE",,N,Overcast,Dry,Daylight,,,45,Vehicle - Pedalcyclist,0,N,Washington,47.66530412004094,-122.38189667738608
Intersection,ALASKAN WAY S AND S KING ST,1,Property Damage Only Collision,Cycles,2,0,1,1,0,0,0,2011-09-17T00:00:00.000Z,9/17/2011 10:00:00 PM,,0.0,NOT ENOUGH INFORMATION / NOT APPLICABLE,,N,Overcast,Dry,Dark - Street Lights On,,,45,Vehicle - Pedalcyclist,0,N,Washington,,
Intersection,BROOKLYN AVE NE AND NE 50TH ST,2,Injury Collision,Cycles,2,0,1,1,1,0,0,2011-10-10T00:00:00.000Z,10/10/2011 9:40:00 PM,At Intersection (intersection related),18.0,"MOTOR VEHICLE STRUCK PEDALCYCLIST, FRONT END AT ANGLE",,0,Raining,Wet,Dark - Street Lights On,,,45,Vehicle - Pedalcyclist,522488,N,Washington,47.66490847462878,-122.3142100907226
Intersection,BOREN AVE AND HOWELL ST,2,Injury Collision,Cycles,2,0,1,1,1,0,0,2011-02-18T00:00:00.000Z,2/18/2011 10:55:00 AM,At Intersection (intersection related),18.0,"MOTOR VEHICLE STRUCK PEDALCYCLIST, FRONT END AT ANGLE",,N,Clear or Partly Cloudy,Dry,Daylight,,,45,Vehicle - Pedalcyclist,0,N,Washington,47.61617112419289,-122.33141659886962
Intersection,8TH AVE NE AND NE 50TH ST,2,Injury Collision,Cycles,2,0,1,1,1,0,0,2011-07-27T00:00:00.000Z,7/27/2011 8:27:00 AM,At Intersection (intersection related),18.0,"MOTOR VEHICLE STRUCK PEDALCYCLIST, FRONT END AT ANGLE",,0,Clear or Partly Cloudy,Dry,Daylight,,,45,Vehicle - Pedalcyclist,0,N,Washington,47.66495045700944,-122.31954187179208
Intersection,2ND AVE AND CHERRY ST,2b,Serious Injury Collision,Cycles,2,0,1,1,1,1,0,2011-04-20T00:00:00.000Z,4/20/2011 6:45:00 PM,At Intersection (intersection related),18.0,"MOTOR VEHICLE STRUCK PEDALCYCLIST, FRONT END AT ANGLE",,N,Clear or Partly Cloudy,Dry,Daylight,,,45,Vehicle - Pedalcyclist,0,N,Washington,47.60301939344011,-122.33317224593478
Intersection,6TH AVE AND BLANCHARD ST,2,Injury Collision,Cycles,5,0,1,1,1,0,0,2011-09-01T00:00:00.000Z,9/1/2011,At Intersection (intersection related),51.0,PEDALCYCLIST STRUCK MOTOR VEHICLE FRONT END AT ANGLE,,0,Clear or Partly Cloudy,Dry,Daylight,,,45,Vehicle - Pedalcyclist,0,N,Washington,47.61592966981329,-122.3409150518552
Intersection,ROOSEVELT WAY NE AND NE NORTHGATE WAY,2,Injury Collision,Cycles,3,0,1,1,1,0,0,2011-04-24T00:00:00.000Z,4/24/2011 12:11:00 AM,At Intersection (intersection related),51.0,PEDALCYCLIST STRUCK MOTOR VEHICLE FRONT END AT ANGLE,,Y,Clear or Partly Cloudy,Dry,Dark - Street Lights On,,,45,Vehicle - Pedalcyclist,0,N,Washington,47.70856098703935,-122.31785220926248
Intersection,12TH AVE AND E PINE ST,2,Injury Collision,Cycles,2,0,1,1,1,0,0,2011-07-02T00:00:00.000Z,7/2/2011 1:33:00 PM,At Intersection (intersection related),21.0,"MOTOR VEHICLE STRUCK PEDALCYCLIST, REAR END",,N,Clear or Partly Cloudy,Dry,Daylight,Y,,45,Vehicle - Pedalcyclist,0,N,Washington,47.615263932778156,-122.31685416865923
Block,NE 45TH ST BETWEEN 1ST AVE NE AND 2ND AVE NE,2,Injury Collision,Cycles,3,0,1,1,1,0,0,2011-09-10T00:00:00.000Z,9/10/2011 4:45:00 PM,Mid-Block (not related to intersection),51.0,PEDALCYCLIST STRUCK MOTOR VEHICLE FRONT END AT ANGLE,Y,N,Clear or Partly Cloudy,Dry,Daylight,,,45,Vehicle - Pedalcyclist,0,N,Washington,47.66135727672546,-122.32775751125796
Intersection,2ND AVE AND CHERRY ST,2,Injury Collision,Cycles,3,0,1,1,1,0,0,2011-06-01T00:00:00.000Z,6/1/2011,At Intersection (intersection related),18.0,"MOTOR VEHICLE STRUCK PEDALCYCLIST, FRONT END AT ANGLE",,0,Overcast,Dry,Daylight,Y,,45,Vehicle - Pedalcyclist,0,N,Washington,47.60301939344011,-122.33317224593478
Intersection,6TH AVE AND BLANCHARD ST,2,Injury Collision,Cycles,2,0,2,0,1,0,0,2011-10-28T00:00:00.000Z,10/28/2011 3:10:00 AM,At Intersection (intersection related),51.0,PEDALCYCLIST STRUCK MOTOR VEHICLE FRONT END AT ANGLE,,0,Clear or Partly Cloudy,Dry,Dark - Street Lights On,,,45,Vehicle - Pedalcyclist,0,N,Washington,47.61592966981329,-122.3409150518552
Block,24TH AVE E BETWEEN E PROSPECT ST AND E HIGHLAND DR,2b,Serious Injury Collision,Cycles,1,0,1,0,1,1,0,2011-08-27T00:00:00.000Z,8/27/2011 2:48:00 AM,,0.0,NOT ENOUGH INFORMATION / NOT APPLICABLE,,1,Clear or Partly Cloudy,Dry,Dark - Street Lights On,,,45,Vehicle - Pedalcyclist,0,N,Washington,47.62976785940371,-122.30165716565348
Intersection,37TH AVE E AND E MADISON ST,2,Injury Collision,Cycles,2,0,1,1,1,0,0,2011-09-15T00:00:00.000Z,9/15/2011 8:50:00 AM,At Intersection (intersection related),51.0,PEDALCYCLIST STRUCK MOTOR VEHICLE FRONT END AT ANGLE,,0,Clear or Partly Cloudy,Dry,Daylight,,,45,Vehicle - Pedalcyclist,0,N,Washington,47.63074651265247,-122.28546358034369
Intersection,14TH AVE NW AND NW MARKET ST,2,Injury Collision,Cycles,2,0,1,1,1,0,0,2011-10-24T00:00:00.000Z,10/24/2011 7:02:00 AM,At Intersection (intersection related),18.0,"MOTOR VEHICLE STRUCK PEDALCYCLIST, FRONT END AT ANGLE",,0,Raining,Wet,Dark - Street Lights On,Y,,45,Vehicle - Pedalcyclist,525119,N,Washington,47.66866536787647,-122.37358850396623
Intersection,21ST AVE AND E CHERRY ST,2,Injury Collision,Cycles,3,0,1,1,1,0,0,2011-08-19T00:00:00.000Z,8/19/2011 6:32:00 PM,At Intersection (intersection related),51.0,PEDALCYCLIST STRUCK MOTOR VEHICLE FRONT END AT ANGLE,,0,Clear or Partly Cloudy,Dry,Daylight,,,45,Vehicle - Pedalcyclist,0,N,Washington,47.60801396197765,-122.305024959772
Intersection,DENSMORE AVE N AND N 122ND ST,2,Injury Collision,Cycles,3,0,1,1,1,0,0,2011-09-05T00:00:00.000Z,9/5/2011,At Intersection (intersection related),18.0,"MOTOR VEHICLE STRUCK PEDALCYCLIST, FRONT END AT ANGLE",,0,Clear or Partly Cloudy,Dry,Dusk,,,45,Vehicle - Pedalcyclist,0,N,Washington,47.717114994189174,-122.3372938741284
Intersection,6TH AVE S AND S JACKSON ST,2,Injury Collision,Cycles,2,0,1,1,1,0,0,2011-09-20T00:00:00.000Z,9/20/2011 6:00:00 PM,At Intersection (intersection related),51.0,PEDALCYCLIST STRUCK MOTOR VEHICLE FRONT END AT ANGLE,,0,Clear or Partly Cloudy,Dry,Daylight,,,45,Vehicle - Pedalcyclist,0,N,Washington,47.599192755772975,-122.32636052429419
Intersection,DENNY WAY AND WARREN AVE N,2,Injury Collision,Cycles,3,0,1,1,1,0,0,2011-08-10T00:00:00.000Z,8/10/2011 9:39:00 PM,At Intersection (intersection related),64.0,PEDALCYCLIST STRUCK PEDESTRIAN,,1,Clear or Partly Cloudy,Dry,Dark - Street Lights On,,,45,Vehicle - Pedalcyclist,0,N,Washington,47.61859702193868,-122.3541474663888
Intersection,19TH AVE AND E MADISON ST,2,Injury Collision,Cycles,2,0,1,1,1,0,0,2011-09-19T00:00:00.000Z,9/19/2011 3:30:00 PM,At Intersection (intersection related),18.0,"MOTOR VEHICLE STRUCK PEDALCYCLIST, FRONT END AT ANGLE",,0,Clear or Partly Cloudy,Dry,Daylight,,,45,Vehicle - Pedalcyclist,0,N,Washington,47.61673275898729,-122.30740915787302
Intersection,BELMONT AVE AND E PINE ST,2,Injury Collision,Cycles,2,0,1,1,1,0,0,2011-04-25T00:00:00.000Z,4/25/2011 12:11:00 PM,At Intersection (intersection related),18.0,"MOTOR VEHICLE STRUCK PEDALCYCLIST, FRONT END AT ANGLE",,N,Raining,Wet,Daylight,Y,,45,Vehicle - Pedalcyclist,0,N,Washington,47.61522500481614,-122.32447263631508
Block,DELRIDGE WAY SW BETWEEN 17TH AVE SW AND SW ROXBURY ST,2,Injury Collision,Cycles,2,0,1,1,1,0,0,2011-08-13T00:00:00.000Z,8/13/2011 7:04:00 PM,Mid-Block (not related to intersection),24.0,MOTOR VEHCILE STRUCK PEDESTRIAN,,0,Clear or Partly Cloudy,Dry,Daylight,,,45,Vehicle - Pedalcyclist,522696,N,Washington,47.51810271256462,-122.35583053452001
Intersection,DEARBORN OFF RP AND S DEARBORN ST,2,Injury Collision,Cycles,2,0,1,1,1,0,0,2011-08-30T00:00:00.000Z,8/30/2011 5:16:00 PM,At Intersection (intersection related),51.0,PEDALCYCLIST STRUCK MOTOR VEHICLE FRONT END AT ANGLE,,N,Clear or Partly Cloudy,Dry,Daylight,Y,,45,Vehicle - Pedalcyclist,525652,N,Washington,47.595831546540964,-122.32137099496687
Block,N MOTOR PL BETWEEN LINDEN AVE N AND AURORA AVE N,2,Injury Collision,Cycles,2,0,1,1,1,0,0,2011-07-04T00:00:00.000Z,7/4/2011 10:37:00 PM,Mid-Block (not related to intersection),18.0,"MOTOR VEHICLE STRUCK PEDALCYCLIST, FRONT END AT ANGLE",,N,Clear or Partly Cloudy,Dry,Dark - Street Lights On,,,45,Vehicle - Pedalcyclist,0,N,Washington,47.65865142518003,-122.34796270265305
Block,S COLUMBIAN WAY BETWEEN S SPOKANE ST AND 15TH AVS TURN RD,2,Injury Collision,Cycles,2,0,1,1,1,0,0,2011-01-06T00:00:00.000Z,1/6/2011 7:35:00 AM,Mid-Block (not related to intersection),23.0,"MOTOR VEHICLE STRUCK PEDALCYCLIST, LEFT SIDE SIDESWIPE",,N,Overcast,Wet,Daylight,Y,,45,Vehicle - Pedalcyclist,0,N,Washington,47.57074639406382,-122.31414741938356
Intersection,TROLL AVE N AND N 34TH ST,2,Injury Collision,Cycles,2,0,1,1,1,0,0,2011-10-13T00:00:00.000Z,10/13/2011 12:00:00 PM,At Intersection (intersection related),18.0,"MOTOR VEHICLE STRUCK PEDALCYCLIST, FRONT END AT ANGLE",,N,Clear or Partly Cloudy,Dry,Daylight,,,45,Vehicle - Pedalcyclist,0,N,Washington,47.64924012162934,-122.34741874332344
Intersection,AURORA AVE N AND GREEN LAKE DR N,2,Injury Collision,Cycles,2,0,1,1,1,0,0,2011-10-11T00:00:00.000Z,10/11/2011 8:29:00 AM,At Intersection (intersection related),18.0,"MOTOR VEHICLE STRUCK PEDALCYCLIST, FRONT END AT ANGLE",,N,Overcast,Wet,Daylight,,,45,Vehicle - Pedalcyclist,0,N,Washington,47.68911276551052,-122.3445144354172
Intersection,3RD AVE AND BROAD ST,2,Injury Collision,Cycles,2,0,1,1,1,0,0,2011-08-19T00:00:00.000Z,8/19/2011 4:50:00 PM,At Intersection (intersection related),18.0,"MOTOR VEHICLE STRUCK PEDALCYCLIST, FRONT END AT ANGLE",,0,Clear or Partly Cloudy,Dry,Daylight,,,45,Vehicle - Pedalcyclist,521617,N,Washington,47.61824782774303,-122.35078725632091
Intersection,24TH AVE E AND E INTERLAKEN BLVD,2,Injury Collision,Cycles,2,0,1,1,1,0,0,2011-09-10T00:00:00.000Z,9/10/2011 12:16:00 PM,At Intersection (intersection related),51.0,PEDALCYCLIST STRUCK MOTOR VEHICLE FRONT END AT ANGLE,,N,Clear or Partly Cloudy,Dry,Daylight,Y,,45,Vehicle - Pedalcyclist,0,N,Washington,47.634573061441394,-122.30157617824793
Intersection,3RD AVE NW AND NW 41ST N ST,2,Injury Collision,Cycles,1,0,1,0,1,0,0,2011-06-18T00:00:00.000Z,6/18/2011 10:20:00 AM,At Intersection (intersection related),18.0,"MOTOR VEHICLE STRUCK PEDALCYCLIST, FRONT END AT ANGLE",,N,Clear or Partly Cloudy,Dry,Daylight,,,45,Vehicle - Pedalcyclist,0,N,Washington,47.65694412233241,-122.36081648723601
Intersection,8TH AVE NW AND NW 43RD N ST,2,Injury Collision,Cycles,3,0,1,1,1,0,0,2011-06-18T00:00:00.000Z,6/18/2011 1:07:00 PM,At Intersection (intersection related),18.0,"MOTOR VEHICLE STRUCK PEDALCYCLIST, FRONT END AT ANGLE",,N,Raining,Wet,Daylight,,,45,Vehicle - Pedalcyclist,523915,N,Washington,47.6592693004353,-122.36612505720484
Intersection,GREEN LAKE WAY N AND N 52ND ST,1,Property Damage Only Collision,Cycles,2,0,1,1,0,0,0,2011-01-15T00:00:00.000Z,1/15/2011 3:55:00 PM,At Intersection (intersection related),51.0,PEDALCYCLIST STRUCK MOTOR VEHICLE FRONT END AT ANGLE,,N,Raining,Wet,Dark - Street Lights On,,,45,Vehicle - Pedalcyclist,0,N,Washington,47.666407174206384,-122.34009052508308
Intersection,12TH AVE AND E MADISON ST,2,Injury Collision,Cycles,2,0,1,1,1,0,0,2011-08-17T00:00:00.000Z,8/17/2011 9:17:00 PM,At Intersection (intersection related),11.0,"MOTOR VEHICLE STRUCK MOTOR VEHICLE, FRONT END AT ANGLE",,0,Clear or Partly Cloudy,Dry,Dark - Street Lights On,,,45,Vehicle - Pedalcyclist,0,N,Washington,47.61288923577013,-122.31673339075188
Block,E PINE ST BETWEEN BELLEVUE AVE AND CRAWFORD PL,2,Injury Collision,Cycles,3,0,1,1,1,0,0,2011-04-01T00:00:00.000Z,4/1/2011 12:33:00 AM,Mid-Block (but intersection related),55.0,PEDALCYCLIST STRUCK MOTOR VEHICLE RIGHT SIDE SIDESWIPE,,Y,Clear or Partly Cloudy,Dry,Dark - Street Lights On,,,45,Vehicle - Pedalcyclist,0,N,Washington,47.615216166630354,-122.3264973279967
Intersection,UNIVERSITY WAY NE AND NE CAMPUS WB PY,3,Fatality Collision,Cycles,3,0,1,1,0,0,1,2011-09-10T00:00:00.000Z,9/10/2011 6:15:00 PM,At Intersection (intersection related),51.0,PEDALCYCLIST STRUCK MOTOR VEHICLE FRONT END AT ANGLE,,N,Clear or Partly Cloudy,Dry,Daylight,Y,,45,Vehicle - Pedalcyclist,0,N,Washington,47.6562153990745,-122.31326223966158
Intersection,BOREN AVE S AND RAINIER AVE S,2,Injury Collision,Cycles,2,0,1,1,1,0,0,2011-01-11T00:00:00.000Z,1/11/2011 5:24:00 PM,At Intersection (intersection related),18.0,"MOTOR VEHICLE STRUCK PEDALCYCLIST, FRONT END AT ANGLE",,N,Clear or Partly Cloudy,Dry,Dark - Street Lights On,Y,,45,Vehicle - Pedalcyclist,0,N,Washington,47.59921008677189,-122.31413725545687
Block,SYCAMORE AVE NW BETWEEN NW 65TH ST AND NW 67TH ST,2,Injury Collision,Cycles,2,0,1,1,1,0,0,2011-08-04T00:00:00.000Z,8/4/2011 8:05:00 PM,Driveway Junction,18.0,"MOTOR VEHICLE STRUCK PEDALCYCLIST, FRONT END AT ANGLE",,N,Clear or Partly Cloudy,Dry,Daylight,,,45,Vehicle - Pedalcyclist,0,N,Washington,47.67688759014835,-122.35845020412664
Intersection,ALASKAN WAY AND MARION ST,2,Injury Collision,Cycles,3,0,1,1,1,0,0,2011-06-13T00:00:00.000Z,6/13/2011 5:55:00 PM,At Intersection (intersection related),18.0,"MOTOR VEHICLE STRUCK PEDALCYCLIST, FRONT END AT ANGLE",,N,Clear or Partly Cloudy,Dry,Daylight,Y,,45,Vehicle - Pedalcyclist,523341,N,Washington,47.603060582729206,-122.33778754563215