addrtype,location,severitycode,severitydesc,collisiontype,personcount,pedcount,pedcylcount,vehcount,injuries,seriousinjuries,fatalities,incdate,incdttm,junctiontype,sdot_colcode,sdot_coldesc,inattentionind,underinfl,weather,roadcond,lightcond,pedrownotgrnt,speeding,st_colcode,st_coldesc,crosswalkkey,hitparkedcar,state,latitude,longitude
Block,ALASKAN WAY BETWEEN VINE ST AND CLAY ST,2,Injury Collision,Cycles,2,0,1,1,1,0,0,2011-07-01T00:00:00.000Z,7/1/2011 1:27:00 PM,Mid-Block (not related to intersection),51.0,PEDALCYCLIST STRUCK MOTOR VEHICLE FRONT END AT ANGLE,,N,Clear or Partly Cloudy,Dry,Daylight,,,45,Vehicle - Pedalcyclist,0,N,Washington,47.61388302316643,-122.35309719792409
Block,LAKE CITY WAY NE BETWEEN NE 98TH ST AND NE 100TH ST,2,Injury Collision,Cycles,2,0,1,1,1,0,0,2011-06-29T00:00:00.000Z,6/29/2011 4:12:00 PM,Driveway Junction,51.0,PEDALCYCLIST STRUCK MOTOR VEHICLE FRONT END AT ANGLE,,N,Clear or Partly Cloudy,Dry,Daylight,Y,,45,Vehicle - Pedalcyclist,0,N,Washington,47.700720322025106,-122.3029361029248
Block,NE NORTHGATE WAY BETWEEN 3RD AVE NE AND 5TH AVE NE,2,Injury Collision,Cycles,2,0,1,1,1,0,0,2011-12-13T00:00:00.000Z,12/13/2011 8:06:00 PM,Mid-Block (not related to intersection),23.0,"MOTOR VEHICLE STRUCK PEDALCYCLIST, LEFT SIDE SIDESWIPE",,N,Clear or Partly Cloudy,Dry,Dark - Street Lights On,Y,,45,Vehicle - Pedalcyclist,0,N,Washington,47.708602814645396,-122.32461718021729
Block,E PIKE ST BETWEEN 10TH AVE AND 11TH AVE,2,Injury Collision,Cycles,2,0,1,1,1,0,0,2011-10-31T00:00:00.000Z,10/31/2011 10:55:00 PM,Driveway Junction,51.0,PEDALCYCLIST STRUCK MOTOR VEHICLE FRONT END AT ANGLE,,N,Clear or Partly Cloudy,Dry,Dark - Street Lights On,Y,,45,Vehicle - Pedalcyclist,0,N,Washington,47.614089784785435,-122.31879588763692
Block,30TH AVE NE BETWEEN NE 143RD PL AND NE 145TH ST,2,Injury Collision,Cycles,4,0,1,1,1,0,0,2011-08-04T00:00:00.000Z,8/4/2011 9:32:00 AM,Mid-Block (but intersection related),51.0,PEDALCYCLIST STRUCK MOTOR VEHICLE FRONT END AT ANGLE,Y,N,Clear or Partly Cloudy,Dry,Daylight,,,45,Vehicle - Pedalcyclist,0,N,Washington,47.73324858509528,-122.2965258121414
Block,EAST MARGINAL WAY S BETWEEN S HINDS ST AND S SPOKANE NR ST,2,Injury Collision,Cycles,2,0,1,1,1,0,0,2011-03-14T00:00:00.000Z,3/14/2011 3:16:00 PM,Mid-Block (not related to intersection),23.0,"MOTOR VEHICLE STRUCK PEDALCYCLIST, LEFT SIDE SIDESWIPE",,N,Overcast,Dry,Daylight,Y,,45,Vehicle - Pedalcyclist,0,N,Washington,47.57270499771236,-122.33969154121115
Intersection,30TH AVE NE AND BURKE GILMAN TRL,2,Injury Collision,Cycles,2,0,1,1,1,0,0,2011-05-17T00:00:00.000Z,5/17/2011 9:35:00 AM,At Intersection (intersection related),18.0,"MOTOR VEHICLE STRUCK PEDALCYCLIST, FRONT END AT ANGLE",,N,Clear or Partly Cloudy,Dry,Daylight,,,45,Vehicle - Pedalcyclist,525568,N,Washington,47.66444733589821,-122.29561786302312
Block,SW AVALON WAY BETWEEN 30TH AVE SW AND SW GENESEE ST,2,Injury Collision,Cycles,2,0,1,1,1,0,0,2011-09-07T00:00:00.000Z,9/7/2011,Driveway Junction,51.0,PEDALCYCLIST STRUCK MOTOR VEHICLE FRONT END AT ANGLE,,0,Clear or Partly Cloudy,Dry,Dark - Street Lights On,,,45,Vehicle - Pedalcyclist,0,N,Washington,47.5661385080699,-122.37167070846228
Intersection,DELRIDGE WAY SW AND SW CLOVERDALE ST,2b,Serious Injury Collision,Cycles,2,0,1,1,1,1,0,2011-01-13T00:00:00.000Z,1/13/2011 7:08:00 AM,At Intersection (intersection related),18.0,"MOTOR VEHICLE STRUCK PEDALCYCLIST, FRONT END AT ANGLE",,N,Raining,Wet,Dark - Street Lights On,,,45,Vehicle - Pedalcyclist,0,N,Washington,47.52648847438231,-122.36046956574259
Intersection,DEXTER AVE N AND HAYES ST,2b,Serious Injury Collision,Cycles,2,0,1,1,1,1,0,2011-09-15T00:00:00.000Z,9/15/2011 5:07:00 PM,At Intersection (intersection related),51.0,PEDALCYCLIST STRUCK MOTOR VEHICLE FRONT END AT ANGLE,Y,N,Clear or Partly Cloudy,Dry,Daylight,,,45,Vehicle - Pedalcyclist,0,N,Washington,47.63396882568906,-122.34228374277664
Intersection,1ST AVE AND UNION ST,1,Property Damage Only Collision,Cycles,2,0,1,1,0,0,0,2011-11-26T00:00:00.000Z,11/26/2011 3:58:00 AM,At Intersection (intersection related),51.0,PEDALCYCLIST STRUCK MOTOR VEHICLE FRONT END AT ANGLE,,N,Clear or Partly Cloudy,Dry,Dark - Street Lights On,,,45,Vehicle - Pedalcyclist,0,N,Washington,47.607828161531245,-122.33910533488405
Intersection,15TH AVE NE AND NE 143RD ST,2,Injury Collision,Cycles,2,0,1,1,1,0,0,2011-12-08T00:00:00.000Z,12/8/2011 6:37:00 AM,At Intersection (intersection related),18.0,"MOTOR VEHICLE STRUCK PEDALCYCLIST, FRONT END AT ANGLE",,N,Overcast,Dry,Dark - Street Lights On,Y,,45,Vehicle - Pedalcyclist,0,N,Washington,47.73212582953071,-122.3127241064386
Intersection,FREMONT AVE N AND FREMONT WAY N,2b,Serious Injury Collision,Cycles,2,0,1,1,1,1,0,2011-11-02T00:00:00.000Z,11/2/2011 7:22:00 AM,At Intersection (intersection related),51.0,PEDALCYCLIST STRUCK MOTOR VEHICLE FRONT END AT ANGLE,,N,Clear or Partly Cloudy,Dry,Dawn,Y,,45,Vehicle - Pedalcyclist,522550,N,Washington,47.65414026290321,-122.34990535188562
Block,FAUNTLEROY WAY SW BETWEEN SW MONROE ST AND SW ROSE ST,1,Property Damage Only Collision,Cycles,2,0,1,1,0,0,0,2011-11-06T00:00:00.000Z,11/6/2011 3:55:00 PM,Mid-Block (not related to intersection),14.0,"MOTOR VEHICLE STRUCK MOTOR VEHICLE, REAR END",,N,Clear or Partly Cloudy,Dry,Daylight,,,45,Vehicle - Pedalcyclist,0,N,Washington,47.53065875930794,-122.39270799641271
Block,18TH AVE E BETWEEN E GLEN ST AND E JOHN ST,2,Injury Collision,Cycles,6,0,1,2,1,0,0,2011-06-28T00:00:00.000Z,6/28/2011 5:58:00 PM,Mid-Block (not related to intersection),51.0,PEDALCYCLIST STRUCK MOTOR VEHICLE FRONT END AT ANGLE,,N,Overcast,Dry,Daylight,,,45,Vehicle - Pedalcyclist,0,N,Washington,47.61933430284424,-122.30877376461241
Intersection,AURORA AVE N AND N 115TH ST,2,Injury Collision,Cycles,2,0,1,1,1,0,0,2011-01-25T00:00:00.000Z,1/25/2011 12:51:00 PM,At Intersection (intersection related),18.0,"MOTOR VEHICLE STRUCK PEDALCYCLIST, FRONT END AT ANGLE",,N,Overcast,Dry,Daylight,Y,,45,Vehicle - Pedalcyclist,523138,N,Washington,47.71231922288139,-122.34481366454551
Intersection,16TH AVE AND E HOWELL ST,2,Injury Collision,Cycles,2,0,1,1,1,0,0,2011-01-20T00:00:00.000Z,1/20/2011 2:44:00 PM,At Intersection (intersection related),18.0,"MOTOR VEHICLE STRUCK PEDALCYCLIST, FRONT END AT ANGLE",,N,Overcast,Dry,Daylight,,,45,Vehicle - Pedalcyclist,0,N,Washington,47.61761352165327,-122.3114447490594
Intersection,ROOSEVELT WAY NE AND NE 66TH ST,2,Injury Collision,Cycles,2,0,1,1,1,0,0,2011-08-20T00:00:00.000Z,8/20/2011 3:25:00 PM,At Intersection (intersection related),51.0,PEDALCYCLIST STRUCK MOTOR VEHICLE FRONT END AT ANGLE,,0,Clear or Partly Cloudy,Dry,Daylight,,,45,Vehicle - Pedalcyclist,0,N,Washington,47.67655440134596,-122.31737321600777
Intersection,ROOSEVELT WAY NE AND NE 42ND S ST,2,Injury Collision,Cycles,5,0,1,1,1,0,0,2011-08-20T00:00:00.000Z,8/20/2011 9:00:00 PM,At Intersection (intersection related),51.0,PEDALCYCLIST STRUCK MOTOR VEHICLE FRONT END AT ANGLE,,Y,Clear or Partly Cloudy,Dry,Dark - Street Lights On,Y,,45,Vehicle - Pedalcyclist,0,N,Washington,47.657514224809034,-122.317802129097
Block,WESTERN AVE BETWEEN PIKE ST AND PINE ST,2,Injury Collision,Cycles,2,0,1,1,1,0,0,2011-08-11T00:00:00.000Z,8/11/2011 11:49:00 AM,Mid-Block (not related to intersection),18.0,"MOTOR VEHICLE STRUCK PEDALCYCLIST, FRONT END AT ANGLE",,N,Clear or Partly Cloudy,Dry,Daylight,Y,,45,Vehicle - Pedalcyclist,0,N,Washington,47.60885433460592,-122.34157917652009
Intersection,M L KING JR WAY S AND S DEARBORN ST,2,Injury Collision,Cycles,2,0,1,1,1,0,0,2011-12-16T00:00:00.000Z,12/16/2011 9:45:00 PM,At Intersection (intersection related),18.0,"MOTOR VEHICLE STRUCK PEDALCYCLIST, FRONT END AT ANGLE",,N,Overcast,Dry,Dark - Street Lights On,Y,,45,Vehicle - Pedalcyclist,0,N,Washington,47.59552679125578,-122.29757109105785
Intersection,AURORA AVE N AND GREEN LAKE DR N,2,Injury Collision,Cycles,3,0,1,1,1,0,0,2011-06-07T00:00:00.000Z,6/7/2011 5:52:00 PM,At Intersection (intersection related),18.0,"MOTOR VEHICLE STRUCK PEDALCYCLIST, FRONT END AT ANGLE",,N,Overcast,Wet,Daylight,,,45,Vehicle - Pedalcyclist,0,N,Washington,47.68911276551052,-122.3445144354172
Intersection,LEARY WAY NW AND NW BOWDOIN N PL,2,Injury Collision,Cycles,2,0,1,1,1,0,0,2011-07-17T00:00:00.000Z,7/17/2011 9:45:00 AM,At Intersection (intersection related),18.0,"MOTOR VEHICLE STRUCK PEDALCYCLIST, FRONT END AT ANGLE",,N,Clear or Partly Cloudy,Dry,Daylight,,,45,Vehicle - Pedalcyclist,0,N,Washington,47.65518843114464,-122.36107153858542
Block,EAST MARGINAL WAY S BETWEEN S STACY ST AND S HANFORD ST,2,Injury Collision,Cycles,2,0,1,1,1,0,0,2011-03-29T00:00:00.000Z,3/29/2011 6:28:00 PM,Mid-Block (not related to intersection),51.0,PEDALCYCLIST STRUCK MOTOR VEHICLE FRONT END AT ANGLE,,N,Raining,Wet,Daylight,,,45,Vehicle - Pedalcyclist,0,N,Washington,47.57871214755675,-122.33998271087823
Block,17TH AVE NW BETWEEN NW 56TH ST AND NW 57TH ST,1,Property Damage Only Collision,Cycles,2,0,1,1,0,0,0,2011-08-25T00:00:00.000Z,8/25/2011 8:33:00 PM,Mid-Block (not related to intersection),55.0,PEDALCYCLIST STRUCK MOTOR VEHICLE RIGHT SIDE SIDESWIPE,,0,Clear or Partly Cloudy,Dry,Daylight,,,45,Vehicle - Pedalcyclist,0,N,Washington,47.66980899206511,-122.37888342305706
Intersection,11TH AVE SW AND SW SPOKANE NR ST,2,Injury Collision,Cycles,2,0,1,1,1,0,0,2011-01-20T00:00:00.000Z,1/20/2011 5:00:00 PM,At Intersection (intersection related),51.0,PEDALCYCLIST STRUCK MOTOR VEHICLE FRONT END AT ANGLE,,N,Raining,Wet,Dark - Street Lights On,,,45,Vehicle - Pedalcyclist,0,N,Washington,47.57165394163272,-122.34924289488659
Block,E MADISON ST BETWEEN 29TH E AVE E AND LAKE WASHINGTON BLVD E,2,Injury Collision,Cycles,2,0,1,1,1,0,0,2011-08-18T00:00:00.000Z,8/18/2011 10:20:00 AM,Mid-Block (not related to intersection),54.0,PEDALCYCLIST STRUCK MOTOR VEHICLE REAR END,,0,Clear or Partly Cloudy,Dry,Daylight,,,45,Vehicle - Pedalcyclist,0,N,Washington,47.62511058805384,-122.29377870596493
Intersection,2ND AV ET S AND S JACKSON ST,2,Injury Collision,Cycles,2,0,1,1,1,0,0,2011-07-07T00:00:00.000Z,7/7/2011 12:16:00 PM,At Intersection (intersection related),51.0,PEDALCYCLIST STRUCK MOTOR VEHICLE FRONT END AT ANGLE,,N,Overcast,Dry,Daylight,Y,,45,Vehicle - Pedalcyclist,0,N,Washington,47.59919793134753,-122.32967854209484
Block,S JACKSON ST BETWEEN 2ND AVE S AND 3RD AVE S,2,Injury Collision,Cycles,3,0,1,1,1,0,0,2011-05-20T00:00:00.000Z,5/20/2011 10:46:00 AM,Mid-Block (not related to intersection),23.0,"MOTOR VEHICLE STRUCK PEDALCYCLIST, LEFT SIDE SIDESWIPE",,N,Clear or Partly Cloudy,Dry,Daylight,,,45,Vehicle - Pedalcyclist,0,N,Washington,47.59919974365463,-122.33092876817821
Intersection,30TH AVE NE AND BURKE GILMAN TRL,2,Injury Collision,Cycles,3,0,1,1,1,0,0,2011-07-12T00:00:00.000Z,7/12/2011 6:48:00 PM,At Intersection (intersection related),18.0,"MOTOR VEHICLE STRUCK PEDALCYCLIST, FRONT END AT ANGLE",,N,Clear or Partly Cloudy,Dry,Daylight,,,45,Vehicle - Pedalcyclist,525568,N,Washington,47.66444733589821,-122.29561786302312
Intersection,ROOSEVELT WAY NE AND NE 50TH ST,2,Injury Collision,Cycles,2,0,1,1,1,0,0,2011-09-11T00:00:00.000Z,9/11/2011 1:53:00 AM,At Intersection (intersection related),51.0,PEDALCYCLIST STRUCK MOTOR VEHICLE FRONT END AT ANGLE,,0,Clear or Partly Cloudy,Dry,Dark - Street Lights On,,,45,Vehicle - Pedalcyclist,0,N,Washington,47.66493734388379,-122.31740379073635
Block,23RD AVE S BETWEEN E YESLER WAY AND S MAIN ST,2,Injury Collision,Cycles,2,0,1,1,1,0,0,2011-04-12T00:00:00.000Z,4/12/2011 10:19:00 AM,Mid-Block (but intersection related),18.0,"MOTOR VEHICLE STRUCK PEDALCYCLIST, FRONT END AT ANGLE",,N,Clear or Partly Cloudy,Dry,Daylight,,,45,Vehicle - Pedalcyclist,0,N,Washington,47.6010034671966,-122.30223582905516
Intersection,LAKE CITY WAY NE AND NE 145TH ST,2,Injury Collision,Cycles,6,0,1,1,1,0,0,2011-07-14T00:00:00.000Z,7/14/2011 5:48:00 PM,At Intersection (but not related to intersection),18.0,"MOTOR VEHICLE STRUCK PEDALCYCLIST, FRONT END AT ANGLE",,N,Clear or Partly Cloudy,Dry,Daylight,Y,,45,Vehicle - Pedalcyclist,0,N,Washington,47.73375280866863,-122.29243345202701
Intersection,11TH AVE NE AND NE 45TH ST,2,Injury Collision,Cycles,2,0,1,1,1,0,0,2011-04-21T00:00:00.000Z,4/21/2011 4:57:00 PM,At Intersection (intersection related),18.0,"MOTOR VEHICLE STRUCK PEDALCYCLIST, FRONT END AT ANGLE",,N,Clear or Partly Cloudy,Dry,Daylight,,,45,Vehicle - Pedalcyclist,520889,N,Washington,47.661291960354745,-122.3165789341517
Block,NE 45TH ST BETWEEN 15TH AVE NE AND 16TH AVE NE,2,Injury Collision,Cycles,2,0,1,1,1,0,0,2011-08-27T00:00:00.000Z,8/27/2011 8:06:00 AM,Mid-Block (not related to intersection),18.0,"MOTOR VEHICLE STRUCK PEDALCYCLIST, FRONT END AT ANGLE",,0,Clear or Partly Cloudy,Dry,Daylight,,,45,Vehicle - Pedalcyclist,0,N,Washington,47.66126147109687,-122.31142720823166
Intersection,EASTLAKE AVE E AND FUHRMAN AVE E,2,Injury Collision,Cycles,2,0,1,1,1,0,0,2011-08-16T00:00:00.000Z,8/16/2011 9:40:00 AM,At Intersection (intersection related),18.0,"MOTOR VEHICLE STRUCK PEDALCYCLIST, FRONT END AT ANGLE",,N,Clear or Partly Cloudy,Dry,Daylight,Y,,45,Vehicle - Pedalcyclist,0,N,Washington,47.65157827163786,-122.32127525687477
Intersection,15TH AVE NW AND NW 83RD ST,2,Injury Collision,Cycles,2,0,1,1,1,0,0,2011-09-06T00:00:00.000Z,9/6/2011,At Intersection (intersection related),51.0,PEDALCYCLIST STRUCK MOTOR VEHICLE FRONT END AT ANGLE,,0,Clear or Partly Cloudy,Dry,Daylight,,,45,Vehicle - Pedalcyclist,0,N,Washington,47.68872436533024,-122.37679944824357
Block,STEWART ST BETWEEN 8TH AVE AND 9TH AVE,2,Injury Collision,Cycles,2,1,1,0,2,0,0,2011-09-09T00:00:00.000Z,9/9/2011 12:10:00 PM,Mid-Block (not related to intersection),64.0,PEDALCYCLIST STRUCK PEDESTRIAN,,N,Clear or Partly Cloudy,Dry,Daylight,Y,,45,Vehicle - Pedalcyclist,0,N,Washington,47.6152834716801,-122.33486718071192
Intersection,BEACH DR SW AND SW GENESEE ST,2,Injury Collision,Cycles,2,0,1,1,1,0,0,2011-05-07T00:00:00.000Z,5/7/2011 1:30:00 PM,At Intersection (intersection related),18.0,"MOTOR VEHICLE STRUCK PEDALCYCLIST, FRONT END AT ANGLE",,N,Unknown,Unknown,Daylight,,,45,Vehicle - Pedalcyclist,0,N,Washington,47.56492613498929,-122.40707645124209
Intersection,15TH AVE W AND GILMAN UPPER DR W,2,Injury Collision,Cycles,2,0,1,1,1,0,0,2011-05-07T00:00:00.000Z,5/7/2011 11:55:00 AM,At Intersection (intersection related),18.0,"MOTOR VEHICLE STRUCK PEDALCYCLIST, FRONT END AT ANGLE",,N,Overcast,Dry,Daylight,,,45,Vehicle - Pedalcyclist,522927,N,Washington,47.642943663187474,-122.37616970361886
Intersection,9TH AVE NW AND NW 67TH ST,2b,Serious Injury Collision,Cycles,2,0,1,1,1,1,0,2011-09-20T00:00:00.000Z,9/20/2011 6:45:00 AM,,0.0,NOT ENOUGH INFORMATION / NOT APPLICABLE,,0,Clear or Partly Cloudy,Dry,Daylight,Y,,45,Vehicle - Pedalcyclist,0,N,Washington,47.677780766138824,-122.3687208959095
Block,DENNY WAY BETWEEN PONTIUS AVE N AND YALE AVE,2,Injury Collision,Cycles,3,0,1,1,1,0,0,2011-05-07T00:00:00.000Z,5/7/2011 4:02:00 PM,Mid-Block (not related to intersection),54.0,PEDALCYCLIST STRUCK MOTOR VEHICLE REAR END,,N,Overcast,Dry,Daylight,,Y,45,Vehicle - Pedalcyclist,0,N,Washington,,
Block,SW BARTON ST BETWEEN 35TH AVE SW AND 36TH AVE SW,2,Injury Collision,Cycles,4,0,1,1,1,0,0,2011-05-25T00:00:00.000Z,5/25/2011 3:22:00 PM,Driveway Junction,51.0,PEDALCYCLIST STRUCK MOTOR VEHICLE FRONT END AT ANGLE,,0,Raining,Wet,Daylight,Y,,45,Vehicle - Pedalcyclist,0,N,Washington,47.521074417869045,-122.37742891311755
Block,NE 125TH ST BETWEEN 33RD AVE NE AND 35TH AVE NE,2,Injury Collision,Cycles,2,0,1,1,1,0,0,2011-10-31T00:00:00.000Z,10/31/2011 3:32:00 PM,Driveway Junction,18.0,"MOTOR VEHICLE STRUCK PEDALCYCLIST, FRONT END AT ANGLE",Y,N,Overcast,Wet,Daylight,,,45,Vehicle - Pedalcyclist,0,N,Washington,47.719258999700486,-122.2917589391327
Intersection,5TH AVE N AND MERCER ST,2,Injury Collision,Cycles,2,0,1,1,1,0,0,2011-03-09T00:00:00.000Z,3/9/2011 9:07:00 AM,At Intersection (intersection related),18.0,"MOTOR VEHICLE STRUCK PEDALCYCLIST, FRONT END AT ANGLE",,N,Overcast,Wet,Daylight,Y,,45,Vehicle - Pedalcyclist,521786,N,Washington,47.62456147767135,-122.34757102031288
Block,15TH AVE NE BETWEEN NE 45TH ST AND NE 47TH ST,2,Injury Collision,Cycles,3,0,1,1,1,0,0,2011-04-17T00:00:00.000Z,4/17/2011 9:50:00 AM,Mid-Block (not related to intersection),55.0,PEDALCYCLIST STRUCK MOTOR VEHICLE RIGHT SIDE SIDESWIPE,,N,Clear or Partly Cloudy,Dry,Daylight,,,45,Vehicle - Pedalcyclist,0,N,Washington,47.66217143257346,-122.31197952257645
Intersection,ALASKAN WAY S AND S MASSACHUSETTS ST,2,Injury Collision,Cycles,2,0,1,1,1,0,0,2011-02-14T00:00:00.000Z,2/14/2011 5:38:00 PM,At Intersection (intersection related),51.0,PEDALCYCLIST STRUCK MOTOR VEHICLE FRONT END AT ANGLE,,N,Raining,Wet,Dark - Street Lights On,Y,,45,Vehicle - Pedalcyclist,0,N,Washington,47.5883104032964,-122.33844063721847
Block,DENNY WAY BETWEEN QUEEN ANNE AVE N AND 1ST AVE,2,Injury Collision,Cycles,2,0,1,1,1,0,0,2011-07-19T00:00:00.000Z,7/19/2011 1:30:00 PM,Mid-Block (not related to intersection),22.0,"MOTOR VEHICLE STRUCK PEDALCYCLIST, RIGHT SIDE SIDESWIPE",,N,Overcast,Dry,Daylight,Y,,45,Vehicle - Pedalcyclist,0,N,Washington,47.61860457313088,-122.35610674236656
Intersection,EASTERN AVE N AND N 45TH ST,2,Injury Collision,Cycles,2,0,1,1,1,0,0,2011-12-24T00:00:00.000Z,12/24/2011 5:29:00 PM,At Intersection (intersection related),51.0,PEDALCYCLIST STRUCK MOTOR VEHICLE FRONT END AT ANGLE,,N,Overcast,Dry,Dark - Street Lights On,Y,,45,Vehicle - Pedalcyclist,0,N,Washington,47.66136334713843,-122.32896932550615
Intersection,2ND AVE N AND MERCER ST,2,Injury Collision,Cycles,2,0,1,1,1,0,0,2011-08-11T00:00:00.000Z,8/11/2011 12:17:00 PM,At Intersection (intersection related),18.0,"MOTOR VEHICLE STRUCK PEDALCYCLIST, FRONT END AT ANGLE",,0,Clear or Partly Cloudy,Dry,Daylight,,,45,Vehicle - Pedalcyclist,0,N,Washington,47.624572740977975,-122.35279216050898
Block,2ND AV ET S BETWEEN S MAIN ST AND S WASHINGTON ST,2,Injury Collision,Cycles,2,0,1,1,1,0,0,2011-07-21T00:00:00.000Z,7/21/2011 5:11:00 PM,Mid-Block (but intersection related),21.0,"MOTOR VEHICLE STRUCK PEDALCYCLIST, REAR END",Y,N,Clear or Partly Cloudy,Dry,Daylight,,,45,Vehicle - Pedalcyclist,0,N,Washington,47.600433765628175,-122.33077753415087
Intersection,UNIVERSITY WAY NE AND NE 43RD ST,2,Injury Collision,Cycles,2,0,1,1,1,0,0,2011-11-10T00:00:00.000Z,11/10/2011 11:12:00 AM,At Intersection (intersection related),51.0,PEDALCYCLIST STRUCK MOTOR VEHICLE FRONT END AT ANGLE,,N,Clear or Partly Cloudy,Dry,Daylight,Y,,45,Vehicle - Pedalcyclist,0,N,Washington,47.659795120482855,-122.31316833583477
Block,1ST AVE BETWEEN BLANCHARD ST AND BELL ST,2b,Serious Injury Collision,Cycles,2,0,1,1,1,1,0,2011-04-11T00:00:00.000Z,4/11/2011 6:50:00 PM,Mid-Block (not related to intersection),21.0,"MOTOR VEHICLE STRUCK PEDALCYCLIST, REAR END",,N,Clear or Partly Cloudy,Dry,Daylight,Y,,45,Vehicle - Pedalcyclist,0,N,Washington,47.612989913993864,-122.34586158783074
Block,ROOSEVELT WAY NE BETWEEN NE 45TH ST AND NE 47TH ST,2,Injury Collision,Cycles,2,0,1,1,1,0,0,2011-11-15T00:00:00.000Z,11/15/2011 3:35:00 PM,Mid-Block (not related to intersection),51.0,PEDALCYCLIST STRUCK MOTOR VEHICLE FRONT END AT ANGLE,Y,N,Clear or Partly Cloudy,Dry,Dusk,,,45,Vehicle - Pedalcyclist,0,N,Washington,47.6621980426651,-122.31745114315427
Intersection,ALASKAN WAY AND SPRING ST,2,Injury Collision,Cycles,1,0,1,0,1,0,0,2011-11-13T00:00:00.000Z,11/13/2011 5:37:00 PM,At Intersection (intersection related),51.0,PEDALCYCLIST STRUCK MOTOR VEHICLE FRONT END AT ANGLE,,N,Clear or Partly Cloudy,Dry,Dark - Street Lights On,,,45,Vehicle - Pedalcyclist,0,N,Washington,47.60448768388286,-122.33909095737489
Block,BOYER AVE E BETWEEN EVERETT AVE E AND BOYER UPPER AVE E,2,Injury Collision,Cycles,2,0,1,1,1,0,0,2011-08-26T00:00:00.000Z,8/26/2011 6:14:00 PM,Mid-Block (not related to intersection),54.0,PEDALCYCLIST STRUCK MOTOR VEHICLE REAR END,,0,Clear or Partly Cloudy,Dry,Daylight,,,45,Vehicle - Pedalcyclist,0,N,Washington,47.6426071106641,-122.31573812258648
Intersection,STONE AVE N AND N NORTHGATE WAY,2,Injury Collision,Cycles,2,0,1,1,1,0,0,2011-03-28T00:00:00.000Z,3/28/2011 5:06:00 PM,At Intersection (intersection related),18.0,"MOTOR VEHICLE STRUCK PEDALCYCLIST, FRONT END AT ANGLE",Y,N,Overcast,Dry,Daylight,Y,,45,Vehicle - Pedalcyclist,0,N,Washington,47.70504760676522,-122.34200301528372
Intersection,8TH AVE NW AND NW 43RD N ST,2,Injury Collision,Cycles,3,0,1,1,1,0,0,2011-06-26T00:00:00.000Z,6/26/2011 4:02:00 PM,At Intersection (intersection related),51.0,PEDALCYCLIST STRUCK MOTOR VEHICLE FRONT END AT ANGLE,,N,Clear or Partly Cloudy,Dry,Daylight,,,45,Vehicle - Pedalcyclist,523915,N,Washington,47.6592693004353,-122.36612505720484
Block,2ND AVE BETWEEN UNIVERSITY ST AND UNION ST,2,Injury Collision,Cycles,2,0,1,1,1,0,0,2011-09-22T00:00:00.000Z,9/22/2011 8:25:00 AM,Mid-Block (not related to intersection),18.0,"MOTOR VEHICLE STRUCK PEDALCYCLIST, FRONT END AT ANGLE",,0,Overcast,Dry,Daylight,,,45,Vehicle - Pedalcyclist,0,N,Washington,47.60779444958214,-122.33754001043816
Intersection,12TH AVE AND E JEFFERSON ST,2b,Serious Injury Collision,Cycles,2,0,1,1,1,1,0,2011-09-20T00:00:00.000Z,9/20/2011 5:19:00 PM,At Intersection (intersection related),51.0,PEDALCYCLIST STRUCK MOTOR VEHICLE FRONT END AT ANGLE,,0,Clear or Partly Cloudy,Dry,Daylight,,,45,Vehicle - Pedalcyclist,0,N,Washington,47.606203045254205,-122.316780466471
Intersection,ROOSEVELT WAY NE AND NE 40TH ALLEY ST,2,Injury Collision,Cycles,2,0,1,1,1,0,0,2011-09-13T00:00:00.000Z,9/13/2011 5:25:00 PM,At Intersection (intersection related),51.0,PEDALCYCLIST STRUCK MOTOR VEHICLE FRONT END AT ANGLE,,0,Overcast,Dry,Daylight,,,45,Vehicle - Pedalcyclist,0,N,Washington,47.656301849276886,-122.3178342374609
Intersection,LAKE CITY WAY NE AND NE 117TH ST,2,Injury Collision,Cycles,2,0,1,1,1,0,0,2011-06-24T00:00:00.000Z,6/24/2011 5:13:00 PM,At Intersection (intersection related),51.0,PEDALCYCLIST STRUCK MOTOR VEHICLE FRONT END AT ANGLE,,N,Overcast,Dry,Daylight,,,45,Vehicle - Pedalcyclist,0,N,Washington,47.71421240711268,-122.29822972659235
Intersection,HOWELL ST AND OLIVE WAY,2,Injury Collision,Cycles,3,0,1,1,1,0,0,2011-06-18T00:00:00.000Z,6/18/2011 1:39:00 AM,At Intersection (intersection related),18.0,"MOTOR VEHICLE STRUCK PEDALCYCLIST, FRONT END AT ANGLE",,N,Clear or Partly Cloudy,Dry,Dark - Street Lights On,,,45,Vehicle - Pedalcyclist,0,N,Washington,47.61405656090602,-122.33406083202192
Intersection,15TH AVE AND E CHERRY ST,2,Injury Collision,Cycles,1,0,1,0,1,0,0,2011-06-24T00:00:00.000Z,6/24/2011 6:01:00 AM,At Intersection (intersection related),69.0,PEDALCYCLIST OVERTURNED IN ROAD,,N,Raining,Wet,Daylight,,,45,Vehicle - Pedalcyclist,0,N,Washington,47.608042626147835,-122.31284738141665