addrtype,location,severitycode,severitydesc,collisiontype,personcount,pedcount,pedcylcount,vehcount,injuries,seriousinjuries,fatalities,incdate,incdttm,junctiontype,sdot_colcode,sdot_coldesc,inattentionind,underinfl,weather,roadcond,lightcond,pedrownotgrnt,speeding,st_colcode,st_coldesc,crosswalkkey,hitparkedcar,state,latitude,longitude
Block,LEARY AVE NW BETWEEN NW IONE PL AND 20TH AVE NW,2,Injury Collision,Cycles,3,0,1,1,1,0,0,2011-07-30T00:00:00.000Z,7/30/2011 5:35:00 PM,Mid-Block (not related to intersection),51.0,PEDALCYCLIST STRUCK MOTOR VEHICLE FRONT END AT ANGLE,,0,Clear or Partly Cloudy,Dry,Daylight,,,45,Vehicle - Pedalcyclist,0,N,Washington,47.66613264699864,-122.38149337201295
Block,LAKE WASHINGTON BLVD S BETWEEN LAKE WASHINGTON LOWER BLVD S AND S IRVING ST,2,Injury Collision,Cycles,2,0,1,1,1,0,0,2011-06-04T00:00:00.000Z,6/4/2011 1:58:00 PM,Mid-Block (not related to intersection),53.0,PEDALCYCLIST STRUCK MOTOR VEHICLE LEFT SIDE AT ANGLE,,N,Clear or Partly Cloudy,Dry,Daylight,,,45,Vehicle - Pedalcyclist,0,N,Washington,47.59171107864154,-122.2891285273064
Intersection,5TH AVE NE AND NE 50TH ST,2,Injury Collision,Cycles,2,0,1,1,1,0,0,2011-12-10T00:00:00.000Z,12/10/2011 5:20:00 PM,At Intersection (intersection related),18.0,"MOTOR VEHICLE STRUCK PEDALCYCLIST, FRONT END AT ANGLE",,N,Overcast,Dry,Dark - Street Lights On,Y,,45,Vehicle - Pedalcyclist,521819,N,Washington,47.66497536486774,-122.32286256013649
Block,UNIVERSITY WAY NE BETWEEN NE 52ND ST AND NE 55TH ST,1,Property Damage Only Collision,Cycles,2,0,1,1,0,0,0,2011-06-12T00:00:00.000Z,6/12/2011 8:37:00 PM,Mid-Block (not related to intersection),53.0,PEDALCYCLIST STRUCK MOTOR VEHICLE LEFT SIDE AT ANGLE,,N,Overcast,Dry,Dusk,,,45,Vehicle - Pedalcyclist,0,N,Washington,47.667490163549644,-122.31303423754751
Intersection,20TH AVE W AND GILMAN AVE W,2,Injury Collision,Cycles,2,0,1,1,1,0,0,2011-04-08T00:00:00.000Z,4/8/2011 5:25:00 PM,At Intersection (intersection related),51.0,PEDALCYCLIST STRUCK MOTOR VEHICLE FRONT END AT ANGLE,,N,Clear or Partly Cloudy,Dry,Daylight,,,45,Vehicle - Pedalcyclist,0,N,Washington,47.65033189245205,-122.38198969938105
Block,12TH AVE BETWEEN E MARION ST AND E SPRING ST,2,Injury Collision,Cycles,2,0,1,1,1,0,0,2011-08-02T00:00:00.000Z,8/2/2011,Mid-Block (not related to intersection),14.0,"MOTOR VEHICLE STRUCK MOTOR VEHICLE, REAR END",,0,Clear or Partly Cloudy,Dry,Daylight,,,45,Vehicle - Pedalcyclist,0,N,Washington,47.610977476851616,-122.31677912207249
Block,BROADWAY E BETWEEN E MERCER ST AND E ROY E ST,2,Injury Collision,Cycles,2,0,1,1,1,0,0,2011-08-24T00:00:00.000Z,8/24/2011 5:37:00 PM,Mid-Block (not related to intersection),18.0,"MOTOR VEHICLE STRUCK PEDALCYCLIST, FRONT END AT ANGLE",,0,Clear or Partly Cloudy,Dry,Daylight,,,45,Vehicle - Pedalcyclist,0,N,Washington,47.62466032512614,-122.32093668815158
Intersection,EASTLAKE AVE E AND FUHRMAN AVE E,2,Injury Collision,Cycles,2,0,1,1,1,0,0,2011-08-06T00:00:00.000Z,8/6/2011,At Intersection (intersection related),18.0,"MOTOR VEHICLE STRUCK PEDALCYCLIST, FRONT END AT ANGLE",,0,Clear or Partly Cloudy,Dry,Daylight,,,45,Vehicle - Pedalcyclist,0,N,Washington,47.65157827163786,-122.32127525687477
Block,W EMERSON PL BETWEEN 21ST AVE W AND 22ND AVE W,2,Injury Collision,Cycles,2,0,1,1,1,0,0,2011-06-21T00:00:00.000Z,6/21/2011 12:40:00 PM,Mid-Block (but intersection related),54.0,PEDALCYCLIST STRUCK MOTOR VEHICLE REAR END,,N,Clear or Partly Cloudy,Dry,Daylight,Y,,45,Vehicle - Pedalcyclist,0,N,Washington,47.655834121218405,-122.38403985847059
Intersection,10TH AVE E AND E NEWTON ST,2,Injury Collision,Cycles,2,0,1,1,1,0,0,2011-08-03T00:00:00.000Z,8/3/2011,At Intersection (intersection related),51.0,PEDALCYCLIST STRUCK MOTOR VEHICLE FRONT END AT ANGLE,,0,Clear or Partly Cloudy,Dry,Daylight,,,45,Vehicle - Pedalcyclist,0,N,Washington,47.63725179743876,-122.32007982317428
Block,6TH AVE BETWEEN PIKE ST AND PINE ST,2,Injury Collision,Cycles,2,0,1,1,1,0,0,2011-06-11T00:00:00.000Z,6/11/2011 2:19:00 PM,Mid-Block (not related to intersection),51.0,PEDALCYCLIST STRUCK MOTOR VEHICLE FRONT END AT ANGLE,,N,Clear or Partly Cloudy,Dry,Daylight,,,45,Vehicle - Pedalcyclist,0,N,Washington,47.611638265254136,-122.334917384009
Intersection,JOHN ST AND WESTLAKE AVE N,2,Injury Collision,Cycles,2,0,1,1,1,0,0,2011-06-21T00:00:00.000Z,6/21/2011 7:00:00 PM,At Intersection (intersection related),18.0,"MOTOR VEHICLE STRUCK PEDALCYCLIST, FRONT END AT ANGLE",,N,Unknown,Unknown,Unknown,Y,,45,Vehicle - Pedalcyclist,0,N,Washington,47.61970547648318,-122.33847540926509
Block,HOWELL ST BETWEEN BOREN AVE AND MINOR AVE,2,Injury Collision,Cycles,2,0,1,1,1,0,0,2011-05-20T00:00:00.000Z,5/20/2011 5:45:00 PM,Mid-Block (not related to intersection),22.0,"MOTOR VEHICLE STRUCK PEDALCYCLIST, RIGHT SIDE SIDESWIPE",,0,Clear or Partly Cloudy,Dry,Daylight,Y,,45,Vehicle - Pedalcyclist,0,N,Washington,47.616505950936705,-122.33099161678236
Intersection,1ST AVE NE AND NE 120TH ST,2,Injury Collision,Cycles,2,0,1,1,1,0,0,2011-03-09T00:00:00.000Z,3/9/2011 8:56:00 PM,At Intersection (intersection related),51.0,PEDALCYCLIST STRUCK MOTOR VEHICLE FRONT END AT ANGLE,,N,Raining,Wet,Dark - No Street Lights,Y,,45,Vehicle - Pedalcyclist,0,N,Washington,47.7158936613945,-122.32880161352156
Block,NE 130TH ST BETWEEN 30TH AVE NE AND 31ST AVE NE,2,Injury Collision,Cycles,2,0,1,1,1,0,0,2011-06-23T00:00:00.000Z,6/23/2011 4:25:00 PM,Mid-Block (not related to intersection),18.0,"MOTOR VEHICLE STRUCK PEDALCYCLIST, FRONT END AT ANGLE",,N,Overcast,Dry,Daylight,,,45,Vehicle - Pedalcyclist,0,N,Washington,47.7228997705461,-122.29548048079498
Intersection,BROAD ST AND VALLEY ST,2b,Serious Injury Collision,Cycles,2,0,1,1,1,1,0,2011-03-22T00:00:00.000Z,3/22/2011 9:23:00 AM,At Intersection (intersection related),51.0,PEDALCYCLIST STRUCK MOTOR VEHICLE FRONT END AT ANGLE,,N,Clear or Partly Cloudy,Dry,Daylight,Y,,45,Vehicle - Pedalcyclist,0,N,Washington,47.6257957692013,-122.33863455026258
Intersection,AIRPORT WAY S AND S NEBRASKA ST,1,Property Damage Only Collision,Cycles,2,0,1,1,0,0,0,2011-01-24T00:00:00.000Z,1/24/2011 12:57:00 PM,At Intersection (intersection related),18.0,"MOTOR VEHICLE STRUCK PEDALCYCLIST, FRONT END AT ANGLE",,N,Raining,Wet,Daylight,,,45,Vehicle - Pedalcyclist,0,N,Washington,47.54955609983301,-122.31720776865143
Intersection,13TH AVE AND E JEFFERSON ST,2b,Serious Injury Collision,Cycles,2,0,1,1,1,1,0,2011-12-09T00:00:00.000Z,12/9/2011 5:03:00 PM,At Intersection (intersection related),51.0,PEDALCYCLIST STRUCK MOTOR VEHICLE FRONT END AT ANGLE,,N,Clear or Partly Cloudy,Dry,Dark - Street Lights On,Y,,45,Vehicle - Pedalcyclist,0,N,Washington,47.606197464071855,-122.31547074004607
Block,ROOSEVELT WAY NE BETWEEN NE 43RD N ST AND NE 45TH ST,2,Injury Collision,Cycles,2,0,1,1,1,0,0,2011-03-29T00:00:00.000Z,3/29/2011 7:13:00 AM,Mid-Block (not related to intersection),18.0,"MOTOR VEHICLE STRUCK PEDALCYCLIST, FRONT END AT ANGLE",Y,N,Clear or Partly Cloudy,Dry,Daylight,Y,,45,Vehicle - Pedalcyclist,0,N,Washington,47.66057737868581,-122.31772271464912
Intersection,DEXTER AVE N AND THOMAS ST,3,Fatality Collision,Cycles,2,0,1,1,0,0,1,2011-07-28T00:00:00.000Z,7/28/2011 3:44:00 PM,At Intersection (intersection related),18.0,"MOTOR VEHICLE STRUCK PEDALCYCLIST, FRONT END AT ANGLE",,N,Clear or Partly Cloudy,Dry,Daylight,Y,,45,Vehicle - Pedalcyclist,0,N,Washington,47.620888394604385,-122.34238173081964
Intersection,ROOSEVELT WAY NE AND NE 47TH ST,2,Injury Collision,Cycles,2,0,1,1,1,0,0,2011-11-24T00:00:00.000Z,11/24/2011 1:55:00 AM,At Intersection (intersection related),51.0,PEDALCYCLIST STRUCK MOTOR VEHICLE FRONT END AT ANGLE,,N,Clear or Partly Cloudy,Wet,Dark - Street Lights On,Y,,45,Vehicle - Pedalcyclist,0,N,Washington,47.663117743944085,-122.31742343195515
Block,DEXTER AVE N BETWEEN MCGRAW ST AND 6TH AVE N,2,Injury Collision,Cycles,1,0,1,0,1,0,0,2011-04-20T00:00:00.000Z,4/20/2011 6:27:00 AM,Mid-Block (not related to intersection),69.0,PEDALCYCLIST OVERTURNED IN ROAD,,N,Overcast,Dry,Daylight,,,45,Vehicle - Pedalcyclist,0,N,Washington,47.63994985007408,-122.34427418779131
Intersection,BROOKLYN AVE NE AND NE 45TH ST,2,Injury Collision,Cycles,3,0,1,1,1,0,0,2011-12-03T00:00:00.000Z,12/3/2011 1:57:00 AM,At Intersection (intersection related),18.0,"MOTOR VEHICLE STRUCK PEDALCYCLIST, FRONT END AT ANGLE",,Y,Overcast,Dry,Dark - Street Lights On,,,45,Vehicle - Pedalcyclist,0,N,Washington,47.66127697828911,-122.31428581564968
Block,ALKI AVE SW BETWEEN 57TH AVE SW AND 58TH AVE SW,2,Injury Collision,Cycles,3,0,1,2,1,0,0,2011-09-03T00:00:00.000Z,9/3/2011,Mid-Block (not related to intersection),56.0,PEDALCYCLIST STRUCK MOTOR VEHICLE LEFT SIDE SIDESWIPE,,0,Clear or Partly Cloudy,Dry,Daylight,,,45,Vehicle - Pedalcyclist,0,N,Washington,47.5810699731553,-122.4056776084097
Intersection,5TH AVE S AND S TRENTON S ST,2,Injury Collision,Cycles,2,0,1,1,1,0,0,2011-08-18T00:00:00.000Z,8/18/2011 1:15:00 PM,At Intersection (intersection related),51.0,PEDALCYCLIST STRUCK MOTOR VEHICLE FRONT END AT ANGLE,,0,Clear or Partly Cloudy,Dry,Daylight,,,45,Vehicle - Pedalcyclist,0,N,Washington,47.52462865383829,-122.32822898179028
Intersection,17TH AVE NE AND NE RAVENNA WB BV,2,Injury Collision,Cycles,2,0,1,1,1,0,0,2011-02-08T00:00:00.000Z,2/8/2011 8:38:00 AM,At Intersection (but not related to intersection),18.0,"MOTOR VEHICLE STRUCK PEDALCYCLIST, FRONT END AT ANGLE",,N,Clear or Partly Cloudy,Dry,Daylight,,,45,Vehicle - Pedalcyclist,0,N,Washington,47.6701148389495,-122.30962051300844
Intersection,22ND AVE AND E CHERRY ST,2,Injury Collision,Cycles,3,0,1,1,1,0,0,2011-03-23T00:00:00.000Z,3/23/2011 7:44:00 PM,At Intersection (intersection related),18.0,"MOTOR VEHICLE STRUCK PEDALCYCLIST, FRONT END AT ANGLE",,N,Clear or Partly Cloudy,Dry,Dark - Street Lights On,Y,,45,Vehicle - Pedalcyclist,0,N,Washington,47.60801107747415,-122.3037215197932
Block,7TH AVE S BETWEEN S PLUMMER ST AND AIRPORT NB WAY S,2,Injury Collision,Cycles,3,0,1,1,1,0,0,2011-09-13T00:00:00.000Z,9/13/2011 5:25:00 PM,Mid-Block (not related to intersection),51.0,PEDALCYCLIST STRUCK MOTOR VEHICLE FRONT END AT ANGLE,,N,Clear or Partly Cloudy,Dry,Daylight,,,45,Vehicle - Pedalcyclist,0,N,Washington,47.59347648686103,-122.32377278270512
Block,DENNY WAY BETWEEN FAIRVIEW AVE AND MINOR AVE,2,Injury Collision,Cycles,3,0,1,1,1,0,0,2011-08-21T00:00:00.000Z,8/21/2011 12:02:00 PM,Mid-Block (not related to intersection),54.0,PEDALCYCLIST STRUCK MOTOR VEHICLE REAR END,,0,Clear or Partly Cloudy,Dry,Daylight,,,45,Vehicle - Pedalcyclist,0,N,Washington,47.61851590800593,-122.33382329329685
Intersection,MELROSE AVE AND PINE ST,2,Injury Collision,Cycles,2,0,1,1,1,0,0,2011-10-27T00:00:00.000Z,10/27/2011 5:26:00 PM,At Intersection (intersection related),18.0,"MOTOR VEHICLE STRUCK PEDALCYCLIST, FRONT END AT ANGLE",,0,Clear or Partly Cloudy,Dry,Daylight,,,45,Vehicle - Pedalcyclist,0,N,Washington,47.61523842026632,-122.32790375541016
Intersection,LATONA AVE NE AND NE PACIFIC ST,2,Injury Collision,Cycles,3,0,1,1,2,0,0,2011-07-08T00:00:00.000Z,7/8/2011 2:40:00 PM,At Intersection (intersection related),18.0,"MOTOR VEHICLE STRUCK PEDALCYCLIST, FRONT END AT ANGLE",Y,N,Clear or Partly Cloudy,Dry,Daylight,,,45,Vehicle - Pedalcyclist,576113,N,Washington,47.65488891153886,-122.32570273372149
Intersection,E HOWELL ST AND E OLIVE WAY,1,Property Damage Only Collision,Cycles,2,0,1,1,0,0,0,2011-01-20T00:00:00.000Z,1/20/2011 11:48:00 PM,At Intersection (intersection related),18.0,"MOTOR VEHICLE STRUCK PEDALCYCLIST, FRONT END AT ANGLE",,N,Raining,Wet,Unknown,Y,,45,Vehicle - Pedalcyclist,0,N,Washington,47.617736467590845,-122.32625385468852
Intersection,MELROSE AVE AND PIKE ST,1,Property Damage Only Collision,Cycles,2,0,1,1,0,0,0,2011-03-10T00:00:00.000Z,3/10/2011 8:03:00 AM,At Intersection (intersection related),18.0,"MOTOR VEHICLE STRUCK PEDALCYCLIST, FRONT END AT ANGLE",,N,Raining,Wet,Daylight,Y,,45,Vehicle - Pedalcyclist,0,N,Washington,47.613930229686225,-122.32780457563459
Intersection,SUMMIT AVE AND E PINE ST,2,Injury Collision,Cycles,2,0,1,1,1,0,0,2011-07-26T00:00:00.000Z,7/26/2011 12:04:00 AM,At Intersection (intersection related),18.0,"MOTOR VEHICLE STRUCK PEDALCYCLIST, FRONT END AT ANGLE",,0,Overcast,Wet,Dark - Street Lights On,,,45,Vehicle - Pedalcyclist,0,N,Washington,47.615218748198224,-122.32552884050469
Intersection,44TH AVE S AND S CLOVERDALE ST,2,Injury Collision,Cycles,3,0,1,1,1,0,0,2011-07-25T00:00:00.000Z,7/25/2011 8:12:00 PM,At Intersection (intersection related),21.0,"MOTOR VEHICLE STRUCK PEDALCYCLIST, REAR END",,0,Clear or Partly Cloudy,Dry,Daylight,,,45,Vehicle - Pedalcyclist,0,N,Washington,47.526119407247855,-122.27805754823058
Block,AURORA AVE N BETWEEN N 100TH ST AND N 101ST ST,2,Injury Collision,Cycles,2,0,1,1,1,0,0,2011-11-27T00:00:00.000Z,11/27/2011 3:00:00 PM,Driveway Junction,24.0,MOTOR VEHCILE STRUCK PEDESTRIAN,,N,Clear or Partly Cloudy,Dry,Daylight,Y,,45,Vehicle - Pedalcyclist,0,N,Washington,47.7017907382411,-122.34465536396776
Block,DELRIDGE WAY SW BETWEEN SW THISTLE ST AND SW CLOVERDALE ST,2,Injury Collision,Cycles,2,0,1,1,1,0,0,2011-04-26T00:00:00.000Z,4/26/2011 8:26:00 AM,Driveway Junction,18.0,"MOTOR VEHICLE STRUCK PEDALCYCLIST, FRONT END AT ANGLE",,N,Overcast,Dry,Daylight,Y,,45,Vehicle - Pedalcyclist,0,N,Washington,47.527387407152084,-122.36046479838285
Block,ALASKAN WAY S BETWEEN S MAIN ST AND S JACKSON ST,2,Injury Collision,Cycles,4,0,1,2,2,0,0,2011-03-11T00:00:00.000Z,3/11/2011 5:32:00 PM,Mid-Block (not related to intersection),54.0,PEDALCYCLIST STRUCK MOTOR VEHICLE REAR END,,N,Clear or Partly Cloudy,Dry,Dusk,,,45,Vehicle - Pedalcyclist,0,N,Washington,47.59962829057982,-122.33590981845242
Intersection,EASTLAKE AVE E AND E EDGAR ST,2,Injury Collision,Cycles,3,0,1,1,1,0,0,2011-01-28T00:00:00.000Z,1/28/2011 5:41:00 PM,At Intersection (intersection related),18.0,"MOTOR VEHICLE STRUCK PEDALCYCLIST, FRONT END AT ANGLE",Y,N,Overcast,Wet,Dark - Street Lights On,Y,,45,Vehicle - Pedalcyclist,0,N,Washington,47.644493218271954,-122.32588269581478
Intersection,SHILSHOLE AVE NW AND NW 46TH ST,2,Injury Collision,Cycles,3,0,1,1,1,0,0,2011-04-22T00:00:00.000Z,4/22/2011 11:32:00 AM,At Intersection (intersection related),18.0,"MOTOR VEHICLE STRUCK PEDALCYCLIST, FRONT END AT ANGLE",,N,Clear or Partly Cloudy,Dry,Daylight,,,45,Vehicle - Pedalcyclist,0,N,Washington,47.6622071015203,-122.37830241928623
Intersection,UNIVERSITY WAY NE AND NE 40TH ST,2b,Serious Injury Collision,Cycles,2,0,1,1,1,1,0,2011-04-22T00:00:00.000Z,4/22/2011 8:52:00 PM,At Intersection (intersection related),51.0,PEDALCYCLIST STRUCK MOTOR VEHICLE FRONT END AT ANGLE,,N,Clear or Partly Cloudy,Dry,Dark - Street Lights On,Y,,45,Vehicle - Pedalcyclist,0,N,Washington,47.655353709955655,-122.31328484069924
Block,2ND AVE BETWEEN UNION ST AND PIKE ST,2,Injury Collision,Cycles,2,0,1,1,1,0,0,2011-11-14T00:00:00.000Z,11/14/2011 7:08:00 AM,Driveway Junction,18.0,"MOTOR VEHICLE STRUCK PEDALCYCLIST, FRONT END AT ANGLE",,N,Clear or Partly Cloudy,Dry,Dawn,,Y,45,Vehicle - Pedalcyclist,0,N,Washington,47.60878749220817,-122.33844845839597
Block,E CHERRY ST BETWEEN 23RD AVE AND 24TH AVE,2,Injury Collision,Cycles,2,0,1,1,1,0,0,2011-09-03T00:00:00.000Z,9/3/2011,Mid-Block (not related to intersection),54.0,PEDALCYCLIST STRUCK MOTOR VEHICLE REAR END,,1,Clear or Partly Cloudy,Dry,Daylight,,,45,Vehicle - Pedalcyclist,0,N,Washington,47.60800752414937,-122.30212529992886
Intersection,BOYLSTON AVE AND E PINE ST,2,Injury Collision,Cycles,5,0,1,1,1,0,0,2011-07-05T00:00:00.000Z,7/5/2011 8:09:00 AM,At Intersection (intersection related),51.0,PEDALCYCLIST STRUCK MOTOR VEHICLE FRONT END AT ANGLE,,N,Clear or Partly Cloudy,Dry,Daylight,Y,,45,Vehicle - Pedalcyclist,0,N,Washington,47.61523114208018,-122.32341547054027
Block,HARBOR AVE SW BETWEEN CALIFORNIA WAY SW AND FAIRMOUNT AVE SW,2,Injury Collision,Cycles,3,0,1,1,1,0,0,2011-06-29T00:00:00.000Z,6/29/2011 6:06:00 PM,Driveway Junction,18.0,"MOTOR VEHICLE STRUCK PEDALCYCLIST, FRONT END AT ANGLE",,N,Clear or Partly Cloudy,Dry,Daylight,,,45,Vehicle - Pedalcyclist,0,N,Washington,47.588294606237866,-122.37982308862298
Block,26TH AVE E BETWEEN BOYER AVE E AND E NEWTON ST,2,Injury Collision,Cycles,2,0,1,1,1,0,0,2011-07-21T00:00:00.000Z,7/21/2011 9:28:00 AM,Driveway Junction,18.0,"MOTOR VEHICLE STRUCK PEDALCYCLIST, FRONT END AT ANGLE",,N,Raining,Wet,Daylight,,,45,Vehicle - Pedalcyclist,0,N,Washington,47.635908906439646,-122.29947268423828
Intersection,26TH AVE SW AND SW ROXBURY ST,2b,Serious Injury Collision,Cycles,2,0,1,1,1,1,0,2012-08-20T00:00:00.000Z,8/20/2012 11:40:00 AM,At Intersection (intersection related),51.0,PEDALCYCLIST STRUCK MOTOR VEHICLE FRONT END AT ANGLE,Y,N,Clear or Partly Cloudy,Dry,Daylight,Y,,45,Vehicle - Pedalcyclist,0,N,Washington,47.51736320107113,-122.36591253868026
Intersection,7TH AVE NE AND NE 50TH ST,1,Property Damage Only Collision,Cycles,2,0,1,1,0,0,0,2012-12-04T00:00:00.000Z,12/4/2012 9:40:00 AM,At Intersection (intersection related),18.0,"MOTOR VEHICLE STRUCK PEDALCYCLIST, FRONT END AT ANGLE",,N,Overcast,Dry,Daylight,Y,,45,Vehicle - Pedalcyclist,522071,N,Washington,47.66495773124397,-122.32070290379576
Intersection,12TH AVE S AND S WELLER ST,2,Injury Collision,Left Turn,3,0,1,1,1,0,0,2012-11-28T00:00:00.000Z,11/28/2012 6:43:00 AM,At Intersection (intersection related),18.0,"MOTOR VEHICLE STRUCK PEDALCYCLIST, FRONT END AT ANGLE",,N,Overcast,Dry,Dark - Street Lights On,Y,,28,From opposite direction - one left turn - one straight,0,N,Washington,47.597499571589154,-122.31722672722155
Intersection,12TH AVE AND E PIKE ST,2,Injury Collision,Cycles,2,0,1,1,1,0,0,2011-02-12T00:00:00.000Z,2/12/2011 8:18:00 AM,At Intersection (intersection related),18.0,"MOTOR VEHICLE STRUCK PEDALCYCLIST, FRONT END AT ANGLE",,N,Clear or Partly Cloudy,Dry,Daylight,Y,,45,Vehicle - Pedalcyclist,0,N,Washington,47.61410376891479,-122.31683584924204
Block,EAST GREEN LAKE DR N BETWEEN 4TH AVE NE AND LATONA AVE NE,2b,Serious Injury Collision,Cycles,2,0,1,1,1,1,0,2012-10-03T00:00:00.000Z,10/3/2012 5:25:00 PM,Driveway Junction,18.0,"MOTOR VEHICLE STRUCK PEDALCYCLIST, FRONT END AT ANGLE",,N,Clear or Partly Cloudy,Dry,Daylight,Y,,45,Vehicle - Pedalcyclist,0,N,Washington,47.68139851662946,-122.32708109073872
Intersection,15TH AVE NE AND NE PACIFIC ST,2,Injury Collision,Cycles,2,0,1,1,1,0,0,2011-05-19T00:00:00.000Z,5/19/2011 3:05:00 PM,At Intersection (intersection related),18.0,"MOTOR VEHICLE STRUCK PEDALCYCLIST, FRONT END AT ANGLE",,N,Clear or Partly Cloudy,Dry,Daylight,Y,,45,Vehicle - Pedalcyclist,520838,N,Washington,47.65297596413605,-122.31246414473328
Intersection,BOREN AVE AND MADISON ST,2,Injury Collision,Cycles,3,0,1,1,1,0,0,2011-05-24T00:00:00.000Z,5/24/2011 8:00:00 PM,At Intersection (intersection related),51.0,PEDALCYCLIST STRUCK MOTOR VEHICLE FRONT END AT ANGLE,,N,Clear or Partly Cloudy,Dry,Daylight,,,45,Vehicle - Pedalcyclist,0,N,Washington,47.60933797229917,-122.3251390767934
Intersection,HARVARD AVE E AND E ALLISON ST,2,Injury Collision,Cycles,2,0,1,1,1,0,0,2012-06-07T00:00:00.000Z,6/7/2012 6:08:00 PM,At Intersection (intersection related),51.0,PEDALCYCLIST STRUCK MOTOR VEHICLE FRONT END AT ANGLE,Y,N,Clear or Partly Cloudy,Dry,Daylight,Y,,45,Vehicle - Pedalcyclist,0,N,Washington,47.64871063977904,-122.32209905685593
Block,S JACKSON ST BETWEEN 4TH AVE S AND 5TH AVE S,2,Injury Collision,Cycles,6,0,1,1,1,0,0,2012-05-10T00:00:00.000Z,5/10/2012 6:51:00 AM,Mid-Block (not related to intersection),18.0,"MOTOR VEHICLE STRUCK PEDALCYCLIST, FRONT END AT ANGLE",,N,Clear or Partly Cloudy,Dry,Daylight,Y,,45,Vehicle - Pedalcyclist,0,N,Washington,47.59919591099803,-122.32831927390212
Intersection,4TH AVE S AND W SEA BR EB 4 AV OFF RP,2,Injury Collision,Cycles,2,0,1,1,1,0,0,2012-10-05T00:00:00.000Z,10/5/2012 3:48:00 PM,At Intersection (intersection related),51.0,PEDALCYCLIST STRUCK MOTOR VEHICLE FRONT END AT ANGLE,,N,Clear or Partly Cloudy,Dry,Daylight,,,45,Vehicle - Pedalcyclist,0,N,Washington,47.5696496302032,-122.32905963887518
Block,EASTLAKE AVE E BETWEEN E HOWE ST AND E NEWTON ST,2,Injury Collision,Cycles,2,0,1,1,1,0,0,2012-08-21T00:00:00.000Z,8/21/2012 6:33:00 AM,Driveway Junction,18.0,"MOTOR VEHICLE STRUCK PEDALCYCLIST, FRONT END AT ANGLE",,N,Clear or Partly Cloudy,Dry,Daylight,Y,,45,Vehicle - Pedalcyclist,0,N,Washington,47.63631850995383,-122.32574173733272
Intersection,UNIVERSITY WAY NE AND NE 42ND ST,2,Injury Collision,Cycles,3,0,1,1,1,0,0,2011-07-01T00:00:00.000Z,7/1/2011 8:26:00 AM,At Intersection (intersection related),51.0,PEDALCYCLIST STRUCK MOTOR VEHICLE FRONT END AT ANGLE,,N,Clear or Partly Cloudy,Dry,Daylight,,,45,Vehicle - Pedalcyclist,0,N,Washington,47.65831484888337,-122.31320716791521
Intersection,BROOKLYN AVE NE AND NE 47TH ST,2,Injury Collision,Cycles,3,0,1,1,1,0,0,2011-09-28T00:00:00.000Z,9/28/2011 8:47:00 AM,At Intersection (intersection related),18.0,"MOTOR VEHICLE STRUCK PEDALCYCLIST, FRONT END AT ANGLE",,N,Clear or Partly Cloudy,Dry,Daylight,Y,,45,Vehicle - Pedalcyclist,0,N,Washington,47.66309964638962,-122.31423801747037
Intersection,ALASKAN WAY S AND S MASSACHUSETTS ST,2,Injury Collision,Cycles,2,0,1,1,1,0,0,2011-10-25T00:00:00.000Z,10/25/2011 2:38:00 PM,At Intersection (intersection related),18.0,"MOTOR VEHICLE STRUCK PEDALCYCLIST, FRONT END AT ANGLE",,0,Clear or Partly Cloudy,Dry,Daylight,,,45,Vehicle - Pedalcyclist,630867,N,Washington,47.5883104032964,-122.33844063721847
Intersection,UNIVERSITY WAY NE AND NE 42ND ST,2,Injury Collision,Cycles,3,0,1,2,1,0,0,2011-05-30T00:00:00.000Z,5/30/2011 9:50:00 PM,At Intersection (intersection related),69.0,PEDALCYCLIST OVERTURNED IN ROAD,,Y,Clear or Partly Cloudy,Dry,Dark - Street Lights On,,Y,45,Vehicle - Pedalcyclist,0,N,Washington,47.65831484888337,-122.31320716791521
Intersection,18TH AVE NE AND NE 45TH ST,2,Injury Collision,Cycles,2,0,1,1,1,0,0,2011-06-22T00:00:00.000Z,6/22/2011 3:28:00 PM,At Intersection (intersection related),51.0,PEDALCYCLIST STRUCK MOTOR VEHICLE FRONT END AT ANGLE,,N,Overcast,Dry,Daylight,,,45,Vehicle - Pedalcyclist,0,N,Washington,47.661258786313276,-122.30838142236641
Block,EAST MARGINAL WAY S BETWEEN S DAWSON ST AND S BRANDON ST,2,Injury Collision,Cycles,2,0,1,1,1,0,0,2011-08-05T00:00:00.000Z,8/5/2011 1:51:00 AM,Mid-Block (not related to intersection),21.0,"MOTOR VEHICLE STRUCK PEDALCYCLIST, REAR END",,N,Clear or Partly Cloudy,Dry,Dark - Street Lights On,,,45,Vehicle - Pedalcyclist,0,N,Washington,47.554977233878546,-122.33783000135601
Intersection,17TH AVE NW AND NW 85TH ST,2,Injury Collision,Cycles,2,0,1,1,1,0,0,2011-07-22T00:00:00.000Z,7/22/2011 4:31:00 PM,At Intersection (intersection related),51.0,PEDALCYCLIST STRUCK MOTOR VEHICLE FRONT END AT ANGLE,,N,Clear or Partly Cloudy,Dry,Daylight,,,45,Vehicle - Pedalcyclist,0,N,Washington,47.69060246478366,-122.37895652496857