addrtype,location,severitycode,severitydesc,collisiontype,personcount,pedcount,pedcylcount,vehcount,injuries,seriousinjuries,fatalities,incdate,incdttm,junctiontype,sdot_colcode,sdot_coldesc,inattentionind,underinfl,weather,roadcond,lightcond,pedrownotgrnt,speeding,st_colcode,st_coldesc,crosswalkkey,hitparkedcar,state,latitude,longitude
Block,ROOSEVELT WAY NE BETWEEN NE 43RD N ST AND NE 45TH ST,2,Injury Collision,Cycles,2,0,1,1,1,0,0,2011-06-03T00:00:00.000Z,6/3/2011 9:28:00 AM,Mid-Block (not related to intersection),51.0,PEDALCYCLIST STRUCK MOTOR VEHICLE FRONT END AT ANGLE,,N,Clear or Partly Cloudy,Dry,Daylight,Y,,45,Vehicle - Pedalcyclist,0,N,Washington,47.66057737868581,-122.31772271464912
Block,STONE WAY N BETWEEN N 47TH ST AND N 48TH ST,2,Injury Collision,Cycles,2,0,1,1,1,0,0,2011-11-22T00:00:00.000Z,11/22/2011 5:08:00 PM,Mid-Block (not related to intersection),21.0,"MOTOR VEHICLE STRUCK PEDALCYCLIST, REAR END",Y,N,Raining,Wet,Dark - Street Lights On,,,45,Vehicle - Pedalcyclist,0,N,Washington,47.663220755639045,-122.34138543240914
Intersection,20TH AVE E AND E LOUISA ST,2,Injury Collision,Cycles,5,0,1,3,1,0,0,2011-10-26T00:00:00.000Z,10/26/2011 9:06:00 AM,At Intersection (intersection related),51.0,PEDALCYCLIST STRUCK MOTOR VEHICLE FRONT END AT ANGLE,,0,Overcast,Dry,Daylight,Y,Y,45,Vehicle - Pedalcyclist,0,N,Washington,47.64246057779018,-122.30551182340744
Block,N 34TH ST BETWEEN WOODLAND PARK AVE N AND STONE WAY N,2b,Serious Injury Collision,Cycles,2,0,1,1,1,1,0,2011-05-18T00:00:00.000Z,5/18/2011 8:00:00 PM,Mid-Block (not related to intersection),21.0,"MOTOR VEHICLE STRUCK PEDALCYCLIST, REAR END",,Y,Clear or Partly Cloudy,Dry,Daylight,,,45,Vehicle - Pedalcyclist,0,N,Washington,47.64863709622514,-122.34341043180699
Intersection,UNIVERSITY WAY NE AND NE 45TH ST,2,Injury Collision,Cycles,2,0,1,1,1,0,0,2011-10-13T00:00:00.000Z,10/13/2011 11:24:00 AM,At Intersection (intersection related),18.0,"MOTOR VEHICLE STRUCK PEDALCYCLIST, FRONT END AT ANGLE",,0,Overcast,Dry,Daylight,Y,,45,Vehicle - Pedalcyclist,522429,N,Washington,47.661269365816295,-122.31312965833612
Block,GILMAN AVE W BETWEEN 25TH AVE W AND 26TH AVE W,2,Injury Collision,Cycles,3,0,1,1,1,0,0,2011-10-31T00:00:00.000Z,10/31/2011 7:52:00 PM,Driveway Junction,51.0,PEDALCYCLIST STRUCK MOTOR VEHICLE FRONT END AT ANGLE,Y,N,Overcast,Dry,Dark - Street Lights On,Y,,45,Vehicle - Pedalcyclist,0,N,Washington,47.65813371223403,-122.38931511255545
Intersection,LATONA AVE NE AND NE PACIFIC ST,2,Injury Collision,Cycles,1,0,1,0,1,0,0,2011-03-18T00:00:00.000Z,3/18/2011 3:05:00 PM,At Intersection (intersection related),14.0,"MOTOR VEHICLE STRUCK MOTOR VEHICLE, REAR END",,N,Clear or Partly Cloudy,Dry,Daylight,,,45,Vehicle - Pedalcyclist,576113,N,Washington,47.65488891153886,-122.32570273372149
Intersection,DEXTER AVE N AND JOHN ST,2,Injury Collision,Cycles,2,0,1,1,1,0,0,2011-08-01T00:00:00.000Z,8/1/2011,At Intersection (intersection related),18.0,"MOTOR VEHICLE STRUCK PEDALCYCLIST, FRONT END AT ANGLE",,0,Clear or Partly Cloudy,Dry,Dark - Street Lights On,,,45,Vehicle - Pedalcyclist,0,N,Washington,47.61971961267641,-122.34239171231827
Block,E OLIVE WAY BETWEEN BELMONT AVE E AND BOYLSTON W AVE E,2,Injury Collision,Cycles,1,0,1,0,1,0,0,2011-09-20T00:00:00.000Z,9/20/2011 11:08:00 AM,Mid-Block (not related to intersection),69.0,PEDALCYCLIST OVERTURNED IN ROAD,,0,Clear or Partly Cloudy,Dry,Daylight,,,45,Vehicle - Pedalcyclist,0,N,Washington,47.61974514520382,-122.32374795066308
Block,FAUNTLEROY WAY SW BETWEEN 37TH AVE SW AND SW OREGON ST,2,Injury Collision,Cycles,2,0,1,1,1,0,0,2011-06-23T00:00:00.000Z,6/23/2011 7:40:00 AM,Driveway Junction,51.0,PEDALCYCLIST STRUCK MOTOR VEHICLE FRONT END AT ANGLE,,N,Unknown,Unknown,Daylight,Y,,45,Vehicle - Pedalcyclist,0,N,Washington,47.56306904716665,-122.37902694943269
Block,S JACKSON ST BETWEEN 12TH AVE S AND 14TH AVE S,2,Injury Collision,Cycles,2,0,1,1,1,0,0,2011-11-05T00:00:00.000Z,11/5/2011 5:11:00 PM,Mid-Block (not related to intersection),56.0,PEDALCYCLIST STRUCK MOTOR VEHICLE LEFT SIDE SIDESWIPE,,N,Clear or Partly Cloudy,Dry,Dusk,,,45,Vehicle - Pedalcyclist,0,N,Washington,47.599199519365165,-122.3156820754274
Intersection,AURORA AVE N AND N 107TH N ST,2,Injury Collision,Cycles,2,0,1,1,1,0,0,2011-06-28T00:00:00.000Z,6/28/2011 8:15:00 AM,At Intersection (intersection related),18.0,"MOTOR VEHICLE STRUCK PEDALCYCLIST, FRONT END AT ANGLE",,N,Clear or Partly Cloudy,Dry,Daylight,Y,,45,Vehicle - Pedalcyclist,0,N,Washington,47.70686821900972,-122.34472400828304
Block,12TH AVE BETWEEN E YESLER WAY AND E FIR ST,2,Injury Collision,Cycles,2,0,1,1,1,0,0,2011-04-27T00:00:00.000Z,4/27/2011 12:10:00 PM,Mid-Block (not related to intersection),18.0,"MOTOR VEHICLE STRUCK PEDALCYCLIST, FRONT END AT ANGLE",Y,N,Overcast,Wet,Daylight,,,45,Vehicle - Pedalcyclist,0,N,Washington,47.602188270464296,-122.31678184867359
Intersection,35TH AVE SW AND SW WILLOW ST,2,Injury Collision,Angles,2,0,1,1,1,0,0,2011-01-13T00:00:00.000Z,1/13/2011 12:07:00 PM,At Intersection (intersection related),51.0,PEDALCYCLIST STRUCK MOTOR VEHICLE FRONT END AT ANGLE,,N,Raining,Wet,Daylight,,,10,Entering at angle,0,N,Washington,47.5410402480502,-122.37653138238116
Intersection,INTERLAKE AVE N AND N NORTHGATE WAY,2,Injury Collision,Cycles,2,0,1,1,1,0,0,2011-08-11T00:00:00.000Z,8/11/2011 1:18:00 PM,At Intersection (intersection related),18.0,"MOTOR VEHICLE STRUCK PEDALCYCLIST, FRONT END AT ANGLE",,0,Clear or Partly Cloudy,Dry,Daylight,,,45,Vehicle - Pedalcyclist,0,N,Washington,47.70504576497977,-122.34064840156596
Intersection,BROADWAY E AND E MERCER ST,2,Injury Collision,Cycles,2,0,1,1,1,0,0,2011-02-02T00:00:00.000Z,2/2/2011 11:58:00 AM,At Intersection (intersection related),51.0,PEDALCYCLIST STRUCK MOTOR VEHICLE FRONT END AT ANGLE,,N,Clear or Partly Cloudy,Dry,Daylight,,,45,Vehicle - Pedalcyclist,522273,N,Washington,47.624269036118775,-122.32094238957552
Block,24TH AVE NW BETWEEN NW 56TH ST AND NW 57TH ST,2,Injury Collision,Cycles,2,0,1,1,1,0,0,2011-01-31T00:00:00.000Z,1/31/2011 5:39:00 PM,Mid-Block (not related to intersection),51.0,PEDALCYCLIST STRUCK MOTOR VEHICLE FRONT END AT ANGLE,Y,0,Overcast,Dry,Dark - Street Lights On,,,45,Vehicle - Pedalcyclist,0,N,Washington,47.66982111258678,-122.38758729863987
Block,STONE WAY N BETWEEN N 38TH ST AND N 39TH ST,1,Property Damage Only Collision,Cycles,2,0,1,1,0,0,0,2011-12-17T00:00:00.000Z,12/17/2011 1:49:00 PM,Driveway Junction,18.0,"MOTOR VEHICLE STRUCK PEDALCYCLIST, FRONT END AT ANGLE",,N,Clear or Partly Cloudy,Dry,Daylight,Y,,45,Vehicle - Pedalcyclist,0,N,Washington,47.65341193706911,-122.3425383690312
Intersection,19TH AVE AND E UNION ST,2,Injury Collision,Cycles,1,0,1,0,1,0,0,2011-03-04T00:00:00.000Z,3/4/2011 6:48:00 AM,At Intersection (intersection related),69.0,PEDALCYCLIST OVERTURNED IN ROAD,Y,N,Overcast,Wet,Daylight,,,45,Vehicle - Pedalcyclist,0,N,Washington,47.612898268136206,-122.30750481647611
Block,5TH AVE S BETWEEN S WELLER ST AND S DEARBORN ST,2,Injury Collision,Cycles,2,0,1,1,1,0,0,2011-05-04T00:00:00.000Z,5/4/2011 8:00:00 AM,Mid-Block (not related to intersection),56.0,PEDALCYCLIST STRUCK MOTOR VEHICLE LEFT SIDE SIDESWIPE,,N,Unknown,Unknown,Daylight,,,45,Vehicle - Pedalcyclist,0,N,Washington,47.596656745123475,-122.32768064879758
Intersection,EASTLAKE AVE E AND E EDGAR ST,2,Injury Collision,Cycles,2,0,1,1,1,0,0,2011-08-31T00:00:00.000Z,8/31/2011 4:18:00 PM,At Intersection (intersection related),51.0,PEDALCYCLIST STRUCK MOTOR VEHICLE FRONT END AT ANGLE,,0,Clear or Partly Cloudy,Dry,Daylight,,,45,Vehicle - Pedalcyclist,0,N,Washington,47.644493218271954,-122.32588269581478
Intersection,M L KING JR WAY S AND S MASSACHUSETTS ST,2,Injury Collision,Cycles,2,0,1,1,1,0,0,2011-02-10T00:00:00.000Z,2/10/2011 5:56:00 PM,At Intersection (intersection related),51.0,PEDALCYCLIST STRUCK MOTOR VEHICLE FRONT END AT ANGLE,,N,Clear or Partly Cloudy,Dry,Dark - Street Lights On,Y,,45,Vehicle - Pedalcyclist,0,N,Washington,47.58831183204907,-122.2980506522027
Block,ALASKAN WAY BETWEEN SENECA ST AND UNIVERSITY ST,2,Injury Collision,Cycles,2,1,1,0,2,0,0,2011-01-25T00:00:00.000Z,1/25/2011 3:20:00 PM,Mid-Block (not related to intersection),18.0,"MOTOR VEHICLE STRUCK PEDALCYCLIST, FRONT END AT ANGLE",Y,N,Overcast,Dry,Daylight,,,45,Vehicle - Pedalcyclist,0,N,Washington,47.60554374787735,-122.34009165149706
Block,15TH AVE NE BETWEEN NE 63RD ST AND NE 65TH ST,2b,Serious Injury Collision,Cycles,2,0,1,1,1,1,0,2011-01-31T00:00:00.000Z,1/31/2011 10:30:00 AM,Mid-Block (not related to intersection),51.0,PEDALCYCLIST STRUCK MOTOR VEHICLE FRONT END AT ANGLE,,N,Clear or Partly Cloudy,Dry,Daylight,,,45,Vehicle - Pedalcyclist,0,N,Washington,47.67527439683418,-122.31192628146212
Intersection,4TH AVE S AND S WALKER ST,1,Property Damage Only Collision,Cycles,2,0,1,1,0,0,0,2012-10-29T00:00:00.000Z,10/29/2012 5:59:00 PM,At Intersection (intersection related),51.0,PEDALCYCLIST STRUCK MOTOR VEHICLE FRONT END AT ANGLE,,N,Clear or Partly Cloudy,Dry,Daylight,Y,,45,Vehicle - Pedalcyclist,0,N,Washington,47.58397727631624,-122.32905374889795
Block,N 130TH ST BETWEEN AURORA AVE N AND STONE AVE N,2b,Serious Injury Collision,Cycles,2,0,1,1,1,1,0,2012-10-26T00:00:00.000Z,10/26/2012 7:10:00 PM,Mid-Block (not related to intersection),18.0,"MOTOR VEHICLE STRUCK PEDALCYCLIST, FRONT END AT ANGLE",,N,Raining,Wet,Dark - Street Lights On,Y,,45,Vehicle - Pedalcyclist,0,N,Washington,47.723211138236024,-122.34363055766147
Intersection,10TH AVE AND E PINE ST,1,Property Damage Only Collision,Cycles,2,0,1,1,0,0,0,2012-08-07T00:00:00.000Z,8/7/2012 9:48:00 AM,At Intersection (intersection related),0.0,NOT ENOUGH INFORMATION / NOT APPLICABLE,,N,Clear or Partly Cloudy,Dry,Daylight,Y,,45,Vehicle - Pedalcyclist,523987,N,Washington,47.615245137368404,-122.31946547553095
Block,S LANDER ST BETWEEN 5TH PL S AND 6TH AVE S,2,Injury Collision,Cycles,2,0,1,1,1,0,0,2011-04-20T00:00:00.000Z,4/20/2011 6:00:00 AM,Driveway Junction,18.0,"MOTOR VEHICLE STRUCK PEDALCYCLIST, FRONT END AT ANGLE",,N,Clear or Partly Cloudy,Dry,Dawn,,,45,Vehicle - Pedalcyclist,0,N,Washington,47.579809346002705,-122.32636353984505
Intersection,JAMES ST AND YESLER WAY,2,Injury Collision,Cycles,2,0,1,1,1,0,0,2012-08-22T00:00:00.000Z,8/22/2012 1:49:00 AM,At Intersection (intersection related),18.0,"MOTOR VEHICLE STRUCK PEDALCYCLIST, FRONT END AT ANGLE",,N,Clear or Partly Cloudy,Dry,Dark - Street Lights On,Y,,45,Vehicle - Pedalcyclist,0,N,Washington,47.60172187976861,-122.33389883174131
Block,1ST AVE S BETWEEN S ANDOVER ST AND S DAKOTA ST,2,Injury Collision,Cycles,2,0,1,1,1,0,0,2012-10-15T00:00:00.000Z,10/15/2012 10:56:00 AM,Mid-Block (not related to intersection),21.0,"MOTOR VEHICLE STRUCK PEDALCYCLIST, REAR END",,N,Clear or Partly Cloudy,Dry,Daylight,,,45,Vehicle - Pedalcyclist,0,N,Washington,47.5678488032113,-122.33420643973776
Block,EASTLAKE AVE E BETWEEN E ROANOKE ST AND E EDGAR ST,2b,Serious Injury Collision,Cycles,2,0,1,1,1,1,0,2012-06-01T00:00:00.000Z,6/1/2012 6:52:00 PM,Mid-Block (not related to intersection),56.0,PEDALCYCLIST STRUCK MOTOR VEHICLE LEFT SIDE SIDESWIPE,,N,Overcast,Dry,Daylight,,,45,Vehicle - Pedalcyclist,0,N,Washington,47.64384056209097,-122.3258847582635
Block,PIKE ST BETWEEN 5TH AVE AND 6TH AVE,2,Injury Collision,Cycles,2,0,1,1,1,0,0,2012-06-12T00:00:00.000Z,6/12/2012 7:37:00 PM,Mid-Block (not related to intersection),18.0,"MOTOR VEHICLE STRUCK PEDALCYCLIST, FRONT END AT ANGLE",,N,Clear or Partly Cloudy,Dry,Daylight,,,45,Vehicle - Pedalcyclist,0,N,Washington,47.610908289240655,-122.33501959678081
Intersection,2ND AVE AND PIKE ST,2,Injury Collision,Cycles,2,0,1,1,1,0,0,2012-06-06T00:00:00.000Z,6/6/2012 7:25:00 PM,At Intersection (intersection related),51.0,PEDALCYCLIST STRUCK MOTOR VEHICLE FRONT END AT ANGLE,,N,Clear or Partly Cloudy,Dry,Daylight,,,45,Vehicle - Pedalcyclist,0,N,Washington,47.60928514308913,-122.33890369362145
Block,GREENWOOD AVE N BETWEEN N 85TH ST AND N 87TH ST,2,Injury Collision,Cycles,2,0,1,1,1,0,0,2011-09-10T00:00:00.000Z,9/10/2011 11:32:00 AM,Mid-Block (not related to intersection),56.0,PEDALCYCLIST STRUCK MOTOR VEHICLE LEFT SIDE SIDESWIPE,Y,N,Clear or Partly Cloudy,Dry,Daylight,,,45,Vehicle - Pedalcyclist,0,N,Washington,47.69150543506142,-122.35530634648184
Block,NE 45TH ST BETWEEN 1ST AVE NE AND 2ND AVE NE,2,Injury Collision,Cycles,2,0,1,1,1,0,0,2012-10-16T00:00:00.000Z,10/16/2012 5:10:00 PM,Driveway Junction,18.0,"MOTOR VEHICLE STRUCK PEDALCYCLIST, FRONT END AT ANGLE",,N,Overcast,Dry,Daylight,Y,,45,Vehicle - Pedalcyclist,0,N,Washington,47.66135727672546,-122.32775751125796
Intersection,8TH AVE S AND S DEARBORN ST,2,Injury Collision,Cycles,2,0,1,1,1,0,0,2012-01-26T00:00:00.000Z,1/26/2012 7:09:00 AM,At Intersection (intersection related),18.0,"MOTOR VEHICLE STRUCK PEDALCYCLIST, FRONT END AT ANGLE",,N,Raining,Wet,Dark - Street Lights On,Y,,45,Vehicle - Pedalcyclist,0,N,Washington,47.595831166617344,-122.3224586628908
Intersection,12TH AVE AND E PIKE ST,2,Injury Collision,Cycles,1,0,1,0,1,0,0,2012-08-12T00:00:00.000Z,8/12/2012 2:21:00 AM,At Intersection (intersection related),14.0,"MOTOR VEHICLE STRUCK MOTOR VEHICLE, REAR END",,N,Clear or Partly Cloudy,Dry,Dark - Street Lights On,,,45,Vehicle - Pedalcyclist,0,N,Washington,47.61410376891479,-122.31683584924204
Intersection,ALASKAN E RDWY WAY AND MADISON ST,2,Injury Collision,Cycles,2,0,1,1,1,0,0,2012-06-15T00:00:00.000Z,6/15/2012 5:18:00 PM,At Intersection (intersection related),18.0,"MOTOR VEHICLE STRUCK PEDALCYCLIST, FRONT END AT ANGLE",,N,Clear or Partly Cloudy,Dry,Daylight,,,45,Vehicle - Pedalcyclist,0,N,Washington,47.60392419368925,-122.33807593415092
Intersection,BROOKLYN AVE NE AND BURKE GILMAN TRL,2,Injury Collision,Cycles,2,0,1,1,1,0,0,2012-07-02T00:00:00.000Z,7/2/2012 4:35:00 PM,At Intersection (intersection related),51.0,PEDALCYCLIST STRUCK MOTOR VEHICLE FRONT END AT ANGLE,,N,Overcast,Dry,Daylight,,,45,Vehicle - Pedalcyclist,525567,N,Washington,47.654209093695,-122.31447179623804
Intersection,BOYLSTON AVE AND E PINE ST,2,Injury Collision,Cycles,1,0,1,0,1,0,0,2011-06-04T00:00:00.000Z,6/4/2011 11:11:00 PM,At Intersection (intersection related),69.0,PEDALCYCLIST OVERTURNED IN ROAD,,N,Clear or Partly Cloudy,Dry,Dark - Street Lights On,,Y,45,Vehicle - Pedalcyclist,0,N,Washington,47.61523114208018,-122.32341547054027
Block,14TH AVE NW BETWEEN NW 67TH ST AND NW 70TH W ST,2,Injury Collision,Cycles,2,0,1,1,1,0,0,2012-09-05T00:00:00.000Z,9/5/2012 9:35:00 AM,Mid-Block (not related to intersection),56.0,PEDALCYCLIST STRUCK MOTOR VEHICLE LEFT SIDE SIDESWIPE,,N,Clear or Partly Cloudy,Dry,Daylight,,,45,Vehicle - Pedalcyclist,0,N,Washington,47.678670999306256,-122.3740879908542
Intersection,M L KING JR ER WAY S AND S OTHELLO ST,2,Injury Collision,Cycles,2,0,1,1,1,0,0,2012-07-09T00:00:00.000Z,7/9/2012 5:46:00 PM,At Intersection (intersection related),18.0,"MOTOR VEHICLE STRUCK PEDALCYCLIST, FRONT END AT ANGLE",,N,Clear or Partly Cloudy,Dry,Daylight,,,45,Vehicle - Pedalcyclist,0,N,Washington,47.53705158660728,-122.2811041506965
Intersection,16TH AVE SW AND SW HENDERSON ST,2,Injury Collision,Cycles,2,0,1,1,1,0,0,2012-11-02T00:00:00.000Z,11/2/2012 8:06:00 AM,At Intersection (intersection related),18.0,"MOTOR VEHICLE STRUCK PEDALCYCLIST, FRONT END AT ANGLE",,N,Clear or Partly Cloudy,Dry,Daylight,Y,,45,Vehicle - Pedalcyclist,0,N,Washington,47.52287008806826,-122.3551044544663
Intersection,2ND AVE AND DENNY WAY,2,Injury Collision,Cycles,2,0,1,1,1,0,0,2012-08-23T00:00:00.000Z,8/23/2012 8:34:00 AM,At Intersection (intersection related),18.0,"MOTOR VEHICLE STRUCK PEDALCYCLIST, FRONT END AT ANGLE",,N,Clear or Partly Cloudy,Dry,Daylight,Y,,45,Vehicle - Pedalcyclist,521014,N,Washington,47.61859203605145,-122.35283935067392
Intersection,GILMAN AVE W AND W EMERSON ST,2,Injury Collision,Cycles,2,0,1,1,1,0,0,2012-04-22T00:00:00.000Z,4/22/2012 9:35:00 AM,At Intersection (intersection related),51.0,PEDALCYCLIST STRUCK MOTOR VEHICLE FRONT END AT ANGLE,,N,Clear or Partly Cloudy,Dry,Daylight,Y,,45,Vehicle - Pedalcyclist,0,N,Washington,47.65397898107649,-122.3846160787377
Block,AURORA AVE N BETWEEN N 141ST ST AND N 143RD ST,2,Injury Collision,Cycles,2,0,1,1,1,0,0,2011-04-02T00:00:00.000Z,4/2/2011 1:48:00 PM,Mid-Block (not related to intersection),53.0,PEDALCYCLIST STRUCK MOTOR VEHICLE LEFT SIDE AT ANGLE,,N,Raining,Wet,Daylight,,,45,Vehicle - Pedalcyclist,0,N,Washington,47.7316727831781,-122.34507003281219
Intersection,FREMONT AVE N AND N 41ST ST,2,Injury Collision,Cycles,3,0,1,1,1,0,0,2012-02-09T00:00:00.000Z,2/9/2012 7:04:00 PM,At Intersection (intersection related),18.0,"MOTOR VEHICLE STRUCK PEDALCYCLIST, FRONT END AT ANGLE",Y,N,Clear or Partly Cloudy,Dry,Dark - Street Lights Off,Y,,45,Vehicle - Pedalcyclist,0,N,Washington,47.65666292389746,-122.34994844056598
Block,LAKE WASHINGTON BLVD S BETWEEN S FERDINAND ST AND S DAWSON ST,2,Injury Collision,Cycles,3,0,1,1,1,0,0,2012-05-08T00:00:00.000Z,5/8/2012 7:00:00 PM,Mid-Block (not related to intersection),23.0,"MOTOR VEHICLE STRUCK PEDALCYCLIST, LEFT SIDE SIDESWIPE",,N,Clear or Partly Cloudy,Dry,Daylight,,Y,45,Vehicle - Pedalcyclist,0,N,Washington,47.55654607432825,-122.26223178872816
Intersection,5TH AVE AND PIKE ST,1,Property Damage Only Collision,Cycles,2,0,1,1,0,0,0,2011-10-08T00:00:00.000Z,10/8/2011,At Intersection (intersection related),18.0,"MOTOR VEHICLE STRUCK PEDALCYCLIST, FRONT END AT ANGLE",,0,Unknown,Unknown,Dark - Street Lights On,,,45,Vehicle - Pedalcyclist,0,N,Washington,47.61067790284203,-122.33557402523344
Intersection,MONTLAKE BLVD E AND MONTLAKE BV EB ON RP,2,Injury Collision,Cycles,2,0,1,1,1,0,0,2012-12-10T00:00:00.000Z,12/10/2012 6:32:00 PM,At Intersection (intersection related),18.0,"MOTOR VEHICLE STRUCK PEDALCYCLIST, FRONT END AT ANGLE",,N,Overcast,Dry,Dark - Street Lights On,,,45,Vehicle - Pedalcyclist,525577,N,Washington,,
Intersection,8TH AVE NW AND NW 47TH ST,2,Injury Collision,Cycles,2,0,1,1,1,0,0,2012-05-25T00:00:00.000Z,5/25/2012 3:50:00 PM,At Intersection (intersection related),18.0,"MOTOR VEHICLE STRUCK PEDALCYCLIST, FRONT END AT ANGLE",,N,Clear or Partly Cloudy,Dry,Daylight,,,45,Vehicle - Pedalcyclist,0,N,Washington,47.662922152281645,-122.36619335763842
Intersection,14TH AVE S AND S MAIN ST,2,Injury Collision,Cycles,3,0,1,1,1,0,0,2012-07-03T00:00:00.000Z,7/3/2012 5:12:00 PM,At Intersection (intersection related),18.0,"MOTOR VEHICLE STRUCK PEDALCYCLIST, FRONT END AT ANGLE",,N,Clear or Partly Cloudy,Dry,Daylight,Y,,45,Vehicle - Pedalcyclist,0,N,Washington,47.60001091430421,-122.31413300264148
Intersection,BOYLSTON AVE AND E PINE ST,2,Injury Collision,Cycles,2,0,1,1,1,0,0,2012-05-17T00:00:00.000Z,5/17/2012 7:56:00 AM,At Intersection (intersection related),18.0,"MOTOR VEHICLE STRUCK PEDALCYCLIST, FRONT END AT ANGLE",,N,Clear or Partly Cloudy,Dry,Daylight,Y,,45,Vehicle - Pedalcyclist,0,N,Washington,47.61523114208018,-122.32341547054027
Intersection,5TH AVE AND UNIVERSITY ST,2,Injury Collision,Cycles,2,1,1,0,1,0,0,2012-05-09T00:00:00.000Z,5/9/2012 12:37:00 PM,At Intersection (intersection related),64.0,PEDALCYCLIST STRUCK PEDESTRIAN,,N,Clear or Partly Cloudy,Dry,Daylight,Y,,45,Vehicle - Pedalcyclist,522103,N,Washington,47.60869259673364,-122.33375683049722
Intersection,1ST AVE AND BATTERY ST,2,Injury Collision,Cycles,3,0,1,1,1,0,0,2012-07-29T00:00:00.000Z,7/29/2012 1:41:00 AM,At Intersection (intersection related),0.0,NOT ENOUGH INFORMATION / NOT APPLICABLE,,Y,Clear or Partly Cloudy,Dry,Dark - Street Lights On,,,45,Vehicle - Pedalcyclist,0,N,Washington,47.61414409534026,-122.34781319527477
Intersection,DEXTER AVE N AND ALOHA ST,1,Property Damage Only Collision,Cycles,2,0,1,1,0,0,0,2012-02-08T00:00:00.000Z,2/8/2012 4:02:00 PM,At Intersection (intersection related),51.0,PEDALCYCLIST STRUCK MOTOR VEHICLE FRONT END AT ANGLE,,N,Clear or Partly Cloudy,Wet,Daylight,Y,,45,Vehicle - Pedalcyclist,0,N,Washington,47.627138383473216,-122.34232660384295
Intersection,15TH AVE NW AND NW 60TH ST,2,Injury Collision,Cycles,2,0,1,1,1,0,0,2012-02-03T00:00:00.000Z,2/3/2012 1:40:00 PM,At Intersection (intersection related),18.0,"MOTOR VEHICLE STRUCK PEDALCYCLIST, FRONT END AT ANGLE",,N,Clear or Partly Cloudy,Dry,Daylight,Y,,45,Vehicle - Pedalcyclist,524984,N,Washington,47.672359665866395,-122.37621111924558
Block,10TH AVE E BETWEEN E GALER ST AND E GARFIELD ST,2,Injury Collision,Cycles,2,0,1,1,1,0,0,2012-09-24T00:00:00.000Z,9/24/2012 8:04:00 AM,Mid-Block (not related to intersection),21.0,"MOTOR VEHICLE STRUCK PEDALCYCLIST, REAR END",,N,Clear or Partly Cloudy,Dry,Daylight,,,45,Vehicle - Pedalcyclist,0,N,Washington,47.63266316993369,-122.32009887799136
Intersection,STONE WAY N AND N 34TH ST,1,Property Damage Only Collision,Cycles,2,0,1,1,0,0,0,2012-06-20T00:00:00.000Z,6/20/2012 4:31:00 PM,At Intersection (intersection related),51.0,PEDALCYCLIST STRUCK MOTOR VEHICLE FRONT END AT ANGLE,,N,Clear or Partly Cloudy,Dry,Daylight,,,45,Vehicle - Pedalcyclist,523424,N,Washington,47.648540727826884,-122.34277540220636
Intersection,20TH AVE SW AND SW THISTLE ST,2,Injury Collision,Cycles,2,0,1,1,1,0,0,2012-06-01T00:00:00.000Z,6/1/2012 9:00:00 AM,At Intersection (intersection related),11.0,"MOTOR VEHICLE STRUCK MOTOR VEHICLE, FRONT END AT ANGLE",,N,Overcast,Wet,Daylight,,,45,Vehicle - Pedalcyclist,0,N,Washington,47.528284361925486,-122.35910700421465
Intersection,1ST AVE NW AND NW 78TH ST,2,Injury Collision,Cycles,2,0,1,1,1,0,0,2012-11-02T00:00:00.000Z,11/2/2012 8:37:00 AM,At Intersection (intersection related),51.0,PEDALCYCLIST STRUCK MOTOR VEHICLE FRONT END AT ANGLE,,N,Overcast,Wet,Daylight,Y,,45,Vehicle - Pedalcyclist,0,N,Washington,47.68547377023794,-122.35797511591723
Intersection,15TH AVE NW AND NW 51ST ST,1,Property Damage Only Collision,Cycles,2,0,1,1,0,0,0,2012-05-12T00:00:00.000Z,5/12/2012 1:30:00 PM,At Intersection (intersection related),18.0,"MOTOR VEHICLE STRUCK PEDALCYCLIST, FRONT END AT ANGLE",,N,Unknown,Unknown,Unknown,Y,,45,Vehicle - Pedalcyclist,0,N,Washington,47.665704512636864,-122.37621919153648
Intersection,TROLL AVE N AND N 34TH ST,2,Injury Collision,Cycles,3,0,1,2,1,0,0,2012-09-04T00:00:00.000Z,9/4/2012 4:23:00 PM,At Intersection (intersection related),24.0,MOTOR VEHCILE STRUCK PEDESTRIAN,,N,Clear or Partly Cloudy,Dry,Daylight,Y,,45,Vehicle - Pedalcyclist,595675,N,Washington,47.64924012162934,-122.34741874332344
Block,12TH AVE BETWEEN E MADISON ST AND E PIKE ST,2,Injury Collision,Cycles,2,0,1,1,1,0,0,2012-09-25T00:00:00.000Z,9/25/2012 4:10:00 PM,Mid-Block (not related to intersection),51.0,PEDALCYCLIST STRUCK MOTOR VEHICLE FRONT END AT ANGLE,,N,Clear or Partly Cloudy,Dry,Daylight,,,45,Vehicle - Pedalcyclist,0,N,Washington,47.61349513768653,-122.3167845041913