addrtype,location,severitycode,severitydesc,collisiontype,personcount,pedcount,pedcylcount,vehcount,injuries,seriousinjuries,fatalities,incdate,incdttm,junctiontype,sdot_colcode,sdot_coldesc,inattentionind,underinfl,weather,roadcond,lightcond,pedrownotgrnt,speeding,st_colcode,st_coldesc,crosswalkkey,hitparkedcar,state,latitude,longitude
Intersection,8TH AVE NW AND NW 50TH ST,2,Injury Collision,Cycles,2,0,1,1,1,0,0,2012-09-24T00:00:00.000Z,9/24/2012 10:30:00 AM,At Intersection (intersection related),51.0,PEDALCYCLIST STRUCK MOTOR VEHICLE FRONT END AT ANGLE,,N,Clear or Partly Cloudy,Dry,Daylight,Y,,45,Vehicle - Pedalcyclist,0,N,Washington,47.665037481160574,-122.36618751725133
Intersection,17TH AVE NW AND NW 75TH ST,2,Injury Collision,Cycles,3,0,1,1,1,0,0,2012-05-15T00:00:00.000Z,5/15/2012 8:26:00 AM,At Intersection (intersection related),11.0,"MOTOR VEHICLE STRUCK MOTOR VEHICLE, FRONT END AT ANGLE",,N,Clear or Partly Cloudy,Dry,Daylight,,,45,Vehicle - Pedalcyclist,0,N,Washington,47.683217370508615,-122.378928928334
Intersection,11TH AVE AND E PIKE ST,1,Property Damage Only Collision,Cycles,2,0,1,1,0,0,0,2012-11-06T00:00:00.000Z,11/6/2012 6:00:00 PM,At Intersection (intersection related),18.0,"MOTOR VEHICLE STRUCK PEDALCYCLIST, FRONT END AT ANGLE",,N,Raining,Wet,Dark - Street Lights On,,,45,Vehicle - Pedalcyclist,0,N,Washington,47.614094432422974,-122.31814095005302
Intersection,LAKE WASHINGTON BLVD E AND LK WASH BV OFF RP,2,Injury Collision,Cycles,2,0,1,1,1,0,0,2012-10-10T00:00:00.000Z,10/10/2012 7:00:00 PM,At Intersection (intersection related),18.0,"MOTOR VEHICLE STRUCK PEDALCYCLIST, FRONT END AT ANGLE",,N,Clear or Partly Cloudy,Dry,Dark - Street Lights On,Y,,45,Vehicle - Pedalcyclist,0,N,Washington,47.641005563010985,-122.29768476802981
Intersection,7TH AVE NE AND NE 40TH ST,2,Injury Collision,Cycles,3,0,1,1,1,0,0,2012-03-02T00:00:00.000Z,3/2/2012 3:20:00 PM,At Intersection (intersection related),18.0,"MOTOR VEHICLE STRUCK PEDALCYCLIST, FRONT END AT ANGLE",,N,Raining,Wet,Daylight,Y,,45,Vehicle - Pedalcyclist,524351,N,Washington,47.65589325279186,-122.3208541451558
Intersection,10TH AVE E AND E BOSTON ST,2,Injury Collision,Cycles,2,0,1,1,1,0,0,2012-01-26T00:00:00.000Z,1/26/2012 9:45:00 PM,At Intersection (intersection related),51.0,PEDALCYCLIST STRUCK MOTOR VEHICLE FRONT END AT ANGLE,,Y,Clear or Partly Cloudy,Dry,Dark - Street Lights On,,,45,Vehicle - Pedalcyclist,0,N,Washington,47.63840322495143,-122.32007129508058
Intersection,ALASKAN WAY S AND S MASSACHUSETTS ST,2,Injury Collision,Cycles,2,0,1,1,1,0,0,2012-04-06T00:00:00.000Z,4/6/2012 5:59:00 AM,At Intersection (intersection related),18.0,"MOTOR VEHICLE STRUCK PEDALCYCLIST, FRONT END AT ANGLE",,N,Clear or Partly Cloudy,Dry,Dark - Street Lights On,,,45,Vehicle - Pedalcyclist,630867,N,Washington,47.5883104032964,-122.33844063721847
Intersection,14TH AVE S AND S CLOVERDALE ST,2,Injury Collision,Cycles,2,0,1,1,1,0,0,2012-07-12T00:00:00.000Z,7/12/2012 7:40:00 AM,At Intersection (intersection related),18.0,"MOTOR VEHICLE STRUCK PEDALCYCLIST, FRONT END AT ANGLE",,N,Clear or Partly Cloudy,Dry,Daylight,Y,,45,Vehicle - Pedalcyclist,524890,N,Washington,47.526440888826635,-122.3149104109563
Block,36TH AVE BETWEEN E CHERRY ST AND E COLUMBIA ST,1,Property Damage Only Collision,Cycles,2,0,1,1,0,0,0,2012-09-30T00:00:00.000Z,9/30/2012 6:06:00 PM,Mid-Block (not related to intersection),18.0,"MOTOR VEHICLE STRUCK PEDALCYCLIST, FRONT END AT ANGLE",,N,Clear or Partly Cloudy,Dry,Daylight,,,45,Vehicle - Pedalcyclist,0,N,Washington,47.60857370715878,-122.2872185753656
Intersection,6TH AVE AND UNIVERSITY ST,2,Injury Collision,Cycles,2,0,1,1,1,0,0,2012-01-03T00:00:00.000Z,1/3/2012 7:13:00 AM,At Intersection (intersection related),18.0,"MOTOR VEHICLE STRUCK PEDALCYCLIST, FRONT END AT ANGLE",,N,Overcast,Dry,Dark - Street Lights On,Y,,45,Vehicle - Pedalcyclist,522379,N,Washington,47.60916022051629,-122.33264019500679
Block,DELRIDGE WAY SW BETWEEN SW EDMUNDS ST AND SW HUDSON ST,2,Injury Collision,Cycles,2,0,1,1,1,0,0,2012-03-27T00:00:00.000Z,3/27/2012 8:35:00 PM,Mid-Block (not related to intersection),18.0,"MOTOR VEHICLE STRUCK PEDALCYCLIST, FRONT END AT ANGLE",,N,Raining,Wet,Dark - Street Lights On,,,45,Vehicle - Pedalcyclist,0,N,Washington,47.55837290692936,-122.36290716682484
Intersection,FAIRVIEW AVE E AND E GARFIELD ST,2,Injury Collision,Cycles,2,0,1,1,1,0,0,2012-03-22T00:00:00.000Z,3/22/2012 6:23:00 PM,At Intersection (intersection related),18.0,"MOTOR VEHICLE STRUCK PEDALCYCLIST, FRONT END AT ANGLE",,N,Clear or Partly Cloudy,Dry,Dusk,Y,,45,Vehicle - Pedalcyclist,0,N,Washington,47.63385963430894,-122.32692389050092
Intersection,MELROSE AVE AND PINE ST,2,Injury Collision,Cycles,2,0,1,1,1,0,0,2012-06-26T00:00:00.000Z,6/26/2012 9:48:00 PM,At Intersection (intersection related),51.0,PEDALCYCLIST STRUCK MOTOR VEHICLE FRONT END AT ANGLE,,N,Overcast,Dry,Daylight,Y,,45,Vehicle - Pedalcyclist,0,N,Washington,47.61523842026632,-122.32790375541016
Intersection,MELROSE AVE AND PINE ST,2,Injury Collision,Cycles,2,0,1,1,1,0,0,2012-04-09T00:00:00.000Z,4/9/2012 8:54:00 AM,At Intersection (intersection related),11.0,"MOTOR VEHICLE STRUCK MOTOR VEHICLE, FRONT END AT ANGLE",,N,Clear or Partly Cloudy,Dry,Daylight,Y,,45,Vehicle - Pedalcyclist,0,N,Washington,47.61523842026632,-122.32790375541016
Block,8TH AVE NW BETWEEN NW 84TH ST AND NW 85TH ST,2,Injury Collision,Cycles,2,0,1,1,1,0,0,2012-07-05T00:00:00.000Z,7/5/2012 2:40:00 PM,Mid-Block (not related to intersection),51.0,PEDALCYCLIST STRUCK MOTOR VEHICLE FRONT END AT ANGLE,,N,Clear or Partly Cloudy,Dry,Daylight,,,45,Vehicle - Pedalcyclist,0,N,Washington,47.690242161268074,-122.36599398058529
Intersection,COMSTOCK ST AND DEXTER AVE N,2,Injury Collision,Cycles,2,0,1,1,1,0,0,2012-10-11T00:00:00.000Z,10/11/2012 4:36:00 PM,At Intersection (intersection related),18.0,"MOTOR VEHICLE STRUCK PEDALCYCLIST, FRONT END AT ANGLE",,N,Clear or Partly Cloudy,Dry,Daylight,Y,,45,Vehicle - Pedalcyclist,0,N,Washington,47.63058627886626,-122.34229589449848
Intersection,EASTLAKE AVE E AND E BLAINE ST,2,Injury Collision,Cycles,2,0,1,1,1,0,0,2012-11-02T00:00:00.000Z,11/2/2012 8:07:00 AM,At Intersection (intersection related),18.0,"MOTOR VEHICLE STRUCK PEDALCYCLIST, FRONT END AT ANGLE",,N,Clear or Partly Cloudy,Dry,Daylight,Y,,45,Vehicle - Pedalcyclist,0,N,Washington,47.634865924174825,-122.32521590559557
Intersection,4TH AVE AND BATTERY ST,2,Injury Collision,Cycles,4,0,1,1,1,0,0,2012-11-29T00:00:00.000Z,11/29/2012 10:50:00 AM,At Intersection (intersection related),51.0,PEDALCYCLIST STRUCK MOTOR VEHICLE FRONT END AT ANGLE,,N,Raining,Wet,Daylight,,,45,Vehicle - Pedalcyclist,0,N,Washington,47.616137689707486,-122.34523488405077
Intersection,6TH AVE AND BLANCHARD ST,2,Injury Collision,Cycles,2,0,1,1,1,0,0,2012-12-14T00:00:00.000Z,12/14/2012 7:45:00 AM,At Intersection (intersection related),18.0,"MOTOR VEHICLE STRUCK PEDALCYCLIST, FRONT END AT ANGLE",,N,Overcast,Wet,Dawn,Y,,45,Vehicle - Pedalcyclist,521731,N,Washington,47.61592966981329,-122.3409150518552
Intersection,PHINNEY AVE N AND N 59TH ST,2,Injury Collision,Cycles,2,0,1,1,1,0,0,2012-12-06T00:00:00.000Z,12/6/2012 8:04:00 AM,At Intersection (intersection related),18.0,"MOTOR VEHICLE STRUCK PEDALCYCLIST, FRONT END AT ANGLE",,N,Raining,Wet,Daylight,Y,,45,Vehicle - Pedalcyclist,0,N,Washington,47.67179376301604,-122.354386568232
Block,BOREN AVE BETWEEN OLIVE WAY AND HOWELL ST,2,Injury Collision,Cycles,4,0,1,2,1,0,0,2012-05-13T00:00:00.000Z,5/13/2012 2:01:00 PM,Mid-Block (not related to intersection),18.0,"MOTOR VEHICLE STRUCK PEDALCYCLIST, FRONT END AT ANGLE",,N,Clear or Partly Cloudy,Dry,Daylight,,,45,Vehicle - Pedalcyclist,0,N,Washington,47.615809272954365,-122.3310720511192
Intersection,CALIFORNIA AVE SW AND SW HOLGATE ST,2,Injury Collision,Cycles,2,0,1,1,1,0,0,2012-01-31T00:00:00.000Z,1/31/2012 3:05:00 PM,At Intersection (intersection related),51.0,PEDALCYCLIST STRUCK MOTOR VEHICLE FRONT END AT ANGLE,,N,Overcast,Dry,Daylight,Y,,45,Vehicle - Pedalcyclist,0,N,Washington,47.586768162670346,-122.38632087575041
Intersection,BOYLSTON AVE E AND E OLIVE E WAY,2,Injury Collision,Cycles,2,0,1,1,1,0,0,2012-11-03T00:00:00.000Z,11/3/2012 10:58:00 PM,At Intersection (intersection related),18.0,"MOTOR VEHICLE STRUCK PEDALCYCLIST, FRONT END AT ANGLE",,N,Raining,Wet,Dark - Street Lights On,Y,,45,Vehicle - Pedalcyclist,0,N,Washington,47.619868826048155,-122.32307185169908
Intersection,14TH AVE AND E YESLER WAY,2,Injury Collision,Cycles,2,0,1,1,1,0,0,2012-09-24T00:00:00.000Z,9/24/2012 10:45:00 AM,At Intersection (intersection related),18.0,"MOTOR VEHICLE STRUCK PEDALCYCLIST, FRONT END AT ANGLE",,N,Clear or Partly Cloudy,,Daylight,,,45,Vehicle - Pedalcyclist,523818,N,Washington,47.60168875701373,-122.31416192561012
Intersection,11TH AVE NE AND NE 43RD ST,2,Injury Collision,Cycles,2,0,1,1,1,0,0,2012-03-15T00:00:00.000Z,3/15/2012 6:40:00 AM,At Intersection (intersection related),18.0,"MOTOR VEHICLE STRUCK PEDALCYCLIST, FRONT END AT ANGLE",,N,Raining,Wet,Dark - Street Lights On,Y,,45,Vehicle - Pedalcyclist,0,N,Washington,47.65983651446889,-122.31661695413544
Block,N CANAL ST BETWEEN 1ST AVE NW AND PHINNEY AVE N,2,Injury Collision,Cycles,2,0,1,1,1,0,0,2012-11-08T00:00:00.000Z,11/8/2012 7:17:00 AM,Mid-Block (not related to intersection),18.0,"MOTOR VEHICLE STRUCK PEDALCYCLIST, FRONT END AT ANGLE",,N,Clear or Partly Cloudy,Dry,Daylight,,,45,Vehicle - Pedalcyclist,0,N,Washington,47.65124576392816,-122.35617735699577
Block,MERIDIAN AVE N BETWEEN N NORTHLAKE WAY AND N 34TH ST,2,Injury Collision,Cycles,3,0,1,1,1,0,0,2012-03-08T00:00:00.000Z,3/8/2012 8:20:00 AM,Mid-Block (not related to intersection),18.0,"MOTOR VEHICLE STRUCK PEDALCYCLIST, FRONT END AT ANGLE",,N,Overcast,Dry,Daylight,Y,,45,Vehicle - Pedalcyclist,0,N,Washington,47.64744824079396,-122.33392032891355
Block,S CLOVERDALE ST BETWEEN 1ST AVE S AND CLOVERDALE ST OFF RP,2b,Serious Injury Collision,Cycles,3,0,1,1,1,1,0,2012-07-06T00:00:00.000Z,7/6/2012 8:28:00 AM,Mid-Block (but intersection related),54.0,PEDALCYCLIST STRUCK MOTOR VEHICLE REAR END,,N,Clear or Partly Cloudy,Dry,Daylight,,,45,Vehicle - Pedalcyclist,0,N,Washington,47.526793459245454,-122.33339076521581
Block,8TH AVE BETWEEN PINE ST AND OLIVE WAY,2,Injury Collision,Cycles,2,0,1,1,1,0,0,2012-10-08T00:00:00.000Z,10/8/2012 3:56:00 PM,Driveway Junction,18.0,"MOTOR VEHICLE STRUCK PEDALCYCLIST, FRONT END AT ANGLE",,N,Clear or Partly Cloudy,Dry,Daylight,Y,,45,Vehicle - Pedalcyclist,0,N,Washington,47.61355908110572,-122.33360568160315
Intersection,FREMONT AVE N AND N 100TH ST,1,Property Damage Only Collision,Cycles,2,0,1,1,0,0,0,2011-12-13T00:00:00.000Z,12/13/2011 5:16:00 PM,At Intersection (intersection related),18.0,"MOTOR VEHICLE STRUCK PEDALCYCLIST, FRONT END AT ANGLE",,N,Raining,Wet,Dark - Street Lights On,,,45,Vehicle - Pedalcyclist,0,N,Washington,47.70144567730818,-122.35003997256628
Block,2ND AVE BETWEEN UNIVERSITY ST AND UNION ST,2,Injury Collision,Cycles,3,0,1,1,1,0,0,2012-05-23T00:00:00.000Z,5/23/2012 5:18:00 PM,Mid-Block (not related to intersection),18.0,"MOTOR VEHICLE STRUCK PEDALCYCLIST, FRONT END AT ANGLE",,N,Clear or Partly Cloudy,Dry,Daylight,Y,,45,Vehicle - Pedalcyclist,0,N,Washington,47.60779444958214,-122.33754001043816
Intersection,ROOSEVELT WAY NE AND NE 40TH ALLEY ST,2,Injury Collision,Cycles,2,0,1,1,1,0,0,2012-10-02T00:00:00.000Z,10/2/2012 6:15:00 PM,At Intersection (intersection related),18.0,"MOTOR VEHICLE STRUCK PEDALCYCLIST, FRONT END AT ANGLE",,N,Clear or Partly Cloudy,Dry,Daylight,Y,,45,Vehicle - Pedalcyclist,0,N,Washington,47.656301849276886,-122.3178342374609
Block,HARVARD AVE E BETWEEN E GWINN PL AND E ALLISON ST,2,Injury Collision,Cycles,2,0,1,1,1,0,0,2011-07-09T00:00:00.000Z,7/9/2011 5:49:00 PM,Mid-Block (not related to intersection),54.0,PEDALCYCLIST STRUCK MOTOR VEHICLE REAR END,,N,Clear or Partly Cloudy,Dry,Daylight,Y,,45,Vehicle - Pedalcyclist,0,N,Washington,47.64826733836422,-122.3220999406227
Block,3RD AVE NE BETWEEN NE 115TH ST AND NE 116TH ST,2,Injury Collision,Cycles,5,0,1,1,1,0,0,2011-07-03T00:00:00.000Z,7/3/2011 6:56:00 PM,Mid-Block (not related to intersection),18.0,"MOTOR VEHICLE STRUCK PEDALCYCLIST, FRONT END AT ANGLE",,N,Clear or Partly Cloudy,Dry,Dusk,,,45,Vehicle - Pedalcyclist,0,N,Washington,47.71269928350435,-122.32606199223528
Intersection,ELLIOTT AVE W AND W GALER ST FLYOVER,1,Property Damage Only Collision,Cycles,2,0,1,1,0,0,0,2011-09-29T00:00:00.000Z,9/29/2011 5:47:00 AM,At Intersection (intersection related),18.0,"MOTOR VEHICLE STRUCK PEDALCYCLIST, FRONT END AT ANGLE",,N,Clear or Partly Cloudy,Dry,Dawn,Y,,45,Vehicle - Pedalcyclist,0,N,Washington,47.63147291759157,-122.37466289619232
Block,S HANFORD ST BETWEEN COLORADO AVE S AND UTAH AVE S,2,Injury Collision,Cycles,2,0,1,1,1,0,0,2012-10-23T00:00:00.000Z,10/23/2012 1:28:00 PM,Mid-Block (not related to intersection),51.0,PEDALCYCLIST STRUCK MOTOR VEHICLE FRONT END AT ANGLE,Y,N,Overcast,Dry,Daylight,,,45,Vehicle - Pedalcyclist,0,N,Washington,47.57557592567362,-122.33595959015479
Intersection,BOYLSTON AVE AND E PINE ST,2,Injury Collision,Cycles,2,0,1,1,1,0,0,2011-06-20T00:00:00.000Z,6/20/2011 10:21:00 AM,At Intersection (intersection related),18.0,"MOTOR VEHICLE STRUCK PEDALCYCLIST, FRONT END AT ANGLE",,N,Clear or Partly Cloudy,Dry,Daylight,,,45,Vehicle - Pedalcyclist,0,N,Washington,47.61523114208018,-122.32341547054027
Block,LAKE CITY WAY NE BETWEEN NE 85TH ST AND 20TH AVE NE,2,Injury Collision,Cycles,2,0,1,1,1,0,0,2012-12-27T00:00:00.000Z,12/27/2012 9:22:00 PM,Mid-Block (not related to intersection),21.0,"MOTOR VEHICLE STRUCK PEDALCYCLIST, REAR END",,N,Clear or Partly Cloudy,Wet,Dark - Street Lights On,,,45,Vehicle - Pedalcyclist,0,N,Washington,47.690773484323046,-122.30751049783969
Intersection,56TH AVE NE AND NE 70TH ST,2,Injury Collision,Cycles,2,0,1,1,1,0,0,2012-09-09T00:00:00.000Z,9/9/2012 5:46:00 PM,At Intersection (intersection related),18.0,"MOTOR VEHICLE STRUCK PEDALCYCLIST, FRONT END AT ANGLE",,N,Clear or Partly Cloudy,Dry,Daylight,Y,,45,Vehicle - Pedalcyclist,0,N,Washington,47.6793840110405,-122.26809877539007
Block,LINCOLN PARK WAY SW BETWEEN MURRAY AVE SW AND 47TH AVE SW,2,Injury Collision,Cycles,2,0,1,1,1,0,0,2012-12-30T00:00:00.000Z,12/30/2012 12:55:00 PM,Driveway Junction,18.0,"MOTOR VEHICLE STRUCK PEDALCYCLIST, FRONT END AT ANGLE",,N,Clear or Partly Cloudy,Dry,Daylight,Y,,45,Vehicle - Pedalcyclist,0,N,Washington,47.539355886591565,-122.39398721416391
Intersection,FEDERAL AVE E AND E HARRISON ST,2,Injury Collision,Cycles,4,0,1,1,1,0,0,2011-09-07T00:00:00.000Z,9/7/2011,At Intersection (intersection related),51.0,PEDALCYCLIST STRUCK MOTOR VEHICLE FRONT END AT ANGLE,,0,Clear or Partly Cloudy,Dry,Daylight,,,45,Vehicle - Pedalcyclist,0,N,Washington,47.62197703099618,-122.31887378385024
Intersection,7TH AVE S AND S JACKSON ST,2,Injury Collision,Cycles,2,0,1,1,1,0,0,2012-05-20T00:00:00.000Z,5/20/2012 4:17:00 PM,At Intersection (intersection related),18.0,"MOTOR VEHICLE STRUCK PEDALCYCLIST, FRONT END AT ANGLE",,N,Raining,Wet,Daylight,Y,,45,Vehicle - Pedalcyclist,0,N,Washington,47.59918859651812,-122.32375005348827
Intersection,NAGLE PL AND E PINE ST,2,Injury Collision,Cycles,3,0,1,1,1,0,0,2012-04-17T00:00:00.000Z,4/17/2012 5:27:00 PM,At Intersection (intersection related),18.0,"MOTOR VEHICLE STRUCK PEDALCYCLIST, FRONT END AT ANGLE",,N,Raining,Wet,Dark - No Street Lights,,Y,45,Vehicle - Pedalcyclist,0,N,Washington,47.61524085523932,-122.32001617622973
Intersection,15TH AVE AND E PINE ST,2,Injury Collision,Cycles,3,0,1,1,1,0,0,2011-03-16T00:00:00.000Z,3/16/2011 7:51:00 AM,At Intersection (intersection related),18.0,"MOTOR VEHICLE STRUCK PEDALCYCLIST, FRONT END AT ANGLE",,N,Clear or Partly Cloudy,Wet,Daylight,Y,,45,Vehicle - Pedalcyclist,0,N,Washington,47.615287035942295,-122.31276624756936
Intersection,7TH AVE S AND S DEARBORN ST,2,Injury Collision,Cycles,2,0,1,1,1,0,0,2012-07-06T00:00:00.000Z,7/6/2012 4:19:00 PM,At Intersection (intersection related),18.0,"MOTOR VEHICLE STRUCK PEDALCYCLIST, FRONT END AT ANGLE",,N,Clear or Partly Cloudy,Dry,Daylight,Y,,45,Vehicle - Pedalcyclist,0,N,Washington,47.59583330499116,-122.32376363084963
Intersection,HOWELL ST AND YALE AVE,2b,Serious Injury Collision,Cycles,2,0,1,1,1,1,0,2012-11-13T00:00:00.000Z,11/13/2012 8:36:00 AM,At Intersection (intersection related),51.0,PEDALCYCLIST STRUCK MOTOR VEHICLE FRONT END AT ANGLE,,N,Overcast,Wet,Daylight,,,45,Vehicle - Pedalcyclist,0,N,Washington,47.617504618104384,-122.32969878959469
Intersection,12TH AVE AND E YESLER WAY,2,Injury Collision,Cycles,2,0,1,1,1,0,0,2012-09-11T00:00:00.000Z,9/11/2012 4:38:00 PM,At Intersection (intersection related),51.0,PEDALCYCLIST STRUCK MOTOR VEHICLE FRONT END AT ANGLE,,N,Clear or Partly Cloudy,Dry,Daylight,,,45,Vehicle - Pedalcyclist,0,N,Washington,47.60169336783193,-122.31678189326038
Intersection,41ST AVE SW AND SW MORGAN ST,2,Injury Collision,Cycles,2,0,1,1,1,0,0,2012-09-25T00:00:00.000Z,9/25/2012 11:16:00 AM,At Intersection (intersection related),51.0,PEDALCYCLIST STRUCK MOTOR VEHICLE FRONT END AT ANGLE,,N,Clear or Partly Cloudy,Dry,Daylight,,,45,Vehicle - Pedalcyclist,0,N,Washington,47.54483670686781,-122.38445347159805
Block,E PINE ST BETWEEN 13TH AVE AND 14TH AVE,2,Injury Collision,Cycles,3,0,1,1,1,0,0,2012-07-21T00:00:00.000Z,7/21/2012 11:21:00 PM,Mid-Block (not related to intersection),14.0,"MOTOR VEHICLE STRUCK MOTOR VEHICLE, REAR END",,N,Clear or Partly Cloudy,Dry,Dark - Street Lights On,Y,,45,Vehicle - Pedalcyclist,0,N,Washington,47.61527742167881,-122.31489750182514
Block,5TH AVE BETWEEN PIKE ST AND PINE ST,1,Property Damage Only Collision,Cycles,3,0,1,1,0,0,0,2012-12-13T00:00:00.000Z,12/13/2012 6:28:00 PM,Mid-Block (not related to intersection),18.0,"MOTOR VEHICLE STRUCK PEDALCYCLIST, FRONT END AT ANGLE",,N,Raining,Wet,Dark - Street Lights On,,,45,Vehicle - Pedalcyclist,0,N,Washington,47.61117492748878,-122.33602906240742
Intersection,FAIRVIEW AVE N AND HARRISON ST,2,Injury Collision,Cycles,3,0,1,1,1,0,0,2012-08-18T00:00:00.000Z,8/18/2012 11:24:00 AM,At Intersection (intersection related),18.0,"MOTOR VEHICLE STRUCK PEDALCYCLIST, FRONT END AT ANGLE",,N,Overcast,Dry,Daylight,,,45,Vehicle - Pedalcyclist,522956,N,Washington,47.621999806101094,-122.33427421646746
Block,WILSON AVE S BETWEEN 50TH AVE S AND S FARRAR ST,2,Injury Collision,Cycles,2,0,1,1,1,0,0,2012-04-29T00:00:00.000Z,4/29/2012 1:36:00 PM,Mid-Block (not related to intersection),55.0,PEDALCYCLIST STRUCK MOTOR VEHICLE RIGHT SIDE SIDESWIPE,,N,Clear or Partly Cloudy,Dry,Daylight,,,45,Vehicle - Pedalcyclist,0,N,Washington,47.55631871907594,-122.27047436525513
Intersection,11TH AVE SW AND SW SPOKANE NR ST,2,Injury Collision,Cycles,2,0,1,1,1,0,0,2012-02-07T00:00:00.000Z,2/7/2012 7:01:00 AM,At Intersection (intersection related),51.0,PEDALCYCLIST STRUCK MOTOR VEHICLE FRONT END AT ANGLE,,N,Overcast,Dry,Daylight,,,45,Vehicle - Pedalcyclist,0,N,Washington,47.57165394163272,-122.34924289488659
Block,15TH AVE NE BETWEEN NE 47TH ST AND NE 50TH ST,2,Injury Collision,Cycles,2,0,1,1,1,0,0,2012-04-25T00:00:00.000Z,4/25/2012 5:27:00 PM,Mid-Block (not related to intersection),23.0,"MOTOR VEHICLE STRUCK PEDALCYCLIST, LEFT SIDE SIDESWIPE",Y,N,Raining,Wet,Daylight,,,45,Vehicle - Pedalcyclist,0,N,Washington,47.66398686050389,-122.31195157768221
Block,S KING ST BETWEEN 10TH AVE S AND 12TH AVE S,2,Injury Collision,Cycles,2,0,1,1,1,0,0,2012-06-25T00:00:00.000Z,6/25/2012 11:28:00 AM,Mid-Block (not related to intersection),18.0,"MOTOR VEHICLE STRUCK PEDALCYCLIST, FRONT END AT ANGLE",,N,Clear or Partly Cloudy,Dry,Daylight,Y,,45,Vehicle - Pedalcyclist,0,N,Washington,47.59834276239988,-122.31843780728119
Intersection,9TH AVE NW AND NW 45TH ST,2,Injury Collision,Cycles,2,0,1,1,1,0,0,2012-03-09T00:00:00.000Z,3/9/2012 5:30:00 PM,At Intersection (intersection related),18.0,"MOTOR VEHICLE STRUCK PEDALCYCLIST, FRONT END AT ANGLE",,N,Unknown,Unknown,Dusk,Y,,45,Vehicle - Pedalcyclist,630875,N,Washington,47.661466928808316,-122.36861555357004
Block,DEXTER AVE N BETWEEN GALER ST AND GARFIELD S ST,2,Injury Collision,Cycles,2,0,1,1,1,0,0,2012-07-09T00:00:00.000Z,7/9/2012 4:38:00 PM,Mid-Block (but intersection related),18.0,"MOTOR VEHICLE STRUCK PEDALCYCLIST, FRONT END AT ANGLE",Y,N,Clear or Partly Cloudy,Dry,Daylight,Y,,45,Vehicle - Pedalcyclist,0,N,Washington,47.63264823377836,-122.34228187849388
Intersection,6TH AVE AND YESLER WAY,2,Injury Collision,Cycles,2,0,1,1,1,0,0,2012-12-19T00:00:00.000Z,12/19/2012 10:07:00 PM,At Intersection (intersection related),18.0,"MOTOR VEHICLE STRUCK PEDALCYCLIST, FRONT END AT ANGLE",,N,Raining,Wet,Dark - Street Lights On,Y,,45,Vehicle - Pedalcyclist,0,N,Washington,47.60170997000567,-122.3263508260635
Intersection,TROLL AVE N AND N 34TH ST,2,Injury Collision,Cycles,2,0,1,1,1,0,0,2012-05-18T00:00:00.000Z,5/18/2012 3:42:00 PM,At Intersection (intersection related),18.0,"MOTOR VEHICLE STRUCK PEDALCYCLIST, FRONT END AT ANGLE",,N,Clear or Partly Cloudy,Dry,Daylight,Y,,45,Vehicle - Pedalcyclist,0,N,Washington,47.64924012162934,-122.34741874332344
Block,E MADISON ST BETWEEN 22ND AVE E AND 23RD AVE E,2,Injury Collision,Cycles,1,0,1,0,1,0,0,2012-05-13T00:00:00.000Z,5/13/2012 1:31:00 PM,Mid-Block (not related to intersection),69.0,PEDALCYCLIST OVERTURNED IN ROAD,,N,Clear or Partly Cloudy,Dry,Daylight,,,45,Vehicle - Pedalcyclist,0,N,Washington,47.618794494604074,-122.30310023323831
Intersection,INTERLAKE AVE N AND N 100TH ST,2,Injury Collision,Cycles,2,0,1,1,1,0,0,2012-02-27T00:00:00.000Z,2/27/2012 9:00:00 AM,At Intersection (intersection related),18.0,"MOTOR VEHICLE STRUCK PEDALCYCLIST, FRONT END AT ANGLE",,N,Clear or Partly Cloudy,Dry,Daylight,,,45,Vehicle - Pedalcyclist,0,N,Washington,47.70141980978535,-122.34060000387959
Block,E DENNY WAY BETWEEN MELROSE AVE AND BELLEVUE AVE,2,Injury Collision,Cycles,2,0,1,1,1,0,0,2012-01-13T00:00:00.000Z,1/13/2012 1:42:00 AM,Mid-Block (not related to intersection),18.0,"MOTOR VEHICLE STRUCK PEDALCYCLIST, FRONT END AT ANGLE",,N,Clear or Partly Cloudy,Dry,Dark - Street Lights On,,,45,Vehicle - Pedalcyclist,0,N,Washington,47.618494701867675,-122.32729177860695
Intersection,BEACON ER AVE S AND S GRAHAM ST,2,Injury Collision,Cycles,2,0,1,1,1,0,0,2012-12-22T00:00:00.000Z,12/22/2012 8:51:00 AM,At Intersection (intersection related),51.0,PEDALCYCLIST STRUCK MOTOR VEHICLE FRONT END AT ANGLE,,Y,Raining,Wet,Daylight,,,45,Vehicle - Pedalcyclist,524751,N,Washington,47.54637207738593,-122.300332042484
Intersection,32ND AVE E AND E MADISON ST,2,Injury Collision,Cycles,2,0,1,1,1,0,0,2012-09-18T00:00:00.000Z,9/18/2012 9:30:00 AM,At Intersection (intersection related),18.0,"MOTOR VEHICLE STRUCK PEDALCYCLIST, FRONT END AT ANGLE",,N,Clear or Partly Cloudy,Dry,Daylight,Y,,45,Vehicle - Pedalcyclist,0,N,Washington,47.62703978304843,-122.29092939019993