addrtype,location,severitycode,severitydesc,collisiontype,personcount,pedcount,pedcylcount,vehcount,injuries,seriousinjuries,fatalities,incdate,incdttm,junctiontype,sdot_colcode,sdot_coldesc,inattentionind,underinfl,weather,roadcond,lightcond,pedrownotgrnt,speeding,st_colcode,st_coldesc,crosswalkkey,hitparkedcar,state,latitude,longitude
Block,E PINE ST BETWEEN CRAWFORD PL AND SUMMIT AVE,2,Injury Collision,Cycles,2,0,1,1,1,0,0,2012-09-14T00:00:00.000Z,9/14/2012 5:44:00 PM,Mid-Block (not related to intersection),23.0,"MOTOR VEHICLE STRUCK PEDALCYCLIST, LEFT SIDE SIDESWIPE",Y,N,Clear or Partly Cloudy,Dry,Daylight,,,45,Vehicle - Pedalcyclist,0,N,Washington,47.61521674301635,-122.32585965222091
Intersection,21ST AVE E AND E JOHN ST,2,Injury Collision,Cycles,3,0,1,1,1,0,0,2012-08-02T00:00:00.000Z,8/2/2012 6:20:00 PM,At Intersection (intersection related),18.0,"MOTOR VEHICLE STRUCK PEDALCYCLIST, FRONT END AT ANGLE",,N,Clear or Partly Cloudy,Dry,Daylight,Y,,45,Vehicle - Pedalcyclist,0,N,Washington,47.62021877128464,-122.30473948507908
Intersection,WOODLAND PARK AVE N AND N 34TH ST,2,Injury Collision,Cycles,3,0,1,2,1,0,0,2012-09-07T00:00:00.000Z,9/7/2012 8:33:00 AM,At Intersection (intersection related),18.0,"MOTOR VEHICLE STRUCK PEDALCYCLIST, FRONT END AT ANGLE",,N,Clear or Partly Cloudy,Dry,Daylight,Y,,45,Vehicle - Pedalcyclist,0,N,Washington,47.64873286269425,-122.34404151969566
Block,NE CAMPUS EB PY BETWEEN BROOKLYN AVE NE AND UNIVERSITY WAY NE,2,Injury Collision,Cycles,2,0,1,1,1,0,0,2012-08-24T00:00:00.000Z,8/24/2012 6:27:00 AM,Mid-Block (not related to intersection),21.0,"MOTOR VEHICLE STRUCK PEDALCYCLIST, REAR END",,N,Clear or Partly Cloudy,Wet,Daylight,,,45,Vehicle - Pedalcyclist,0,N,Washington,47.6559938514835,-122.3138483858306
Intersection,22ND AVE NE AND NE 54TH ST,2,Injury Collision,Cycles,2,0,1,1,1,0,0,2012-09-30T00:00:00.000Z,9/30/2012 5:25:00 PM,At Intersection (intersection related),18.0,"MOTOR VEHICLE STRUCK PEDALCYCLIST, FRONT END AT ANGLE",,N,Clear or Partly Cloudy,Dry,Daylight,,,45,Vehicle - Pedalcyclist,630865,N,Washington,47.6679592435925,-122.30373895064542
Block,PIKE ST BETWEEN TERRY AVE AND BOREN AVE,2,Injury Collision,Cycles,2,0,1,1,1,0,0,2012-06-02T00:00:00.000Z,6/2/2012 11:29:00 AM,Mid-Block (not related to intersection),51.0,PEDALCYCLIST STRUCK MOTOR VEHICLE FRONT END AT ANGLE,,N,Clear or Partly Cloudy,Dry,Daylight,,,45,Vehicle - Pedalcyclist,0,N,Washington,47.61323289747755,-122.32947079020713
Intersection,LAKE CITY WAY NE AND NE NORTHGATE WAY,2,Injury Collision,Cycles,2,0,1,1,1,0,0,2012-11-03T00:00:00.000Z,11/3/2012 10:47:00 PM,At Intersection (intersection related),18.0,"MOTOR VEHICLE STRUCK PEDALCYCLIST, FRONT END AT ANGLE",Y,N,Raining,Wet,Dark - Street Lights On,Y,,45,Vehicle - Pedalcyclist,524516,N,Washington,47.71041993354625,-122.30047246127451
Intersection,N 36TH ST AND N PACIFIC ST,2,Injury Collision,Cycles,2,0,1,1,1,0,0,2012-11-13T00:00:00.000Z,11/13/2012 6:53:00 PM,At Intersection (intersection related),18.0,"MOTOR VEHICLE STRUCK PEDALCYCLIST, FRONT END AT ANGLE",,N,Raining,Wet,Dark - Street Lights Off,Y,,45,Vehicle - Pedalcyclist,0,N,Washington,47.65050201505337,-122.33154340410557
Intersection,25TH AVE NE AND NE BLAKELEY ST,1,Property Damage Only Collision,Cycles,2,0,1,1,0,0,0,2012-10-22T00:00:00.000Z,10/22/2012 7:25:00 AM,At Intersection (intersection related),18.0,"MOTOR VEHICLE STRUCK PEDALCYCLIST, FRONT END AT ANGLE",,N,Clear or Partly Cloudy,Dry,Daylight,Y,,45,Vehicle - Pedalcyclist,521604,N,Washington,47.66626671821327,-122.30060498001896
Intersection,4TH AVE N AND BROAD ST,2,Injury Collision,Cycles,2,0,1,1,1,0,0,2012-04-07T00:00:00.000Z,4/7/2012 8:46:00 AM,At Intersection (intersection related),18.0,"MOTOR VEHICLE STRUCK PEDALCYCLIST, FRONT END AT ANGLE",,N,Clear or Partly Cloudy,Dry,Daylight,Y,,45,Vehicle - Pedalcyclist,522835,N,Washington,47.619743913370044,-122.34885893897837
Intersection,15TH AVE S AND S HOLGATE ST,2,Injury Collision,Cycles,3,0,1,1,1,0,0,2012-04-04T00:00:00.000Z,4/4/2012 5:29:00 PM,At Intersection (intersection related),51.0,PEDALCYCLIST STRUCK MOTOR VEHICLE FRONT END AT ANGLE,,N,Clear or Partly Cloudy,Dry,Daylight,Y,,45,Vehicle - Pedalcyclist,0,N,Washington,47.586362679013384,-122.31336274842444
Intersection,24TH AVE NW AND NW 59TH ST,1,Property Damage Only Collision,Angles,2,0,1,1,0,0,0,2012-11-30T00:00:00.000Z,11/30/2012 7:30:00 AM,At Intersection (intersection related),18.0,"MOTOR VEHICLE STRUCK PEDALCYCLIST, FRONT END AT ANGLE",,N,Overcast,Wet,Daylight,Y,,10,Entering at angle,0,N,Washington,47.67164521735136,-122.38758724512077
Intersection,ALASKAN WAY S AND S JACKSON ST,2,Injury Collision,Cycles,2,0,1,1,1,0,0,2012-09-07T00:00:00.000Z,9/7/2012 3:40:00 PM,At Intersection (intersection related),18.0,"MOTOR VEHICLE STRUCK PEDALCYCLIST, FRONT END AT ANGLE",,N,Clear or Partly Cloudy,Dry,Daylight,Y,,45,Vehicle - Pedalcyclist,0,N,Washington,47.59920773944924,-122.33590886608202
Intersection,EASTLAKE AVE E AND E BLAINE ST,2,Injury Collision,Cycles,2,0,1,1,1,0,0,2012-10-02T00:00:00.000Z,10/2/2012 8:56:00 AM,At Intersection (intersection related),18.0,"MOTOR VEHICLE STRUCK PEDALCYCLIST, FRONT END AT ANGLE",,N,Overcast,Dry,Daylight,Y,,45,Vehicle - Pedalcyclist,0,N,Washington,47.634865924174825,-122.32521590559557
Block,MONTLAKE BLVD NE BETWEEN NE PACIFIC PL AND 25TH AVE NE,2,Injury Collision,Cycles,4,0,1,1,1,0,0,2012-04-05T00:00:00.000Z,4/5/2012 9:06:00 PM,Driveway Junction,51.0,PEDALCYCLIST STRUCK MOTOR VEHICLE FRONT END AT ANGLE,,N,Clear or Partly Cloudy,Dry,Dark - Street Lights On,Y,,45,Vehicle - Pedalcyclist,630868,N,Washington,47.65499388374814,-122.30232943749151
Block,4TH AVE BETWEEN PIKE ST AND PINE ST,2,Injury Collision,Cycles,2,0,1,1,1,0,0,2012-03-08T00:00:00.000Z,3/8/2012 5:12:00 PM,Mid-Block (not related to intersection),55.0,PEDALCYCLIST STRUCK MOTOR VEHICLE RIGHT SIDE SIDESWIPE,,N,Clear or Partly Cloudy,Dry,Daylight,,,45,Vehicle - Pedalcyclist,0,N,Washington,47.610709437771796,-122.33713689285065
Block,8TH AVE NW BETWEEN NW 65TH ST AND NW 67TH ST,2,Injury Collision,Cycles,3,0,1,1,1,0,0,2012-04-11T00:00:00.000Z,4/11/2012 8:35:00 AM,Mid-Block (not related to intersection),18.0,"MOTOR VEHICLE STRUCK PEDALCYCLIST, FRONT END AT ANGLE",,N,Overcast,Dry,Daylight,Y,,45,Vehicle - Pedalcyclist,0,N,Washington,47.67687652210623,-122.36602182970276
Intersection,4TH AVE S AND S JACKSON ST,1,Property Damage Only Collision,Cycles,2,0,1,1,0,0,0,2012-09-08T00:00:00.000Z,9/8/2012 6:25:00 PM,At Intersection (intersection related),51.0,PEDALCYCLIST STRUCK MOTOR VEHICLE FRONT END AT ANGLE,,N,Clear or Partly Cloudy,Dry,Daylight,,,45,Vehicle - Pedalcyclist,524973,N,Washington,47.59919688966549,-122.32896751464877
Intersection,11TH AVE NE AND NE 42ND ST,2,Injury Collision,Cycles,3,0,1,1,1,0,0,2012-10-11T00:00:00.000Z,10/11/2012 10:02:00 PM,At Intersection (intersection related),51.0,PEDALCYCLIST STRUCK MOTOR VEHICLE FRONT END AT ANGLE,,Y,Clear or Partly Cloudy,Dry,Dark - Street Lights On,,,45,Vehicle - Pedalcyclist,0,N,Washington,47.6583559542751,-122.31665565908095
Intersection,FISHERMAN TERM DR AND W EMERSON PL,2,Injury Collision,Cycles,2,0,1,1,1,0,0,2012-07-14T00:00:00.000Z,7/14/2012 2:24:00 PM,At Intersection (intersection related),18.0,"MOTOR VEHICLE STRUCK PEDALCYCLIST, FRONT END AT ANGLE",,N,Clear or Partly Cloudy,Dry,Daylight,Y,,45,Vehicle - Pedalcyclist,525463,N,Washington,47.654229877693815,-122.38118804680987
Intersection,12TH AVE AND E PIKE ST,1,Property Damage Only Collision,Cycles,2,0,1,1,0,0,0,2012-02-28T00:00:00.000Z,2/28/2012 6:35:00 PM,At Intersection (intersection related),18.0,"MOTOR VEHICLE STRUCK PEDALCYCLIST, FRONT END AT ANGLE",Y,N,Raining,Wet,Dark - Street Lights On,,,45,Vehicle - Pedalcyclist,0,N,Washington,47.61410376891479,-122.31683584924204
Intersection,ASHWORTH AVE N AND N 120TH ST,1,Property Damage Only Collision,Cycles,2,0,1,1,0,0,0,2012-06-11T00:00:00.000Z,6/11/2012 9:10:00 PM,At Intersection (intersection related),51.0,PEDALCYCLIST STRUCK MOTOR VEHICLE FRONT END AT ANGLE,,N,Clear or Partly Cloudy,Dry,Dusk,Y,,45,Vehicle - Pedalcyclist,0,N,Washington,47.71593697043055,-122.33949692036688
Block,ALASKAN WAY BETWEEN MADISON ST AND SPRING ST,2,Injury Collision,Cycles,6,0,1,2,3,0,0,2012-04-26T00:00:00.000Z,4/26/2012 5:26:00 PM,Mid-Block (not related to intersection),18.0,"MOTOR VEHICLE STRUCK PEDALCYCLIST, FRONT END AT ANGLE",,N,Clear or Partly Cloudy,Dry,Daylight,,,45,Vehicle - Pedalcyclist,0,N,Washington,47.604133364412405,-122.33875643522472
Intersection,43RD AVE S AND RENTON AVE S,2,Injury Collision,Cycles,2,0,1,1,1,0,0,2012-07-28T00:00:00.000Z,7/28/2012 9:00:00 PM,At Intersection (intersection related),18.0,"MOTOR VEHICLE STRUCK PEDALCYCLIST, FRONT END AT ANGLE",Y,N,Clear or Partly Cloudy,Dry,Dusk,Y,,45,Vehicle - Pedalcyclist,0,N,Washington,47.53337870212292,-122.27885219496633
Intersection,GREENWOOD AVE N AND N 95TH ST,2,Injury Collision,Cycles,2,0,1,1,1,0,0,2012-02-09T00:00:00.000Z,2/9/2012 9:38:00 PM,At Intersection (intersection related),18.0,"MOTOR VEHICLE STRUCK PEDALCYCLIST, FRONT END AT ANGLE",,N,Overcast,Wet,Dark - Street Lights On,Y,,45,Vehicle - Pedalcyclist,0,N,Washington,47.697838599351385,-122.35537701049714
Intersection,BROAD ST AND VALLEY ST,2,Injury Collision,Cycles,2,0,1,1,1,0,0,2012-09-25T00:00:00.000Z,9/25/2012 5:10:00 PM,At Intersection (intersection related),18.0,"MOTOR VEHICLE STRUCK PEDALCYCLIST, FRONT END AT ANGLE",,N,Clear or Partly Cloudy,Dry,Daylight,Y,,45,Vehicle - Pedalcyclist,523374,N,Washington,47.6257957692013,-122.33863455026258
Intersection,MERCER ST AND TAYLOR AVE N,2,Injury Collision,Cycles,2,0,1,1,1,0,0,2012-05-29T00:00:00.000Z,5/29/2012 2:17:00 PM,At Intersection (intersection related),24.0,MOTOR VEHCILE STRUCK PEDESTRIAN,,N,Clear or Partly Cloudy,Dry,Daylight,Y,,45,Vehicle - Pedalcyclist,630861,N,Washington,47.624558047947815,-122.34626626345265
Intersection,ROOSEVELT WAY NE AND NE 67TH ST,2,Injury Collision,Cycles,2,0,1,1,1,0,0,2012-05-11T00:00:00.000Z,5/11/2012 6:24:00 PM,At Intersection (intersection related),18.0,"MOTOR VEHICLE STRUCK PEDALCYCLIST, FRONT END AT ANGLE",,N,Clear or Partly Cloudy,Dry,Daylight,,,45,Vehicle - Pedalcyclist,0,N,Washington,47.67728332876525,-122.31738326430978
Intersection,AURORA AVE N AND GREEN LAKE DR N,2,Injury Collision,Cycles,2,0,1,1,1,0,0,2012-07-05T00:00:00.000Z,7/5/2012 6:57:00 AM,At Intersection (intersection related),18.0,"MOTOR VEHICLE STRUCK PEDALCYCLIST, FRONT END AT ANGLE",,N,Clear or Partly Cloudy,Dry,Daylight,,,45,Vehicle - Pedalcyclist,0,N,Washington,47.68911276551052,-122.3445144354172
Block,15TH NB AVE NW BETWEEN NW 46TH ST AND NW BALLARD WAY,2,Injury Collision,Cycles,1,0,1,0,1,0,0,2012-05-11T00:00:00.000Z,5/11/2012 11:55:00 PM,Mid-Block (not related to intersection),66.0,PEDALCYCLIST STRUCK OBJECT IN ROAD,,N,Clear or Partly Cloudy,Ice,Dark - Street Lights On,,,45,Vehicle - Pedalcyclist,0,N,Washington,47.66256719382965,-122.37611338269087
Block,2ND AVE BETWEEN UNION ST AND PIKE ST,1,Property Damage Only Collision,Cycles,2,0,1,1,0,0,0,2012-04-23T00:00:00.000Z,4/23/2012 4:21:00 PM,Mid-Block (not related to intersection),54.0,PEDALCYCLIST STRUCK MOTOR VEHICLE REAR END,,N,Clear or Partly Cloudy,Dry,Daylight,,,45,Vehicle - Pedalcyclist,0,N,Washington,47.60878749220817,-122.33844845839597
Intersection,3RD AVE NW AND NW 103RD S ST,2,Injury Collision,Cycles,3,0,1,1,1,0,0,2012-09-25T00:00:00.000Z,9/25/2012 5:35:00 PM,At Intersection (intersection related),51.0,PEDALCYCLIST STRUCK MOTOR VEHICLE FRONT END AT ANGLE,,N,Clear or Partly Cloudy,Dry,Daylight,,,45,Vehicle - Pedalcyclist,0,N,Washington,47.70348590375178,-122.36075148497582
Block,2ND AVE BETWEEN PIKE ST AND PINE ST,2,Injury Collision,Cycles,2,0,1,1,1,0,0,2012-09-29T00:00:00.000Z,9/29/2012 11:47:00 AM,Driveway Junction,18.0,"MOTOR VEHICLE STRUCK PEDALCYCLIST, FRONT END AT ANGLE",,N,Clear or Partly Cloudy,Dry,Daylight,,,45,Vehicle - Pedalcyclist,0,N,Washington,47.609780570210454,-122.33935700687486
Intersection,RAINIER AVE S AND S HENDERSON ST,2,Injury Collision,Cycles,3,0,2,1,2,0,0,2012-07-14T00:00:00.000Z,7/14/2012 8:00:00 PM,At Intersection (intersection related),18.0,"MOTOR VEHICLE STRUCK PEDALCYCLIST, FRONT END AT ANGLE",,N,Clear or Partly Cloudy,Dry,Daylight,Y,,45,Vehicle - Pedalcyclist,525149,N,Washington,47.52330726789338,-122.26998603945191
Intersection,GREENWOOD AVE N AND HOLMAN RD N,2b,Serious Injury Collision,Cycles,2,0,1,1,1,1,0,2012-08-21T00:00:00.000Z,8/21/2012 1:42:00 PM,At Intersection (intersection related),18.0,"MOTOR VEHICLE STRUCK PEDALCYCLIST, FRONT END AT ANGLE",,N,Clear or Partly Cloudy,Dry,Daylight,,,45,Vehicle - Pedalcyclist,522663,N,Washington,47.70508354117376,-122.35545274592478
Intersection,BOYLSTON AVE E AND LAKEVIEW S BV E,2,Injury Collision,Cycles,2,0,1,1,1,0,0,2012-10-16T00:00:00.000Z,10/16/2012 10:07:00 PM,At Intersection (intersection related),51.0,PEDALCYCLIST STRUCK MOTOR VEHICLE FRONT END AT ANGLE,,N,Clear or Partly Cloudy,Dry,Dark - No Street Lights,,,45,Vehicle - Pedalcyclist,0,N,Washington,47.63307868667327,-122.32263290916949
Block,EASTLAKE AVE E BETWEEN HARVARD AVE E AND FUHRMAN AVE E,2,Injury Collision,Cycles,2,0,1,1,1,0,0,2012-08-16T00:00:00.000Z,8/16/2012 11:26:00 AM,Driveway Junction,18.0,"MOTOR VEHICLE STRUCK PEDALCYCLIST, FRONT END AT ANGLE",,N,Clear or Partly Cloudy,Dry,Daylight,Y,Y,45,Vehicle - Pedalcyclist,0,N,Washington,47.65104751116883,-122.32168580219019
Intersection,20TH AVE AND E MADISON ST,2,Injury Collision,Cycles,2,0,1,1,1,0,0,2012-05-27T00:00:00.000Z,5/27/2012 10:36:00 AM,At Intersection (intersection related),18.0,"MOTOR VEHICLE STRUCK PEDALCYCLIST, FRONT END AT ANGLE",,N,Clear or Partly Cloudy,Dry,Daylight,,,45,Vehicle - Pedalcyclist,0,N,Washington,47.617263315915444,-122.3061364414528
Intersection,FREMONT AVE N AND N 34TH ST,2,Injury Collision,Cycles,2,0,1,1,1,0,0,2012-11-06T00:00:00.000Z,11/6/2012 8:38:00 AM,At Intersection (intersection related),18.0,"MOTOR VEHICLE STRUCK PEDALCYCLIST, FRONT END AT ANGLE",,N,Clear or Partly Cloudy,Dry,Daylight,Y,,45,Vehicle - Pedalcyclist,0,N,Washington,47.64958972852735,-122.34974744884168
Block,S KING ST BETWEEN CANTON AL S AND 8TH AVE S,2,Injury Collision,Head On,2,0,1,1,1,0,0,2012-11-30T00:00:00.000Z,11/30/2012 11:16:00 AM,Mid-Block (not related to intersection),18.0,"MOTOR VEHICLE STRUCK PEDALCYCLIST, FRONT END AT ANGLE",,N,Raining,Wet,Daylight,,,30,From opposite direction - all others,0,N,Washington,47.59834763222946,-122.32277457028314
Block,E GALER ST BETWEEN 15TH AVE E AND GRANDVIEW PL E,2,Injury Collision,Cycles,3,0,1,1,1,0,0,2012-08-12T00:00:00.000Z,8/12/2012 3:40:00 PM,Mid-Block (not related to intersection),14.0,"MOTOR VEHICLE STRUCK MOTOR VEHICLE, REAR END",,N,Clear or Partly Cloudy,Dry,Daylight,,,45,Vehicle - Pedalcyclist,0,N,Washington,47.63233209172736,-122.31221261425577
Block,2ND AVE BETWEEN UNION ST AND PIKE ST,2,Injury Collision,Cycles,2,0,1,1,1,0,0,2012-08-21T00:00:00.000Z,8/21/2012 8:57:00 AM,Driveway Junction,18.0,"MOTOR VEHICLE STRUCK PEDALCYCLIST, FRONT END AT ANGLE",,N,Clear or Partly Cloudy,Dry,Daylight,Y,,45,Vehicle - Pedalcyclist,0,N,Washington,47.60878749220817,-122.33844845839597
Block,NW 58TH ST BETWEEN 22ND AVE NW AND 24TH AVE NW,2,Injury Collision,Cycles,3,0,1,1,1,0,0,2012-09-19T00:00:00.000Z,9/19/2012 5:49:00 PM,Driveway Junction,51.0,PEDALCYCLIST STRUCK MOTOR VEHICLE FRONT END AT ANGLE,,N,Clear or Partly Cloudy,Dry,Daylight,,,45,Vehicle - Pedalcyclist,0,N,Washington,47.6709142081892,-122.38616291837043
Block,LAKE CITY WAY NE BETWEEN NE 92ND ST AND RAVENNA WR AVE NE,2,Injury Collision,Cycles,2,0,1,1,1,0,0,2012-10-13T00:00:00.000Z,10/13/2012 10:29:00 PM,Mid-Block (not related to intersection),51.0,PEDALCYCLIST STRUCK MOTOR VEHICLE FRONT END AT ANGLE,,Y,Overcast,Wet,Dark - Street Lights On,,,45,Vehicle - Pedalcyclist,0,N,Washington,47.69598907645614,-122.30571619452208
Intersection,37TH AVE NE AND NE 57TH ST,2,Injury Collision,Cycles,3,0,1,1,2,0,0,2012-10-26T00:00:00.000Z,10/26/2012 9:18:00 AM,At Intersection (intersection related),51.0,PEDALCYCLIST STRUCK MOTOR VEHICLE FRONT END AT ANGLE,Y,N,Overcast,Wet,Daylight,,,45,Vehicle - Pedalcyclist,0,N,Washington,47.670319898101646,-122.28798868961557
Intersection,6TH AVE AND PINE ST,2,Injury Collision,Cycles,2,0,1,1,1,0,0,2012-07-20T00:00:00.000Z,7/20/2012 2:31:00 PM,At Intersection (intersection related),51.0,PEDALCYCLIST STRUCK MOTOR VEHICLE FRONT END AT ANGLE,,N,Overcast,Wet,Daylight,Y,,45,Vehicle - Pedalcyclist,0,N,Washington,47.6121364586989,-122.33537313665079
Intersection,33RD AVE NE AND NE 65TH ST,2,Injury Collision,Cycles,2,0,1,1,1,0,0,2012-07-21T00:00:00.000Z,7/21/2012 4:50:00 PM,At Intersection (intersection related),51.0,PEDALCYCLIST STRUCK MOTOR VEHICLE FRONT END AT ANGLE,,N,Clear or Partly Cloudy,Dry,Daylight,Y,,45,Vehicle - Pedalcyclist,0,N,Washington,47.67578182309843,-122.2922084205249
Block,MADISON ST BETWEEN 9TH AVE AND TERRY AVE,2,Injury Collision,Cycles,0,0,1,1,1,0,0,2012-05-01T00:00:00.000Z,5/1/2012 7:56:00 AM,Mid-Block (not related to intersection),18.0,"MOTOR VEHICLE STRUCK PEDALCYCLIST, FRONT END AT ANGLE",,N,Clear or Partly Cloudy,Dry,Daylight,,,45,Vehicle - Pedalcyclist,0,N,Washington,47.60864031029777,-122.32680704202083
Block,N NORTHGATE WAY BETWEEN MERIDIAN AVE N AND CORLISS AVE N,2,Injury Collision,Cycles,2,0,1,1,1,0,0,2012-04-04T00:00:00.000Z,4/4/2012 7:20:00 PM,Driveway Junction,24.0,MOTOR VEHCILE STRUCK PEDESTRIAN,,N,Clear or Partly Cloudy,Dry,Daylight,Y,,45,Vehicle - Pedalcyclist,0,N,Washington,47.708654515714905,-122.3326553754476
Intersection,WOODLAWN AVE NE AND NE RAVENNA WB BV,2,Injury Collision,Cycles,2,0,1,1,1,0,0,2012-09-19T00:00:00.000Z,9/19/2012 6:14:00 PM,At Intersection (intersection related),18.0,"MOTOR VEHICLE STRUCK PEDALCYCLIST, FRONT END AT ANGLE",Y,N,Clear or Partly Cloudy,Dry,Daylight,,,45,Vehicle - Pedalcyclist,0,N,Washington,47.6790278637767,-122.3248283985514
Intersection,STONE WAY N AND N 40TH ST,2,Injury Collision,Cycles,2,0,1,1,1,0,0,2012-07-23T00:00:00.000Z,7/23/2012 10:25:00 PM,At Intersection (intersection related),51.0,PEDALCYCLIST STRUCK MOTOR VEHICLE FRONT END AT ANGLE,,N,Clear or Partly Cloudy,Dry,Dark - Street Lights On,,,45,Vehicle - Pedalcyclist,0,N,Washington,47.655382876420056,-122.34243924105127
Intersection,29TH AVE AND E JEFFERSON ST,2,Injury Collision,Cycles,2,0,1,1,1,0,0,2012-10-06T00:00:00.000Z,10/6/2012 4:36:00 PM,At Intersection (intersection related),21.0,"MOTOR VEHICLE STRUCK PEDALCYCLIST, REAR END",,N,Clear or Partly Cloudy,Dry,Daylight,,,45,Vehicle - Pedalcyclist,0,N,Washington,47.60617002550706,-122.29491562396572
Block,34TH AVE W BETWEEN W EMERSON ST AND W THURMAN ST,2,Injury Collision,Cycles,2,0,1,1,1,0,0,2012-09-17T00:00:00.000Z,9/17/2012 6:23:00 PM,Mid-Block (not related to intersection),21.0,"MOTOR VEHICLE STRUCK PEDALCYCLIST, REAR END",,N,Clear or Partly Cloudy,Dry,Daylight,,,45,Vehicle - Pedalcyclist,0,N,Washington,47.65495987084718,-122.4008978715137
Block,9TH AVE N BETWEEN JOHN ST AND THOMAS ST,2,Injury Collision,Cycles,3,0,1,1,1,0,0,2012-05-01T00:00:00.000Z,5/1/2012 4:51:00 PM,Mid-Block (not related to intersection),18.0,"MOTOR VEHICLE STRUCK PEDALCYCLIST, FRONT END AT ANGLE",Y,N,Clear or Partly Cloudy,Dry,Daylight,,,45,Vehicle - Pedalcyclist,0,N,Washington,47.62029333909964,-122.33977366243909
Intersection,9TH AVE NE AND NE 53RD ST,2,Injury Collision,Cycles,2,0,1,1,1,0,0,2012-10-12T00:00:00.000Z,10/12/2012 10:16:00 AM,At Intersection (intersection related),18.0,"MOTOR VEHICLE STRUCK PEDALCYCLIST, FRONT END AT ANGLE",,N,Overcast,Wet,Daylight,Y,,45,Vehicle - Pedalcyclist,0,N,Washington,47.6671136596068,-122.31841424396092
Block,15TH AVE E BETWEEN E HARRISON N ST AND E REPUBLICAN S ST,2,Injury Collision,Cycles,2,0,1,1,1,0,0,2012-03-08T00:00:00.000Z,3/8/2012 9:15:00 PM,Mid-Block (not related to intersection),56.0,PEDALCYCLIST STRUCK MOTOR VEHICLE LEFT SIDE SIDESWIPE,Y,N,Clear or Partly Cloudy,Dry,Dark - Street Lights On,,,45,Vehicle - Pedalcyclist,0,N,Washington,47.622593902358815,-122.31263653457641
Block,MAGNOLIA BLVD W BETWEEN 36TH AVE W AND W HOWE W ST,2,Injury Collision,Cycles,2,0,1,1,1,0,0,2012-09-03T00:00:00.000Z,9/3/2012 1:31:00 PM,Mid-Block (not related to intersection),18.0,"MOTOR VEHICLE STRUCK PEDALCYCLIST, FRONT END AT ANGLE",,N,Clear or Partly Cloudy,Dry,Daylight,,,45,Vehicle - Pedalcyclist,0,N,Washington,47.63528835745633,-122.40455214088611
Intersection,ROOSEVELT WAY NE AND NE 45TH ST,2,Injury Collision,Cycles,2,0,1,1,1,0,0,2012-06-21T00:00:00.000Z,6/21/2012 5:24:00 PM,At Intersection (intersection related),51.0,PEDALCYCLIST STRUCK MOTOR VEHICLE FRONT END AT ANGLE,,N,Clear or Partly Cloudy,Dry,Daylight,,,45,Vehicle - Pedalcyclist,0,N,Washington,47.661298736597935,-122.31763816171551
Intersection,AURORA AVE N AND N 107TH N ST,2,Injury Collision,Cycles,2,0,1,1,1,0,0,2012-06-22T00:00:00.000Z,6/22/2012 3:50:00 PM,At Intersection (intersection related),18.0,"MOTOR VEHICLE STRUCK PEDALCYCLIST, FRONT END AT ANGLE",,N,Raining,Wet,Daylight,Y,,45,Vehicle - Pedalcyclist,0,N,Washington,47.70686821900972,-122.34472400828304
Intersection,BOREN AVE AND PINE ST,2,Injury Collision,Cycles,2,0,1,1,1,0,0,2012-11-29T00:00:00.000Z,11/29/2012 9:05:00 AM,At Intersection (intersection related),18.0,"MOTOR VEHICLE STRUCK PEDALCYCLIST, FRONT END AT ANGLE",,N,Raining,Wet,Daylight,,,45,Vehicle - Pedalcyclist,0,N,Washington,47.614457242057235,-122.3298224327749
Intersection,16TH AVE NW AND NW 85TH ST,2,Injury Collision,Cycles,2,0,1,1,1,0,0,2012-04-06T00:00:00.000Z,4/6/2012 5:54:00 PM,At Intersection (intersection related),51.0,PEDALCYCLIST STRUCK MOTOR VEHICLE FRONT END AT ANGLE,,N,Clear or Partly Cloudy,Dry,Daylight,,,45,Vehicle - Pedalcyclist,0,N,Washington,47.690605782741024,-122.37788349853346
Intersection,12TH AVE AND E MADISON ST,2,Injury Collision,Cycles,3,0,1,1,1,0,0,2012-11-13T00:00:00.000Z,11/13/2012 11:05:00 AM,At Intersection (intersection related),18.0,"MOTOR VEHICLE STRUCK PEDALCYCLIST, FRONT END AT ANGLE",,N,Overcast,Dry,Daylight,Y,,45,Vehicle - Pedalcyclist,0,N,Washington,47.61288923577013,-122.31673339075188
Intersection,7TH AVE AND DEXTER AVE,2,Injury Collision,Cycles,5,0,1,1,1,0,0,2012-08-14T00:00:00.000Z,8/14/2012 6:54:00 AM,At Intersection (intersection related),18.0,"MOTOR VEHICLE STRUCK PEDALCYCLIST, FRONT END AT ANGLE",,N,Clear or Partly Cloudy,Dry,Daylight,Y,,45,Vehicle - Pedalcyclist,0,N,Washington,47.61798729568307,-122.3424088168875
Block,ROOSEVELT WAY NE BETWEEN NE 42ND N ST AND NE 43RD S ST,2,Injury Collision,Cycles,2,0,1,1,1,0,0,2012-08-24T00:00:00.000Z,8/24/2012 2:40:00 PM,Mid-Block (but intersection related),29.0,MOTOR VEHICLE OVERTURNED IN ROAD,,N,Clear or Partly Cloudy,Dry,Daylight,Y,,45,Vehicle - Pedalcyclist,0,N,Washington,47.65891124921488,-122.31776595018732