addrtype,location,severitycode,severitydesc,collisiontype,personcount,pedcount,pedcylcount,vehcount,injuries,seriousinjuries,fatalities,incdate,incdttm,junctiontype,sdot_colcode,sdot_coldesc,inattentionind,underinfl,weather,roadcond,lightcond,pedrownotgrnt,speeding,st_colcode,st_coldesc,crosswalkkey,hitparkedcar,state,latitude,longitude
Intersection,SPRING ST AND WESTERN AVE,1,Property Damage Only Collision,Cycles,2,0,1,1,0,0,0,2012-02-06T00:00:00.000Z,2/6/2012 7:23:00 AM,At Intersection (intersection related),18.0,"MOTOR VEHICLE STRUCK PEDALCYCLIST, FRONT END AT ANGLE",,N,Clear or Partly Cloudy,Dry,Daylight,Y,,45,Vehicle - Pedalcyclist,0,N,Washington,47.604943457663936,-122.33800105428564
Intersection,EASTLAKE AVE E AND E NELSON PL,2,Injury Collision,Cycles,4,0,1,1,1,0,0,2012-08-07T00:00:00.000Z,8/7/2012 4:52:00 PM,At Intersection (intersection related),11.0,"MOTOR VEHICLE STRUCK MOTOR VEHICLE, FRONT END AT ANGLE",,N,Overcast,Dry,Daylight,Y,,45,Vehicle - Pedalcyclist,0,N,Washington,47.630596667687136,-122.32764550006345
Intersection,MELROSE AVE AND PINE ST,2,Injury Collision,Cycles,2,0,1,1,1,0,0,2012-01-11T00:00:00.000Z,1/11/2012 11:57:00 AM,At Intersection (intersection related),18.0,"MOTOR VEHICLE STRUCK PEDALCYCLIST, FRONT END AT ANGLE",,N,Clear or Partly Cloudy,Dry,Daylight,Y,,45,Vehicle - Pedalcyclist,0,N,Washington,47.61523842026632,-122.32790375541016
Block,11TH AVE NE BETWEEN NE 41ST ST AND EASTLAKE AVE NE,1,Property Damage Only Collision,Cycles,2,0,1,1,0,0,0,2012-04-21T00:00:00.000Z,4/21/2012 8:28:00 PM,Mid-Block (not related to intersection),51.0,PEDALCYCLIST STRUCK MOTOR VEHICLE FRONT END AT ANGLE,,N,Clear or Partly Cloudy,Dry,Dusk,,,45,Vehicle - Pedalcyclist,0,N,Washington,47.65717540571697,-122.31668458876172
Block,DEXTER AVE N BETWEEN NEWTON ST AND DEXTER WAY N,2,Injury Collision,Cycles,2,0,1,1,1,0,0,2012-11-09T00:00:00.000Z,11/9/2012 7:50:00 PM,Driveway Junction,51.0,PEDALCYCLIST STRUCK MOTOR VEHICLE FRONT END AT ANGLE,,N,Clear or Partly Cloudy,Dry,Dark - Street Lights On,Y,,45,Vehicle - Pedalcyclist,0,N,Washington,47.6371375971534,-122.34307525650179
Intersection,M L KING JR WAY AND E DENNY WAY,1,Property Damage Only Collision,Angles,3,0,1,1,0,0,0,2012-07-30T00:00:00.000Z,7/30/2012 7:07:00 AM,At Intersection (intersection related),51.0,PEDALCYCLIST STRUCK MOTOR VEHICLE FRONT END AT ANGLE,,N,Clear or Partly Cloudy,Dry,Daylight,Y,,10,Entering at angle,0,N,Washington,47.61889933151314,-122.29611633323019
Block,S GARDEN ST BETWEEN 46TH AVE S AND 48TH AVE S,2,Injury Collision,Cycles,2,0,1,1,1,0,0,2012-05-11T00:00:00.000Z,5/11/2012 7:21:00 PM,Mid-Block (not related to intersection),51.0,PEDALCYCLIST STRUCK MOTOR VEHICLE FRONT END AT ANGLE,,N,Clear or Partly Cloudy,Dry,Daylight,,,45,Vehicle - Pedalcyclist,0,N,Washington,47.5376323682053,-122.27399083480202
Intersection,12TH AVE NE AND NE 50TH ST,2,Injury Collision,Cycles,2,0,1,1,1,0,0,2012-05-15T00:00:00.000Z,5/15/2012 7:20:00 PM,At Intersection (intersection related),18.0,"MOTOR VEHICLE STRUCK PEDALCYCLIST, FRONT END AT ANGLE",,N,Clear or Partly Cloudy,Dry,Daylight,Y,,45,Vehicle - Pedalcyclist,0,N,Washington,47.66491734164597,-122.31523873737572
Intersection,COLUMBIA ST AND POST AVE,2,Injury Collision,Cycles,3,0,1,1,1,0,0,2012-11-16T00:00:00.000Z,11/16/2012 9:15:00 AM,At Intersection (intersection related),18.0,"MOTOR VEHICLE STRUCK PEDALCYCLIST, FRONT END AT ANGLE",,N,Clear or Partly Cloudy,Dry,Daylight,Y,,45,Vehicle - Pedalcyclist,0,N,Washington,47.60302210590003,-122.33552344526899
Intersection,BOREN AVE AND DENNY WAY,1,Property Damage Only Collision,Cycles,2,0,1,1,0,0,0,2012-10-21T00:00:00.000Z,10/21/2012 4:52:00 AM,At Intersection (intersection related),11.0,"MOTOR VEHICLE STRUCK MOTOR VEHICLE, FRONT END AT ANGLE",,Y,Overcast,Wet,Dark - Street Lights On,Y,,45,Vehicle - Pedalcyclist,0,N,Washington,47.618521633952724,-122.33532065950735
Block,N 80TH ST BETWEEN LINDEN AVE N AND AURORA AVE N,2,Injury Collision,Cycles,2,0,1,1,1,0,0,2012-08-15T00:00:00.000Z,8/15/2012 5:52:00 PM,Driveway Junction,24.0,MOTOR VEHCILE STRUCK PEDESTRIAN,,N,Clear or Partly Cloudy,Dry,Daylight,Y,,45,Vehicle - Pedalcyclist,0,N,Washington,47.68694144320532,-122.3458609205317
Intersection,4TH AVE NW AND NW 100TH ST,1,Property Damage Only Collision,Cycles,2,0,1,1,0,0,0,2012-05-14T00:00:00.000Z,5/14/2012 7:23:00 AM,At Intersection (intersection related),51.0,PEDALCYCLIST STRUCK MOTOR VEHICLE FRONT END AT ANGLE,,N,Clear or Partly Cloudy,Dry,Daylight,,,45,Vehicle - Pedalcyclist,0,N,Washington,47.70149361244068,-122.36206538796408
Intersection,44TH AVE SW AND SW OREGON ST,2,Injury Collision,Cycles,2,0,1,1,1,0,0,2012-04-25T00:00:00.000Z,4/25/2012 7:57:00 AM,At Intersection (intersection related),18.0,"MOTOR VEHICLE STRUCK PEDALCYCLIST, FRONT END AT ANGLE",,N,Overcast,Wet,Daylight,,,45,Vehicle - Pedalcyclist,0,N,Washington,47.562946689731476,-122.38812866764583
Block,2ND AVE BETWEEN MARION ST AND MADISON ST,2,Injury Collision,Cycles,2,0,1,1,1,0,0,2012-04-12T00:00:00.000Z,4/12/2012 8:43:00 AM,Mid-Block (but intersection related),54.0,PEDALCYCLIST STRUCK MOTOR VEHICLE REAR END,,N,Clear or Partly Cloudy,Dry,Daylight,,,45,Vehicle - Pedalcyclist,0,N,Washington,47.6048017324241,-122.3348021900362
Intersection,5TH AVE AND PINE ST,2,Injury Collision,Cycles,2,0,1,1,1,0,0,2012-04-12T00:00:00.000Z,4/12/2012 8:08:00 PM,At Intersection (intersection related),18.0,"MOTOR VEHICLE STRUCK PEDALCYCLIST, FRONT END AT ANGLE",,N,Clear or Partly Cloudy,Dry,Dusk,,,45,Vehicle - Pedalcyclist,0,N,Washington,47.611672009747465,-122.33648396621885
Intersection,20TH AVE NE AND NE RAVENNA EB BV,2,Injury Collision,Cycles,2,0,1,1,1,0,0,2012-04-12T00:00:00.000Z,4/12/2012 7:52:00 AM,At Intersection (intersection related),18.0,"MOTOR VEHICLE STRUCK PEDALCYCLIST, FRONT END AT ANGLE",,N,Clear or Partly Cloudy,Dry,Daylight,Y,,45,Vehicle - Pedalcyclist,0,N,Washington,47.66917801740569,-122.30649060914563
Intersection,11TH AVE E AND E JOHN ST,2,Injury Collision,Cycles,2,0,1,1,1,0,0,2012-10-17T00:00:00.000Z,10/17/2012 8:25:00 PM,At Intersection (intersection related),51.0,PEDALCYCLIST STRUCK MOTOR VEHICLE FRONT END AT ANGLE,,N,Clear or Partly Cloudy,Dry,Dark - Street Lights On,,,45,Vehicle - Pedalcyclist,0,N,Washington,47.6199271844004,-122.31823392580662
Block,2ND AVE BETWEEN BATTERY ST AND WALL ST,2,Injury Collision,Cycles,2,0,1,1,1,0,0,2012-07-12T00:00:00.000Z,7/12/2012 10:50:00 AM,Mid-Block (not related to intersection),56.0,PEDALCYCLIST STRUCK MOTOR VEHICLE LEFT SIDE SIDESWIPE,,N,Clear or Partly Cloudy,Dry,Daylight,,,45,Vehicle - Pedalcyclist,0,N,Washington,47.615084021890176,-122.3474188329439
Intersection,WOODLAWN AVE N AND N 34TH ST,2b,Serious Injury Collision,Cycles,2,0,1,1,1,1,0,2012-10-23T00:00:00.000Z,10/23/2012 6:05:00 AM,At Intersection (intersection related),18.0,"MOTOR VEHICLE STRUCK PEDALCYCLIST, FRONT END AT ANGLE",,N,Clear or Partly Cloudy,Dry,Dark - Street Lights On,,,45,Vehicle - Pedalcyclist,0,N,Washington,47.64805786941715,-122.33873763067108
Intersection,ROOSEVELT WAY NE AND NE RAVENNA EB BV,1,Property Damage Only Collision,Cycles,2,0,1,1,0,0,0,2012-09-19T00:00:00.000Z,9/19/2012 9:52:00 AM,At Intersection (intersection related),51.0,PEDALCYCLIST STRUCK MOTOR VEHICLE FRONT END AT ANGLE,,N,Clear or Partly Cloudy,Dry,Daylight,,,45,Vehicle - Pedalcyclist,0,N,Washington,47.67201490302738,-122.31736347359688
Block,EASTLAKE AVE E BETWEEN PROSPECT ST AND E NELSON PL,2b,Serious Injury Collision,Cycles,2,0,1,1,1,1,0,2012-09-17T00:00:00.000Z,9/17/2012 8:58:00 AM,Mid-Block (not related to intersection),56.0,PEDALCYCLIST STRUCK MOTOR VEHICLE LEFT SIDE SIDESWIPE,,N,Clear or Partly Cloudy,Dry,Daylight,,,45,Vehicle - Pedalcyclist,0,N,Washington,47.629653976115854,-122.32861177955971
Intersection,2ND AVE S AND S JACKSON ST,1,Property Damage Only Collision,Cycles,2,0,1,1,0,0,0,2012-01-11T00:00:00.000Z,1/11/2012 6:06:00 PM,At Intersection (intersection related),18.0,"MOTOR VEHICLE STRUCK PEDALCYCLIST, FRONT END AT ANGLE",,N,Clear or Partly Cloudy,Dry,Dark - Street Lights On,Y,,45,Vehicle - Pedalcyclist,521138,N,Washington,47.59920078505017,-122.33157768635193
Block,34TH AVE SW BETWEEN SW JUNEAU ST AND SW RAYMOND ST,1,Property Damage Only Collision,Cycles,2,0,1,1,0,0,0,2012-09-14T00:00:00.000Z,9/14/2012 5:24:00 AM,Mid-Block (not related to intersection),16.0,"MOTOR VEHICLE STRUCK MOTOR VEHICLE, LEFT SIDE SIDESWIPE",,N,Clear or Partly Cloudy,Dry,Dark - Street Lights On,,,45,Vehicle - Pedalcyclist,0,N,Washington,47.549227291168975,-122.375004178182
Intersection,BAKER AVE NW AND NW 44TH ST,2,Injury Collision,Cycles,2,0,1,1,1,0,0,2012-07-12T00:00:00.000Z,7/12/2012 4:07:00 PM,At Intersection (intersection related),18.0,"MOTOR VEHICLE STRUCK PEDALCYCLIST, FRONT END AT ANGLE",,N,Clear or Partly Cloudy,Dry,Daylight,Y,,45,Vehicle - Pedalcyclist,0,N,Washington,47.66021303340525,-122.35958100379841
Block,AURORA AVE N BETWEEN N 117TH PL AND N 125TH ST,2,Injury Collision,Cycles,2,0,1,1,1,0,0,2012-12-04T00:00:00.000Z,12/4/2012 9:53:00 PM,Mid-Block (not related to intersection),51.0,PEDALCYCLIST STRUCK MOTOR VEHICLE FRONT END AT ANGLE,,N,Raining,Wet,Dark - Street Lights On,,,45,Vehicle - Pedalcyclist,0,N,Washington,47.71717310092632,-122.34489607877191
Intersection,ROOSEVELT WAY NE AND NE 117TH ST,2,Injury Collision,Cycles,2,0,1,1,1,0,0,2012-06-20T00:00:00.000Z,6/20/2012 1:13:00 PM,At Intersection (intersection related),51.0,PEDALCYCLIST STRUCK MOTOR VEHICLE FRONT END AT ANGLE,,N,Clear or Partly Cloudy,Dry,Daylight,Y,,45,Vehicle - Pedalcyclist,523411,N,Washington,47.71401225742898,-122.31796499221157
Block,S JACKSON ST BETWEEN ALASKAN E RDWY WAY S AND 1ST AVE S,2,Injury Collision,Cycles,2,0,1,1,1,0,0,2012-06-14T00:00:00.000Z,6/14/2012 7:22:00 PM,Mid-Block (not related to intersection),54.0,PEDALCYCLIST STRUCK MOTOR VEHICLE REAR END,,N,Clear or Partly Cloudy,Dry,Daylight,,,45,Vehicle - Pedalcyclist,0,N,Washington,47.59920589229948,-122.33481582813845
Intersection,6TH AVE AND BELL ST,2,Injury Collision,Cycles,2,0,1,1,1,0,0,2012-10-05T00:00:00.000Z,10/5/2012 6:30:00 PM,At Intersection (intersection related),18.0,"MOTOR VEHICLE STRUCK PEDALCYCLIST, FRONT END AT ANGLE",,N,Clear or Partly Cloudy,Dry,Dusk,Y,,45,Vehicle - Pedalcyclist,521733,N,Washington,47.616698242246784,-122.34221437514245
Intersection,10TH AVE E AND E ROANOKE E ST,2,Injury Collision,Cycles,2,0,1,1,1,0,0,2012-07-07T00:00:00.000Z,7/7/2012 2:39:00 AM,At Intersection (intersection related),51.0,PEDALCYCLIST STRUCK MOTOR VEHICLE FRONT END AT ANGLE,,N,Clear or Partly Cloudy,Dry,Dark - Street Lights On,,,45,Vehicle - Pedalcyclist,0,N,Washington,47.643195021223754,-122.31959559460357
Block,HUBBELL PL BETWEEN 9TH AVE AND PIKE ST,2,Injury Collision,Cycles,2,0,1,1,1,0,0,2012-05-25T00:00:00.000Z,5/25/2012 2:59:00 PM,Mid-Block (not related to intersection),51.0,PEDALCYCLIST STRUCK MOTOR VEHICLE FRONT END AT ANGLE,,N,Clear or Partly Cloudy,Dry,Daylight,,,45,Vehicle - Pedalcyclist,0,N,Washington,47.61225859123733,-122.33001015098766
Block,DEXTER AVE N BETWEEN WARD ST AND PROSPECT ST,2,Injury Collision,Cycles,2,0,1,1,1,0,0,2012-08-23T00:00:00.000Z,8/23/2012 8:35:00 AM,Mid-Block (not related to intersection),54.0,PEDALCYCLIST STRUCK MOTOR VEHICLE REAR END,,N,Clear or Partly Cloudy,Dry,Daylight,,,45,Vehicle - Pedalcyclist,0,N,Washington,,
Intersection,LATONA AVE NE AND NE 45TH ST,2,Injury Collision,Cycles,2,0,1,1,1,0,0,2012-09-21T00:00:00.000Z,9/21/2012 6:05:00 PM,At Intersection (intersection related),21.0,"MOTOR VEHICLE STRUCK PEDALCYCLIST, REAR END",,N,Clear or Partly Cloudy,Wet,Dusk,Y,,45,Vehicle - Pedalcyclist,0,N,Washington,47.66134408729115,-122.32510772930044
Intersection,15TH AVE NE AND NE 68TH S ST,2,Injury Collision,Cycles,2,0,1,1,1,0,0,2012-11-16T00:00:00.000Z,11/16/2012 7:58:00 AM,At Intersection (intersection related),18.0,"MOTOR VEHICLE STRUCK PEDALCYCLIST, FRONT END AT ANGLE",,N,Overcast,Dry,Daylight,,,45,Vehicle - Pedalcyclist,520862,N,Washington,47.67759020208403,-122.31196686255596
Intersection,BROADWAY E AND E OLIVE WAY,2,Injury Collision,Cycles,2,0,1,1,1,0,0,2012-09-07T00:00:00.000Z,9/7/2012 5:09:00 PM,At Intersection (intersection related),18.0,"MOTOR VEHICLE STRUCK PEDALCYCLIST, FRONT END AT ANGLE",,N,Clear or Partly Cloudy,Dry,Daylight,Y,,45,Vehicle - Pedalcyclist,522264,N,Washington,47.61990774686424,-122.32087289209669
Intersection,12TH AVE S AND S MAIN ST,2,Injury Collision,Cycles,2,0,1,1,1,0,0,2012-11-29T00:00:00.000Z,11/29/2012 5:48:00 PM,At Intersection (intersection related),51.0,PEDALCYCLIST STRUCK MOTOR VEHICLE FRONT END AT ANGLE,,N,Raining,Wet,Dark - Street Lights On,,Y,45,Vehicle - Pedalcyclist,0,N,Washington,47.60001455845403,-122.31722977712835
Intersection,DEXTER AVE N AND HARRISON ST,2,Injury Collision,Cycles,2,0,1,1,1,0,0,2012-05-25T00:00:00.000Z,5/25/2012 4:36:00 PM,At Intersection (intersection related),18.0,"MOTOR VEHICLE STRUCK PEDALCYCLIST, FRONT END AT ANGLE",Y,N,Clear or Partly Cloudy,Dry,Daylight,Y,,45,Vehicle - Pedalcyclist,0,N,Washington,47.62205574526417,-122.34237158587831
Block,S HENDERSON ST BETWEEN RAINIER AVE S AND 53RD AVE S,1,Property Damage Only Collision,Cycles,3,0,1,1,0,0,0,2012-08-11T00:00:00.000Z,8/11/2012 2:03:00 PM,Mid-Block (not related to intersection),18.0,"MOTOR VEHICLE STRUCK PEDALCYCLIST, FRONT END AT ANGLE",,N,Clear or Partly Cloudy,Dry,Daylight,Y,Y,45,Vehicle - Pedalcyclist,0,N,Washington,47.52330258244626,-122.26816089597729
Block,NE 45TH ST BETWEEN 7TH AVE NE AND 8TH W AVE NE,1,Property Damage Only Collision,Cycles,2,0,1,1,0,0,0,2012-10-11T00:00:00.000Z,10/11/2012 3:34:00 PM,Mid-Block (not related to intersection),51.0,PEDALCYCLIST STRUCK MOTOR VEHICLE FRONT END AT ANGLE,,N,Clear or Partly Cloudy,Dry,Daylight,,,45,Vehicle - Pedalcyclist,0,N,Washington,47.66131589164785,-122.32025239034901
Block,15TH AVE E BETWEEN E THOMAS S ST AND E THOMAS N ST,2,Injury Collision,Cycles,2,0,1,1,1,0,0,2012-07-08T00:00:00.000Z,7/8/2012 6:17:00 PM,Mid-Block (not related to intersection),56.0,PEDALCYCLIST STRUCK MOTOR VEHICLE LEFT SIDE SIDESWIPE,,N,Clear or Partly Cloudy,Dry,Daylight,,,45,Vehicle - Pedalcyclist,0,N,Washington,47.62081750269906,-122.31269202529727
Intersection,LATONA AVE NE AND NE PACIFIC ST,2,Injury Collision,Cycles,3,0,1,1,1,0,0,2012-09-26T00:00:00.000Z,9/26/2012 8:15:00 AM,At Intersection (intersection related),51.0,PEDALCYCLIST STRUCK MOTOR VEHICLE FRONT END AT ANGLE,,N,Clear or Partly Cloudy,Dry,Daylight,Y,,45,Vehicle - Pedalcyclist,576113,N,Washington,47.65488891153886,-122.32570273372149
Intersection,ROOSEVELT WAY NE AND NE 62ND ST,2,Injury Collision,Cycles,2,0,1,1,1,0,0,2012-11-04T00:00:00.000Z,11/4/2012 8:41:00 AM,At Intersection (intersection related),18.0,"MOTOR VEHICLE STRUCK PEDALCYCLIST, FRONT END AT ANGLE",,N,Overcast,Wet,Daylight,Y,,45,Vehicle - Pedalcyclist,0,N,Washington,47.6733347762294,-122.31736337490804
Intersection,2ND AVE AND SPRING ST,2,Injury Collision,Cycles,2,0,1,1,1,0,0,2012-07-27T00:00:00.000Z,7/27/2012 4:34:00 PM,At Intersection (intersection related),18.0,"MOTOR VEHICLE STRUCK PEDALCYCLIST, FRONT END AT ANGLE",,N,Overcast,Dry,Daylight,,,45,Vehicle - Pedalcyclist,0,N,Washington,47.60587261716152,-122.33578172373925
Intersection,AURORA AVE N AND N 135TH ST,2b,Serious Injury Collision,Cycles,3,0,1,1,1,1,0,2012-10-03T00:00:00.000Z,10/3/2012 5:55:00 PM,At Intersection (intersection related),18.0,"MOTOR VEHICLE STRUCK PEDALCYCLIST, FRONT END AT ANGLE",,N,Clear or Partly Cloudy,Dry,Unknown,Y,,45,Vehicle - Pedalcyclist,521695,N,Washington,47.72685955506986,-122.345017036586
Block,S ROYAL BROUGHAM WAY BETWEEN 1ST AVE S AND OCCIDENTAL AVE S,2b,Serious Injury Collision,Cycles,1,0,1,0,1,1,0,2012-05-22T00:00:00.000Z,5/22/2012 6:06:00 PM,Mid-Block (not related to intersection),66.0,PEDALCYCLIST STRUCK OBJECT IN ROAD,,N,Overcast,Wet,Daylight,,,45,Vehicle - Pedalcyclist,0,N,Washington,47.592395467824296,-122.33373046460794
Block,12TH AVE NE BETWEEN NE 61ST ST AND NE 62ND ST,2,Injury Collision,Cycles,2,0,1,1,1,0,0,2012-10-03T00:00:00.000Z,10/3/2012 12:48:00 PM,Driveway Junction,51.0,PEDALCYCLIST STRUCK MOTOR VEHICLE FRONT END AT ANGLE,,N,Clear or Partly Cloudy,Dry,Daylight,,,45,Vehicle - Pedalcyclist,0,N,Washington,47.672878422104084,-122.31565791420286
Block,EASTLAKE AVE E BETWEEN REPUBLICAN ST AND MERCER ST,1,Property Damage Only Collision,Cycles,2,0,1,1,0,0,0,2012-10-06T00:00:00.000Z,10/6/2012 7:00:00 PM,Mid-Block (not related to intersection),51.0,PEDALCYCLIST STRUCK MOTOR VEHICLE FRONT END AT ANGLE,,N,Unknown,Unknown,Unknown,,,45,Vehicle - Pedalcyclist,0,N,Washington,47.623701465173426,-122.32916000673914
Intersection,CRAWFORD PL AND E PINE ST,2,Injury Collision,Cycles,2,0,1,1,1,0,0,2012-10-05T00:00:00.000Z,10/5/2012 10:52:00 AM,At Intersection (intersection related),51.0,PEDALCYCLIST STRUCK MOTOR VEHICLE FRONT END AT ANGLE,,N,Clear or Partly Cloudy,Dry,Daylight,,,45,Vehicle - Pedalcyclist,0,N,Washington,47.61521476137032,-122.32618642940209
Intersection,PHINNEY AVE N AND N 65TH ST,2b,Serious Injury Collision,Cycles,1,0,1,0,1,1,0,2012-01-12T00:00:00.000Z,1/12/2012 5:15:00 PM,At Intersection (intersection related),29.0,MOTOR VEHICLE OVERTURNED IN ROAD,,N,Clear or Partly Cloudy,Dry,Dark - Street Lights On,,,45,Vehicle - Pedalcyclist,0,N,Washington,47.67602257015706,-122.3543532189687
Intersection,53RD AVE S AND RAINIER AVE S,2,Injury Collision,Cycles,2,0,1,1,1,0,0,2012-09-03T00:00:00.000Z,9/3/2012 12:51:00 PM,At Intersection (intersection related),51.0,PEDALCYCLIST STRUCK MOTOR VEHICLE FRONT END AT ANGLE,,N,Clear or Partly Cloudy,Dry,Daylight,,,45,Vehicle - Pedalcyclist,0,N,Washington,47.51984119074825,-122.26616094729677
Intersection,15TH AVE AND E DENNY WAY,2,Injury Collision,Cycles,2,0,1,1,1,0,0,2012-08-31T00:00:00.000Z,8/31/2012 3:40:00 PM,At Intersection (intersection related),51.0,PEDALCYCLIST STRUCK MOTOR VEHICLE FRONT END AT ANGLE,,N,Clear or Partly Cloudy,Dry,Daylight,Y,,45,Vehicle - Pedalcyclist,0,N,Washington,47.61852044433695,-122.31274228904265
Block,BATTERY ST BETWEEN AURORA AVE AND 7TH AVE,2b,Serious Injury Collision,Cycles,3,0,1,1,1,1,0,2012-05-24T00:00:00.000Z,5/24/2012 12:44:00 PM,Driveway Junction,24.0,MOTOR VEHCILE STRUCK PEDESTRIAN,,N,Raining,Wet,Daylight,Y,,45,Vehicle - Pedalcyclist,0,N,Washington,47.61776151832513,-122.34313203220849
Block,NW 46TH ST BETWEEN 9TH AVE NW AND 11TH AVE NW,2,Injury Collision,Cycles,2,0,1,1,1,0,0,2012-05-23T00:00:00.000Z,5/23/2012 11:51:00 AM,Mid-Block (not related to intersection),51.0,PEDALCYCLIST STRUCK MOTOR VEHICLE FRONT END AT ANGLE,,N,Clear or Partly Cloudy,Dry,Daylight,,,45,Vehicle - Pedalcyclist,0,N,Washington,47.66219791816057,-122.36968901374823
Block,REPUBLICAN ST BETWEEN 9TH AVE N AND WESTLAKE AVE N,2,Injury Collision,Cycles,2,0,1,1,1,0,0,2012-02-28T00:00:00.000Z,2/28/2012 12:40:00 PM,Driveway Junction,18.0,"MOTOR VEHICLE STRUCK PEDALCYCLIST, FRONT END AT ANGLE",,N,Clear or Partly Cloudy,Dry,Daylight,Y,,45,Vehicle - Pedalcyclist,0,N,Washington,47.62321162032965,-122.33910080002619
Intersection,BURKE GILMAN TRL AND NE 65TH ST,2,Injury Collision,Cycles,2,0,1,1,1,0,0,2012-07-13T00:00:00.000Z,7/13/2012 1:29:00 PM,At Intersection (intersection related),0.0,NOT ENOUGH INFORMATION / NOT APPLICABLE,,N,Clear or Partly Cloudy,Dry,Daylight,,,45,Vehicle - Pedalcyclist,524265,N,Washington,47.67573704171851,-122.26656513433059
Intersection,ROOSEVELT WAY NE AND NE 50TH ST,2,Injury Collision,Cycles,3,0,1,1,1,0,0,2012-08-09T00:00:00.000Z,8/9/2012 3:10:00 PM,At Intersection (intersection related),24.0,MOTOR VEHCILE STRUCK PEDESTRIAN,,N,Clear or Partly Cloudy,Dry,Daylight,,,45,Vehicle - Pedalcyclist,523566,N,Washington,47.66493734388379,-122.31740379073635
Intersection,15TH AVE NE AND NE RAVENNA WB N BV,2,Injury Collision,Cycles,2,0,1,1,1,0,0,2012-01-31T00:00:00.000Z,1/31/2012 8:45:00 AM,At Intersection (intersection related),51.0,PEDALCYCLIST STRUCK MOTOR VEHICLE FRONT END AT ANGLE,,N,Overcast,Dry,Daylight,,,45,Vehicle - Pedalcyclist,0,N,Washington,47.671205436587016,-122.31189876069351
Intersection,19TH AVE NE AND NE 80TH ST,2,Injury Collision,Cycles,2,0,1,1,1,0,0,2012-01-13T00:00:00.000Z,1/13/2012 7:29:00 AM,At Intersection (intersection related),18.0,"MOTOR VEHICLE STRUCK PEDALCYCLIST, FRONT END AT ANGLE",,N,Clear or Partly Cloudy,Dry,Daylight,Y,,45,Vehicle - Pedalcyclist,0,N,Washington,47.686675104158326,-122.30784785238536
Intersection,35TH AVE NE AND NE 89TH ST,2,Injury Collision,Cycles,2,0,1,1,1,0,0,2012-07-19T00:00:00.000Z,7/19/2012 7:30:00 AM,At Intersection (intersection related),18.0,"MOTOR VEHICLE STRUCK PEDALCYCLIST, FRONT END AT ANGLE",,N,Clear or Partly Cloudy,Dry,Daylight,Y,,45,Vehicle - Pedalcyclist,0,N,Washington,47.69309733146977,-122.29064037958204
Block,UNIVERSITY WAY NE BETWEEN NE 52ND ST AND NE 55TH ST,2,Injury Collision,Cycles,2,0,1,1,1,0,0,2012-08-25T00:00:00.000Z,8/25/2012 4:29:00 PM,Mid-Block (not related to intersection),18.0,"MOTOR VEHICLE STRUCK PEDALCYCLIST, FRONT END AT ANGLE",,N,Clear or Partly Cloudy,Dry,Daylight,,,45,Vehicle - Pedalcyclist,0,N,Washington,47.667490163549644,-122.31303423754751
Block,FREMONT AVE N BETWEEN N 34TH ST AND FREMONT PL N,2,Injury Collision,Cycles,3,0,1,1,1,0,0,2012-10-21T00:00:00.000Z,10/21/2012 9:18:00 PM,Mid-Block (not related to intersection),11.0,"MOTOR VEHICLE STRUCK MOTOR VEHICLE, FRONT END AT ANGLE",,N,Overcast,Wet,Dark - Street Lights On,,,45,Vehicle - Pedalcyclist,0,N,Washington,47.650009011318424,-122.34979103435668
Block,NW 46TH ST BETWEEN 14TH AVE NW AND 15TH NB AVE NW,1,Property Damage Only Collision,Cycles,2,0,1,1,0,0,0,2012-08-02T00:00:00.000Z,8/2/2012 5:51:00 PM,Driveway Junction,51.0,PEDALCYCLIST STRUCK MOTOR VEHICLE FRONT END AT ANGLE,,N,Clear or Partly Cloudy,Dry,Daylight,,,45,Vehicle - Pedalcyclist,0,N,Washington,47.662203606015694,-122.3748495251268
Block,2ND AVE BETWEEN UNIVERSITY ST AND UNION ST,2,Injury Collision,Cycles,2,0,1,1,1,0,0,2012-09-29T00:00:00.000Z,9/29/2012 1:27:00 PM,Driveway Junction,18.0,"MOTOR VEHICLE STRUCK PEDALCYCLIST, FRONT END AT ANGLE",,N,Clear or Partly Cloudy,Dry,Daylight,,,45,Vehicle - Pedalcyclist,0,N,Washington,47.60779444958214,-122.33754001043816
Intersection,STONE WAY N AND N 40TH ST,2,Injury Collision,Cycles,2,0,1,1,1,0,0,2012-02-22T00:00:00.000Z,2/22/2012 7:50:00 AM,At Intersection (intersection related),18.0,"MOTOR VEHICLE STRUCK PEDALCYCLIST, FRONT END AT ANGLE",,N,Clear or Partly Cloudy,Wet,Daylight,,,45,Vehicle - Pedalcyclist,0,N,Washington,47.655382876420056,-122.34243924105127