addrtype,location,severitycode,severitydesc,collisiontype,personcount,pedcount,pedcylcount,vehcount,injuries,seriousinjuries,fatalities,incdate,incdttm,junctiontype,sdot_colcode,sdot_coldesc,inattentionind,underinfl,weather,roadcond,lightcond,pedrownotgrnt,speeding,st_colcode,st_coldesc,crosswalkkey,hitparkedcar,state,latitude,longitude
Block,8TH AVE NW BETWEEN NW 61ST ST AND NW 62ND S ST,2,Injury Collision,Cycles,2,0,1,1,1,0,0,2012-04-20T00:00:00.000Z,4/20/2012 11:01:00 PM,Mid-Block (not related to intersection),55.0,PEDALCYCLIST STRUCK MOTOR VEHICLE RIGHT SIDE SIDESWIPE,,N,Clear or Partly Cloudy,Dry,Dark - Street Lights On,,,45,Vehicle - Pedalcyclist,0,N,Washington,47.67344125450983,-122.36612480921758
Intersection,3RD AVE AND JAMES ST,2,Injury Collision,Cycles,2,0,1,1,1,0,0,2012-08-08T00:00:00.000Z,8/8/2012 9:51:00 AM,Mid-Block (not related to intersection),0.0,NOT ENOUGH INFORMATION / NOT APPLICABLE,,N,Clear or Partly Cloudy,Dry,Daylight,Y,,45,Vehicle - Pedalcyclist,0,N,Washington,47.602769175945895,-122.33140852764343
Intersection,15TH AVE NW AND BALLARD BR,2,Injury Collision,Cycles,2,0,1,1,1,0,0,2012-09-11T00:00:00.000Z,9/11/2012 5:29:00 PM,At Intersection (intersection related),18.0,"MOTOR VEHICLE STRUCK PEDALCYCLIST, FRONT END AT ANGLE",,N,Clear or Partly Cloudy,Dry,Daylight,Y,,45,Vehicle - Pedalcyclist,0,N,Washington,47.66504975887638,-122.3762202348543
Intersection,15TH AVE S AND S COLLEGE ST,2,Injury Collision,Cycles,2,0,1,1,1,0,0,2012-11-29T00:00:00.000Z,11/29/2012 9:19:00 PM,At Intersection (intersection related),18.0,"MOTOR VEHICLE STRUCK PEDALCYCLIST, FRONT END AT ANGLE",Y,N,Overcast,Wet,Dark - Street Lights On,,Y,45,Vehicle - Pedalcyclist,0,N,Washington,47.58298194562986,-122.31339442967251
Block,COLLEGE WAY N BETWEEN N 100TH ST AND MERIDIAN AVE N,2b,Serious Injury Collision,Cycles,1,0,1,0,1,1,0,2012-02-23T00:00:00.000Z,2/23/2012 3:28:00 PM,Mid-Block (not related to intersection),69.0,PEDALCYCLIST OVERTURNED IN ROAD,,N,Overcast,Dry,Daylight,,,45,Vehicle - Pedalcyclist,0,N,Washington,47.70233063728874,-122.33452572611755
Block,DEXTER AVE N BETWEEN COMSTOCK ST AND LEE ST,2,Injury Collision,Cycles,2,0,1,1,1,0,0,2012-08-01T00:00:00.000Z,8/1/2012 6:26:00 PM,Driveway Junction,18.0,"MOTOR VEHICLE STRUCK PEDALCYCLIST, FRONT END AT ANGLE",,N,Clear or Partly Cloudy,Dry,Daylight,Y,,45,Vehicle - Pedalcyclist,0,N,Washington,47.63099716502487,-122.34229241739084
Block,NW 80TH ST BETWEEN 21ST AVE NW AND 22ND AVE NW,2,Injury Collision,Cycles,2,0,1,1,1,0,0,2012-11-28T00:00:00.000Z,11/28/2012 8:46:00 AM,Mid-Block (not related to intersection),51.0,PEDALCYCLIST STRUCK MOTOR VEHICLE FRONT END AT ANGLE,,N,Overcast,Dry,Daylight,,,45,Vehicle - Pedalcyclist,0,N,Washington,47.68683039760686,-122.38379010805065
Intersection,2ND AVE AND CHERRY ST,2,Injury Collision,Cycles,2,0,1,1,1,0,0,2012-09-19T00:00:00.000Z,9/19/2012 12:09:00 PM,At Intersection (intersection related),18.0,"MOTOR VEHICLE STRUCK PEDALCYCLIST, FRONT END AT ANGLE",,N,Clear or Partly Cloudy,Dry,Daylight,Y,,45,Vehicle - Pedalcyclist,0,N,Washington,47.60301939344011,-122.33317224593478
Intersection,16TH AVE S AND S JACKSON ST,2,Injury Collision,Cycles,2,0,1,1,1,0,0,2012-02-13T00:00:00.000Z,2/13/2012 8:50:00 PM,At Intersection (intersection related),18.0,"MOTOR VEHICLE STRUCK PEDALCYCLIST, FRONT END AT ANGLE",,N,Raining,Wet,Dark - Street Lights On,Y,,45,Vehicle - Pedalcyclist,0,N,Washington,47.59922459598135,-122.31157742314562
Intersection,WALLINGFORD AVE N AND N 40TH ST,2,Injury Collision,Cycles,1,0,1,0,1,0,0,2012-05-25T00:00:00.000Z,5/25/2012 11:25:00 PM,At Intersection (intersection related),69.0,PEDALCYCLIST OVERTURNED IN ROAD,,Y,Clear or Partly Cloudy,Dry,Dark - Street Lights On,,,45,Vehicle - Pedalcyclist,0,N,Washington,47.655648714776405,-122.3362570715805
Intersection,QUEEN ANNE DR AND WARREN AVE N,2,Injury Collision,Cycles,2,0,1,1,1,0,0,2012-07-18T00:00:00.000Z,7/18/2012 12:06:00 PM,At Intersection (intersection related),11.0,"MOTOR VEHICLE STRUCK MOTOR VEHICLE, FRONT END AT ANGLE",,N,Clear or Partly Cloudy,Dry,Daylight,,,45,Vehicle - Pedalcyclist,0,N,Washington,47.64185669108559,-122.3544724598498
Block,YESLER WAY BETWEEN WESTERN AVE AND POST AVE,2,Injury Collision,Cycles,3,0,1,1,1,0,0,2012-09-14T00:00:00.000Z,9/14/2012 4:38:00 PM,Mid-Block (not related to intersection),22.0,"MOTOR VEHICLE STRUCK PEDALCYCLIST, RIGHT SIDE SIDESWIPE",Y,N,Clear or Partly Cloudy,Dry,Dusk,,,45,Vehicle - Pedalcyclist,0,N,Washington,47.60172277398003,-122.33521657584605
Intersection,ALASKAN WAY AND BROAD ST,2b,Serious Injury Collision,Cycles,2,0,1,1,1,1,0,2012-07-30T00:00:00.000Z,7/30/2012 5:09:00 PM,At Intersection (intersection related),18.0,"MOTOR VEHICLE STRUCK PEDALCYCLIST, FRONT END AT ANGLE",,N,Clear or Partly Cloudy,Dry,Daylight,Y,,45,Vehicle - Pedalcyclist,0,N,Washington,47.6150335941984,-122.35487620036837
Block,NE 45TH ST BETWEEN 1ST AVE NE AND 2ND AVE NE,2,Injury Collision,Cycles,5,0,1,1,1,0,0,2012-07-07T00:00:00.000Z,7/7/2012 9:50:00 PM,Mid-Block (not related to intersection),18.0,"MOTOR VEHICLE STRUCK PEDALCYCLIST, FRONT END AT ANGLE",,Y,Clear or Partly Cloudy,Dry,Dark - Street Lights On,Y,,45,Vehicle - Pedalcyclist,0,N,Washington,47.66135727672546,-122.32775751125796
Intersection,14TH AVE AND E PIKE ST,2,Injury Collision,Cycles,2,0,1,1,1,0,0,2012-12-29T00:00:00.000Z,12/29/2012 4:45:00 PM,At Intersection (intersection related),18.0,"MOTOR VEHICLE STRUCK PEDALCYCLIST, FRONT END AT ANGLE",,N,Clear or Partly Cloudy,Wet,Dusk,Y,,45,Vehicle - Pedalcyclist,0,N,Washington,47.61412214919785,-122.31422402906252
Intersection,RENTON AVE S AND S CLOVERDALE ST,2,Injury Collision,Cycles,3,0,1,1,1,0,0,2012-07-28T00:00:00.000Z,7/28/2012 7:34:00 PM,At Intersection (intersection related),18.0,"MOTOR VEHICLE STRUCK PEDALCYCLIST, FRONT END AT ANGLE",,N,Clear or Partly Cloudy,Dry,Dusk,Y,,45,Vehicle - Pedalcyclist,0,N,Washington,47.52611904633317,-122.2769409363212
Block,DEXTER AVE N BETWEEN ROY ST AND VALLEY ST,2,Injury Collision,Cycles,3,0,1,1,1,0,0,2012-05-24T00:00:00.000Z,5/24/2012 3:19:00 PM,Driveway Junction,18.0,"MOTOR VEHICLE STRUCK PEDALCYCLIST, FRONT END AT ANGLE",,N,Clear or Partly Cloudy,Dry,Daylight,Y,,45,Vehicle - Pedalcyclist,0,N,Washington,47.6258310277981,-122.34233821000844
Intersection,15TH AVE NW AND NW 75TH ST,2,Injury Collision,Cycles,2,0,1,1,1,0,0,2012-06-22T00:00:00.000Z,6/22/2012 5:46:00 PM,At Intersection (intersection related),24.0,MOTOR VEHCILE STRUCK PEDESTRIAN,,N,Raining,Wet,Daylight,,,45,Vehicle - Pedalcyclist,521277,N,Washington,47.683237918990315,-122.37678003461723
Intersection,BEACON ER AVE S AND S MORGAN ST,2,Injury Collision,Cycles,2,0,1,1,1,0,0,2012-06-20T00:00:00.000Z,6/20/2012 4:34:00 PM,At Intersection (intersection related),51.0,PEDALCYCLIST STRUCK MOTOR VEHICLE FRONT END AT ANGLE,,N,Clear or Partly Cloudy,Dry,Daylight,,,45,Vehicle - Pedalcyclist,0,N,Washington,47.54461878512078,-122.29979823741607
Block,1ST AVE S BETWEEN S HUDSON ST AND S DAWSON ST,2,Injury Collision,Cycles,3,0,1,1,1,0,0,2012-07-09T00:00:00.000Z,7/9/2012 5:02:00 PM,Mid-Block (not related to intersection),14.0,"MOTOR VEHICLE STRUCK MOTOR VEHICLE, REAR END",Y,N,Clear or Partly Cloudy,Dry,Daylight,,,45,Vehicle - Pedalcyclist,0,N,Washington,47.556539118855135,-122.33421411116731
Intersection,32ND AVE E AND LAKE WASHINGTON BLVD E,2,Injury Collision,Cycles,2,0,1,1,1,0,0,2012-10-24T00:00:00.000Z,10/24/2012 12:22:00 PM,At Intersection (intersection related),18.0,"MOTOR VEHICLE STRUCK PEDALCYCLIST, FRONT END AT ANGLE",,N,Clear or Partly Cloudy,Wet,Daylight,Y,,45,Vehicle - Pedalcyclist,0,N,Washington,47.62495143171538,-122.29105074718642
Intersection,24TH AVE E AND E LAKE WASHINGTON BLVD,2,Injury Collision,Other,2,0,1,1,2,0,0,2012-03-09T00:00:00.000Z,3/9/2012 1:50:00 PM,At Intersection (intersection related),21.0,"MOTOR VEHICLE STRUCK PEDALCYCLIST, REAR END",,N,Raining,Wet,Daylight,,,52,Vehicle overturned,0,N,Washington,47.64414268672004,-122.30201994911373
Block,SW DAWSON ST BETWEEN 18TH AVE SW AND 21ST AVE SW,2,Injury Collision,Cycles,3,0,1,1,1,0,0,2012-05-19T00:00:00.000Z,5/19/2012 6:47:00 PM,Mid-Block (not related to intersection),51.0,PEDALCYCLIST STRUCK MOTOR VEHICLE FRONT END AT ANGLE,,N,Clear or Partly Cloudy,Dry,Daylight,,,45,Vehicle - Pedalcyclist,0,N,Washington,47.55608560313176,-122.35897646353509
Block,WESTLAKE AVE N BETWEEN HALLADAY ST AND NEWELL ST,2,Injury Collision,Cycles,2,0,1,1,1,0,0,2012-06-15T00:00:00.000Z,6/15/2012 8:45:00 AM,Driveway Junction,18.0,"MOTOR VEHICLE STRUCK PEDALCYCLIST, FRONT END AT ANGLE",Y,N,Clear or Partly Cloudy,Dry,Daylight,,,45,Vehicle - Pedalcyclist,0,N,Washington,47.64311908115889,-122.34406971355865
Intersection,WEEDIN PL NE AND NE 65TH ST,2,Injury Collision,Cycles,2,0,1,1,1,0,0,2012-05-19T00:00:00.000Z,5/19/2012 1:07:00 PM,At Intersection (intersection related),18.0,"MOTOR VEHICLE STRUCK PEDALCYCLIST, FRONT END AT ANGLE",,N,Clear or Partly Cloudy,Dry,Daylight,,,45,Vehicle - Pedalcyclist,0,N,Washington,47.675846145234395,-122.31934286916237
Block,CALIFORNIA AVE SW BETWEEN SW MYRTLE ST AND SW ORCHARD ST,2,Injury Collision,Cycles,2,0,1,1,1,0,0,2012-02-02T00:00:00.000Z,2/2/2012 11:57:00 AM,Mid-Block (not related to intersection),56.0,PEDALCYCLIST STRUCK MOTOR VEHICLE LEFT SIDE SIDESWIPE,Y,N,Overcast,Dry,Daylight,,,45,Vehicle - Pedalcyclist,0,N,Washington,47.53940748702665,-122.38727455568123
Block,FREMONT AVE N BETWEEN FREMONT PL N AND N 36TH ST,2,Injury Collision,Cycles,1,0,1,0,1,0,0,2012-02-16T00:00:00.000Z,2/16/2012 9:32:00 AM,Mid-Block (not related to intersection),66.0,PEDALCYCLIST STRUCK OBJECT IN ROAD,,N,Raining,Wet,Daylight,,,45,Vehicle - Pedalcyclist,0,N,Washington,47.65088855096808,-122.3498845298686
Block,GILMAN AVE W BETWEEN 24TH AVE W AND 25TH AVE W,2,Injury Collision,Cycles,2,0,1,1,1,0,0,2012-11-18T00:00:00.000Z,11/18/2012 6:16:00 PM,Mid-Block (not related to intersection),54.0,PEDALCYCLIST STRUCK MOTOR VEHICLE REAR END,Y,N,Raining,Wet,Dark - Street Lights On,,,45,Vehicle - Pedalcyclist,0,N,Washington,47.657157107993754,-122.38807973604769
Intersection,26TH AVE AND E UNION ST,2,Injury Collision,Right Turn,4,0,1,1,1,0,0,2012-10-03T00:00:00.000Z,10/3/2012 4:30:00 PM,At Intersection (intersection related),51.0,PEDALCYCLIST STRUCK MOTOR VEHICLE FRONT END AT ANGLE,,N,Clear or Partly Cloudy,Dry,Daylight,,,16,From same direction - one right turn - one straight,0,N,Washington,47.612931041693976,-122.29880592049608
Intersection,BROADWAY E AND E OLIVE WAY,2,Injury Collision,Cycles,2,0,1,1,1,0,0,2012-02-08T00:00:00.000Z,2/8/2012 12:33:00 AM,At Intersection (intersection related),18.0,"MOTOR VEHICLE STRUCK PEDALCYCLIST, FRONT END AT ANGLE",,N,Raining,Wet,Dark - Street Lights On,,,45,Vehicle - Pedalcyclist,0,N,Washington,47.61990774686424,-122.32087289209669
Intersection,23RD AVE W AND W EMERSON PL,2,Injury Collision,Cycles,2,0,1,1,1,0,0,2012-01-02T00:00:00.000Z,1/2/2012 5:03:00 PM,At Intersection (intersection related),18.0,"MOTOR VEHICLE STRUCK PEDALCYCLIST, FRONT END AT ANGLE",,N,Raining,Wet,Dark - Street Lights On,,,45,Vehicle - Pedalcyclist,0,N,Washington,47.65613586531178,-122.38551131624155
Block,42ND AVE S BETWEEN S GENESEE ST AND S OREGON ST,2,Injury Collision,Cycles,2,0,1,1,1,0,0,2012-08-14T00:00:00.000Z,8/14/2012 9:58:00 AM,Mid-Block (not related to intersection),51.0,PEDALCYCLIST STRUCK MOTOR VEHICLE FRONT END AT ANGLE,Y,N,Clear or Partly Cloudy,Dry,Daylight,,,45,Vehicle - Pedalcyclist,0,N,Washington,47.56348654849439,-122.2807483739838
Intersection,AURORA AVE N AND GREEN LAKE DR N,2,Injury Collision,Cycles,2,0,1,1,1,0,0,2012-08-25T00:00:00.000Z,8/25/2012 12:15:00 PM,At Intersection (intersection related),18.0,"MOTOR VEHICLE STRUCK PEDALCYCLIST, FRONT END AT ANGLE",,N,Clear or Partly Cloudy,Dry,Daylight,,,45,Vehicle - Pedalcyclist,522353,N,Washington,47.68911276551052,-122.3445144354172
Intersection,15TH AVE S AND S HOLGATE ST,2,Injury Collision,Cycles,2,0,1,1,1,0,0,2012-06-12T00:00:00.000Z,6/12/2012 6:11:00 PM,At Intersection (intersection related),51.0,PEDALCYCLIST STRUCK MOTOR VEHICLE FRONT END AT ANGLE,,N,Raining,Wet,Daylight,Y,,45,Vehicle - Pedalcyclist,0,N,Washington,47.586362679013384,-122.31336274842444
Block,S MICHIGAN ST BETWEEN 7TH AVE S AND CORSON AVE S,2,Injury Collision,Cycles,3,0,1,1,1,0,0,2012-09-17T00:00:00.000Z,9/17/2012 5:12:00 PM,Mid-Block (not related to intersection),51.0,PEDALCYCLIST STRUCK MOTOR VEHICLE FRONT END AT ANGLE,,N,Clear or Partly Cloudy,Dry,Daylight,,,45,Vehicle - Pedalcyclist,0,N,Washington,47.5470245031927,-122.3232392280778
Intersection,30TH AVE S AND S MAIN ST,2,Injury Collision,Cycles,2,0,1,1,1,0,0,2012-02-21T00:00:00.000Z,2/21/2012 2:00:00 PM,At Intersection (intersection related),18.0,"MOTOR VEHICLE STRUCK PEDALCYCLIST, FRONT END AT ANGLE",,N,Overcast,Wet,Daylight,,,45,Vehicle - Pedalcyclist,0,N,Washington,47.60026217418564,-122.29378190913309
Block,ELLIOTT AVE BETWEEN BAY ST AND W DENNY WAY,1,Property Damage Only Collision,Cycles,2,0,1,1,0,0,0,2012-06-22T00:00:00.000Z,6/22/2012 6:15:00 PM,Mid-Block (but intersection related),23.0,"MOTOR VEHICLE STRUCK PEDALCYCLIST, LEFT SIDE SIDESWIPE",,N,Raining,Wet,Daylight,Y,,45,Vehicle - Pedalcyclist,0,N,Washington,47.61795105151784,-122.35756633587404
Block,S HANFORD ST BETWEEN 3RD AVE S AND 4TH AVE S,2,Injury Collision,Cycles,2,0,1,1,1,0,0,2012-07-13T00:00:00.000Z,7/13/2012 10:02:00 AM,Mid-Block (not related to intersection),14.0,"MOTOR VEHICLE STRUCK MOTOR VEHICLE, REAR END",,N,Overcast,Dry,Daylight,Y,Y,45,Vehicle - Pedalcyclist,0,N,Washington,47.57557392282846,-122.32952672736154
Intersection,WALLINGFORD AVE N AND N 90TH ST,1,Property Damage Only Collision,Cycles,2,0,1,1,0,0,0,2012-06-26T00:00:00.000Z,6/26/2012 10:55:00 AM,At Intersection (intersection related),18.0,"MOTOR VEHICLE STRUCK PEDALCYCLIST, FRONT END AT ANGLE",,N,Raining,Wet,Daylight,Y,,45,Vehicle - Pedalcyclist,0,N,Washington,47.69413989805371,-122.33647986177448
Block,35TH AVE NE BETWEEN NE 70TH ST AND NE 73RD ST,2,Injury Collision,Cycles,2,0,1,1,1,0,0,2012-07-11T00:00:00.000Z,7/11/2012 10:42:00 AM,Mid-Block (not related to intersection),56.0,PEDALCYCLIST STRUCK MOTOR VEHICLE LEFT SIDE SIDESWIPE,,N,Clear or Partly Cloudy,Dry,Daylight,,,45,Vehicle - Pedalcyclist,0,N,Washington,47.680322487141474,-122.29040187154236
Intersection,19TH AVE AND E UNION ST,2,Injury Collision,Cycles,2,0,1,1,1,0,0,2012-07-18T00:00:00.000Z,7/18/2012 6:10:00 PM,At Intersection (intersection related),18.0,"MOTOR VEHICLE STRUCK PEDALCYCLIST, FRONT END AT ANGLE",,N,Clear or Partly Cloudy,Dry,Daylight,Y,,45,Vehicle - Pedalcyclist,0,N,Washington,47.612898268136206,-122.30750481647611
Intersection,BATTERY ST AND WESTERN AVE,2,Injury Collision,Cycles,2,0,1,1,1,0,0,2012-10-05T00:00:00.000Z,10/5/2012 8:07:00 AM,At Intersection (intersection related),18.0,"MOTOR VEHICLE STRUCK PEDALCYCLIST, FRONT END AT ANGLE",,N,Clear or Partly Cloudy,Dry,Daylight,Y,,45,Vehicle - Pedalcyclist,522625,N,Washington,47.61347958810134,-122.34867330789845
Intersection,24TH AVE E AND INTERLAKEN PL E,2,Injury Collision,Cycles,1,0,1,0,1,0,0,2012-02-07T00:00:00.000Z,2/7/2012 2:12:00 PM,At Intersection (intersection related),69.0,PEDALCYCLIST OVERTURNED IN ROAD,,N,Clear or Partly Cloudy,Dry,Daylight,,,45,Vehicle - Pedalcyclist,0,N,Washington,47.63359430393036,-122.30159187433512
Intersection,BROADWAY E AND E THOMAS ST,2,Injury Collision,Cycles,2,0,1,1,1,0,0,2012-02-03T00:00:00.000Z,2/3/2012 7:11:00 PM,At Intersection (intersection related),54.0,PEDALCYCLIST STRUCK MOTOR VEHICLE REAR END,,Y,Clear or Partly Cloudy,Dry,Dark - Street Lights On,Y,,45,Vehicle - Pedalcyclist,0,N,Washington,47.621075870889555,-122.32089166929796
Intersection,5TH AVE N AND ALOHA ST,2,Injury Collision,Cycles,2,0,1,1,1,0,0,2012-09-06T00:00:00.000Z,9/6/2012 8:41:00 AM,At Intersection (intersection related),18.0,"MOTOR VEHICLE STRUCK PEDALCYCLIST, FRONT END AT ANGLE",,N,Clear or Partly Cloudy,Dry,Daylight,Y,,45,Vehicle - Pedalcyclist,0,N,Washington,47.627159467222484,-122.34754993140827
Intersection,20TH AVE AND E JEFFERSON ST,2,Injury Collision,Cycles,2,0,1,1,1,0,0,2013-03-12T00:00:00.000Z,3/12/2013 10:38:00 PM,At Intersection (intersection related),51.0,PEDALCYCLIST STRUCK MOTOR VEHICLE FRONT END AT ANGLE,,N,Overcast,Wet,Dark - Street Lights On,Y,,45,Vehicle - Pedalcyclist,0,N,Washington,47.60616745162813,-122.30633165638449
Intersection,BROOKLYN AVE NE AND NE RAVENNA WB BV,1,Property Damage Only Collision,Cycles,2,0,1,1,0,0,0,2012-10-14T00:00:00.000Z,10/14/2012 5:34:00 PM,At Intersection (intersection related),18.0,"MOTOR VEHICLE STRUCK PEDALCYCLIST, FRONT END AT ANGLE",,N,Raining,Wet,Daylight,Y,,45,Vehicle - Pedalcyclist,0,N,Washington,47.67145247594737,-122.3141740609598
Block,BOYER AVE E BETWEEN 15TH AVE E AND 14TH AVE E,2,Injury Collision,Cycles,2,0,1,1,1,0,0,2012-07-31T00:00:00.000Z,7/31/2012 2:32:00 PM,Mid-Block (not related to intersection),51.0,PEDALCYCLIST STRUCK MOTOR VEHICLE FRONT END AT ANGLE,,N,Clear or Partly Cloudy,Dry,Daylight,,,45,Vehicle - Pedalcyclist,0,N,Washington,47.64066638748559,-122.31293803999891
Block,DENNY WAY BETWEEN WARREN AVE N AND 2ND WR AVE,1,Property Damage Only Collision,Rear Ended,2,0,1,1,0,0,0,2012-10-15T00:00:00.000Z,10/15/2012 6:47:00 PM,Mid-Block (but intersection related),54.0,PEDALCYCLIST STRUCK MOTOR VEHICLE REAR END,,N,Raining,Wet,Dark - Street Lights On,,,14,From same direction - both going straight - one stopped - rear-end,0,N,Washington,47.618595525131376,-122.35375315231657
Block,6TH AVE S BETWEEN S LANE ST AND S DEARBORN ST,2,Injury Collision,Cycles,2,0,1,1,1,0,0,2012-09-02T00:00:00.000Z,9/2/2012 7:00:00 PM,Mid-Block (not related to intersection),21.0,"MOTOR VEHICLE STRUCK PEDALCYCLIST, REAR END",,N,Clear or Partly Cloudy,Dry,Daylight,Y,,45,Vehicle - Pedalcyclist,0,N,Washington,47.596258135512635,-122.32637212434479
Intersection,E HOWELL ST AND E OLIVE WAY,2b,Serious Injury Collision,Cycles,3,0,1,1,1,1,0,2012-07-15T00:00:00.000Z,7/15/2012 9:19:00 PM,At Intersection (intersection related),51.0,PEDALCYCLIST STRUCK MOTOR VEHICLE FRONT END AT ANGLE,,N,Clear or Partly Cloudy,Dry,Dark - Street Lights On,,,45,Vehicle - Pedalcyclist,0,N,Washington,47.617736467590845,-122.32625385468852
Block,10TH AVE E BETWEEN E LYNN ST AND E MILLER ST,2,Injury Collision,Cycles,2,0,1,1,1,0,0,2013-01-07T00:00:00.000Z,1/7/2013 6:08:00 PM,Mid-Block (not related to intersection),54.0,PEDALCYCLIST STRUCK MOTOR VEHICLE REAR END,,N,Raining,Wet,Dark - Street Lights On,,,45,Vehicle - Pedalcyclist,0,N,Washington,47.64044969209657,-122.32006083970396
Block,BROADWAY BETWEEN HARVARD AVE AND E UNION ST,2,Injury Collision,Cycles,1,0,1,0,1,0,0,2013-02-20T00:00:00.000Z,2/20/2013 8:00:00 AM,Mid-Block (not related to intersection),66.0,PEDALCYCLIST STRUCK OBJECT IN ROAD,,N,Clear or Partly Cloudy,Dry,Daylight,,,45,Vehicle - Pedalcyclist,0,N,Washington,47.612109989989754,-122.32076121797354
Block,NE 50TH ST BETWEEN 9TH AVE NE AND ROOSEVELT WAY NE,1,Property Damage Only Collision,Cycles,2,0,1,1,0,0,0,2013-05-12T00:00:00.000Z,5/12/2013 1:43:00 AM,Mid-Block (not related to intersection),21.0,"MOTOR VEHICLE STRUCK PEDALCYCLIST, REAR END",,N,Clear or Partly Cloudy,Dry,Dark - Street Lights On,,,45,Vehicle - Pedalcyclist,0,N,Washington,47.66494074261525,-122.31792288146464
Intersection,3RD AVE NW AND NW 117TH ST,2,Injury Collision,Cycles,2,0,1,1,1,0,0,2013-01-15T00:00:00.000Z,1/15/2013 1:27:00 PM,At Intersection (intersection related),51.0,PEDALCYCLIST STRUCK MOTOR VEHICLE FRONT END AT ANGLE,,N,Clear or Partly Cloudy,Dry,Daylight,,,45,Vehicle - Pedalcyclist,0,N,Washington,47.71418069465355,-122.36088963342466
Block,RAINIER AVE S BETWEEN S CHARLES S ST AND S NORMAN ST,2,Injury Collision,Cycles,5,0,1,1,1,0,0,2012-09-18T00:00:00.000Z,9/18/2012 5:30:00 PM,Mid-Block (not related to intersection),23.0,"MOTOR VEHICLE STRUCK PEDALCYCLIST, LEFT SIDE SIDESWIPE",,N,Clear or Partly Cloudy,Dry,Daylight,,,45,Vehicle - Pedalcyclist,0,N,Washington,47.593790074880026,-122.30993511609115
Block,2ND AV ET S BETWEEN S MAIN ST AND S WASHINGTON ST,2,Injury Collision,Cycles,2,0,1,1,1,0,0,2013-04-15T00:00:00.000Z,4/15/2013 6:56:00 PM,Mid-Block (not related to intersection),18.0,"MOTOR VEHICLE STRUCK PEDALCYCLIST, FRONT END AT ANGLE",,N,Clear or Partly Cloudy,Dry,Daylight,,,45,Vehicle - Pedalcyclist,0,N,Washington,47.600433765628175,-122.33077753415087
Block,LAKE WASHINGTON BLVD S BETWEEN 43RD AVE S AND 46TH AVE S,2,Injury Collision,Cycles,2,0,1,1,1,0,0,2013-01-16T00:00:00.000Z,1/16/2013 4:48:00 PM,Driveway Junction,18.0,"MOTOR VEHICLE STRUCK PEDALCYCLIST, FRONT END AT ANGLE",,N,Clear or Partly Cloudy,Dry,Dusk,,,45,Vehicle - Pedalcyclist,0,N,Washington,47.57002059923522,-122.27835128600842
Block,ROOSEVELT WAY NE BETWEEN NE 43RD N ST AND NE 45TH ST,2,Injury Collision,Cycles,2,0,1,1,1,0,0,2013-04-15T00:00:00.000Z,4/15/2013 8:35:00 AM,Mid-Block (not related to intersection),54.0,PEDALCYCLIST STRUCK MOTOR VEHICLE REAR END,,N,Clear or Partly Cloudy,Dry,Daylight,,,45,Vehicle - Pedalcyclist,0,N,Washington,47.66057737868581,-122.31772271464912
Intersection,AURORA AVE N AND N 145TH ST,2,Injury Collision,Cycles,2,0,1,1,1,0,0,2012-09-11T00:00:00.000Z,9/11/2012 2:35:00 PM,At Intersection (intersection related),18.0,"MOTOR VEHICLE STRUCK PEDALCYCLIST, FRONT END AT ANGLE",,Y,Clear or Partly Cloudy,Dry,Daylight,Y,,45,Vehicle - Pedalcyclist,521697,N,Washington,47.73412842815701,-122.34509710385893
Block,6TH AVE BETWEEN OLIVE WAY AND STEWART ST,2,Injury Collision,Cycles,2,0,1,1,1,0,0,2013-05-13T00:00:00.000Z,5/13/2013 12:15:00 PM,Mid-Block (not related to intersection),56.0,PEDALCYCLIST STRUCK MOTOR VEHICLE LEFT SIDE SIDESWIPE,,N,Raining,Wet,Daylight,,,45,Vehicle - Pedalcyclist,0,N,Washington,47.613375268453424,-122.33664679369764
Block,12TH AVE BETWEEN E YESLER WAY AND E FIR ST,2,Injury Collision,Cycles,3,0,1,1,1,0,0,2013-02-05T00:00:00.000Z,2/5/2013 5:05:00 PM,Mid-Block (not related to intersection),55.0,PEDALCYCLIST STRUCK MOTOR VEHICLE RIGHT SIDE SIDESWIPE,,N,Raining,Wet,Dark - Street Lights On,,,45,Vehicle - Pedalcyclist,0,N,Washington,47.602188270464296,-122.31678184867359
Intersection,14TH AVE AND E DENNY WAY,2,Injury Collision,Cycles,2,0,1,1,1,0,0,2013-05-13T00:00:00.000Z,5/13/2013,At Intersection (intersection related),51.0,PEDALCYCLIST STRUCK MOTOR VEHICLE FRONT END AT ANGLE,Y,N,Overcast,Dry,Unknown,,,45,Vehicle - Pedalcyclist,0,N,Washington,47.618787513673524,-122.3142986219418