addrtype,location,severitycode,severitydesc,collisiontype,personcount,pedcount,pedcylcount,vehcount,injuries,seriousinjuries,fatalities,incdate,incdttm,junctiontype,sdot_colcode,sdot_coldesc,inattentionind,underinfl,weather,roadcond,lightcond,pedrownotgrnt,speeding,st_colcode,st_coldesc,crosswalkkey,hitparkedcar,state,latitude,longitude
Intersection,25TH AVE NE AND NE 54TH ST,2,Injury Collision,Cycles,2,0,1,1,1,0,0,2013-02-24T00:00:00.000Z,2/24/2013 7:20:00 PM,At Intersection (intersection related),51.0,PEDALCYCLIST STRUCK MOTOR VEHICLE FRONT END AT ANGLE,,N,Clear or Partly Cloudy,Dry,Dark - Street Lights On,Y,,45,Vehicle - Pedalcyclist,0,N,Washington,47.66797835295682,-122.30061611359508
Intersection,21ST AVE NW AND NW 96TH ST,2,Injury Collision,Cycles,2,0,1,1,1,0,0,2013-01-15T00:00:00.000Z,1/15/2013 3:50:00 PM,At Intersection (intersection related),51.0,PEDALCYCLIST STRUCK MOTOR VEHICLE FRONT END AT ANGLE,,N,Clear or Partly Cloudy,Dry,Daylight,,,45,Vehicle - Pedalcyclist,0,N,Washington,47.69898147668511,-122.38303568267271
Block,19TH AVE E BETWEEN E THOMAS ST AND E HARRISON ST,2,Injury Collision,Cycles,2,0,1,1,1,0,0,2013-02-20T00:00:00.000Z,2/20/2013 7:26:00 PM,Mid-Block (not related to intersection),18.0,"MOTOR VEHICLE STRUCK PEDALCYCLIST, FRONT END AT ANGLE",,N,Raining,Wet,Dark - Street Lights On,,,45,Vehicle - Pedalcyclist,0,N,Washington,47.6212750125968,-122.30733746411084
Intersection,LAKE WASHINGTON BLVD E AND E MADISON ST,2,Injury Collision,Cycles,2,0,1,1,1,0,0,2013-04-14T00:00:00.000Z,4/14/2013 4:24:00 PM,At Intersection (intersection related),18.0,"MOTOR VEHICLE STRUCK PEDALCYCLIST, FRONT END AT ANGLE",,N,Clear or Partly Cloudy,Dry,Daylight,Y,,45,Vehicle - Pedalcyclist,0,N,Washington,47.626017800549825,-122.29244003313448
Intersection,35TH AVE SW AND SW DAKOTA ST,2,Injury Collision,Cycles,2,0,1,1,1,0,0,2013-04-16T00:00:00.000Z,4/16/2013 5:03:00 PM,At Intersection (intersection related),18.0,"MOTOR VEHICLE STRUCK PEDALCYCLIST, FRONT END AT ANGLE",,N,Clear or Partly Cloudy,Dry,Daylight,Y,,45,Vehicle - Pedalcyclist,0,N,Washington,47.566486974918526,-122.37618665804298
Intersection,CALIFORNIA AVE SW AND SW FRONTENAC ST,2,Injury Collision,Cycles,2,0,1,1,1,0,0,2013-04-24T00:00:00.000Z,4/24/2013 1:05:00 PM,At Intersection (intersection related),51.0,PEDALCYCLIST STRUCK MOTOR VEHICLE FRONT END AT ANGLE,,N,Clear or Partly Cloudy,Dry,Daylight,,,45,Vehicle - Pedalcyclist,0,N,Washington,47.540730960141346,-122.38726041030357
Block,HARRISON ST BETWEEN WESTLAKE AVE N AND TERRY AVE N,2,Injury Collision,Cycles,4,0,1,1,1,0,0,2013-01-19T00:00:00.000Z,1/19/2013 5:52:00 PM,Driveway Junction,18.0,"MOTOR VEHICLE STRUCK PEDALCYCLIST, FRONT END AT ANGLE",,N,Overcast,Dry,Dark - Street Lights On,,,45,Vehicle - Pedalcyclist,0,N,Washington,47.62203885734797,-122.33780562013308
Block,S JACKSON ST BETWEEN 16TH AVE S AND 17TH AVE S,1,Property Damage Only Collision,Cycles,2,0,1,1,0,0,0,2013-01-23T00:00:00.000Z,1/23/2013 8:38:00 AM,Driveway Junction,18.0,"MOTOR VEHICLE STRUCK PEDALCYCLIST, FRONT END AT ANGLE",,N,Overcast,Dry,Daylight,Y,,45,Vehicle - Pedalcyclist,0,N,Washington,47.59922818540542,-122.3109268392116
Intersection,4TH AVE AND SENECA ST,2,Injury Collision,Cycles,2,0,1,1,1,0,0,2013-04-25T00:00:00.000Z,4/25/2013 6:45:00 PM,At Intersection (intersection related),18.0,"MOTOR VEHICLE STRUCK PEDALCYCLIST, FRONT END AT ANGLE",,N,Unknown,Unknown,Daylight,Y,,45,Vehicle - Pedalcyclist,0,N,Washington,47.60751499755746,-122.33421346920784
Intersection,3RD AVE AND JAMES ST,2,Injury Collision,Cycles,3,0,1,2,1,0,0,2013-04-24T00:00:00.000Z,4/24/2013 6:54:00 PM,At Intersection (intersection related),18.0,"MOTOR VEHICLE STRUCK PEDALCYCLIST, FRONT END AT ANGLE",,N,Clear or Partly Cloudy,Dry,Daylight,,,45,Vehicle - Pedalcyclist,0,N,Washington,47.602769175945895,-122.33140852764343
Block,UNIVERSITY WAY NE BETWEEN NE 45TH ST AND NE 47TH ST,2,Injury Collision,Cycles,2,1,1,0,2,0,0,2013-03-01T00:00:00.000Z,3/1/2013 2:30:00 PM,Mid-Block (not related to intersection),64.0,PEDALCYCLIST STRUCK PEDESTRIAN,,N,Overcast,Dry,Daylight,Y,,45,Vehicle - Pedalcyclist,522430,N,Washington,47.66217920897607,-122.31311572731876
Intersection,5TH AVE S AND S CLOVERDALE ST,1,Property Damage Only Collision,Cycles,2,0,1,1,0,0,0,2013-05-08T00:00:00.000Z,5/8/2013 9:25:00 PM,At Intersection (intersection related),18.0,"MOTOR VEHICLE STRUCK PEDALCYCLIST, FRONT END AT ANGLE",,N,Clear or Partly Cloudy,Dry,Unknown,,,45,Vehicle - Pedalcyclist,0,N,Washington,47.52648114399101,-122.32819875767099
Block,DEXTER AVE N BETWEEN HALLADAY ST AND 4TH S AVE N,2,Injury Collision,Cycles,2,0,1,1,1,0,0,2013-01-17T00:00:00.000Z,1/17/2013 5:32:00 PM,Mid-Block (not related to intersection),18.0,"MOTOR VEHICLE STRUCK PEDALCYCLIST, FRONT END AT ANGLE",,N,Clear or Partly Cloudy,Dry,Dark - Street Lights On,Y,,45,Vehicle - Pedalcyclist,0,N,Washington,47.644265702903716,-122.34665163372641
Intersection,ALASKAN E RDWY WAY AND YESLER WAY,2,Injury Collision,Cycles,2,0,1,1,1,0,0,2013-02-04T00:00:00.000Z,2/4/2013 5:26:00 PM,At Intersection (intersection related),18.0,"MOTOR VEHICLE STRUCK PEDALCYCLIST, FRONT END AT ANGLE",,N,Clear or Partly Cloudy,Dry,Dark - Street Lights On,Y,,45,Vehicle - Pedalcyclist,522606,N,Washington,47.6017245639404,-122.33603405699972
Block,DELRIDGE WAY SW BETWEEN SW GENESEE ST AND SW OREGON ST,2,Injury Collision,Cycles,2,0,1,1,1,0,0,2013-05-14T00:00:00.000Z,5/14/2013 8:59:00 AM,Mid-Block (not related to intersection),18.0,"MOTOR VEHICLE STRUCK PEDALCYCLIST, FRONT END AT ANGLE",,N,Clear or Partly Cloudy,Dry,Daylight,Y,,45,Vehicle - Pedalcyclist,0,N,Washington,47.56381410056913,-122.36333748031765
Intersection,PHINNEY AVE N AND N 39TH ST,2,Injury Collision,Cycles,2,0,1,1,1,0,0,2013-05-14T00:00:00.000Z,5/14/2013 4:38:00 PM,At Intersection (intersection related),18.0,"MOTOR VEHICLE STRUCK PEDALCYCLIST, FRONT END AT ANGLE",Y,N,Clear or Partly Cloudy,Dry,Daylight,Y,,45,Vehicle - Pedalcyclist,0,N,Washington,47.65415196770524,-122.35446577187136
Intersection,RAINIER AVE S AND S WELLER ST,2,Injury Collision,Cycles,2,0,1,1,1,0,0,2013-02-13T00:00:00.000Z,2/13/2013 8:58:00 AM,At Intersection (intersection related),18.0,"MOTOR VEHICLE STRUCK PEDALCYCLIST, FRONT END AT ANGLE",,N,Raining,Wet,Daylight,,,45,Vehicle - Pedalcyclist,0,N,Washington,47.59749163503128,-122.31275995108149
Intersection,15TH AVE E AND E MERCER S ST,2,Injury Collision,Cycles,2,0,1,1,1,0,0,2013-01-07T00:00:00.000Z,1/7/2013 7:42:00 AM,At Intersection (intersection related),21.0,"MOTOR VEHICLE STRUCK PEDALCYCLIST, REAR END",Y,N,Raining,Dry,Dawn,,,45,Vehicle - Pedalcyclist,0,N,Washington,47.624249308541444,-122.3126068195434
Intersection,3RD AVE NW AND NW 39TH ST,2,Injury Collision,Cycles,2,0,1,1,1,0,0,2013-05-14T00:00:00.000Z,5/14/2013 5:23:00 PM,At Intersection (intersection related),18.0,"MOTOR VEHICLE STRUCK PEDALCYCLIST, FRONT END AT ANGLE",,N,Clear or Partly Cloudy,Dry,Daylight,Y,,45,Vehicle - Pedalcyclist,0,N,Washington,47.65414464040226,-122.36083823415649
Intersection,11TH AVE AND E PINE ST,2,Injury Collision,Cycles,2,0,1,1,1,0,0,2013-01-25T00:00:00.000Z,1/25/2013 9:16:00 PM,At Intersection (intersection related),18.0,"MOTOR VEHICLE STRUCK PEDALCYCLIST, FRONT END AT ANGLE",,N,Clear or Partly Cloudy,Dry,Dark - Street Lights On,Y,,45,Vehicle - Pedalcyclist,0,N,Washington,47.61525439144628,-122.31815943391057
Intersection,4TH AVE N AND DEXTER S AVE N,2,Injury Collision,Cycles,3,0,1,1,1,0,0,2013-01-23T00:00:00.000Z,1/23/2013 5:05:00 PM,At Intersection (intersection related),23.0,"MOTOR VEHICLE STRUCK PEDALCYCLIST, LEFT SIDE SIDESWIPE",,N,Raining,Wet,Dusk,,,45,Vehicle - Pedalcyclist,0,N,Washington,47.64570977099386,-122.34948774878293
Block,S DEARBORN ST BETWEEN 13TH AVE S AND CORWIN PL S,1,Property Damage Only Collision,Cycles,2,0,1,1,0,0,0,2013-02-05T00:00:00.000Z,2/5/2013 6:02:00 PM,Mid-Block (not related to intersection),55.0,PEDALCYCLIST STRUCK MOTOR VEHICLE RIGHT SIDE SIDESWIPE,Y,N,Overcast,Dry,Dark - Street Lights On,,,45,Vehicle - Pedalcyclist,0,N,Washington,47.59581845683624,-122.31500518823336
Block,EAST GREEN LAKE WAY N BETWEEN 4TH AVE NE AND NE RAVENNA SR BV,2,Injury Collision,Cycles,2,1,1,0,1,0,0,2013-05-12T00:00:00.000Z,5/12/2013,Mid-Block (not related to intersection),0.0,NOT ENOUGH INFORMATION / NOT APPLICABLE,,N,Overcast,Dry,Unknown,,,45,Vehicle - Pedalcyclist,0,N,Washington,47.678712582189725,-122.32652875674695
Intersection,7TH AVE AND JAMES ST,1,Property Damage Only Collision,Cycles,2,0,1,1,0,0,0,2013-01-11T00:00:00.000Z,1/11/2013 2:00:00 PM,At Intersection (intersection related),51.0,PEDALCYCLIST STRUCK MOTOR VEHICLE FRONT END AT ANGLE,,N,Clear or Partly Cloudy,Dry,Daylight,,,45,Vehicle - Pedalcyclist,0,N,Washington,47.60462517938578,-122.32697031475391
Block,STEWART ST BETWEEN TERRY AVE AND BOREN AVE,2,Injury Collision,Cycles,2,0,1,1,1,0,0,2012-12-03T00:00:00.000Z,12/3/2012 7:10:00 AM,Mid-Block (not related to intersection),18.0,"MOTOR VEHICLE STRUCK PEDALCYCLIST, FRONT END AT ANGLE",,N,Raining,Wet,Daylight,Y,,45,Vehicle - Pedalcyclist,0,N,Washington,47.61661180923626,-122.3331489800814
Intersection,2ND AVE AND JAMES ST,2,Injury Collision,Cycles,4,0,1,1,1,0,0,2012-12-24T00:00:00.000Z,12/24/2012 2:03:00 AM,At Intersection (intersection related),18.0,"MOTOR VEHICLE STRUCK PEDALCYCLIST, FRONT END AT ANGLE",,N,Overcast,Wet,Dark - Street Lights On,Y,,45,Vehicle - Pedalcyclist,520980,N,Washington,47.602305601181115,-122.33251943988401
Intersection,10TH AVE E AND E BOSTON ST,2,Injury Collision,Cycles,2,0,1,1,1,0,0,2013-02-26T00:00:00.000Z,2/26/2013 8:56:00 AM,At Intersection (intersection related),51.0,PEDALCYCLIST STRUCK MOTOR VEHICLE FRONT END AT ANGLE,,N,Clear or Partly Cloudy,Dry,Daylight,,Y,45,Vehicle - Pedalcyclist,0,N,Washington,47.63840322495143,-122.32007129508058
Intersection,GREEN LAKE WAY N AND N 51ST ST,2,Injury Collision,Left Turn,2,0,1,1,1,0,0,2013-02-08T00:00:00.000Z,2/8/2013 6:16:00 PM,At Intersection (intersection related),11.0,"MOTOR VEHICLE STRUCK MOTOR VEHICLE, FRONT END AT ANGLE",,N,Overcast,Dry,Dark - Street Lights On,Y,,28,From opposite direction - one left turn - one straight,0,N,Washington,47.665730037195814,-122.34009561222015
Block,FLORENTIA ST BETWEEN 2ND AVE N AND MAYFAIR AVE N,2,Injury Collision,Cycles,2,0,1,1,1,0,0,2012-11-03T00:00:00.000Z,11/3/2012 9:28:00 PM,Driveway Junction,51.0,PEDALCYCLIST STRUCK MOTOR VEHICLE FRONT END AT ANGLE,,N,Clear or Partly Cloudy,Dry,Dark - Street Lights On,,,45,Vehicle - Pedalcyclist,0,N,Washington,47.64688608236683,-122.3529020646217
Intersection,3RD AVE AND YESLER WAY,2,Injury Collision,Cycles,2,0,1,1,1,0,0,2012-05-18T00:00:00.000Z,5/18/2012 9:31:00 AM,At Intersection (intersection related),54.0,PEDALCYCLIST STRUCK MOTOR VEHICLE REAR END,,N,Clear or Partly Cloudy,Dry,Daylight,,,45,Vehicle - Pedalcyclist,0,N,Washington,47.60171615634633,-122.33026479318455
Intersection,11TH AVE AND E PIKE ST,2,Injury Collision,Cycles,2,1,1,0,1,0,0,2012-04-14T00:00:00.000Z,4/14/2012 6:32:00 PM,At Intersection (intersection related),64.0,PEDALCYCLIST STRUCK PEDESTRIAN,Y,N,Clear or Partly Cloudy,Dry,Daylight,Y,,45,Vehicle - Pedalcyclist,523844,N,Washington,47.614094432422974,-122.31814095005302
Intersection,DENNY WAY AND DEXTER AVE,1,Property Damage Only Collision,Cycles,2,0,1,1,0,0,0,2013-02-05T00:00:00.000Z,2/5/2013 7:34:00 PM,At Intersection (intersection related),51.0,PEDALCYCLIST STRUCK MOTOR VEHICLE FRONT END AT ANGLE,,N,Overcast,Dry,Dark - Street Lights On,,,45,Vehicle - Pedalcyclist,0,N,Washington,47.618550164551785,-122.34240185261628
Intersection,26TH AVE SW AND SW HUDSON ST,2,Injury Collision,Cycles,2,0,1,1,1,0,0,2012-08-28T00:00:00.000Z,8/28/2012 2:55:00 PM,At Intersection (intersection related),51.0,PEDALCYCLIST STRUCK MOTOR VEHICLE FRONT END AT ANGLE,,N,Clear or Partly Cloudy,Dry,Daylight,,,45,Vehicle - Pedalcyclist,0,N,Washington,47.55748162205463,-122.36553409618091
Block,FAUNTLEROY WAY SW BETWEEN 41ST AVE SW AND 42ND AVE SW,2,Injury Collision,Cycles,2,0,1,1,1,0,0,2013-02-07T00:00:00.000Z,2/7/2013 4:15:00 PM,Driveway Junction,18.0,"MOTOR VEHICLE STRUCK PEDALCYCLIST, FRONT END AT ANGLE",,N,Clear or Partly Cloudy,Dry,Daylight,,,45,Vehicle - Pedalcyclist,0,N,Washington,47.545234589831196,-122.38508198477699
Intersection,6TH AVE AND MADISON ST,2,Injury Collision,Cycles,3,0,1,1,1,0,0,2013-02-19T00:00:00.000Z,2/19/2013 10:14:00 AM,At Intersection (intersection related),51.0,PEDALCYCLIST STRUCK MOTOR VEHICLE FRONT END AT ANGLE,,N,Clear or Partly Cloudy,Dry,Daylight,,,45,Vehicle - Pedalcyclist,0,N,Washington,47.60701683754301,-122.33068899816642
Intersection,FAIRVIEW AVE N AND YALE AVE N,2,Injury Collision,Cycles,2,0,1,1,1,0,0,2013-01-07T00:00:00.000Z,1/7/2013 9:33:00 AM,At Intersection (intersection related),18.0,"MOTOR VEHICLE STRUCK PEDALCYCLIST, FRONT END AT ANGLE",,N,Raining,Wet,Daylight,,,45,Vehicle - Pedalcyclist,0,N,Washington,47.62871326719517,-122.33090658782622
Block,NW MARKET ST BETWEEN BALLARD AVE NW AND 24TH AVE NW,2,Injury Collision,Cycles,2,0,1,1,1,0,0,2012-07-21T00:00:00.000Z,7/21/2012 9:06:00 AM,Mid-Block (not related to intersection),21.0,"MOTOR VEHICLE STRUCK PEDALCYCLIST, REAR END",,N,Clear or Partly Cloudy,Dry,Daylight,Y,,45,Vehicle - Pedalcyclist,0,N,Washington,47.66868054550898,-122.38697024773055
Block,E MARION ST BETWEEN 12TH AVE AND 13TH AVE,2,Injury Collision,Cycles,2,0,1,1,1,0,0,2012-08-21T00:00:00.000Z,8/21/2012 6:58:00 PM,Driveway Junction,54.0,PEDALCYCLIST STRUCK MOTOR VEHICLE REAR END,,N,Clear or Partly Cloudy,Dry,Daylight,,,45,Vehicle - Pedalcyclist,0,N,Washington,47.610392297795045,-122.31611229536243
Intersection,4TH AVE AND PIKE ST,2,Injury Collision,Cycles,2,1,1,0,1,0,0,2012-01-12T00:00:00.000Z,1/12/2012 3:32:00 PM,At Intersection (intersection related),64.0,PEDALCYCLIST STRUCK PEDESTRIAN,,N,Clear or Partly Cloudy,Dry,Daylight,Y,,45,Vehicle - Pedalcyclist,521863,N,Washington,47.61021404171938,-122.33668342822828
Block,RAINIER AVE S BETWEEN S BAYVIEW ST AND S MCCLELLAN ST,2,Injury Collision,Cycles,4,0,1,1,1,0,0,2012-07-08T00:00:00.000Z,7/8/2012 9:36:00 AM,Mid-Block (not related to intersection),0.0,NOT ENOUGH INFORMATION / NOT APPLICABLE,,N,Clear or Partly Cloudy,Dry,Daylight,,,45,Vehicle - Pedalcyclist,0,N,Washington,47.57967346285829,-122.29915965981644
Intersection,DELRIDGE WAY SW AND SW ORCHARD ST,1,Property Damage Only Collision,Cycles,2,0,1,1,0,0,0,2013-02-05T00:00:00.000Z,2/5/2013 2:45:00 PM,At Intersection (intersection related),18.0,"MOTOR VEHICLE STRUCK PEDALCYCLIST, FRONT END AT ANGLE",,N,Overcast,Wet,Daylight,,Y,45,Vehicle - Pedalcyclist,525435,N,Washington,47.537954166593686,-122.361091865746
Block,BELLEVUE AVE E BETWEEN E DENNY WAY AND E LORETTA PL,2,Injury Collision,Cycles,2,0,1,1,1,0,0,2012-11-19T00:00:00.000Z,11/19/2012 6:31:00 PM,Mid-Block (not related to intersection),51.0,PEDALCYCLIST STRUCK MOTOR VEHICLE FRONT END AT ANGLE,,N,Raining,Wet,Dark - Street Lights On,,,45,Vehicle - Pedalcyclist,0,N,Washington,47.61886143039903,-122.32672701279377
Intersection,25TH AVE SW AND SW BARTON ST,2,Injury Collision,Cycles,2,0,1,1,1,0,0,2012-04-28T00:00:00.000Z,4/28/2012 12:32:00 PM,At Intersection (intersection related),51.0,PEDALCYCLIST STRUCK MOTOR VEHICLE FRONT END AT ANGLE,,N,Clear or Partly Cloudy,Dry,Daylight,Y,,45,Vehicle - Pedalcyclist,0,N,Washington,47.521023292388975,-122.36454783752541
Block,FREMONT AVE N BETWEEN N 36TH ST AND N 38TH ST,2,Injury Collision,Cycles,2,0,1,1,1,0,0,2012-07-28T00:00:00.000Z,7/28/2012 6:02:00 PM,Mid-Block (not related to intersection),54.0,PEDALCYCLIST STRUCK MOTOR VEHICLE REAR END,,N,Clear or Partly Cloudy,Dry,Daylight,,Y,45,Vehicle - Pedalcyclist,0,N,Washington,47.65203780745402,-122.34992726918408
Intersection,2ND AVE NE AND NE 45TH ST,2,Injury Collision,Cycles,2,0,1,1,1,0,0,2012-01-10T00:00:00.000Z,1/10/2012 12:00:00 PM,At Intersection (intersection related),18.0,"MOTOR VEHICLE STRUCK PEDALCYCLIST, FRONT END AT ANGLE",,N,Clear or Partly Cloudy,Dry,Daylight,Y,,45,Vehicle - Pedalcyclist,0,N,Washington,47.661354746959546,-122.32725022505704
Block,CALIFORNIA AVE SW BETWEEN ERSKINE WAY SW AND SW HUDSON ST,2,Injury Collision,Cycles,4,0,1,1,1,0,0,2012-08-22T00:00:00.000Z,8/22/2012 5:55:00 PM,Mid-Block (not related to intersection),56.0,PEDALCYCLIST STRUCK MOTOR VEHICLE LEFT SIDE SIDESWIPE,,N,Clear or Partly Cloudy,Dry,Daylight,,,45,Vehicle - Pedalcyclist,0,N,Washington,47.558412532877796,-122.38685637218778
Intersection,BOREN AVE AND PINE ST,2b,Serious Injury Collision,Cycles,2,0,1,1,1,1,0,2012-02-28T00:00:00.000Z,2/28/2012 5:12:00 PM,At Intersection (intersection related),51.0,PEDALCYCLIST STRUCK MOTOR VEHICLE FRONT END AT ANGLE,,N,Raining,Wet,Dusk,,,45,Vehicle - Pedalcyclist,0,N,Washington,47.614457242057235,-122.3298224327749
Intersection,6TH AVE S AND S DEARBORN ST,2,Injury Collision,Cycles,3,0,1,1,1,0,0,2012-09-08T00:00:00.000Z,9/8/2012 2:48:00 PM,At Intersection (intersection related),18.0,"MOTOR VEHICLE STRUCK PEDALCYCLIST, FRONT END AT ANGLE",,N,Clear or Partly Cloudy,Dry,Daylight,Y,,45,Vehicle - Pedalcyclist,0,N,Washington,47.595837273375686,-122.32637379821077
Intersection,23RD AVE AND E SPRING ST,2,Injury Collision,Cycles,2,0,1,1,1,0,0,2013-01-04T00:00:00.000Z,1/4/2013 1:06:00 AM,At Intersection (intersection related),21.0,"MOTOR VEHICLE STRUCK PEDALCYCLIST, REAR END",,N,Raining,Wet,Dark - Street Lights On,,,45,Vehicle - Pedalcyclist,0,N,Washington,47.61158943576474,-122.30274429551548
Intersection,ROOSEVELT WAY NE AND NE 125TH N ST,2b,Serious Injury Collision,Cycles,2,0,1,1,1,1,0,2013-02-07T00:00:00.000Z,2/7/2013 5:48:00 AM,At Intersection (intersection related),18.0,"MOTOR VEHICLE STRUCK PEDALCYCLIST, FRONT END AT ANGLE",,N,Raining,Wet,Dark - Street Lights On,Y,,45,Vehicle - Pedalcyclist,0,N,Washington,47.71974505042597,-122.31813230805237
Intersection,TROLL AVE N AND N 34TH ST,2,Injury Collision,Cycles,2,0,1,1,1,0,0,2013-03-04T00:00:00.000Z,3/4/2013 4:05:00 PM,At Intersection (intersection related),51.0,PEDALCYCLIST STRUCK MOTOR VEHICLE FRONT END AT ANGLE,,N,Clear or Partly Cloudy,Dry,Daylight,Y,,45,Vehicle - Pedalcyclist,0,N,Washington,47.64924012162934,-122.34741874332344
Intersection,18TH AVE S AND S JACKSON ST,2,Injury Collision,Cycles,2,0,1,1,1,0,0,2012-09-07T00:00:00.000Z,9/7/2012 6:01:00 AM,At Intersection (intersection related),18.0,"MOTOR VEHICLE STRUCK PEDALCYCLIST, FRONT END AT ANGLE",,N,Clear or Partly Cloudy,Dry,Dark - Street Lights On,Y,,45,Vehicle - Pedalcyclist,0,N,Washington,47.59923897055192,-122.30896784408894
Intersection,5TH AVE AND MADISON ST,2b,Serious Injury Collision,Cycles,3,0,1,2,2,1,0,2013-01-16T00:00:00.000Z,1/16/2013 2:53:00 PM,At Intersection (intersection related),18.0,"MOTOR VEHICLE STRUCK PEDALCYCLIST, FRONT END AT ANGLE",,N,Clear or Partly Cloudy,Dry,Daylight,,,45,Vehicle - Pedalcyclist,0,N,Washington,47.60655274573212,-122.3317981230281
Block,FAUNTLEROY WAY SW BETWEEN SW EDMUNDS ST AND SW HUDSON ST,2,Injury Collision,Cycles,3,0,1,1,1,0,0,2013-02-09T00:00:00.000Z,2/9/2013 3:17:00 PM,Driveway Junction,51.0,PEDALCYCLIST STRUCK MOTOR VEHICLE FRONT END AT ANGLE,,N,Raining,Wet,Daylight,Y,,45,Vehicle - Pedalcyclist,0,N,Washington,47.558357918053524,-122.38145936541744
Block,8TH AVE NW BETWEEN NW 63RD ST AND NW 64TH ST,1,Property Damage Only Collision,Cycles,3,0,1,1,0,0,0,2013-01-14T00:00:00.000Z,1/14/2013 5:44:00 PM,Driveway Junction,51.0,PEDALCYCLIST STRUCK MOTOR VEHICLE FRONT END AT ANGLE,,N,Clear or Partly Cloudy,Wet,Dark - Street Lights On,Y,,45,Vehicle - Pedalcyclist,0,N,Washington,47.67489954226581,-122.36606720534648
Block,NE 97TH ST BETWEEN SAND POINT WAY NE AND 48TH AVE NE,2,Injury Collision,Cycles,2,0,1,1,1,0,0,2013-04-24T00:00:00.000Z,4/24/2013 5:20:00 PM,Mid-Block (but intersection related),21.0,"MOTOR VEHICLE STRUCK PEDALCYCLIST, REAR END",,N,Clear or Partly Cloudy,Dry,Daylight,Y,,45,Vehicle - Pedalcyclist,0,N,Washington,47.69933594429024,-122.27712016855268
Intersection,EAST MARGINAL WAY S AND S HANFORD ST,3,Fatality Collision,Cycles,2,0,1,1,0,0,1,2013-05-01T00:00:00.000Z,5/1/2013 7:10:00 AM,At Intersection (intersection related),51.0,PEDALCYCLIST STRUCK MOTOR VEHICLE FRONT END AT ANGLE,Y,N,Other,Dry,Daylight,,,45,Vehicle - Pedalcyclist,0,N,Washington,47.575579771832416,-122.33999040211643
Intersection,STONE WAY N AND N 36TH ST,2,Injury Collision,Cycles,2,0,1,1,1,0,0,2013-05-06T00:00:00.000Z,5/6/2013 9:45:00 AM,At Intersection (intersection related),51.0,PEDALCYCLIST STRUCK MOTOR VEHICLE FRONT END AT ANGLE,Y,N,Clear or Partly Cloudy,Dry,Daylight,,,45,Vehicle - Pedalcyclist,0,N,Washington,47.650533523230685,-122.34267836132469
Intersection,2ND AVE AND UNIVERSITY ST,2,Injury Collision,Cycles,2,0,1,1,1,0,0,2013-05-10T00:00:00.000Z,5/10/2013 5:42:00 PM,At Intersection (intersection related),18.0,"MOTOR VEHICLE STRUCK PEDALCYCLIST, FRONT END AT ANGLE",,N,Clear or Partly Cloudy,Dry,Daylight,Y,,45,Vehicle - Pedalcyclist,0,N,Washington,47.60729905819726,-122.33708679815666
Block,AURORA AVE N BETWEEN N 109TH ST AND N 112TH ST,2,Injury Collision,Cycles,2,0,1,1,1,0,0,2013-01-10T00:00:00.000Z,1/10/2013 8:15:00 AM,Driveway Junction,51.0,PEDALCYCLIST STRUCK MOTOR VEHICLE FRONT END AT ANGLE,,N,Raining,Wet,Daylight,,,45,Vehicle - Pedalcyclist,0,N,Washington,47.70905834780453,-122.34476001115519
Intersection,EASTLAKE AVE E AND E ROANOKE ST,2,Injury Collision,Cycles,3,0,1,1,1,0,0,2013-02-11T00:00:00.000Z,2/11/2013 1:22:00 PM,At Intersection (intersection related),51.0,PEDALCYCLIST STRUCK MOTOR VEHICLE FRONT END AT ANGLE,Y,N,Overcast,Wet,Daylight,,,45,Vehicle - Pedalcyclist,0,N,Washington,47.64319064257319,-122.32588681195922
Intersection,15TH AVE NE AND NE 43RD ST,2,Injury Collision,Cycles,2,0,1,1,1,0,0,2013-02-14T00:00:00.000Z,2/14/2013 10:59:00 AM,At Intersection (intersection related),51.0,PEDALCYCLIST STRUCK MOTOR VEHICLE FRONT END AT ANGLE,,N,Overcast,Wet,Daylight,,,45,Vehicle - Pedalcyclist,524562,N,Washington,47.65978147538043,-122.31203248405404
Intersection,UNIVERSITY WAY NE AND NE CAMPUS EB PY,2,Injury Collision,Cycles,2,0,1,1,1,0,0,2013-01-29T00:00:00.000Z,1/29/2013 8:47:00 PM,At Intersection (intersection related),51.0,PEDALCYCLIST STRUCK MOTOR VEHICLE FRONT END AT ANGLE,,N,Raining,Wet,Dark - Street Lights On,Y,,45,Vehicle - Pedalcyclist,0,N,Washington,47.65598766705076,-122.31326821384809
Block,ALASKAN WAY BETWEEN VINE ST AND CLAY ST,2b,Serious Injury Collision,Cycles,4,0,1,3,1,1,0,2013-03-01T00:00:00.000Z,3/1/2013 5:26:00 PM,Mid-Block (not related to intersection),21.0,"MOTOR VEHICLE STRUCK PEDALCYCLIST, REAR END",Y,N,Clear or Partly Cloudy,Dry,Daylight,,Y,45,Vehicle - Pedalcyclist,0,N,Washington,47.61388302316643,-122.35309719792409
Intersection,MARION ST AND MINOR AVE,2,Injury Collision,Cycles,2,0,1,1,1,0,0,2013-04-19T00:00:00.000Z,4/19/2013 1:39:00 PM,At Intersection (intersection related),18.0,"MOTOR VEHICLE STRUCK PEDALCYCLIST, FRONT END AT ANGLE",,N,Raining,Wet,Daylight,,,45,Vehicle - Pedalcyclist,0,N,Washington,47.60908893814311,-122.32337662383414