addrtype,location,severitycode,severitydesc,collisiontype,personcount,pedcount,pedcylcount,vehcount,injuries,seriousinjuries,fatalities,incdate,incdttm,junctiontype,sdot_colcode,sdot_coldesc,inattentionind,underinfl,weather,roadcond,lightcond,pedrownotgrnt,speeding,st_colcode,st_coldesc,crosswalkkey,hitparkedcar,state,latitude,longitude
Block,UNIVERSITY BR BETWEEN FUHRMAN AVE E AND POINT A,2,Injury Collision,Cycles,1,0,1,0,1,0,0,2013-03-07T00:00:00.000Z,3/7/2013 8:50:00 AM,Mid-Block (not related to intersection),69.0,PEDALCYCLIST OVERTURNED IN ROAD,,N,Raining,Wet,Daylight,,,45,Vehicle - Pedalcyclist,0,N,Washington,47.65202472754186,-122.32092404908016
Intersection,BROOKLYN AVE NE AND NE RAVENNA WB BV,2,Injury Collision,Cycles,2,0,1,1,1,0,0,2013-04-25T00:00:00.000Z,4/25/2013 3:29:00 PM,At Intersection (intersection related),18.0,"MOTOR VEHICLE STRUCK PEDALCYCLIST, FRONT END AT ANGLE",Y,N,Clear or Partly Cloudy,Dry,Daylight,,,45,Vehicle - Pedalcyclist,0,N,Washington,47.67145247594737,-122.3141740609598
Intersection,AURORA AVE N AND HALLADAY ST,2,Injury Collision,Cycles,2,0,1,1,1,0,0,2013-04-23T00:00:00.000Z,4/23/2013 3:06:00 PM,At Intersection (intersection related),51.0,PEDALCYCLIST STRUCK MOTOR VEHICLE FRONT END AT ANGLE,Y,N,Clear or Partly Cloudy,Dry,Daylight,,,45,Vehicle - Pedalcyclist,0,N,Washington,47.642255124403675,-122.34694325773887
Intersection,2ND AVE AND PIKE ST,2,Injury Collision,Cycles,2,0,1,1,1,0,0,2013-03-04T00:00:00.000Z,3/4/2013 6:40:00 PM,At Intersection (intersection related),18.0,"MOTOR VEHICLE STRUCK PEDALCYCLIST, FRONT END AT ANGLE",,N,Clear or Partly Cloudy,Dry,Dark - Street Lights On,,,45,Vehicle - Pedalcyclist,525565,N,Washington,47.60928514308913,-122.33890369362145
Block,HARVARD AVE BETWEEN E UNION ST AND E PIKE ST,2b,Serious Injury Collision,Cycles,2,0,1,1,1,1,0,2013-02-13T00:00:00.000Z,2/13/2013 6:00:00 PM,Mid-Block (not related to intersection),18.0,"MOTOR VEHICLE STRUCK PEDALCYCLIST, FRONT END AT ANGLE",,N,Unknown,Unknown,Daylight,Y,,45,Vehicle - Pedalcyclist,0,N,Washington,47.61352518617894,-122.32210217246154
Block,CEDAR ST BETWEEN 4TH AVE AND DENNY WAY,2,Injury Collision,Cycles,3,0,2,1,1,0,0,2013-02-03T00:00:00.000Z,2/3/2013 2:16:00 AM,,0.0,NOT ENOUGH INFORMATION / NOT APPLICABLE,,Y,Clear or Partly Cloudy,Dry,Dark - Street Lights On,,,45,Vehicle - Pedalcyclist,0,N,Washington,47.618129190427965,-122.34762418131443
Intersection,LAKE PARK DR S AND LAKE WASHINGTON BLVD S,2,Injury Collision,Cycles,3,0,1,1,1,0,0,2013-05-04T00:00:00.000Z,5/4/2013,At Intersection (intersection related),18.0,"MOTOR VEHICLE STRUCK PEDALCYCLIST, FRONT END AT ANGLE",,N,Clear or Partly Cloudy,Dry,Unknown,Y,,45,Vehicle - Pedalcyclist,0,N,Washington,47.58295465379743,-122.2876589348097
Block,E PINE ST BETWEEN BELMONT AVE AND BOYLSTON AVE,2,Injury Collision,Cycles,2,0,1,1,1,0,0,2013-04-28T00:00:00.000Z,4/28/2013 9:53:00 AM,Mid-Block (not related to intersection),54.0,PEDALCYCLIST STRUCK MOTOR VEHICLE REAR END,,N,Raining,Wet,Daylight,,Y,45,Vehicle - Pedalcyclist,0,N,Washington,47.61522806298954,-122.32394607098915
Intersection,5TH AVE S AND S MAIN ST,1,Property Damage Only Collision,Cycles,2,0,1,1,0,0,0,2013-06-20T00:00:00.000Z,6/20/2013 6:33:00 PM,At Intersection (intersection related),18.0,"MOTOR VEHICLE STRUCK PEDALCYCLIST, FRONT END AT ANGLE",,N,Raining,Wet,Daylight,,,45,Vehicle - Pedalcyclist,0,N,Washington,47.60003407589182,-122.32766333402573
Intersection,6TH AVE AND SENECA ST,2,Injury Collision,Cycles,3,0,1,1,1,0,0,2013-06-19T00:00:00.000Z,6/19/2013 6:06:00 PM,At Intersection (intersection related),51.0,PEDALCYCLIST STRUCK MOTOR VEHICLE FRONT END AT ANGLE,,N,Overcast,Dry,Daylight,,,45,Vehicle - Pedalcyclist,0,N,Washington,47.608443564874534,-122.33199536332029
Block,ELLIOTT AVE W BETWEEN W HARRISON ST AND 6TH AVE W,2,Injury Collision,Cycles,2,0,1,1,1,0,0,2013-06-11T00:00:00.000Z,6/11/2013 12:33:00 PM,Driveway Junction,18.0,"MOTOR VEHICLE STRUCK PEDALCYCLIST, FRONT END AT ANGLE",Y,N,Overcast,Dry,Daylight,,,45,Vehicle - Pedalcyclist,0,N,Washington,47.62291346932213,-122.36362334802976
Intersection,4TH AVE AND PINE ST,2,Injury Collision,Cycles,2,0,1,1,1,0,0,2013-06-01T00:00:00.000Z,6/1/2013 7:21:00 AM,At Intersection (intersection related),18.0,"MOTOR VEHICLE STRUCK PEDALCYCLIST, FRONT END AT ANGLE",,N,Clear or Partly Cloudy,Dry,Daylight,,,45,Vehicle - Pedalcyclist,0,N,Washington,47.61120737279311,-122.33759198158764
Intersection,7TH AVE NE AND NE 45TH ST,2,Injury Collision,Cycles,2,0,1,1,1,0,0,2013-05-30T00:00:00.000Z,5/30/2013 3:00:00 PM,At Intersection (intersection related),18.0,"MOTOR VEHICLE STRUCK PEDALCYCLIST, FRONT END AT ANGLE",,N,Clear or Partly Cloudy,Dry,Daylight,Y,,45,Vehicle - Pedalcyclist,522069,N,Washington,47.66131900334303,-122.32072786134597
Intersection,30TH AVE NE AND BURKE GILMAN TRL,2,Injury Collision,Cycles,2,0,1,1,1,0,0,2013-04-25T00:00:00.000Z,4/25/2013 3:45:00 PM,At Intersection (intersection related),18.0,"MOTOR VEHICLE STRUCK PEDALCYCLIST, FRONT END AT ANGLE",,N,Clear or Partly Cloudy,Dry,Daylight,,,45,Vehicle - Pedalcyclist,525568,N,Washington,47.66444733589821,-122.29561786302312
Block,NE 75TH ST BETWEEN 27TH AVE NE AND 28TH AVE NE,2,Injury Collision,Cycles,2,0,1,1,1,0,0,2012-10-27T00:00:00.000Z,10/27/2012 6:03:00 AM,Mid-Block (not related to intersection),54.0,PEDALCYCLIST STRUCK MOTOR VEHICLE REAR END,,N,Raining,Wet,Dark - Street Lights On,,,45,Vehicle - Pedalcyclist,0,N,Washington,47.68304737696085,-122.29791416346121
Block,13TH AVE BETWEEN E COLUMBIA ST AND E MARION ST,2,Injury Collision,Cycles,2,0,1,1,1,0,0,2013-05-20T00:00:00.000Z,5/20/2013 6:00:00 PM,Mid-Block (not related to intersection),56.0,PEDALCYCLIST STRUCK MOTOR VEHICLE LEFT SIDE SIDESWIPE,Y,N,Clear or Partly Cloudy,Dry,Daylight,,,45,Vehicle - Pedalcyclist,0,N,Washington,47.60980405279543,-122.31544538475502
Intersection,LINDEN AVE N AND N 130TH ST,2,Injury Collision,Cycles,2,0,1,1,1,0,0,2013-06-02T00:00:00.000Z,6/2/2013 6:31:00 PM,At Intersection (intersection related),18.0,"MOTOR VEHICLE STRUCK PEDALCYCLIST, FRONT END AT ANGLE",,N,Clear or Partly Cloudy,Dry,Daylight,Y,,45,Vehicle - Pedalcyclist,523683,N,Washington,47.7232183775105,-122.34819529863749
Block,HARBOR AVE SW BETWEEN SW HARBOR LN AND SW SPOKANE NR ST,2,Injury Collision,Cycles,2,0,1,1,1,0,0,2013-06-16T00:00:00.000Z,6/16/2013 11:40:00 AM,Driveway Junction,51.0,PEDALCYCLIST STRUCK MOTOR VEHICLE FRONT END AT ANGLE,Y,N,Clear or Partly Cloudy,Dry,Daylight,,,45,Vehicle - Pedalcyclist,0,N,Washington,47.574311358678244,-122.37093230938636
Block,2ND AVE BETWEEN BLANCHARD ST AND BELL ST,2,Injury Collision,Cycles,3,0,1,1,2,0,0,2013-06-05T00:00:00.000Z,6/5/2013 5:46:00 PM,Mid-Block (not related to intersection),55.0,PEDALCYCLIST STRUCK MOTOR VEHICLE RIGHT SIDE SIDESWIPE,,Y,Clear or Partly Cloudy,Dry,Daylight,,,45,Vehicle - Pedalcyclist,0,N,Washington,47.61365459902272,-122.34500193408064
Block,30TH AVE NE BETWEEN NE 107TH ST AND NE 110TH ST,2,Injury Collision,Cycles,2,0,1,1,1,0,0,2013-06-22T00:00:00.000Z,6/22/2013 12:40:00 PM,Driveway Junction,51.0,PEDALCYCLIST STRUCK MOTOR VEHICLE FRONT END AT ANGLE,,N,Clear or Partly Cloudy,Dry,Daylight,,,45,Vehicle - Pedalcyclist,0,N,Washington,47.707541992331,-122.29622749338994
Intersection,CORSON AVE S AND EAST MARGINAL WAY S,2,Injury Collision,Cycles,2,0,1,1,1,0,0,2013-06-05T00:00:00.000Z,6/5/2013 7:35:00 AM,At Intersection (intersection related),51.0,PEDALCYCLIST STRUCK MOTOR VEHICLE FRONT END AT ANGLE,Y,N,Clear or Partly Cloudy,Dry,Daylight,,,45,Vehicle - Pedalcyclist,0,N,Washington,47.54051322015704,-122.32368438408895
Intersection,BEACON WR AVE S AND S DAWSON ST,2,Injury Collision,Cycles,4,0,1,1,1,0,0,2013-06-04T00:00:00.000Z,6/4/2013 2:30:00 PM,At Intersection (intersection related),18.0,"MOTOR VEHICLE STRUCK PEDALCYCLIST, FRONT END AT ANGLE",,N,Clear or Partly Cloudy,Dry,Daylight,,,45,Vehicle - Pedalcyclist,630862,N,Washington,47.555915722880314,-122.30353585290095
Intersection,12TH AVE E AND E REPUBLICAN ST,2,Injury Collision,Cycles,3,0,1,1,1,0,0,2013-06-13T00:00:00.000Z,6/13/2013 8:35:00 PM,At Intersection (intersection related),18.0,"MOTOR VEHICLE STRUCK PEDALCYCLIST, FRONT END AT ANGLE",Y,N,Clear or Partly Cloudy,Dry,Daylight,,,45,Vehicle - Pedalcyclist,0,N,Washington,47.623114178708676,-122.31675474892869
Intersection,25TH AVE NE AND NE 54TH ST,2,Injury Collision,Cycles,3,0,1,1,1,0,0,2013-06-24T00:00:00.000Z,6/24/2013 2:18:00 PM,At Intersection (intersection related),18.0,"MOTOR VEHICLE STRUCK PEDALCYCLIST, FRONT END AT ANGLE",,N,Clear or Partly Cloudy,Dry,Daylight,,,45,Vehicle - Pedalcyclist,0,N,Washington,47.66797835295682,-122.30061611359508
Intersection,56TH AVE S AND S AVON ST,2,Injury Collision,Cycles,2,0,1,1,1,0,0,2013-05-18T00:00:00.000Z,5/18/2013 10:57:00 AM,At Intersection (intersection related),51.0,PEDALCYCLIST STRUCK MOTOR VEHICLE FRONT END AT ANGLE,,N,Overcast,Dry,Daylight,Y,,45,Vehicle - Pedalcyclist,0,N,Washington,47.501346585765475,-122.26239735707192
Intersection,M L KING JR WR WAY S AND S ALASKA ST,2,Injury Collision,Cycles,15,0,1,1,1,0,0,2013-06-05T00:00:00.000Z,6/5/2013 8:36:00 AM,At Intersection (intersection related),0.0,NOT ENOUGH INFORMATION / NOT APPLICABLE,,N,Clear or Partly Cloudy,Dry,Daylight,Y,,45,Vehicle - Pedalcyclist,524847,N,Washington,47.56082143623822,-122.29351188622115
Intersection,STONE WAY N AND N 34TH ST,2,Injury Collision,Cycles,2,0,1,1,1,0,0,2013-06-03T00:00:00.000Z,6/3/2013 9:30:00 AM,At Intersection (intersection related),51.0,PEDALCYCLIST STRUCK MOTOR VEHICLE FRONT END AT ANGLE,Y,N,Clear or Partly Cloudy,Dry,Daylight,,,45,Vehicle - Pedalcyclist,0,N,Washington,47.648540727826884,-122.34277540220636
Intersection,1ST AVE AND BLANCHARD ST,2,Injury Collision,Cycles,2,0,1,1,1,0,0,2013-06-21T00:00:00.000Z,6/21/2013 5:55:00 PM,At Intersection (intersection related),18.0,"MOTOR VEHICLE STRUCK PEDALCYCLIST, FRONT END AT ANGLE",,N,Clear or Partly Cloudy,Dry,Daylight,,,45,Vehicle - Pedalcyclist,0,N,Washington,47.61260645701254,-122.34521327139605
Intersection,EASTLAKE AVE E AND FUHRMAN AVE E,2,Injury Collision,Cycles,2,0,1,1,1,0,0,2013-05-22T00:00:00.000Z,5/22/2013 3:40:00 PM,At Intersection (intersection related),23.0,"MOTOR VEHICLE STRUCK PEDALCYCLIST, LEFT SIDE SIDESWIPE",,N,Overcast,Dry,Daylight,,,45,Vehicle - Pedalcyclist,0,N,Washington,47.65157827163786,-122.32127525687477
Block,AURORA AVE N BETWEEN N 135TH ST AND N 137TH ST,1,Property Damage Only Collision,Cycles,2,0,1,1,0,0,0,2012-10-03T00:00:00.000Z,10/3/2012 2:38:00 PM,Mid-Block (not related to intersection),18.0,"MOTOR VEHICLE STRUCK PEDALCYCLIST, FRONT END AT ANGLE",,N,Clear or Partly Cloudy,Dry,Daylight,Y,,45,Vehicle - Pedalcyclist,0,N,Washington,47.727767248486536,-122.34502702503336
Intersection,7TH AVE AND LENORA ST,2,Injury Collision,Cycles,2,0,1,1,1,0,0,2013-06-10T00:00:00.000Z,6/10/2013 8:36:00 AM,At Intersection (intersection related),51.0,PEDALCYCLIST STRUCK MOTOR VEHICLE FRONT END AT ANGLE,,N,Clear or Partly Cloudy,Dry,Daylight,,,45,Vehicle - Pedalcyclist,0,N,Washington,47.61582545523598,-122.33875323438272
Intersection,7TH SB AVE N AND DENNY WAY,2,Injury Collision,Cycles,2,0,1,1,1,0,0,2013-06-02T00:00:00.000Z,6/2/2013 3:52:00 PM,At Intersection (intersection related),18.0,"MOTOR VEHICLE STRUCK PEDALCYCLIST, FRONT END AT ANGLE",,N,Clear or Partly Cloudy,Dry,Daylight,,,45,Vehicle - Pedalcyclist,521699,N,Washington,47.6185566036186,-122.34365012903329
Intersection,BOYLSTON AVE AND E PINE ST,2,Injury Collision,Cycles,2,0,1,1,1,0,0,2013-06-05T00:00:00.000Z,6/5/2013 9:03:00 AM,At Intersection (intersection related),18.0,"MOTOR VEHICLE STRUCK PEDALCYCLIST, FRONT END AT ANGLE",,N,Clear or Partly Cloudy,Dry,Daylight,Y,,45,Vehicle - Pedalcyclist,0,N,Washington,47.61523114208018,-122.32341547054027
Intersection,ROOSEVELT WAY NE AND NE 105TH ST,2b,Serious Injury Collision,Cycles,2,0,1,1,1,1,0,2013-06-20T00:00:00.000Z,6/20/2013 6:36:00 PM,At Intersection (intersection related),51.0,PEDALCYCLIST STRUCK MOTOR VEHICLE FRONT END AT ANGLE,Y,N,Raining,Wet,Unknown,Y,,45,Vehicle - Pedalcyclist,0,N,Washington,47.704920079382546,-122.31779966883806
Intersection,FREMONT AVE N AND N 100TH ST,2,Injury Collision,Cycles,5,0,1,1,1,0,0,2013-06-20T00:00:00.000Z,6/20/2013 4:30:00 PM,At Intersection (intersection related),51.0,PEDALCYCLIST STRUCK MOTOR VEHICLE FRONT END AT ANGLE,,N,Raining,Wet,Daylight,,,45,Vehicle - Pedalcyclist,0,N,Washington,47.70144567730818,-122.35003997256628
Block,BROOKLYN AVE NE BETWEEN NE 45TH ST AND NE 47TH ST,2,Injury Collision,Cycles,2,0,1,1,1,0,0,2013-05-28T00:00:00.000Z,5/28/2013 12:30:00 PM,Mid-Block (not related to intersection),56.0,PEDALCYCLIST STRUCK MOTOR VEHICLE LEFT SIDE SIDESWIPE,,N,Clear or Partly Cloudy,Dry,Daylight,,,45,Vehicle - Pedalcyclist,0,N,Washington,47.66218694396605,-122.3142619528075
Block,E PINE ST BETWEEN SUMMIT AVE AND BELMONT AVE,2,Injury Collision,Cycles,2,0,1,1,1,0,0,2013-06-07T00:00:00.000Z,6/7/2013 1:39:00 PM,Mid-Block (not related to intersection),11.0,"MOTOR VEHICLE STRUCK MOTOR VEHICLE, FRONT END AT ANGLE",,N,Clear or Partly Cloudy,Dry,Daylight,,Y,45,Vehicle - Pedalcyclist,0,N,Washington,47.61522186587599,-122.32500275415043
Intersection,BURKE GILMAN TRL AND NE 70TH ST,2,Injury Collision,Cycles,2,0,1,1,1,0,0,2013-05-29T00:00:00.000Z,5/29/2013 7:00:00 PM,At Intersection (intersection related),51.0,PEDALCYCLIST STRUCK MOTOR VEHICLE FRONT END AT ANGLE,,N,Overcast,Dry,Daylight,,,45,Vehicle - Pedalcyclist,524581,N,Washington,47.67937219886514,-122.2653146199442
Intersection,MERCER NR ST AND WESTLAKE AVE N,2,Injury Collision,Cycles,2,0,1,1,1,0,0,2013-07-02T00:00:00.000Z,7/2/2013 8:19:00 AM,At Intersection (intersection related),18.0,"MOTOR VEHICLE STRUCK PEDALCYCLIST, FRONT END AT ANGLE",Y,N,Clear or Partly Cloudy,Dry,Daylight,Y,,45,Vehicle - Pedalcyclist,523122,N,Washington,47.624695781230706,-122.33843433496288
Block,14TH AVE S BETWEEN S ATLANTIC ST AND S MASSACHUSETTS ST,2,Injury Collision,Cycles,2,0,1,1,1,0,0,2013-07-30T00:00:00.000Z,7/30/2013 6:02:00 PM,Mid-Block (not related to intersection),51.0,PEDALCYCLIST STRUCK MOTOR VEHICLE FRONT END AT ANGLE,,N,Clear or Partly Cloudy,Dry,Daylight,,,45,Vehicle - Pedalcyclist,0,N,Washington,47.5892140859225,-122.3148561461042
Intersection,9TH AV I5 EXPRESS ON RP AND I5 EXPRESS PIKE ST RP,2,Injury Collision,Cycles,5,0,1,1,1,0,0,2013-07-13T00:00:00.000Z,7/13/2013 9:05:00 PM,At Intersection (intersection related),51.0,PEDALCYCLIST STRUCK MOTOR VEHICLE FRONT END AT ANGLE,,N,Clear or Partly Cloudy,Dry,Daylight,,,45,Vehicle - Pedalcyclist,522304,N,Washington,47.61279295056545,-122.33095438157648
Block,LAKE WASHINGTON BLVD S BETWEEN LAKE PARK DR S AND S HORTON NR ST,1,Property Damage Only Collision,Cycles,2,0,1,1,0,0,0,2013-07-13T00:00:00.000Z,7/13/2013 7:21:00 AM,Mid-Block (not related to intersection),56.0,PEDALCYCLIST STRUCK MOTOR VEHICLE LEFT SIDE SIDESWIPE,,N,Clear or Partly Cloudy,Dry,Daylight,,,45,Vehicle - Pedalcyclist,0,N,Washington,47.57887321646986,-122.28369058723595
Intersection,DEXTER AVE N AND HIGHLAND DR,2,Injury Collision,Cycles,2,0,1,1,1,0,0,2013-08-08T00:00:00.000Z,8/8/2013 5:57:00 PM,At Intersection (intersection related),18.0,"MOTOR VEHICLE STRUCK PEDALCYCLIST, FRONT END AT ANGLE",,N,Clear or Partly Cloudy,Dry,Daylight,,,45,Vehicle - Pedalcyclist,0,N,Washington,47.629719740821635,-122.34230363347177
Block,BROADWAY BETWEEN E PINE ST AND XW E OLIVE ST,2,Injury Collision,Cycles,1,0,1,0,1,0,0,2013-08-09T00:00:00.000Z,8/9/2013 5:03:00 PM,Mid-Block (not related to intersection),69.0,PEDALCYCLIST OVERTURNED IN ROAD,,N,Clear or Partly Cloudy,Dry,Daylight,,,45,Vehicle - Pedalcyclist,0,N,Washington,47.61581794679922,-122.32080786644516
Block,UNIVERSITY BR BETWEEN FUHRMAN AVE E AND POINT A,1,Property Damage Only Collision,Cycles,2,0,1,1,0,0,0,2013-08-09T00:00:00.000Z,8/9/2013 7:14:00 PM,Mid-Block (not related to intersection),23.0,"MOTOR VEHICLE STRUCK PEDALCYCLIST, LEFT SIDE SIDESWIPE",Y,N,Clear or Partly Cloudy,Dry,Daylight,,,45,Vehicle - Pedalcyclist,0,N,Washington,47.65202472754186,-122.32092404908016
Block,S OTHELLO ST BETWEEN 38TH AVE S AND 39TH AVE S,2,Injury Collision,Cycles,2,0,1,1,1,0,0,2013-06-24T00:00:00.000Z,6/24/2013 4:28:00 PM,Mid-Block (not related to intersection),51.0,PEDALCYCLIST STRUCK MOTOR VEHICLE FRONT END AT ANGLE,,N,Overcast,Dry,Daylight,,,45,Vehicle - Pedalcyclist,0,N,Washington,47.537040132708384,-122.28405373521551
Block,SEATTLE BLVD S BETWEEN S DEARBORN ST AND 6TH W AVE S,1,Property Damage Only Collision,Cycles,2,0,1,1,0,0,0,2013-07-09T00:00:00.000Z,7/9/2013 4:25:00 PM,Mid-Block (not related to intersection),0.0,NOT ENOUGH INFORMATION / NOT APPLICABLE,,N,Clear or Partly Cloudy,Dry,Daylight,Y,,45,Vehicle - Pedalcyclist,522974,N,Washington,47.59546316670537,-122.32703162369455
Intersection,BELMONT AVE AND E PINE ST,2,Injury Collision,Cycles,2,0,1,1,1,0,0,2013-07-19T00:00:00.000Z,7/19/2013 1:45:00 PM,At Intersection (intersection related),51.0,PEDALCYCLIST STRUCK MOTOR VEHICLE FRONT END AT ANGLE,,N,Clear or Partly Cloudy,Dry,Daylight,Y,,45,Vehicle - Pedalcyclist,0,N,Washington,47.61522500481614,-122.32447263631508
Intersection,12TH AVE S AND BOREN AVE S,2,Injury Collision,Cycles,2,0,1,1,1,0,0,2013-07-19T00:00:00.000Z,7/19/2013 6:47:00 PM,At Intersection (intersection related),51.0,PEDALCYCLIST STRUCK MOTOR VEHICLE FRONT END AT ANGLE,,N,Clear or Partly Cloudy,Dry,Daylight,,,45,Vehicle - Pedalcyclist,0,N,Washington,47.60085285869736,-122.31696510420994
Block,SW SPOKANE ST BETWEEN SW KLICKITAT SR WAY AND 11TH CR AVE SW,2,Injury Collision,Cycles,2,0,2,0,1,0,0,2013-03-06T00:00:00.000Z,3/6/2013 4:09:00 AM,Mid-Block (not related to intersection),61.0,PEDALCYCLIST STRUCK PEDALCYCLIST REAR END,,N,Clear or Partly Cloudy,Dry,Dark - Street Lights On,,,45,Vehicle - Pedalcyclist,0,N,Washington,47.571447155875084,-122.34758371997948
Block,E PINE ST BETWEEN 10TH AVE AND 11TH AVE,2b,Serious Injury Collision,Cycles,2,1,1,0,1,1,0,2013-05-17T00:00:00.000Z,5/17/2013 7:50:00 AM,Mid-Block (but intersection related),64.0,PEDALCYCLIST STRUCK PEDESTRIAN,Y,N,Clear or Partly Cloudy,Dry,Daylight,Y,,45,Vehicle - Pedalcyclist,0,N,Washington,47.61524975200011,-122.318814476387
Block,RAINIER AVE S BETWEEN S HUDSON ST AND 39TH N AVE S,2,Injury Collision,Cycles,2,0,1,1,1,0,0,2013-03-07T00:00:00.000Z,3/7/2013 11:30:00 AM,Mid-Block (not related to intersection),18.0,"MOTOR VEHICLE STRUCK PEDALCYCLIST, FRONT END AT ANGLE",,N,Clear or Partly Cloudy,Dry,Daylight,,,45,Vehicle - Pedalcyclist,0,N,Washington,47.5564515676256,-122.28410238669201
Block,LAKESIDE AVE S BETWEEN E YESLER WAY AND S LESCHI PL,2b,Serious Injury Collision,Cycles,2,0,1,1,1,1,0,2013-07-06T00:00:00.000Z,7/6/2013 4:55:00 PM,Mid-Block (not related to intersection),56.0,PEDALCYCLIST STRUCK MOTOR VEHICLE LEFT SIDE SIDESWIPE,,N,Clear or Partly Cloudy,Dry,Daylight,Y,,45,Vehicle - Pedalcyclist,0,N,Washington,47.60062883817975,-122.28571351067009
Block,E PIKE ST BETWEEN 10TH AVE AND 11TH AVE,2,Injury Collision,Cycles,2,0,1,1,1,0,0,2013-07-07T00:00:00.000Z,7/7/2013 3:00:00 AM,Mid-Block (not related to intersection),56.0,PEDALCYCLIST STRUCK MOTOR VEHICLE LEFT SIDE SIDESWIPE,,N,Clear or Partly Cloudy,Dry,Dark - Street Lights On,,,45,Vehicle - Pedalcyclist,0,N,Washington,47.614089784785435,-122.31879588763692
Intersection,20TH AVE NW AND NW 58TH ST,2,Injury Collision,Cycles,2,0,1,1,1,0,0,2013-07-13T00:00:00.000Z,7/13/2013 3:24:00 PM,At Intersection (intersection related),51.0,PEDALCYCLIST STRUCK MOTOR VEHICLE FRONT END AT ANGLE,,N,Clear or Partly Cloudy,Dry,Daylight,,,45,Vehicle - Pedalcyclist,0,N,Washington,47.6709089865351,-122.38212446060216
Intersection,FAIRVIEW AVE E AND FAIRVIEW AVE N,2,Injury Collision,Cycles,3,0,1,1,1,0,0,2013-08-02T00:00:00.000Z,8/2/2013 5:19:00 PM,At Intersection (intersection related),51.0,PEDALCYCLIST STRUCK MOTOR VEHICLE FRONT END AT ANGLE,,N,Clear or Partly Cloudy,Wet,Daylight,Y,,45,Vehicle - Pedalcyclist,0,N,Washington,47.63190599635267,-122.32688562554668
Intersection,MERCER ST AND TAYLOR AVE N,2,Injury Collision,Angles,2,0,1,1,1,0,0,2013-07-26T00:00:00.000Z,7/26/2013 8:15:00 AM,At Intersection (intersection related),18.0,"MOTOR VEHICLE STRUCK PEDALCYCLIST, FRONT END AT ANGLE",Y,N,Clear or Partly Cloudy,Dry,Daylight,,,10,Entering at angle,63061,N,Washington,47.624558047947815,-122.34626626345265
Intersection,RAINIER AVE S AND S DEARBORN ST,2,Injury Collision,Cycles,3,0,1,1,1,0,0,2013-08-08T00:00:00.000Z,8/8/2013 4:52:00 PM,At Intersection (intersection related),18.0,"MOTOR VEHICLE STRUCK PEDALCYCLIST, FRONT END AT ANGLE",,N,Clear or Partly Cloudy,Dry,Daylight,,,45,Vehicle - Pedalcyclist,522981,N,Washington,47.59587388136241,-122.31152960288618
Intersection,EASTLAKE AVE E AND E GARFIELD ST,2,Injury Collision,Cycles,3,0,1,1,1,0,0,2013-07-20T00:00:00.000Z,7/20/2013 9:27:00 PM,At Intersection (intersection related),18.0,"MOTOR VEHICLE STRUCK PEDALCYCLIST, FRONT END AT ANGLE",,N,Clear or Partly Cloudy,Dry,Dusk,,,45,Vehicle - Pedalcyclist,0,N,Washington,47.633859619516706,-122.3255870913448
Block,SEAVIEW AVE NW BETWEEN NW 75TH ST AND SEAVIEW PL NW,2,Injury Collision,Cycles,2,0,1,1,1,0,0,2013-06-29T00:00:00.000Z,6/29/2013 4:59:00 PM,Mid-Block (not related to intersection),56.0,PEDALCYCLIST STRUCK MOTOR VEHICLE LEFT SIDE SIDESWIPE,Y,N,Clear or Partly Cloudy,Dry,Daylight,,,45,Vehicle - Pedalcyclist,0,N,Washington,47.68530363030719,-122.4027881323832
Block,LAKE WASHINGTON BLVD S BETWEEN LAKE PARK DR S AND S HORTON NR ST,2,Injury Collision,Cycles,3,0,1,1,1,0,0,2013-03-22T00:00:00.000Z,3/22/2013 3:09:00 PM,Mid-Block (not related to intersection),56.0,PEDALCYCLIST STRUCK MOTOR VEHICLE LEFT SIDE SIDESWIPE,,N,Clear or Partly Cloudy,Dry,Daylight,,,45,Vehicle - Pedalcyclist,0,N,Washington,47.57887321646986,-122.28369058723595
Intersection,4TH AVE AND UNION ST,2,Injury Collision,Cycles,6,0,1,1,1,0,0,2013-07-19T00:00:00.000Z,7/19/2013 9:44:00 PM,At Intersection (intersection related),18.0,"MOTOR VEHICLE STRUCK PEDALCYCLIST, FRONT END AT ANGLE",,N,Clear or Partly Cloudy,Dry,Dark - Street Lights On,Y,,45,Vehicle - Pedalcyclist,0,N,Washington,47.60922110816639,-122.33577524613848
Intersection,15TH NB AVE NW AND NW LEARY WAY,2b,Serious Injury Collision,Cycles,3,0,1,1,1,1,0,2013-07-26T00:00:00.000Z,7/26/2013 8:04:00 PM,At Intersection (intersection related),18.0,"MOTOR VEHICLE STRUCK PEDALCYCLIST, FRONT END AT ANGLE",Y,N,Unknown,Unknown,Daylight,,,45,Vehicle - Pedalcyclist,0,N,Washington,47.663664352401284,-122.37612339278841