addrtype,location,severitycode,severitydesc,collisiontype,personcount,pedcount,pedcylcount,vehcount,injuries,seriousinjuries,fatalities,incdate,incdttm,junctiontype,sdot_colcode,sdot_coldesc,inattentionind,underinfl,weather,roadcond,lightcond,pedrownotgrnt,speeding,st_colcode,st_coldesc,crosswalkkey,hitparkedcar,state,latitude,longitude
Intersection,3RD AVE AND CHERRY ST,2,Injury Collision,Cycles,3,0,1,1,1,0,0,2013-07-24T00:00:00.000Z,7/24/2013 4:36:00 PM,At Intersection (intersection related),18.0,"MOTOR VEHICLE STRUCK PEDALCYCLIST, FRONT END AT ANGLE",Y,N,Clear or Partly Cloudy,Dry,Daylight,,,45,Vehicle - Pedalcyclist,521558,N,Washington,47.603483889707505,-122.33206224633403
Block,WESTLAKE AVE N BETWEEN THOMAS ST AND HARRISON ST,2,Injury Collision,Cycles,2,0,1,1,1,0,0,2013-08-01T00:00:00.000Z,8/1/2013 8:51:00 AM,Mid-Block (not related to intersection),18.0,"MOTOR VEHICLE STRUCK PEDALCYCLIST, FRONT END AT ANGLE",,N,Overcast,Dry,Daylight,Y,,45,Vehicle - Pedalcyclist,0,N,Washington,47.6214562924495,-122.33846055182656
Block,QUEEN ANNE AVE N BETWEEN HARRISON ST AND REPUBLICAN ST,2,Injury Collision,Cycles,3,0,1,1,1,0,0,2013-08-06T00:00:00.000Z,8/6/2013 9:12:00 AM,Mid-Block (not related to intersection),18.0,"MOTOR VEHICLE STRUCK PEDALCYCLIST, FRONT END AT ANGLE",,N,Clear or Partly Cloudy,Dry,Daylight,Y,,45,Vehicle - Pedalcyclist,0,N,Washington,47.622691216304894,-122.35672458716034
Block,UNIVERSITY BR BETWEEN POINT B AND EASTLAKE AVE NE,2,Injury Collision,Cycles,4,0,1,1,1,0,0,2013-05-16T00:00:00.000Z,5/16/2013 6:38:00 PM,Mid-Block (not related to intersection),18.0,"MOTOR VEHICLE STRUCK PEDALCYCLIST, FRONT END AT ANGLE",,N,Clear or Partly Cloudy,Dry,Daylight,,,45,Vehicle - Pedalcyclist,0,N,Washington,47.65421595837226,-122.31923589325756
Block,SW BARTON ST BETWEEN 26TH AVE SW AND 29TH AVE SW,2b,Serious Injury Collision,Cycles,2,1,1,0,1,1,0,2013-05-25T00:00:00.000Z,5/25/2013 9:18:00 AM,Mid-Block (not related to intersection),24.0,MOTOR VEHCILE STRUCK PEDESTRIAN,Y,N,Clear or Partly Cloudy,Dry,Daylight,,,45,Vehicle - Pedalcyclist,0,N,Washington,47.521030096861274,-122.36792955729484
Intersection,ALBION PL N AND N 34TH ST,2,Injury Collision,Cycles,2,0,1,1,1,0,0,2011-03-08T00:00:00.000Z,3/8/2011 4:05:00 PM,At Intersection (intersection related),18.0,"MOTOR VEHICLE STRUCK PEDALCYCLIST, FRONT END AT ANGLE",,Y,Clear or Partly Cloudy,Dry,Daylight,Y,,45,Vehicle - Pedalcyclist,0,N,Washington,47.64884179332455,-122.34476587493401
Intersection,NICKERSON ST AND WESTLAKE AVE N,2,Injury Collision,Cycles,2,0,1,1,1,0,0,2013-07-06T00:00:00.000Z,7/6/2013 10:13:00 PM,At Intersection (intersection related),18.0,"MOTOR VEHICLE STRUCK PEDALCYCLIST, FRONT END AT ANGLE",,N,Clear or Partly Cloudy,Dry,Dark - Street Lights On,Y,,45,Vehicle - Pedalcyclist,0,N,Washington,47.64614702733244,-122.34974101029732
Block,12TH AVE BETWEEN E REMINGTON CT AND E JEFFERSON ST,2,Injury Collision,Cycles,2,0,1,1,1,0,0,2013-07-16T00:00:00.000Z,7/16/2013 2:16:00 PM,Driveway Junction,18.0,"MOTOR VEHICLE STRUCK PEDALCYCLIST, FRONT END AT ANGLE",,N,Clear or Partly Cloudy,Dry,Daylight,Y,,45,Vehicle - Pedalcyclist,0,N,Washington,47.60588380033929,-122.31678057657798
Block,FLORENTIA ST BETWEEN NICKERSON ST AND FREMONT BR,2,Injury Collision,Cycles,2,0,1,1,1,0,0,2013-07-18T00:00:00.000Z,7/18/2013 8:10:00 AM,Mid-Block (not related to intersection),56.0,PEDALCYCLIST STRUCK MOTOR VEHICLE LEFT SIDE SIDESWIPE,,N,Clear or Partly Cloudy,Dry,Daylight,,,45,Vehicle - Pedalcyclist,0,N,Washington,47.64688218825167,-122.35055543586664
Intersection,LAKE WASHINGTON BLVD E AND E MADISON ST,2,Injury Collision,Cycles,2,0,1,1,1,0,0,2010-07-02T00:00:00.000Z,7/2/2010 6:34:00 PM,At Intersection (intersection related),18.0,"MOTOR VEHICLE STRUCK PEDALCYCLIST, FRONT END AT ANGLE",,N,Raining,Wet,Daylight,Y,,45,Vehicle - Pedalcyclist,0,N,Washington,47.626017800549825,-122.29244003313448
Intersection,WINONA AVE N AND N 77TH ST,2,Injury Collision,Cycles,2,0,1,1,1,0,0,2010-07-01T00:00:00.000Z,7/1/2010 5:55:00 PM,At Intersection (intersection related),51.0,PEDALCYCLIST STRUCK MOTOR VEHICLE FRONT END AT ANGLE,,N,Clear or Partly Cloudy,Dry,Daylight,,,45,Vehicle - Pedalcyclist,0,N,Washington,47.68475561303728,-122.33990346623435
Block,GREENWOOD AVE N BETWEEN N 68TH ST AND N 70TH ST,2,Injury Collision,Cycles,2,0,1,1,1,0,0,2013-07-07T00:00:00.000Z,7/7/2013,Mid-Block (not related to intersection),54.0,PEDALCYCLIST STRUCK MOTOR VEHICLE REAR END,Y,N,Clear or Partly Cloudy,Dry,Dark - Street Lights On,,,45,Vehicle - Pedalcyclist,0,N,Washington,47.67916901469723,-122.3553197326734
Block,15TH AVE W BETWEEN ELLIOTT AVE W AND MAGNOLIA BR OFF RP,2,Injury Collision,Cycles,2,0,1,1,1,0,0,2013-07-15T00:00:00.000Z,7/15/2013 7:45:00 AM,Mid-Block (not related to intersection),21.0,"MOTOR VEHICLE STRUCK PEDALCYCLIST, REAR END",,N,Clear or Partly Cloudy,Dry,Daylight,,,45,Vehicle - Pedalcyclist,0,N,Washington,47.63286085408248,-122.37607529296403
Block,EASTLAKE AVE E BETWEEN LAKEVIEW BLVD E AND ALOHA ST,2,Injury Collision,Cycles,2,0,1,1,1,0,0,2013-07-10T00:00:00.000Z,7/10/2013 9:35:00 AM,Mid-Block (not related to intersection),54.0,PEDALCYCLIST STRUCK MOTOR VEHICLE REAR END,,N,Clear or Partly Cloudy,Dry,Daylight,,,45,Vehicle - Pedalcyclist,0,N,Washington,47.62599733536957,-122.32919341366586
Intersection,6TH AVE AND MADISON ST,2,Injury Collision,Cycles,2,0,1,1,1,0,0,2010-07-02T00:00:00.000Z,7/2/2010 8:40:00 AM,At Intersection (intersection related),24.0,MOTOR VEHCILE STRUCK PEDESTRIAN,,N,Overcast,Wet,Daylight,Y,,45,Vehicle - Pedalcyclist,521705,N,Washington,47.60701683754301,-122.33068899816642
Intersection,DEXTER AVE N AND HARRISON ST,2b,Serious Injury Collision,Cycles,2,0,1,1,1,1,0,2013-07-25T00:00:00.000Z,7/25/2013 4:11:00 PM,At Intersection (intersection related),51.0,PEDALCYCLIST STRUCK MOTOR VEHICLE FRONT END AT ANGLE,,N,Clear or Partly Cloudy,Dry,Daylight,,,45,Vehicle - Pedalcyclist,0,N,Washington,47.62205574526417,-122.34237158587831
Block,NE 50TH ST BETWEEN 9TH AVE NE AND ROOSEVELT WAY NE,2,Injury Collision,Cycles,2,0,1,1,1,0,0,2013-08-02T00:00:00.000Z,8/2/2013 10:36:00 AM,Mid-Block (not related to intersection),55.0,PEDALCYCLIST STRUCK MOTOR VEHICLE RIGHT SIDE SIDESWIPE,,N,Raining,Wet,Daylight,Y,,45,Vehicle - Pedalcyclist,0,N,Washington,47.66494074261525,-122.31792288146464
Intersection,DEXTER AVE N AND GARFIELD N ST,2,Injury Collision,Cycles,2,0,1,1,1,0,0,2013-07-25T00:00:00.000Z,7/25/2013 8:35:00 AM,At Intersection (intersection related),18.0,"MOTOR VEHICLE STRUCK PEDALCYCLIST, FRONT END AT ANGLE",Y,N,Clear or Partly Cloudy,Dry,Daylight,,,45,Vehicle - Pedalcyclist,0,N,Washington,47.63342020133894,-122.34228296417204
Block,WESTLAKE AVE N BETWEEN NEWELL ST AND NICKERSON ST,2,Injury Collision,Cycles,2,0,1,1,2,0,0,2013-07-19T00:00:00.000Z,7/19/2013 8:14:00 PM,Driveway Junction,18.0,"MOTOR VEHICLE STRUCK PEDALCYCLIST, FRONT END AT ANGLE",,Y,Clear or Partly Cloudy,Dry,Daylight,Y,,45,Vehicle - Pedalcyclist,0,N,Washington,47.645029689803174,-122.347300705301
Block,22ND AVE BETWEEN E JAMES N ST AND E CHERRY ST,2,Injury Collision,Cycles,1,0,1,0,1,0,0,2010-07-03T00:00:00.000Z,7/3/2010 9:30:00 PM,Mid-Block (not related to intersection),18.0,"MOTOR VEHICLE STRUCK PEDALCYCLIST, FRONT END AT ANGLE",,N,Clear or Partly Cloudy,Dry,Dusk,,,45,Vehicle - Pedalcyclist,0,N,Washington,47.60758746686698,-122.30375225351013
Block,S JACKSON ST BETWEEN 25TH AVE S AND 26TH AVE S,2,Injury Collision,Cycles,2,0,1,1,1,0,0,2013-08-10T00:00:00.000Z,8/10/2013 4:48:00 PM,Mid-Block (not related to intersection),18.0,"MOTOR VEHICLE STRUCK PEDALCYCLIST, FRONT END AT ANGLE",Y,N,Clear or Partly Cloudy,Dry,Daylight,,,45,Vehicle - Pedalcyclist,0,N,Washington,47.59926044077166,-122.29927796961088
Block,ROOSEVELT WAY NE BETWEEN NE 42ND N ST AND NE 43RD S ST,1,Property Damage Only Collision,Cycles,2,0,1,1,0,0,0,2013-07-10T00:00:00.000Z,7/10/2013 8:17:00 AM,Driveway Junction,51.0,PEDALCYCLIST STRUCK MOTOR VEHICLE FRONT END AT ANGLE,,N,Clear or Partly Cloudy,Dry,Daylight,,,45,Vehicle - Pedalcyclist,0,N,Washington,47.65891124921488,-122.31776595018732
Block,7TH AVE BETWEEN STEWART ST AND VIRGINIA ST,2,Injury Collision,Cycles,2,0,1,1,1,0,0,2010-07-07T00:00:00.000Z,7/7/2010 8:01:00 AM,Mid-Block (not related to intersection),23.0,"MOTOR VEHICLE STRUCK PEDALCYCLIST, LEFT SIDE SIDESWIPE",,N,Clear or Partly Cloudy,Dry,Daylight,,,45,Vehicle - Pedalcyclist,0,N,Washington,47.61467145092474,-122.33680297607869
Block,12TH AVE BETWEEN E SPRUCE ST AND E ALDER ST,2,Injury Collision,Cycles,3,0,1,1,1,0,0,2010-07-07T00:00:00.000Z,7/7/2010 1:57:00 AM,Mid-Block (not related to intersection),11.0,"MOTOR VEHICLE STRUCK MOTOR VEHICLE, FRONT END AT ANGLE",,Y,Clear or Partly Cloudy,Dry,Dark - Street Lights On,,,45,Vehicle - Pedalcyclist,0,N,Washington,47.60393590750514,-122.31678132905456
Intersection,BEACON ER AVE S AND S GRAHAM ST,1,Property Damage Only Collision,Cycles,2,0,1,1,0,0,0,2013-07-25T00:00:00.000Z,7/25/2013 4:07:00 PM,At Intersection (intersection related),51.0,PEDALCYCLIST STRUCK MOTOR VEHICLE FRONT END AT ANGLE,,N,Clear or Partly Cloudy,Wet,Daylight,,,45,Vehicle - Pedalcyclist,524751,N,Washington,47.54637207738593,-122.300332042484
Block,JAMES ST BETWEEN 4TH AVE AND 5TH AVE,2,Injury Collision,Cycles,2,0,1,1,1,0,0,2013-08-01T00:00:00.000Z,8/1/2013 8:50:00 AM,Mid-Block (not related to intersection),54.0,PEDALCYCLIST STRUCK MOTOR VEHICLE REAR END,Y,N,Clear or Partly Cloudy,Dry,Daylight,,,45,Vehicle - Pedalcyclist,0,N,Washington,47.603464366708145,-122.32974397255684
Block,RAVENNA AVE NE BETWEEN NE 55TH N ST AND NE RAVENNA EB BV,2,Injury Collision,Cycles,3,0,1,1,1,0,0,2013-07-20T00:00:00.000Z,7/20/2013 4:52:00 PM,Mid-Block (but intersection related),18.0,"MOTOR VEHICLE STRUCK PEDALCYCLIST, FRONT END AT ANGLE",,N,Clear or Partly Cloudy,Dry,Daylight,,,45,Vehicle - Pedalcyclist,0,N,Washington,47.669052941673726,-122.30394611140184
Block,EASTLAKE AVE NE BETWEEN NE 41ST ST AND 11TH AVE NE,2,Injury Collision,Cycles,2,0,1,1,1,0,0,2010-09-27T00:00:00.000Z,9/27/2010 7:14:00 AM,Mid-Block (not related to intersection),21.0,"MOTOR VEHICLE STRUCK PEDALCYCLIST, REAR END",,N,Raining,Wet,Daylight,,,45,Vehicle - Pedalcyclist,0,N,Washington,47.657160488280134,-122.316875965996
Block,12TH AVE BETWEEN E COLUMBIA ST AND E MARION ST,2,Injury Collision,Cycles,2,0,1,1,1,0,0,2013-07-02T00:00:00.000Z,7/2/2013 7:00:00 PM,Mid-Block (not related to intersection),18.0,"MOTOR VEHICLE STRUCK PEDALCYCLIST, FRONT END AT ANGLE",,N,Clear or Partly Cloudy,Dry,Daylight,,,45,Vehicle - Pedalcyclist,0,N,Washington,47.60980943523944,-122.3167796621427
Intersection,E DENNY WAY AND E OLIVE WAY,2,Injury Collision,Left Turn,2,0,1,1,1,0,0,2013-07-09T00:00:00.000Z,7/9/2013 3:50:00 PM,At Intersection (intersection related),18.0,"MOTOR VEHICLE STRUCK PEDALCYCLIST, FRONT END AT ANGLE",,N,Clear or Partly Cloudy,Dry,Daylight,,Y,28,From opposite direction - one left turn - one straight,0,N,Washington,47.61848878121481,-122.32563295134672
Block,12TH AVE BETWEEN E BARCLAY CT AND E JAMES CT,2,Injury Collision,Cycles,2,0,2,0,2,0,0,2013-07-18T00:00:00.000Z,7/18/2013 4:57:00 PM,Mid-Block (not related to intersection),58.0,PEDALCYCLIST STRUCK PEDALCYCLIST FRONT END AT ANGLE,,N,Clear or Partly Cloudy,Dry,Daylight,Y,,45,Vehicle - Pedalcyclist,0,N,Washington,47.60713100097335,-122.31678018506432
Block,1ST AVE BETWEEN STEWART ST AND VIRGINIA ST,2,Injury Collision,Cycles,3,0,1,1,1,0,0,2013-07-11T00:00:00.000Z,7/11/2013 10:50:00 PM,Driveway Junction,0.0,NOT ENOUGH INFORMATION / NOT APPLICABLE,,N,Clear or Partly Cloudy,Dry,Dark - Street Lights On,,,45,Vehicle - Pedalcyclist,0,N,Washington,47.61068110087142,-122.34195802537123
Intersection,LINDEN AVE N AND N 65TH ST,2,Injury Collision,Cycles,5,0,1,1,1,0,0,2013-08-05T00:00:00.000Z,8/5/2013 1:00:00 PM,At Intersection (intersection related),51.0,PEDALCYCLIST STRUCK MOTOR VEHICLE FRONT END AT ANGLE,,N,Clear or Partly Cloudy,Dry,Daylight,,,45,Vehicle - Pedalcyclist,0,N,Washington,47.676060253751544,-122.34830501849837
Block,20TH AVE W BETWEEN THORNDYKE AVE W AND W DRAVUS ST,2,Injury Collision,Cycles,2,0,1,1,1,0,0,2013-08-11T00:00:00.000Z,8/11/2013 10:29:00 PM,Mid-Block (not related to intersection),56.0,PEDALCYCLIST STRUCK MOTOR VEHICLE LEFT SIDE SIDESWIPE,,N,Clear or Partly Cloudy,Dry,Dark - Street Lights Off,,,45,Vehicle - Pedalcyclist,0,N,Washington,47.64752085762825,-122.38197774740615
Intersection,5TH AVE N AND HARRISON ST,2b,Serious Injury Collision,Cycles,3,0,1,1,2,1,0,2013-07-02T00:00:00.000Z,7/2/2013 2:05:00 PM,At Intersection (intersection related),51.0,PEDALCYCLIST STRUCK MOTOR VEHICLE FRONT END AT ANGLE,Y,N,Clear or Partly Cloudy,Dry,Daylight,Y,,45,Vehicle - Pedalcyclist,0,N,Washington,47.62207493549256,-122.34759184798416
Block,2ND AVE BETWEEN UNIVERSITY ST AND UNION ST,1,Property Damage Only Collision,Cycles,3,0,1,1,0,0,0,2013-07-11T00:00:00.000Z,7/11/2013 8:45:00 AM,Mid-Block (not related to intersection),18.0,"MOTOR VEHICLE STRUCK PEDALCYCLIST, FRONT END AT ANGLE",Y,N,Clear or Partly Cloudy,Dry,Daylight,,,45,Vehicle - Pedalcyclist,0,N,Washington,47.60779444958214,-122.33754001043816
Block,4TH AVE N BETWEEN NICKERSON ST AND FREMONT BR,2,Injury Collision,Cycles,2,0,1,1,1,0,0,2013-07-21T00:00:00.000Z,7/21/2013 1:04:00 PM,Mid-Block (not related to intersection),51.0,PEDALCYCLIST STRUCK MOTOR VEHICLE FRONT END AT ANGLE,,N,Clear or Partly Cloudy,Dry,Daylight,,,45,Vehicle - Pedalcyclist,0,N,Washington,47.64651154629248,-122.34975553791661
Intersection,20TH AVE AND E COLUMBIA ST,2,Injury Collision,Cycles,2,0,1,1,1,0,0,2013-07-24T00:00:00.000Z,7/24/2013 4:48:00 PM,At Intersection (intersection related),51.0,PEDALCYCLIST STRUCK MOTOR VEHICLE FRONT END AT ANGLE,,N,Clear or Partly Cloudy,Dry,Daylight,,,45,Vehicle - Pedalcyclist,0,N,Washington,47.609100034216674,-122.30631127916529
Block,NW 46TH ST BETWEEN 14TH AVE NW AND 15TH NB AVE NW,2,Injury Collision,Cycles,2,0,1,1,1,0,0,2013-07-20T00:00:00.000Z,7/20/2013 4:28:00 PM,Mid-Block (not related to intersection),56.0,PEDALCYCLIST STRUCK MOTOR VEHICLE LEFT SIDE SIDESWIPE,,N,Clear or Partly Cloudy,Dry,Daylight,,,45,Vehicle - Pedalcyclist,0,N,Washington,47.662203606015694,-122.3748495251268
Block,LAKESIDE AVE S BETWEEN S LANE ST AND 35TH AVE S,1,Property Damage Only Collision,Cycles,2,0,1,1,0,0,0,2010-07-28T00:00:00.000Z,7/28/2010 8:05:00 AM,Mid-Block (not related to intersection),23.0,"MOTOR VEHICLE STRUCK PEDALCYCLIST, LEFT SIDE SIDESWIPE",,N,Clear or Partly Cloudy,Dry,Daylight,Y,,45,Vehicle - Pedalcyclist,0,N,Washington,47.59629348824365,-122.28764138670984
Block,12TH AVE S BETWEEN S JACKSON ST AND S KING ST,2,Injury Collision,Cycles,2,0,1,1,1,0,0,2010-07-28T00:00:00.000Z,7/28/2010 8:57:00 AM,Mid-Block (not related to intersection),51.0,PEDALCYCLIST STRUCK MOTOR VEHICLE FRONT END AT ANGLE,,N,Clear or Partly Cloudy,Dry,Daylight,,,45,Vehicle - Pedalcyclist,0,N,Washington,47.598764692563066,-122.31722540446691
Intersection,TROLL AVE N AND N 35TH ST,2,Injury Collision,Cycles,2,0,1,1,1,0,0,2013-08-05T00:00:00.000Z,8/5/2013 6:28:00 PM,At Intersection (intersection related),51.0,PEDALCYCLIST STRUCK MOTOR VEHICLE FRONT END AT ANGLE,,N,Clear or Partly Cloudy,Dry,Daylight,Y,,45,Vehicle - Pedalcyclist,0,N,Washington,47.65015880001961,-122.3474298891354
Intersection,12TH AVE AND E CHERRY ST,2,Injury Collision,Cycles,1,0,1,0,1,0,0,2010-07-07T00:00:00.000Z,7/7/2010 8:41:00 PM,At Intersection (intersection related),69.0,PEDALCYCLIST OVERTURNED IN ROAD,,N,Clear or Partly Cloudy,Dry,Daylight,,,45,Vehicle - Pedalcyclist,0,N,Washington,47.608058777891294,-122.31677991412069
Intersection,20TH AVE AND E UNION ST,2,Injury Collision,Left Turn,2,0,1,1,1,0,0,2010-07-07T00:00:00.000Z,7/7/2010 5:40:00 PM,At Intersection (intersection related),18.0,"MOTOR VEHICLE STRUCK PEDALCYCLIST, FRONT END AT ANGLE",,N,Clear or Partly Cloudy,Dry,Daylight,Y,,28,From opposite direction - one left turn - one straight,0,N,Washington,47.612909621074635,-122.3062455482968
Intersection,34TH AVE AND E OLIVE ST,2,Injury Collision,Cycles,3,0,1,1,1,0,0,2013-07-28T00:00:00.000Z,7/28/2013 11:40:00 AM,At Intersection (intersection related),51.0,PEDALCYCLIST STRUCK MOTOR VEHICLE FRONT END AT ANGLE,,N,Clear or Partly Cloudy,Dry,Daylight,,,45,Vehicle - Pedalcyclist,0,N,Washington,47.616495905618855,-122.28920537538923
Intersection,5TH AVE AND MADISON ST,2,Injury Collision,Cycles,2,0,1,1,1,0,0,2013-07-27T00:00:00.000Z,7/27/2013 1:08:00 PM,At Intersection (intersection related),18.0,"MOTOR VEHICLE STRUCK PEDALCYCLIST, FRONT END AT ANGLE",,N,Clear or Partly Cloudy,Dry,Daylight,,,45,Vehicle - Pedalcyclist,0,N,Washington,47.60655274573212,-122.3317981230281
Block,E JOHN ST BETWEEN 10TH AVE E AND 11TH AVE E,2,Injury Collision,Cycles,2,0,1,1,1,0,0,2013-07-11T00:00:00.000Z,7/11/2013 5:05:00 PM,Mid-Block (not related to intersection),18.0,"MOTOR VEHICLE STRUCK PEDALCYCLIST, FRONT END AT ANGLE",,N,Clear or Partly Cloudy,Dry,Daylight,,,45,Vehicle - Pedalcyclist,0,N,Washington,47.619922178553324,-122.31888862991622
Intersection,1ST AVE S AND S SPOKANE NR ST,1,Property Damage Only Collision,Cycles,3,0,1,1,0,0,0,2013-08-10T00:00:00.000Z,8/10/2013 9:27:00 PM,At Intersection (intersection related),51.0,PEDALCYCLIST STRUCK MOTOR VEHICLE FRONT END AT ANGLE,,N,Overcast,Dry,Dark - Street Lights On,,,45,Vehicle - Pedalcyclist,525550,N,Washington,47.571706608219976,-122.33419697473083
Intersection,BEACON WR AVE S AND S DAWSON ST,2,Injury Collision,Cycles,2,0,1,1,1,0,0,2010-08-03T00:00:00.000Z,8/3/2010 2:00:00 PM,At Intersection (intersection related),51.0,PEDALCYCLIST STRUCK MOTOR VEHICLE FRONT END AT ANGLE,,N,Clear or Partly Cloudy,Dry,Daylight,,,45,Vehicle - Pedalcyclist,0,N,Washington,47.555915722880314,-122.30353585290095
Block,5TH AVE BETWEEN UNIVERSITY ST AND UNION ST,2,Injury Collision,Cycles,2,0,1,1,1,0,0,2013-06-19T00:00:00.000Z,6/19/2013 8:25:00 AM,Mid-Block (not related to intersection),55.0,PEDALCYCLIST STRUCK MOTOR VEHICLE RIGHT SIDE SIDESWIPE,,N,Clear or Partly Cloudy,Dry,Daylight,,,45,Vehicle - Pedalcyclist,0,N,Washington,47.609187847075404,-122.3342101456626
Block,BOREN AVE BETWEEN PINE ST AND OLIVE WAY,2,Injury Collision,Cycles,2,0,1,1,1,0,0,2013-06-19T00:00:00.000Z,6/19/2013 5:53:00 PM,Driveway Junction,18.0,"MOTOR VEHICLE STRUCK PEDALCYCLIST, FRONT END AT ANGLE",,N,Overcast,Dry,Daylight,Y,,45,Vehicle - Pedalcyclist,0,N,Washington,47.614952472155714,-122.33027463071971
Block,15TH AVE W BETWEEN GILMAN UPPER DR W AND W ARMOUR ST,2,Injury Collision,Cycles,3,0,1,1,1,0,0,2013-06-05T00:00:00.000Z,6/5/2013 3:19:00 PM,Mid-Block (not related to intersection),23.0,"MOTOR VEHICLE STRUCK PEDALCYCLIST, LEFT SIDE SIDESWIPE",,N,Clear or Partly Cloudy,Dry,Daylight,,,45,Vehicle - Pedalcyclist,0,N,Washington,47.64385526886603,-122.37617329037931
Block,6TH AVE BETWEEN OLIVE WAY AND STEWART ST,2,Injury Collision,Cycles,2,0,1,1,1,0,0,2013-05-20T00:00:00.000Z,5/20/2013 6:29:00 PM,Mid-Block (not related to intersection),51.0,PEDALCYCLIST STRUCK MOTOR VEHICLE FRONT END AT ANGLE,Y,N,Clear or Partly Cloudy,Dry,Daylight,,Y,45,Vehicle - Pedalcyclist,0,N,Washington,47.613375268453424,-122.33664679369764
Intersection,GREENWOOD AVE N AND PHINNEY AVE N,2,Injury Collision,Cycles,4,0,1,1,1,0,0,2013-05-19T00:00:00.000Z,5/19/2013 4:30:00 PM,At Intersection (intersection related),56.0,PEDALCYCLIST STRUCK MOTOR VEHICLE LEFT SIDE SIDESWIPE,Y,N,Clear or Partly Cloudy,Dry,Daylight,,,45,Vehicle - Pedalcyclist,0,N,Washington,47.6778954354926,-122.3551707002973
Block,LAKESIDE AVE BETWEEN E YESLER WAY AND LAKE WASHINGTON BLVD,2,Injury Collision,Cycles,2,0,1,1,1,0,0,2013-05-25T00:00:00.000Z,5/25/2013 1:42:00 PM,Mid-Block (not related to intersection),56.0,PEDALCYCLIST STRUCK MOTOR VEHICLE LEFT SIDE SIDESWIPE,,N,Clear or Partly Cloudy,Dry,Daylight,,,45,Vehicle - Pedalcyclist,0,N,Washington,47.60233101679013,-122.28498130977427
Intersection,15TH AV W SB OFF RP AND W DRAVUS ST,2,Injury Collision,Cycles,2,0,1,1,1,0,0,2013-05-22T00:00:00.000Z,5/22/2013 9:06:00 AM,At Intersection (intersection related),51.0,PEDALCYCLIST STRUCK MOTOR VEHICLE FRONT END AT ANGLE,Y,N,Raining,Wet,Daylight,,,45,Vehicle - Pedalcyclist,0,N,Washington,47.648472817218725,-122.37675943114832
Intersection,39TH AVE S AND S GENESEE ST,2b,Serious Injury Collision,Cycles,3,0,1,1,1,1,0,2011-08-03T00:00:00.000Z,8/3/2011 4:07:00 PM,At Intersection (intersection related),51.0,PEDALCYCLIST STRUCK MOTOR VEHICLE FRONT END AT ANGLE,,N,Clear or Partly Cloudy,Dry,Daylight,,,45,Vehicle - Pedalcyclist,0,N,Washington,47.564131138877784,-122.28388134098816
Intersection,UNIVERSITY WAY NE AND NE 41ST ST,2,Injury Collision,Cycles,4,0,1,1,1,0,0,2013-05-17T00:00:00.000Z,5/17/2013 4:35:00 PM,At Intersection (intersection related),18.0,"MOTOR VEHICLE STRUCK PEDALCYCLIST, FRONT END AT ANGLE",,N,Clear or Partly Cloudy,Dry,Daylight,Y,,45,Vehicle - Pedalcyclist,0,N,Washington,47.656834220462564,-122.31324600840885
Block,19TH AVE NE BETWEEN NE 80TH ST AND NE 82ND ST,1,Property Damage Only Collision,Cycles,2,0,1,1,0,0,0,2013-05-29T00:00:00.000Z,5/29/2013 3:44:00 PM,Mid-Block (not related to intersection),51.0,PEDALCYCLIST STRUCK MOTOR VEHICLE FRONT END AT ANGLE,,N,Clear or Partly Cloudy,Wet,Daylight,,,45,Vehicle - Pedalcyclist,0,N,Washington,47.687582645256434,-122.30786836593805
Block,NE 45TH ST BETWEEN 1ST AVE NE AND 2ND AVE NE,1,Property Damage Only Collision,Cycles,3,0,1,1,0,0,0,2013-06-07T00:00:00.000Z,6/7/2013 11:00:00 PM,Driveway Junction,51.0,PEDALCYCLIST STRUCK MOTOR VEHICLE FRONT END AT ANGLE,Y,N,Clear or Partly Cloudy,Dry,Dark - Street Lights On,,,45,Vehicle - Pedalcyclist,0,N,Washington,47.66135727672546,-122.32775751125796
Block,4TH AVE S BETWEEN I90 WB 4TH AV OFF RP AND S ROYAL BROUGHAM WAY,2,Injury Collision,Cycles,2,0,1,1,1,0,0,2013-05-29T00:00:00.000Z,5/29/2013 6:30:00 AM,Driveway Junction,51.0,PEDALCYCLIST STRUCK MOTOR VEHICLE FRONT END AT ANGLE,,N,Raining,Wet,Daylight,Y,,45,Vehicle - Pedalcyclist,0,N,Washington,47.59334252923422,-122.32904865942409
Intersection,STONE WAY N AND N 34TH ST,2,Injury Collision,Cycles,5,0,1,1,1,0,0,2013-06-22T00:00:00.000Z,6/22/2013 11:35:00 AM,At Intersection (intersection related),18.0,"MOTOR VEHICLE STRUCK PEDALCYCLIST, FRONT END AT ANGLE",Y,N,Clear or Partly Cloudy,Dry,Daylight,,,45,Vehicle - Pedalcyclist,523424,N,Washington,47.648540727826884,-122.34277540220636
Intersection,FREMONT AVE N AND N 47TH ST,1,Property Damage Only Collision,Cycles,2,0,1,1,0,0,0,2013-06-22T00:00:00.000Z,6/22/2013 5:12:00 PM,At Intersection (intersection related),51.0,PEDALCYCLIST STRUCK MOTOR VEHICLE FRONT END AT ANGLE,,N,Clear or Partly Cloudy,Dry,Daylight,,,45,Vehicle - Pedalcyclist,0,N,Washington,47.66287542104649,-122.35002843492256