addrtype,location,severitycode,severitydesc,collisiontype,personcount,pedcount,pedcylcount,vehcount,injuries,seriousinjuries,fatalities,incdate,incdttm,junctiontype,sdot_colcode,sdot_coldesc,inattentionind,underinfl,weather,roadcond,lightcond,pedrownotgrnt,speeding,st_colcode,st_coldesc,crosswalkkey,hitparkedcar,state,latitude,longitude
Block,BEACH DR SW BETWEEN SW DOUGLAS PL AND SW GENESEE ST,2,Injury Collision,Cycles,2,0,1,1,1,0,0,2013-06-24T00:00:00.000Z,6/24/2013 4:30:00 PM,Mid-Block (not related to intersection),56.0,PEDALCYCLIST STRUCK MOTOR VEHICLE LEFT SIDE SIDESWIPE,Y,N,Clear or Partly Cloudy,Dry,Daylight,,,45,Vehicle - Pedalcyclist,0,N,Washington,47.56537195469179,-122.40757953404498
Intersection,SYLVAN WAY SW AND SW MORGAN W ST,1,Property Damage Only Collision,Cycles,2,0,1,1,0,0,0,2013-05-15T00:00:00.000Z,5/15/2013,At Intersection (intersection related),18.0,"MOTOR VEHICLE STRUCK PEDALCYCLIST, FRONT END AT ANGLE",Y,N,Clear or Partly Cloudy,Dry,Unknown,,,45,Vehicle - Pedalcyclist,613429,N,Washington,47.54465308196306,-122.37253412750748
Intersection,12TH AVE AND E JEFFERSON ST,2,Injury Collision,Cycles,2,0,1,1,1,0,0,2013-05-27T00:00:00.000Z,5/27/2013 12:25:00 PM,At Intersection (intersection related),18.0,"MOTOR VEHICLE STRUCK PEDALCYCLIST, FRONT END AT ANGLE",Y,N,Raining,Wet,Daylight,,,45,Vehicle - Pedalcyclist,0,N,Washington,47.606203045254205,-122.316780466471
Block,12TH AVE BETWEEN E JAMES CT AND E CHERRY ST,2,Injury Collision,Cycles,2,0,1,1,1,0,0,2013-05-29T00:00:00.000Z,5/29/2013 9:27:00 AM,Mid-Block (not related to intersection),51.0,PEDALCYCLIST STRUCK MOTOR VEHICLE FRONT END AT ANGLE,,N,Overcast,Wet,Daylight,Y,,45,Vehicle - Pedalcyclist,0,N,Washington,47.60774153084424,-122.31677998958747
Intersection,20TH AVE NE AND NE 47TH ST,2,Injury Collision,Cycles,4,0,1,1,1,0,0,2013-06-24T00:00:00.000Z,6/24/2013 11:36:00 PM,At Intersection (intersection related),51.0,PEDALCYCLIST STRUCK MOTOR VEHICLE FRONT END AT ANGLE,,N,Clear or Partly Cloudy,Dry,Unknown,,,45,Vehicle - Pedalcyclist,0,N,Washington,47.66307592220566,-122.30651728936836
Block,SHILSHOLE AVE NW BETWEEN 20TH AVE NW AND NW VERNON PL,2,Injury Collision,Cycles,2,0,1,1,1,0,0,2013-06-15T00:00:00.000Z,6/15/2013 9:27:00 AM,Mid-Block (not related to intersection),18.0,"MOTOR VEHICLE STRUCK PEDALCYCLIST, FRONT END AT ANGLE",,N,Clear or Partly Cloudy,Dry,Daylight,,,45,Vehicle - Pedalcyclist,0,N,Washington,47.66508372643037,-122.38310489183736
Intersection,35TH AVE NE AND NE 125TH ST,2,Injury Collision,Cycles,2,0,1,1,1,0,0,2013-05-16T00:00:00.000Z,5/16/2013 5:29:00 PM,At Intersection (intersection related),18.0,"MOTOR VEHICLE STRUCK PEDALCYCLIST, FRONT END AT ANGLE",,N,Clear or Partly Cloudy,Dry,Daylight,,,45,Vehicle - Pedalcyclist,521432,N,Washington,47.71925343737431,-122.29078406177
Block,N 34TH ST BETWEEN STONE WAY N AND N NORTHLAKE PL,1,Property Damage Only Collision,Cycles,2,0,1,1,0,0,0,2013-05-15T00:00:00.000Z,5/15/2013 5:53:00 PM,Mid-Block (not related to intersection),56.0,PEDALCYCLIST STRUCK MOTOR VEHICLE LEFT SIDE SIDESWIPE,,N,Raining,Wet,Daylight,,,45,Vehicle - Pedalcyclist,0,N,Washington,47.64839598242226,-122.34184053168549
Intersection,8TH AVE NW AND NW 67TH ST,2,Injury Collision,Cycles,2,0,1,1,1,0,0,2013-05-20T00:00:00.000Z,5/20/2013 7:20:00 AM,At Intersection (intersection related),18.0,"MOTOR VEHICLE STRUCK PEDALCYCLIST, FRONT END AT ANGLE",,N,Clear or Partly Cloudy,Dry,Daylight,Y,,45,Vehicle - Pedalcyclist,0,N,Washington,47.67777043515864,-122.36602025560873
Intersection,MAYNARD AVE S AND S DEARBORN ST,2,Injury Collision,Cycles,2,0,1,1,1,0,0,2013-05-16T00:00:00.000Z,5/16/2013 4:20:00 PM,At Intersection (intersection related),51.0,PEDALCYCLIST STRUCK MOTOR VEHICLE FRONT END AT ANGLE,Y,N,Clear or Partly Cloudy,Dry,Daylight,Y,,45,Vehicle - Pedalcyclist,0,N,Washington,47.595835342589986,-122.32506845117202
Intersection,3RD AVE AND VINE ST,2,Injury Collision,Cycles,2,0,1,1,2,0,0,2013-06-11T00:00:00.000Z,6/11/2013 6:13:00 PM,At Intersection (intersection related),18.0,"MOTOR VEHICLE STRUCK PEDALCYCLIST, FRONT END AT ANGLE",,N,Clear or Partly Cloudy,Dry,Daylight,,,45,Vehicle - Pedalcyclist,0,N,Washington,47.61657884246956,-122.3479637662434
Block,12TH AVE BETWEEN E SPRING ST AND E MADISON ST,2,Injury Collision,Cycles,2,0,1,1,1,0,0,2013-05-29T00:00:00.000Z,5/29/2013 6:21:00 PM,Mid-Block (not related to intersection),51.0,PEDALCYCLIST STRUCK MOTOR VEHICLE FRONT END AT ANGLE,,N,Clear or Partly Cloudy,Dry,Daylight,Y,,45,Vehicle - Pedalcyclist,0,N,Washington,47.61222458831647,-122.31675618733473
Block,RAINIER AVE S BETWEEN S FONTANELLE ST AND S AUSTIN ST,1,Property Damage Only Collision,Cycles,2,0,1,1,0,0,0,2013-06-02T00:00:00.000Z,6/2/2013 5:20:00 AM,Mid-Block (not related to intersection),0.0,NOT ENOUGH INFORMATION / NOT APPLICABLE,,N,Unknown,Unknown,Unknown,,,45,Vehicle - Pedalcyclist,0,N,Washington,47.535303643612146,-122.26998118202087
Intersection,LAKE PARK DR S AND LAKE WASHINGTON BLVD S,2b,Serious Injury Collision,Cycles,2,0,1,1,1,1,0,2013-05-16T00:00:00.000Z,5/16/2013 1:05:00 PM,At Intersection (intersection related),18.0,"MOTOR VEHICLE STRUCK PEDALCYCLIST, FRONT END AT ANGLE",Y,N,Clear or Partly Cloudy,Dry,Daylight,,,45,Vehicle - Pedalcyclist,0,N,Washington,47.58295465379743,-122.2876589348097
Block,FREMONT AVE N BETWEEN N 36TH ST AND N 38TH ST,2,Injury Collision,Cycles,2,0,1,1,1,0,0,2013-06-28T00:00:00.000Z,6/28/2013 5:34:00 PM,Mid-Block (not related to intersection),18.0,"MOTOR VEHICLE STRUCK PEDALCYCLIST, FRONT END AT ANGLE",,N,Clear or Partly Cloudy,Dry,Daylight,,,45,Vehicle - Pedalcyclist,0,N,Washington,47.65203780745402,-122.34992726918408
Block,1ST AVE BETWEEN BROAD ST AND EAGLE ST,1,Property Damage Only Collision,Cycles,3,1,1,1,0,0,0,2013-05-20T00:00:00.000Z,5/20/2013 5:43:00 PM,Mid-Block (not related to intersection),64.0,PEDALCYCLIST STRUCK PEDESTRIAN,Y,N,Clear or Partly Cloudy,Dry,Daylight,,,45,Vehicle - Pedalcyclist,0,N,Washington,47.617307976994,-122.35316711837777
Intersection,34TH AVE SW AND SW BARTON ST,2,Injury Collision,Cycles,7,0,1,1,1,0,0,2012-10-16T00:00:00.000Z,10/16/2012 6:43:00 PM,At Intersection (intersection related),51.0,PEDALCYCLIST STRUCK MOTOR VEHICLE FRONT END AT ANGLE,,N,Clear or Partly Cloudy,Dry,Dark - Street Lights On,,,45,Vehicle - Pedalcyclist,0,N,Washington,47.52106402877777,-122.37540298969273
Intersection,EAST MARGINAL WAY S AND S HORTON ST,2b,Serious Injury Collision,Cycles,2,0,1,1,1,1,0,2013-06-19T00:00:00.000Z,6/19/2013 8:00:00 AM,At Intersection (intersection related),51.0,PEDALCYCLIST STRUCK MOTOR VEHICLE FRONT END AT ANGLE,,N,Unknown,Unknown,Daylight,,,45,Vehicle - Pedalcyclist,0,N,Washington,47.5743884399963,-122.33993395817413
Intersection,SUMMIT AVE E AND E OLIVE WAY,2,Injury Collision,Cycles,5,0,1,1,1,0,0,2013-06-22T00:00:00.000Z,6/22/2013 8:08:00 PM,At Intersection (intersection related),18.0,"MOTOR VEHICLE STRUCK PEDALCYCLIST, FRONT END AT ANGLE",,Y,Clear or Partly Cloudy,Dry,Dusk,Y,,45,Vehicle - Pedalcyclist,0,N,Washington,47.6188959963902,-122.32528836091299
Block,AIRPORT WAY S BETWEEN CITY LIMITS C AND S NORFOLK ST,3,Fatality Collision,Cycles,2,0,1,1,0,0,1,2013-05-30T00:00:00.000Z,5/30/2013 6:48:00 AM,Mid-Block (not related to intersection),21.0,"MOTOR VEHICLE STRUCK PEDALCYCLIST, REAR END",,N,Overcast,Dry,Daylight,,,45,Vehicle - Pedalcyclist,0,N,Washington,47.51640468502114,-122.2897057755984
Block,UNIVERSITY WAY NE BETWEEN NE 45TH ST AND NE 47TH ST,2,Injury Collision,Cycles,2,0,1,1,1,0,0,2012-10-09T00:00:00.000Z,10/9/2012 2:25:00 PM,Mid-Block (not related to intersection),22.0,"MOTOR VEHICLE STRUCK PEDALCYCLIST, RIGHT SIDE SIDESWIPE",,N,Clear or Partly Cloudy,Dry,Daylight,,,45,Vehicle - Pedalcyclist,0,N,Washington,47.66217920897607,-122.31311572731876
Block,STEWART ST BETWEEN TERRY AVE AND BOREN AVE,2,Injury Collision,Cycles,2,0,1,1,1,0,0,2013-06-13T00:00:00.000Z,6/13/2013 10:20:00 AM,Driveway Junction,18.0,"MOTOR VEHICLE STRUCK PEDALCYCLIST, FRONT END AT ANGLE",,N,Clear or Partly Cloudy,Dry,Daylight,,,45,Vehicle - Pedalcyclist,0,N,Washington,47.61661180923626,-122.3331489800814
Block,2ND AVE BETWEEN UNION ST AND PIKE ST,2,Injury Collision,Cycles,3,0,2,1,2,0,0,2013-05-15T00:00:00.000Z,5/15/2013 7:15:00 AM,Driveway Junction,18.0,"MOTOR VEHICLE STRUCK PEDALCYCLIST, FRONT END AT ANGLE",Y,N,Clear or Partly Cloudy,Dry,Daylight,,,45,Vehicle - Pedalcyclist,0,N,Washington,47.60878749220817,-122.33844845839597
Block,12TH AVE BETWEEN E SPRING ST AND E MADISON ST,2,Injury Collision,Cycles,2,0,1,1,1,0,0,2013-05-16T00:00:00.000Z,5/16/2013 8:50:00 AM,Mid-Block (not related to intersection),56.0,PEDALCYCLIST STRUCK MOTOR VEHICLE LEFT SIDE SIDESWIPE,,N,Overcast,Dry,Daylight,,,45,Vehicle - Pedalcyclist,0,N,Washington,47.61222458831647,-122.31675618733473
Intersection,15TH AVE W AND W EMERSON ST,2,Injury Collision,Cycles,2,0,1,1,1,0,0,2011-05-25T00:00:00.000Z,5/25/2011 2:34:00 PM,At Intersection (intersection related),54.0,PEDALCYCLIST STRUCK MOTOR VEHICLE REAR END,,N,Raining,Wet,Daylight,,,45,Vehicle - Pedalcyclist,0,N,Washington,47.65399335514732,-122.37621487377035
Intersection,8TH AVE NW AND NW 54TH ST,2,Injury Collision,Cycles,2,0,1,1,1,0,0,2013-07-03T00:00:00.000Z,7/3/2013 6:47:00 AM,At Intersection (intersection related),51.0,PEDALCYCLIST STRUCK MOTOR VEHICLE FRONT END AT ANGLE,,N,Clear or Partly Cloudy,Dry,Daylight,Y,,45,Vehicle - Pedalcyclist,0,N,Washington,47.667912497681854,-122.36617990275022
Intersection,4TH AVE AND STEWART ST,2,Injury Collision,Cycles,2,0,1,1,1,0,0,2013-07-17T00:00:00.000Z,7/17/2013 5:44:00 PM,At Intersection (intersection related),18.0,"MOTOR VEHICLE STRUCK PEDALCYCLIST, FRONT END AT ANGLE",,N,Clear or Partly Cloudy,Dry,Daylight,,,45,Vehicle - Pedalcyclist,0,N,Washington,47.612293873890955,-122.33873242845809
Intersection,15TH AVE NE AND NE 62ND ST,2,Injury Collision,Cycles,2,0,1,1,1,0,0,2013-07-06T00:00:00.000Z,7/6/2013 12:38:00 PM,At Intersection (intersection related),51.0,PEDALCYCLIST STRUCK MOTOR VEHICLE FRONT END AT ANGLE,,N,Clear or Partly Cloudy,Dry,Daylight,,,45,Vehicle - Pedalcyclist,0,N,Washington,47.67397842706623,-122.31191775546223
Block,E JEFFERSON ST BETWEEN 17TH AVE AND 18TH AVE,2,Injury Collision,Cycles,2,0,1,1,1,0,0,2010-07-07T00:00:00.000Z,7/7/2010 8:50:00 AM,Mid-Block (not related to intersection),22.0,"MOTOR VEHICLE STRUCK PEDALCYCLIST, RIGHT SIDE SIDESWIPE",,N,Clear or Partly Cloudy,Dry,Daylight,,,45,Vehicle - Pedalcyclist,0,N,Washington,47.60617278887693,-122.3095975865418
Block,HARBOR AVE SW BETWEEN SW MARYLAND PL AND CALIFORNIA WAY SW,2,Injury Collision,Cycles,2,0,1,1,1,0,0,2013-07-03T00:00:00.000Z,7/3/2013 12:58:00 PM,Mid-Block (not related to intersection),18.0,"MOTOR VEHICLE STRUCK PEDALCYCLIST, FRONT END AT ANGLE",Y,N,Clear or Partly Cloudy,Dry,Daylight,Y,,45,Vehicle - Pedalcyclist,0,N,Washington,47.59131555343195,-122.38237552698149
Intersection,DEXTER AVE N AND JOHN ST,2b,Serious Injury Collision,Cycles,2,0,1,1,1,1,0,2013-08-14T00:00:00.000Z,8/14/2013 2:25:00 PM,At Intersection (intersection related),51.0,PEDALCYCLIST STRUCK MOTOR VEHICLE FRONT END AT ANGLE,,N,Overcast,Dry,Daylight,,,45,Vehicle - Pedalcyclist,0,N,Washington,47.61971961267641,-122.34239171231827
Intersection,4TH AVE AND BELL ST,2,Injury Collision,Cycles,2,0,1,1,1,0,0,2013-07-07T00:00:00.000Z,7/7/2013 1:46:00 AM,At Intersection (intersection related),18.0,"MOTOR VEHICLE STRUCK PEDALCYCLIST, FRONT END AT ANGLE",,N,Clear or Partly Cloudy,Dry,Dark - Street Lights On,,,45,Vehicle - Pedalcyclist,522506,N,Washington,47.61536891668615,-122.34393441251535
Intersection,RAINIER AVE S AND S FISHER PL,2,Injury Collision,Cycles,2,0,1,1,1,0,0,2013-07-08T00:00:00.000Z,7/8/2013 1:45:00 PM,At Intersection (intersection related),18.0,"MOTOR VEHICLE STRUCK PEDALCYCLIST, FRONT END AT ANGLE",Y,N,Clear or Partly Cloudy,Dry,Daylight,,,45,Vehicle - Pedalcyclist,0,N,Washington,47.521410787286605,-122.26999747846062
Block,5TH AVE BETWEEN MADISON ST AND SPRING ST,1,Property Damage Only Collision,Cycles,3,0,1,2,0,0,0,2013-07-26T00:00:00.000Z,7/26/2013 2:47:00 PM,Mid-Block (not related to intersection),23.0,"MOTOR VEHICLE STRUCK PEDALCYCLIST, LEFT SIDE SIDESWIPE",,N,Clear or Partly Cloudy,Dry,Daylight,,,45,Vehicle - Pedalcyclist,0,N,Washington,47.60690836615426,-122.33212363627943
Block,FAIRVIEW AVE N BETWEEN HARRISON ST AND REPUBLICAN ST,2,Injury Collision,Cycles,2,0,1,1,1,0,0,2013-08-01T00:00:00.000Z,8/1/2013 12:58:00 PM,Mid-Block (not related to intersection),18.0,"MOTOR VEHICLE STRUCK PEDALCYCLIST, FRONT END AT ANGLE",Y,N,Clear or Partly Cloudy,Dry,Daylight,,,45,Vehicle - Pedalcyclist,0,N,Washington,47.62257974194145,-122.33427672935112
Intersection,24TH AVE AND E CHERRY ST,2,Injury Collision,Cycles,3,0,1,1,1,0,0,2013-07-17T00:00:00.000Z,7/17/2013 4:14:00 PM,At Intersection (intersection related),51.0,PEDALCYCLIST STRUCK MOTOR VEHICLE FRONT END AT ANGLE,,N,Clear or Partly Cloudy,Dry,Daylight,,,45,Vehicle - Pedalcyclist,0,N,Washington,47.608006073258046,-122.30147660259348
Intersection,EASTLAKE AVE E AND E NELSON PL,2,Injury Collision,Cycles,3,0,1,1,1,0,0,2013-07-16T00:00:00.000Z,7/16/2013 7:23:00 PM,At Intersection (intersection related),18.0,"MOTOR VEHICLE STRUCK PEDALCYCLIST, FRONT END AT ANGLE",,N,Clear or Partly Cloudy,Dry,Daylight,,,45,Vehicle - Pedalcyclist,0,N,Washington,47.630596667687136,-122.32764550006345
Intersection,NICKERSON ST AND WESTLAKE AVE N,2,Injury Collision,Cycles,4,0,1,1,1,0,0,2013-07-27T00:00:00.000Z,7/27/2013 4:50:00 PM,At Intersection (intersection related),18.0,"MOTOR VEHICLE STRUCK PEDALCYCLIST, FRONT END AT ANGLE",,N,Clear or Partly Cloudy,Dry,Daylight,,,45,Vehicle - Pedalcyclist,0,N,Washington,47.64614702733244,-122.34974101029732
Block,AURORA AVE N BETWEEN N 82ND ST AND GREEN LAKE DR N,1,Property Damage Only Collision,Cycles,3,0,1,1,0,0,0,2013-03-24T00:00:00.000Z,3/24/2013 1:57:00 PM,Mid-Block (not related to intersection),21.0,"MOTOR VEHICLE STRUCK PEDALCYCLIST, REAR END",,N,Clear or Partly Cloudy,Dry,Daylight,Y,,45,Vehicle - Pedalcyclist,0,N,Washington,47.6887495545428,-122.34451256056728
Intersection,2ND AVE AND JAMES ST,2,Injury Collision,Cycles,2,0,1,1,1,0,0,2013-10-02T00:00:00.000Z,10/2/2013 3:26:00 PM,At Intersection (intersection related),18.0,"MOTOR VEHICLE STRUCK PEDALCYCLIST, FRONT END AT ANGLE",,N,Overcast,Wet,Daylight,Y,,45,Vehicle - Pedalcyclist,0,N,Washington,47.602305601181115,-122.33251943988401
Intersection,1ST AVE S AND S HANFORD ST,1,Property Damage Only Collision,Cycles,2,0,1,1,0,0,0,2010-12-28T00:00:00.000Z,12/28/2010 12:29:00 PM,At Intersection (intersection related),54.0,PEDALCYCLIST STRUCK MOTOR VEHICLE REAR END,,N,Clear or Partly Cloudy,Dry,Daylight,,,45,Vehicle - Pedalcyclist,0,N,Washington,47.57557557380279,-122.33420302527028
Intersection,M L KING JR WAY AND E CHERRY ST,2,Injury Collision,Cycles,1,0,1,0,1,0,0,2013-08-29T00:00:00.000Z,8/29/2013 5:05:00 PM,At Intersection (intersection related),69.0,PEDALCYCLIST OVERTURNED IN ROAD,,N,Raining,Wet,Daylight,,,45,Vehicle - Pedalcyclist,0,N,Washington,47.607996623658494,-122.29625430714422
Intersection,8TH AVE NW AND NW 54TH ST,2,Injury Collision,Cycles,4,0,1,1,1,0,0,2013-09-25T00:00:00.000Z,9/25/2013 7:51:00 AM,At Intersection (intersection related),51.0,PEDALCYCLIST STRUCK MOTOR VEHICLE FRONT END AT ANGLE,,N,Overcast,Wet,Daylight,,,45,Vehicle - Pedalcyclist,0,N,Washington,47.667912497681854,-122.36617990275022
Block,NE 45TH ST BETWEEN 2ND AVE NE AND THACKERAY PL NE,2,Injury Collision,Cycles,2,0,1,1,1,0,0,2013-10-01T00:00:00.000Z,10/1/2013 1:45:00 PM,Mid-Block (not related to intersection),18.0,"MOTOR VEHICLE STRUCK PEDALCYCLIST, FRONT END AT ANGLE",Y,N,Clear or Partly Cloudy,Dry,Daylight,,,45,Vehicle - Pedalcyclist,0,N,Washington,47.66135208576847,-122.3267166126382
Block,W COMMODORE WAY BETWEEN 21ST AVE W AND 22ND AVE W,2,Injury Collision,Cycles,2,0,1,1,1,0,0,2012-08-09T00:00:00.000Z,8/9/2012 2:41:00 PM,Mid-Block (not related to intersection),18.0,"MOTOR VEHICLE STRUCK PEDALCYCLIST, FRONT END AT ANGLE",,N,Clear or Partly Cloudy,Dry,Daylight,,,45,Vehicle - Pedalcyclist,0,N,Washington,47.659561579638364,-122.3839819736186
Intersection,1ST AVE S AND S MASSACHUSETTS ST,2,Injury Collision,Cycles,2,0,1,1,1,0,0,2013-09-16T00:00:00.000Z,9/16/2013 5:30:00 PM,At Intersection (intersection related),18.0,"MOTOR VEHICLE STRUCK PEDALCYCLIST, FRONT END AT ANGLE",Y,N,Clear or Partly Cloudy,Dry,Daylight,,,45,Vehicle - Pedalcyclist,600377,N,Washington,47.588228588505935,-122.33419664310243
Intersection,35TH AVE NE AND NE 130TH S ST,2,Injury Collision,Cycles,3,0,1,1,1,0,0,2013-10-11T00:00:00.000Z,10/11/2013 5:43:00 PM,At Intersection (intersection related),18.0,"MOTOR VEHICLE STRUCK PEDALCYCLIST, FRONT END AT ANGLE",,N,Clear or Partly Cloudy,Dry,Dusk,,,45,Vehicle - Pedalcyclist,0,N,Washington,47.72263939988681,-122.29083126695257
Block,FREMONT AVE N BETWEEN N 36TH ST AND N 38TH ST,2,Injury Collision,Cycles,4,1,1,1,1,0,0,2013-10-01T00:00:00.000Z,10/1/2013 8:50:00 AM,Driveway Junction,18.0,"MOTOR VEHICLE STRUCK PEDALCYCLIST, FRONT END AT ANGLE",Y,N,Raining,Wet,Daylight,,,45,Vehicle - Pedalcyclist,0,N,Washington,47.65203780745402,-122.34992726918408
Intersection,MCGILVRA BLVD E AND E MADISON N ST,2,Injury Collision,Cycles,3,1,1,1,1,0,0,2013-08-23T00:00:00.000Z,8/23/2013 8:53:00 AM,At Intersection (intersection related),64.0,PEDALCYCLIST STRUCK PEDESTRIAN,Y,N,Overcast,Dry,Daylight,Y,Y,45,Vehicle - Pedalcyclist,524080,N,Washington,47.63372768057015,-122.28106301591129
Intersection,FREMONT AVE N AND N 100TH ST,2,Injury Collision,Cycles,3,0,1,1,1,0,0,2013-08-31T00:00:00.000Z,8/31/2013 3:45:00 PM,At Intersection (intersection related),18.0,"MOTOR VEHICLE STRUCK PEDALCYCLIST, FRONT END AT ANGLE",,N,Clear or Partly Cloudy,Dry,Daylight,,,45,Vehicle - Pedalcyclist,0,N,Washington,47.70144567730818,-122.35003997256628
Block,BROADWAY BETWEEN HARVARD AVE AND E UNION ST,2,Injury Collision,Cycles,1,0,1,0,1,0,0,2013-08-22T00:00:00.000Z,8/22/2013 11:47:00 AM,Mid-Block (not related to intersection),66.0,PEDALCYCLIST STRUCK OBJECT IN ROAD,,N,Clear or Partly Cloudy,Dry,Daylight,,,45,Vehicle - Pedalcyclist,0,N,Washington,47.612109989989754,-122.32076121797354
Intersection,AURORA AVE N AND N 94TH ST,1,Property Damage Only Collision,Cycles,2,0,1,1,0,0,0,2013-08-29T00:00:00.000Z,8/29/2013 3:37:00 PM,At Intersection (intersection related),18.0,"MOTOR VEHICLE STRUCK PEDALCYCLIST, FRONT END AT ANGLE",,N,Overcast,Wet,Daylight,,,45,Vehicle - Pedalcyclist,0,N,Washington,47.69708410048683,-122.3445994151498
Block,N 36TH ST BETWEEN ASHWORTH AVE N AND CARR PL N,2,Injury Collision,Cycles,2,0,1,1,1,0,0,2013-09-12T00:00:00.000Z,9/12/2013 2:39:00 PM,Mid-Block (not related to intersection),0.0,NOT ENOUGH INFORMATION / NOT APPLICABLE,Y,N,Clear or Partly Cloudy,Dry,Daylight,,,45,Vehicle - Pedalcyclist,0,N,Washington,47.65051496808704,-122.33980374737914
Intersection,12TH AVE AND E JEFFERSON ST,1,Property Damage Only Collision,Cycles,2,0,1,1,0,0,0,2012-08-14T00:00:00.000Z,8/14/2012 10:06:00 AM,At Intersection (intersection related),21.0,"MOTOR VEHICLE STRUCK PEDALCYCLIST, REAR END",,N,Clear or Partly Cloudy,Dry,Daylight,Y,,45,Vehicle - Pedalcyclist,0,N,Washington,47.606203045254205,-122.316780466471
Block,24TH AVE NW BETWEEN NW MARKET ST AND NW 56TH ST,1,Property Damage Only Collision,Cycles,2,0,1,1,0,0,0,2010-10-11T00:00:00.000Z,10/11/2010 12:45:00 PM,Mid-Block (not related to intersection),0.0,NOT ENOUGH INFORMATION / NOT APPLICABLE,,N,Unknown,Unknown,Unknown,Y,,45,Vehicle - Pedalcyclist,0,N,Washington,47.669066861265385,-122.38758186288969
Block,6TH AVE S BETWEEN S LANE ST AND S DEARBORN ST,1,Property Damage Only Collision,Cycles,2,0,1,1,0,0,0,2013-09-18T00:00:00.000Z,9/18/2013 2:23:00 PM,Driveway Junction,18.0,"MOTOR VEHICLE STRUCK PEDALCYCLIST, FRONT END AT ANGLE",Y,N,Clear or Partly Cloudy,Dry,Daylight,,,45,Vehicle - Pedalcyclist,0,N,Washington,47.596258135512635,-122.32637212434479
Block,WALLINGFORD AVE N BETWEEN N 80TH ST AND N 82ND ST,1,Property Damage Only Collision,Cycles,2,0,1,1,0,0,0,2013-09-25T00:00:00.000Z,9/25/2013 12:07:00 PM,Mid-Block (not related to intersection),18.0,"MOTOR VEHICLE STRUCK PEDALCYCLIST, FRONT END AT ANGLE",,N,Overcast,Wet,Daylight,,,45,Vehicle - Pedalcyclist,0,N,Washington,47.68781239146367,-122.33641385258522
Intersection,15TH AVE NW AND NW 83RD ST,2,Injury Collision,Cycles,3,0,1,1,2,0,0,2013-08-30T00:00:00.000Z,8/30/2013 3:32:00 PM,At Intersection (intersection related),18.0,"MOTOR VEHICLE STRUCK PEDALCYCLIST, FRONT END AT ANGLE",,N,Clear or Partly Cloudy,Dry,Daylight,,,45,Vehicle - Pedalcyclist,0,N,Washington,47.68872436533024,-122.37679944824357
Intersection,NAGLE PL AND E PINE ST,2,Injury Collision,Left Turn,2,0,1,1,1,0,0,2013-09-05T00:00:00.000Z,9/5/2013 8:55:00 AM,At Intersection (intersection related),18.0,"MOTOR VEHICLE STRUCK PEDALCYCLIST, FRONT END AT ANGLE",,N,Raining,Wet,Daylight,Y,,28,From opposite direction - one left turn - one straight,0,N,Washington,47.61524085523932,-122.32001617622973
Block,12TH AVE BETWEEN E MADISON ST AND E PIKE ST,2,Injury Collision,Cycles,2,0,1,1,1,0,0,2013-08-16T00:00:00.000Z,8/16/2013 7:26:00 PM,Mid-Block (not related to intersection),18.0,"MOTOR VEHICLE STRUCK PEDALCYCLIST, FRONT END AT ANGLE",,N,Clear or Partly Cloudy,Dry,Daylight,,,45,Vehicle - Pedalcyclist,0,N,Washington,47.61349513768653,-122.3167845041913
Intersection,9TH AVE NE AND NE 42ND ST,2,Injury Collision,Cycles,4,0,1,1,1,0,0,2013-10-12T00:00:00.000Z,10/12/2013 7:49:00 PM,At Intersection (intersection related),51.0,PEDALCYCLIST STRUCK MOTOR VEHICLE FRONT END AT ANGLE,,N,Clear or Partly Cloudy,Dry,Dark - Street Lights On,,,45,Vehicle - Pedalcyclist,0,N,Washington,47.65751587127742,-122.31879625077707
Intersection,BURKE AVE N AND N NORTHLAKE WAY,2,Injury Collision,Cycles,3,0,1,1,1,0,0,2012-08-22T00:00:00.000Z,8/22/2012 5:22:00 PM,At Intersection (intersection related),18.0,"MOTOR VEHICLE STRUCK PEDALCYCLIST, FRONT END AT ANGLE",,N,Clear or Partly Cloudy,Dry,Dusk,Y,,45,Vehicle - Pedalcyclist,630885,N,Washington,47.64687291252812,-122.3351687568724
Intersection,GREENWOOD AVE N AND N 77TH ST,2,Injury Collision,Cycles,2,0,1,1,1,0,0,2013-11-07T00:00:00.000Z,11/7/2013 5:35:00 PM,At Intersection (intersection related),51.0,PEDALCYCLIST STRUCK MOTOR VEHICLE FRONT END AT ANGLE,,N,Raining,Wet,Dark - Street Lights On,,Y,45,Vehicle - Pedalcyclist,0,N,Washington,47.68474778912037,-122.35529822427992
Intersection,RAINIER AVE S AND S FISHER PL,2,Injury Collision,Cycles,2,0,1,1,1,0,0,2013-11-14T00:00:00.000Z,11/14/2013 9:58:00 AM,At Intersection (intersection related),51.0,PEDALCYCLIST STRUCK MOTOR VEHICLE FRONT END AT ANGLE,,N,Overcast,Wet,Daylight,,,45,Vehicle - Pedalcyclist,0,N,Washington,47.521410787286605,-122.26999747846062