addrtype,location,severitycode,severitydesc,collisiontype,personcount,pedcount,pedcylcount,vehcount,injuries,seriousinjuries,fatalities,incdate,incdttm,junctiontype,sdot_colcode,sdot_coldesc,inattentionind,underinfl,weather,roadcond,lightcond,pedrownotgrnt,speeding,st_colcode,st_coldesc,crosswalkkey,hitparkedcar,state,latitude,longitude
Intersection,NAGLE PL AND E PINE ST,2,Injury Collision,Cycles,2,0,1,1,1,0,0,2013-11-14T00:00:00.000Z,11/14/2013 6:36:00 AM,At Intersection (intersection related),18.0,"MOTOR VEHICLE STRUCK PEDALCYCLIST, FRONT END AT ANGLE",,N,Clear or Partly Cloudy,Dry,Dark - Street Lights On,Y,,45,Vehicle - Pedalcyclist,0,N,Washington,47.61524085523932,-122.32001617622973
Block,EASTLAKE AVE E BETWEEN E ROANOKE ST AND E EDGAR ST,2,Injury Collision,Cycles,2,0,1,1,2,0,0,2013-11-29T00:00:00.000Z,11/29/2013 10:34:00 AM,Mid-Block (not related to intersection),21.0,"MOTOR VEHICLE STRUCK PEDALCYCLIST, REAR END",,N,Overcast,Dry,Daylight,Y,,45,Vehicle - Pedalcyclist,0,N,Washington,47.64384056209097,-122.3258847582635
Block,PIKE ST BETWEEN BOREN AVE AND MELROSE AVE,2,Injury Collision,Cycles,2,0,1,1,1,0,0,2013-10-27T00:00:00.000Z,10/27/2013 4:24:00 PM,Mid-Block (but intersection related),54.0,PEDALCYCLIST STRUCK MOTOR VEHICLE REAR END,Y,N,Overcast,Wet,Daylight,,,45,Vehicle - Pedalcyclist,0,N,Washington,47.61369730746585,-122.32836055721232
Intersection,3RD AVE NW AND NW MARKET ST,2,Injury Collision,Cycles,2,0,1,1,1,0,0,2013-10-25T00:00:00.000Z,10/25/2013 7:14:00 PM,At Intersection (intersection related),51.0,PEDALCYCLIST STRUCK MOTOR VEHICLE FRONT END AT ANGLE,,N,Clear or Partly Cloudy,Dry,Dark - Street Lights On,,,45,Vehicle - Pedalcyclist,0,N,Washington,47.666920389901705,-122.3608013335988
Intersection,UNIVERSITY WAY NE AND NE 42ND ST,2,Injury Collision,Cycles,2,0,1,1,1,0,0,2013-11-12T00:00:00.000Z,11/12/2013 8:30:00 PM,At Intersection (intersection related),18.0,"MOTOR VEHICLE STRUCK PEDALCYCLIST, FRONT END AT ANGLE",Y,N,Clear or Partly Cloudy,Dry,Dark - Street Lights On,,,45,Vehicle - Pedalcyclist,0,N,Washington,47.65831484888337,-122.31320716791521
Intersection,LINDEN AVE N AND N 145TH ST,2,Injury Collision,Cycles,0,0,1,1,1,0,0,2013-09-07T00:00:00.000Z,9/7/2013 3:50:00 PM,At Intersection (intersection related),18.0,"MOTOR VEHICLE STRUCK PEDALCYCLIST, FRONT END AT ANGLE",,N,Clear or Partly Cloudy,Dry,Daylight,,,45,Vehicle - Pedalcyclist,523874,N,Washington,47.73412900698474,-122.34780152860573
Block,17TH AVE BETWEEN E PINE ST AND E MADISON ST,1,Property Damage Only Collision,Cycles,2,0,1,1,0,0,0,2013-11-21T00:00:00.000Z,11/21/2013 12:00:00 PM,,0.0,NOT ENOUGH INFORMATION / NOT APPLICABLE,,N,Clear or Partly Cloudy,Dry,Daylight,,,45,Vehicle - Pedalcyclist,0,N,Washington,47.61543076026522,-122.31015223548971
Intersection,ROOSEVELT WAY NE AND NE 84TH ST,2,Injury Collision,Cycles,2,0,1,1,1,0,0,2013-10-30T00:00:00.000Z,10/30/2013 9:00:00 AM,At Intersection (intersection related),51.0,PEDALCYCLIST STRUCK MOTOR VEHICLE FRONT END AT ANGLE,Y,N,Overcast,Dry,Daylight,,,45,Vehicle - Pedalcyclist,0,N,Washington,47.689645354656065,-122.31760348936672
Intersection,11TH AVE NE AND NE 45TH ST,2,Injury Collision,Cycles,2,0,1,1,1,0,0,2013-10-30T00:00:00.000Z,10/30/2013 9:52:00 PM,At Intersection (intersection related),51.0,PEDALCYCLIST STRUCK MOTOR VEHICLE FRONT END AT ANGLE,,N,Raining,Wet,Dark - Street Lights On,,,45,Vehicle - Pedalcyclist,0,N,Washington,47.661291960354745,-122.3165789341517
Intersection,24TH AVE E AND BOYER AVE E,2,Injury Collision,Cycles,3,0,1,2,1,0,0,2013-10-08T00:00:00.000Z,10/8/2013 9:34:00 PM,At Intersection (intersection related),51.0,PEDALCYCLIST STRUCK MOTOR VEHICLE FRONT END AT ANGLE,,Y,Overcast,Dry,Dark - Street Lights On,,,45,Vehicle - Pedalcyclist,0,N,Washington,47.63524417736178,-122.30156537450607
Block,PHINNEY AVE N BETWEEN N 60TH ST AND N 61ST ST,2,Injury Collision,Cycles,2,0,1,1,1,0,0,2013-10-04T00:00:00.000Z,10/4/2013 5:32:00 PM,Mid-Block (not related to intersection),0.0,NOT ENOUGH INFORMATION / NOT APPLICABLE,,N,Clear or Partly Cloudy,Dry,Daylight,,,45,Vehicle - Pedalcyclist,0,N,Washington,47.67282886364692,-122.35437724032434
Block,1ST AVE S BETWEEN S STACY ST AND S LANDER ST,2b,Serious Injury Collision,Cycles,2,0,1,1,1,1,0,2013-12-13T00:00:00.000Z,12/13/2013 2:29:00 PM,Mid-Block (not related to intersection),51.0,PEDALCYCLIST STRUCK MOTOR VEHICLE FRONT END AT ANGLE,,N,Clear or Partly Cloudy,Wet,Unknown,,,45,Vehicle - Pedalcyclist,0,N,Washington,47.580854535232284,-122.33420024808396
Block,BOREN AVE BETWEEN HOWELL ST AND STEWART ST,2,Injury Collision,Cycles,2,0,1,1,1,0,0,2013-10-29T00:00:00.000Z,10/29/2013 7:40:00 AM,Mid-Block (not related to intersection),55.0,PEDALCYCLIST STRUCK MOTOR VEHICLE RIGHT SIDE SIDESWIPE,,N,Clear or Partly Cloudy,Dry,Daylight,,,45,Vehicle - Pedalcyclist,0,N,Washington,47.61655713149904,-122.33206585657386
Intersection,12TH AVE AND E ALDER ST,2,Injury Collision,Cycles,2,0,1,1,1,0,0,2013-10-31T00:00:00.000Z,10/31/2013 6:04:00 PM,At Intersection (intersection related),18.0,"MOTOR VEHICLE STRUCK PEDALCYCLIST, FRONT END AT ANGLE",,N,Overcast,Dry,Dusk,,,45,Vehicle - Pedalcyclist,0,N,Washington,47.60436038491066,-122.31678113297993
Intersection,NE 63RD ST AND NE RAVENNA WB BV,2,Injury Collision,Cycles,2,0,1,1,1,0,0,2013-11-18T00:00:00.000Z,11/18/2013 6:00:00 PM,At Intersection (intersection related),18.0,"MOTOR VEHICLE STRUCK PEDALCYCLIST, FRONT END AT ANGLE",,N,Raining,Wet,Dark - Street Lights On,Y,,45,Vehicle - Pedalcyclist,0,N,Washington,47.67417167526289,-122.32028043547771
Block,S MYRTLE PL BETWEEN 33RD AVE S AND 35TH AVE S,2,Injury Collision,Cycles,4,0,1,1,1,0,0,2013-11-07T00:00:00.000Z,11/7/2013 3:58:00 PM,Mid-Block (not related to intersection),51.0,PEDALCYCLIST STRUCK MOTOR VEHICLE FRONT END AT ANGLE,Y,N,Clear or Partly Cloudy,Dry,Daylight,,,45,Vehicle - Pedalcyclist,0,N,Washington,47.53812531123498,-122.28926742181915
Intersection,50TH AVE S AND S OREGON ST,2,Injury Collision,Cycles,2,0,1,1,1,0,0,2013-11-23T00:00:00.000Z,11/23/2013 4:24:00 PM,At Intersection (intersection related),18.0,"MOTOR VEHICLE STRUCK PEDALCYCLIST, FRONT END AT ANGLE",Y,N,Clear or Partly Cloudy,Dry,Daylight,,,45,Vehicle - Pedalcyclist,0,N,Washington,47.562938505007025,-122.27071926620157
Intersection,13TH AVE S AND S BAILEY ST,1,Property Damage Only Collision,Cycles,2,0,1,1,0,0,0,2013-11-13T00:00:00.000Z,11/13/2013 2:00:00 PM,At Intersection (intersection related),51.0,PEDALCYCLIST STRUCK MOTOR VEHICLE FRONT END AT ANGLE,,N,Clear or Partly Cloudy,Dry,Daylight,,,45,Vehicle - Pedalcyclist,0,N,Washington,47.547973781098264,-122.3161042019417
Block,ROOSEVELT WAY NE BETWEEN NE 42ND N ST AND NE 43RD S ST,2,Injury Collision,Cycles,3,0,1,2,1,0,0,2013-11-08T00:00:00.000Z,11/8/2013 8:07:00 AM,Mid-Block (not related to intersection),51.0,PEDALCYCLIST STRUCK MOTOR VEHICLE FRONT END AT ANGLE,,N,Overcast,Dry,Daylight,,,45,Vehicle - Pedalcyclist,0,N,Washington,47.65891124921488,-122.31776595018732
Intersection,34TH AVE W AND W SMITH S ST,2,Injury Collision,Cycles,3,0,1,1,1,0,0,2013-11-23T00:00:00.000Z,11/23/2013 3:13:00 PM,At Intersection (intersection related),18.0,"MOTOR VEHICLE STRUCK PEDALCYCLIST, FRONT END AT ANGLE",Y,N,Clear or Partly Cloudy,Dry,Daylight,,,45,Vehicle - Pedalcyclist,0,N,Washington,47.64052577703149,-122.40098512297159
Intersection,BELLEVUE AVE AND E PINE ST,2,Injury Collision,Cycles,2,0,1,1,1,0,0,2013-12-13T00:00:00.000Z,12/13/2013 7:34:00 AM,At Intersection (intersection related),18.0,"MOTOR VEHICLE STRUCK PEDALCYCLIST, FRONT END AT ANGLE",,N,Raining,Wet,Dawn,,,45,Vehicle - Pedalcyclist,0,N,Washington,47.61521815296026,-122.32680418837404
Block,E PIKE ST BETWEEN BROADWAY AND 10TH AVE,2,Injury Collision,Cycles,2,0,1,1,1,0,0,2013-11-26T00:00:00.000Z,11/26/2013 6:10:00 PM,Mid-Block (not related to intersection),56.0,PEDALCYCLIST STRUCK MOTOR VEHICLE LEFT SIDE SIDESWIPE,,N,Overcast,Wet,Dark - Street Lights On,,,45,Vehicle - Pedalcyclist,0,N,Washington,47.61408040185108,-122.32011559554822
Block,1ST AVE S BETWEEN S STACY ST AND S LANDER ST,1,Property Damage Only Collision,Cycles,4,0,1,1,0,0,0,2013-11-26T00:00:00.000Z,11/26/2013 5:07:00 PM,Mid-Block (not related to intersection),18.0,"MOTOR VEHICLE STRUCK PEDALCYCLIST, FRONT END AT ANGLE",,N,Raining,Wet,Dark - Street Lights On,Y,,45,Vehicle - Pedalcyclist,0,N,Washington,47.580854535232284,-122.33420024808396
Block,N NORTHGATE WAY BETWEEN AURORA AVE N AND MIDVALE AVE N,2,Injury Collision,Cycles,2,0,1,1,1,0,0,2013-10-23T00:00:00.000Z,10/23/2013 9:50:00 AM,Mid-Block (not related to intersection),51.0,PEDALCYCLIST STRUCK MOTOR VEHICLE FRONT END AT ANGLE,,N,Clear or Partly Cloudy,Dry,Daylight,,,45,Vehicle - Pedalcyclist,0,N,Washington,47.70505030742682,-122.34401368803657
Block,NE 65TH ST BETWEEN 4TH AVE NE AND 5TH W AVE NE,2,Injury Collision,Cycles,2,0,1,1,1,0,0,2013-11-05T00:00:00.000Z,11/5/2013 11:40:00 AM,Mid-Block (not related to intersection),18.0,"MOTOR VEHICLE STRUCK PEDALCYCLIST, FRONT END AT ANGLE",,N,Overcast,Wet,Unknown,Y,,45,Vehicle - Pedalcyclist,0,N,Washington,47.67588716178072,-122.323895473717
Intersection,17TH AVE NW AND NW 67TH ST,2,Injury Collision,Cycles,2,0,1,1,1,0,0,2013-11-07T00:00:00.000Z,11/7/2013 3:30:00 PM,At Intersection (intersection related),18.0,"MOTOR VEHICLE STRUCK PEDALCYCLIST, FRONT END AT ANGLE",,N,Raining,Wet,Daylight,,,45,Vehicle - Pedalcyclist,0,N,Washington,47.67771391636425,-122.37890792657608
Intersection,BROOKLYN AVE NE AND BURKE GILMAN TRL,2,Injury Collision,Cycles,2,0,1,1,1,0,0,2013-11-07T00:00:00.000Z,11/7/2013 7:54:00 AM,At Intersection (intersection related),18.0,"MOTOR VEHICLE STRUCK PEDALCYCLIST, FRONT END AT ANGLE",,N,Raining,Wet,Daylight,,,45,Vehicle - Pedalcyclist,525567,N,Washington,47.654209093695,-122.31447179623804
Intersection,N 107TH ST AND N NORTHGATE WAY,2,Injury Collision,Cycles,2,0,1,1,1,0,0,2013-11-23T00:00:00.000Z,11/23/2013 11:44:00 AM,At Intersection (intersection related),18.0,"MOTOR VEHICLE STRUCK PEDALCYCLIST, FRONT END AT ANGLE",,N,Clear or Partly Cloudy,Dry,Daylight,Y,,45,Vehicle - Pedalcyclist,0,N,Washington,47.70685410243382,-122.33620564034997
Block,1ST AVE S BETWEEN YESLER WAY AND S WASHINGTON ST,2,Injury Collision,Cycles,2,0,1,1,1,0,0,2013-11-20T00:00:00.000Z,11/20/2013 4:47:00 PM,Mid-Block (not related to intersection),18.0,"MOTOR VEHICLE STRUCK PEDALCYCLIST, FRONT END AT ANGLE",,N,Clear or Partly Cloudy,Dry,Dark - Street Lights On,,,45,Vehicle - Pedalcyclist,0,N,Washington,47.60130412800311,-122.33418005591764
Block,N NORTHGATE WAY BETWEEN MERIDIAN AVE N AND CORLISS AVE N,2,Injury Collision,Cycles,2,0,1,1,1,0,0,2013-10-14T00:00:00.000Z,10/14/2013 12:34:00 PM,Mid-Block (not related to intersection),51.0,PEDALCYCLIST STRUCK MOTOR VEHICLE FRONT END AT ANGLE,,N,Clear or Partly Cloudy,Dry,Daylight,,,45,Vehicle - Pedalcyclist,0,N,Washington,47.708654515714905,-122.3326553754476
Intersection,2ND AVE AND UNIVERSITY ST,2,Injury Collision,Cycles,2,0,1,1,1,0,0,2013-11-06T00:00:00.000Z,11/6/2013 10:15:00 AM,At Intersection (intersection related),18.0,"MOTOR VEHICLE STRUCK PEDALCYCLIST, FRONT END AT ANGLE",,N,Overcast,Dry,Daylight,,,45,Vehicle - Pedalcyclist,0,N,Washington,47.60729905819726,-122.33708679815666
Intersection,BURKE GILMAN TRL AND NE 65TH ST,2,Injury Collision,Cycles,2,0,1,1,1,0,0,2013-11-07T00:00:00.000Z,11/7/2013 5:20:00 PM,At Intersection (intersection related),18.0,"MOTOR VEHICLE STRUCK PEDALCYCLIST, FRONT END AT ANGLE",Y,N,Raining,Wet,Dark - Street Lights On,,,45,Vehicle - Pedalcyclist,524265,N,Washington,47.67573704171851,-122.26656513433059
Intersection,1ST AVE S AND S SPOKANE SR ST,1,Property Damage Only Collision,Cycles,2,0,1,1,0,0,0,2013-11-08T00:00:00.000Z,11/8/2013 9:09:00 AM,At Intersection (intersection related),18.0,"MOTOR VEHICLE STRUCK PEDALCYCLIST, FRONT END AT ANGLE",Y,N,Clear or Partly Cloudy,Dry,Daylight,,,45,Vehicle - Pedalcyclist,0,N,Washington,47.57139257467391,-122.33419371666699
Block,MERIDIAN AVE N BETWEEN N 54TH ST AND N 55TH ST,2b,Serious Injury Collision,Cycles,2,0,1,1,1,1,0,2013-10-16T00:00:00.000Z,10/16/2013 1:40:00 PM,Mid-Block (not related to intersection),51.0,PEDALCYCLIST STRUCK MOTOR VEHICLE FRONT END AT ANGLE,,N,Unknown,Unknown,Daylight,,,45,Vehicle - Pedalcyclist,0,N,Washington,47.66831166816171,-122.33366790039076
Intersection,ALASKAN WAY AND MARION ST,2,Injury Collision,Cycles,2,0,1,1,1,0,0,2013-11-15T00:00:00.000Z,11/15/2013 5:24:00 PM,At Intersection (intersection related),18.0,"MOTOR VEHICLE STRUCK PEDALCYCLIST, FRONT END AT ANGLE",Y,N,Clear or Partly Cloudy,Dry,Daylight,,,45,Vehicle - Pedalcyclist,0,N,Washington,47.603060582729206,-122.33778754563215
Intersection,LEARY WAY NW AND NW 43RD ST,2,Injury Collision,Cycles,2,0,1,1,1,0,0,2013-09-11T00:00:00.000Z,9/11/2013 11:00:00 AM,At Intersection (intersection related),18.0,"MOTOR VEHICLE STRUCK PEDALCYCLIST, FRONT END AT ANGLE",,N,Clear or Partly Cloudy,Dry,Daylight,Y,,45,Vehicle - Pedalcyclist,523087,N,Washington,47.65894425411873,-122.36471610332235
Intersection,UNIVERSITY WAY NE AND NE PACIFIC ST,2,Injury Collision,Cycles,2,0,1,1,1,0,0,2013-09-12T00:00:00.000Z,9/12/2013 3:00:00 PM,At Intersection (intersection related),18.0,"MOTOR VEHICLE STRUCK PEDALCYCLIST, FRONT END AT ANGLE",,N,Clear or Partly Cloudy,Dry,Daylight,Y,,45,Vehicle - Pedalcyclist,524617,N,Washington,47.653399440542536,-122.31333457571537
Block,19TH AVE BETWEEN E ALDER ST AND E JEFFERSON ST,2,Injury Collision,Cycles,2,0,1,1,1,0,0,2012-08-11T00:00:00.000Z,8/11/2012 9:41:00 AM,Mid-Block (not related to intersection),16.0,"MOTOR VEHICLE STRUCK MOTOR VEHICLE, LEFT SIDE SIDESWIPE",,N,Clear or Partly Cloudy,Dry,Daylight,,,45,Vehicle - Pedalcyclist,0,N,Washington,47.60524161947232,-122.30764226419392
Intersection,17TH AVE NW AND NW 85TH ST,2,Injury Collision,Cycles,3,0,1,1,1,0,0,2013-08-19T00:00:00.000Z,8/19/2013 5:04:00 PM,At Intersection (intersection related),18.0,"MOTOR VEHICLE STRUCK PEDALCYCLIST, FRONT END AT ANGLE",,N,Clear or Partly Cloudy,Dry,Daylight,,,45,Vehicle - Pedalcyclist,0,N,Washington,47.69060246478366,-122.37895652496857
Block,HARBOR AVE SW BETWEEN SW MARYLAND PL AND CALIFORNIA WAY SW,2,Injury Collision,Cycles,2,0,1,1,1,0,0,2013-09-19T00:00:00.000Z,9/19/2013 5:20:00 PM,Mid-Block (but intersection related),18.0,"MOTOR VEHICLE STRUCK PEDALCYCLIST, FRONT END AT ANGLE",,N,Clear or Partly Cloudy,Dry,Daylight,Y,,45,Vehicle - Pedalcyclist,0,N,Washington,47.59131555343195,-122.38237552698149
Intersection,RENTON AVE S AND S CHICAGO ST,2,Injury Collision,Cycles,3,0,1,1,1,0,0,2013-10-12T00:00:00.000Z,10/12/2013 6:56:00 PM,At Intersection (intersection related),18.0,"MOTOR VEHICLE STRUCK PEDALCYCLIST, FRONT END AT ANGLE",,N,Clear or Partly Cloudy,Dry,Dark - Street Lights On,,,45,Vehicle - Pedalcyclist,0,N,Washington,47.53248587078888,-122.27857513473964
Block,23RD AVE BETWEEN E UNION ST AND E PIKE ST,2,Injury Collision,Cycles,2,0,1,1,1,0,0,2013-09-03T00:00:00.000Z,9/3/2013 11:22:00 AM,Driveway Junction,18.0,"MOTOR VEHICLE STRUCK PEDALCYCLIST, FRONT END AT ANGLE",,N,Raining,Wet,Daylight,,,45,Vehicle - Pedalcyclist,0,N,Washington,47.61354689943101,-122.3026942398098
Block,LENORA ST BETWEEN WESTERN AVE AND 1ST AVE,2,Injury Collision,Cycles,5,0,1,2,1,0,0,2013-09-01T00:00:00.000Z,9/1/2013 1:04:00 PM,Mid-Block (not related to intersection),55.0,PEDALCYCLIST STRUCK MOTOR VEHICLE RIGHT SIDE SIDESWIPE,,N,Clear or Partly Cloudy,Dry,Daylight,,Y,45,Vehicle - Pedalcyclist,0,N,Washington,47.61150400140573,-122.34434338318516
Intersection,37TH AVE E AND LAKE WASHINGTON BLVD E,2b,Serious Injury Collision,Cycles,2,0,1,1,1,1,0,2013-08-30T00:00:00.000Z,8/30/2013 6:34:00 PM,At Intersection (intersection related),51.0,PEDALCYCLIST STRUCK MOTOR VEHICLE FRONT END AT ANGLE,,N,Clear or Partly Cloudy,Dry,Daylight,,,45,Vehicle - Pedalcyclist,0,N,Washington,47.62251474222227,-122.28551409428124
Intersection,PHINNEY AVE N AND N 60TH ST,2,Injury Collision,Cycles,2,0,1,1,1,0,0,2013-08-09T00:00:00.000Z,8/9/2013 7:21:00 PM,At Intersection (intersection related),51.0,PEDALCYCLIST STRUCK MOTOR VEHICLE FRONT END AT ANGLE,Y,N,Clear or Partly Cloudy,Dry,Daylight,,,45,Vehicle - Pedalcyclist,0,N,Washington,47.6724868520621,-122.354379646525
Intersection,24TH AVE NW AND NW 75TH ST,2,Injury Collision,Cycles,2,0,1,1,1,0,0,2013-08-13T00:00:00.000Z,8/13/2013 6:45:00 PM,At Intersection (intersection related),18.0,"MOTOR VEHICLE STRUCK PEDALCYCLIST, FRONT END AT ANGLE",,N,Clear or Partly Cloudy,Dry,Daylight,,,45,Vehicle - Pedalcyclist,0,N,Washington,47.68318391379895,-122.38755895927956
Intersection,FAIRVIEW AVE N AND HARRISON ST,2,Injury Collision,Cycles,2,0,1,1,1,0,0,2013-09-30T00:00:00.000Z,9/30/2013 11:38:00 AM,At Intersection (intersection related),51.0,PEDALCYCLIST STRUCK MOTOR VEHICLE FRONT END AT ANGLE,,N,Raining,Wet,Daylight,,,45,Vehicle - Pedalcyclist,0,N,Washington,47.621999806101094,-122.33427421646746
Intersection,BELMONT AVE E AND E ROY ST,2b,Serious Injury Collision,Cycles,2,0,1,1,1,1,0,2013-10-04T00:00:00.000Z,10/4/2013 3:47:00 PM,At Intersection (intersection related),18.0,"MOTOR VEHICLE STRUCK PEDALCYCLIST, FRONT END AT ANGLE",,N,Clear or Partly Cloudy,Dry,Daylight,,,45,Vehicle - Pedalcyclist,0,N,Washington,47.625118091904156,-122.3240414064862
Block,FREMONT AVE N BETWEEN N 36TH ST AND N 38TH ST,2,Injury Collision,Cycles,4,0,1,1,1,0,0,2013-10-13T00:00:00.000Z,10/13/2013 12:52:00 PM,Mid-Block (not related to intersection),18.0,"MOTOR VEHICLE STRUCK PEDALCYCLIST, FRONT END AT ANGLE",,N,Clear or Partly Cloudy,Dry,Daylight,Y,,45,Vehicle - Pedalcyclist,0,N,Washington,47.65203780745402,-122.34992726918408
Intersection,ROOSEVELT WAY NE AND NE 42ND S ST,2,Injury Collision,Cycles,3,0,1,1,1,0,0,2013-09-10T00:00:00.000Z,9/10/2013 4:30:00 PM,At Intersection (intersection related),51.0,PEDALCYCLIST STRUCK MOTOR VEHICLE FRONT END AT ANGLE,,N,Clear or Partly Cloudy,Dry,Daylight,,,45,Vehicle - Pedalcyclist,0,N,Washington,47.657514224809034,-122.317802129097
Intersection,EAST GREEN LAKE DR N AND N 77TH ST,2,Injury Collision,Cycles,2,0,1,1,1,0,0,2013-09-09T00:00:00.000Z,9/9/2013 7:54:00 PM,At Intersection (intersection related),18.0,"MOTOR VEHICLE STRUCK PEDALCYCLIST, FRONT END AT ANGLE",,N,Clear or Partly Cloudy,Dry,Dusk,Y,,45,Vehicle - Pedalcyclist,0,N,Washington,47.68439666720949,-122.3350132723965
Block,NW 45TH ST BETWEEN 9TH AVE NW AND 11TH AVE NW,2,Injury Collision,Cycles,2,0,2,0,1,0,0,2013-09-24T00:00:00.000Z,9/24/2013 7:07:00 PM,Mid-Block (but intersection related),18.0,"MOTOR VEHICLE STRUCK PEDALCYCLIST, FRONT END AT ANGLE",,Y,Overcast,Dry,Dark - Street Lights On,,,45,Vehicle - Pedalcyclist,0,N,Washington,47.661468176795225,-122.36969047620595
Block,SEWARD PARK AVE S BETWEEN HAMLET AVE S AND S HENDERSON ST,2,Injury Collision,Cycles,2,0,1,1,1,0,0,2012-08-11T00:00:00.000Z,8/11/2012 12:01:00 PM,Mid-Block (not related to intersection),18.0,"MOTOR VEHICLE STRUCK PEDALCYCLIST, FRONT END AT ANGLE",,N,Clear or Partly Cloudy,Dry,Daylight,Y,,45,Vehicle - Pedalcyclist,0,N,Washington,47.5238821459633,-122.2645944461033
Intersection,8TH AVE NW AND NW 50TH ST,2,Injury Collision,Cycles,2,0,1,1,1,0,0,2013-09-21T00:00:00.000Z,9/21/2013 4:51:00 PM,At Intersection (intersection related),18.0,"MOTOR VEHICLE STRUCK PEDALCYCLIST, FRONT END AT ANGLE",,N,Clear or Partly Cloudy,Dry,Daylight,,,45,Vehicle - Pedalcyclist,0,N,Washington,47.665037481160574,-122.36618751725133
Block,15TH AVE W BETWEEN W HOWE ST AND W NEWTON ST,2,Injury Collision,Cycles,2,0,1,1,1,0,0,2013-09-11T00:00:00.000Z,9/11/2013 8:53:00 AM,Driveway Junction,18.0,"MOTOR VEHICLE STRUCK PEDALCYCLIST, FRONT END AT ANGLE",Y,N,Clear or Partly Cloudy,Dry,Daylight,,,45,Vehicle - Pedalcyclist,0,N,Washington,47.636334683057896,-122.376139409804
Block,S HENDERSON ST BETWEEN RAINIER AVE S AND 53RD AVE S,2,Injury Collision,Cycles,2,0,1,1,1,0,0,2012-08-06T00:00:00.000Z,8/6/2012 9:59:00 AM,Mid-Block (not related to intersection),18.0,"MOTOR VEHICLE STRUCK PEDALCYCLIST, FRONT END AT ANGLE",,N,Overcast,Dry,Daylight,Y,,45,Vehicle - Pedalcyclist,0,N,Washington,47.52330258244626,-122.26816089597729
Intersection,2ND AVE AND SPRING ST,2,Injury Collision,Cycles,2,0,1,1,1,0,0,2013-08-14T00:00:00.000Z,8/14/2013 8:45:00 AM,At Intersection (intersection related),18.0,"MOTOR VEHICLE STRUCK PEDALCYCLIST, FRONT END AT ANGLE",Y,N,Clear or Partly Cloudy,Dry,Daylight,,,45,Vehicle - Pedalcyclist,0,N,Washington,47.60587261716152,-122.33578172373925
Block,ROOSEVELT WAY NE BETWEEN NE 43RD S ST AND NE 43RD N ST,2,Injury Collision,Cycles,3,0,2,1,2,0,0,2013-09-03T00:00:00.000Z,9/3/2013 7:46:00 AM,Mid-Block (not related to intersection),0.0,NOT ENOUGH INFORMATION / NOT APPLICABLE,,N,Raining,Wet,Dawn,,Y,45,Vehicle - Pedalcyclist,0,N,Washington,47.65965170003014,-122.31774664365796
Intersection,15TH AVE NE AND NE PACIFIC ST,2,Injury Collision,Cycles,2,0,1,1,1,0,0,2013-06-13T00:00:00.000Z,6/13/2013 7:08:00 AM,At Intersection (intersection related),18.0,"MOTOR VEHICLE STRUCK PEDALCYCLIST, FRONT END AT ANGLE",Y,N,Clear or Partly Cloudy,Dry,Daylight,Y,,45,Vehicle - Pedalcyclist,520838,N,Washington,47.65297596413605,-122.31246414473328
Block,SW AVALON WAY BETWEEN SW CHARLESTOWN ST AND SW BRADFORD ST,1,Property Damage Only Collision,Cycles,2,0,1,1,0,0,0,2013-08-16T00:00:00.000Z,8/16/2013 5:54:00 PM,Mid-Block (not related to intersection),54.0,PEDALCYCLIST STRUCK MOTOR VEHICLE REAR END,Y,N,Clear or Partly Cloudy,Dry,Daylight,,,45,Vehicle - Pedalcyclist,0,N,Washington,47.56955574574719,-122.37071275106901
Block,S JACKSON ST BETWEEN 22ND AVE S AND 23RD AVE S,1,Property Damage Only Collision,Cycles,2,0,1,1,0,0,0,2013-09-11T00:00:00.000Z,9/11/2013 4:38:00 PM,Mid-Block (not related to intersection),56.0,PEDALCYCLIST STRUCK MOTOR VEHICLE LEFT SIDE SIDESWIPE,Y,N,Clear or Partly Cloudy,Dry,Daylight,,,45,Vehicle - Pedalcyclist,0,N,Washington,47.59927789920498,-122.30276121736144
Intersection,11TH AVE NE AND NE 45TH ST,2,Injury Collision,Cycles,2,0,1,1,1,0,0,2010-08-13T00:00:00.000Z,8/13/2010 12:16:00 PM,At Intersection (intersection related),51.0,PEDALCYCLIST STRUCK MOTOR VEHICLE FRONT END AT ANGLE,,N,Clear or Partly Cloudy,Dry,Daylight,,,45,Vehicle - Pedalcyclist,0,N,Washington,47.661291960354745,-122.3165789341517
Intersection,3RD AVE AND SPRING ST,2,Injury Collision,Cycles,2,1,1,0,1,0,0,2013-09-09T00:00:00.000Z,9/9/2013 12:40:00 PM,At Intersection (intersection related),64.0,PEDALCYCLIST STRUCK PEDESTRIAN,,N,Clear or Partly Cloudy,Dry,Daylight,Y,,45,Vehicle - Pedalcyclist,521566,N,Washington,47.606337354361294,-122.33467152671992
Intersection,CORNELL AVE S AND RAINIER AVE S,2,Injury Collision,Cycles,2,0,1,1,1,0,0,2013-09-01T00:00:00.000Z,9/1/2013 11:42:00 AM,At Intersection (intersection related),18.0,"MOTOR VEHICLE STRUCK PEDALCYCLIST, FRONT END AT ANGLE",,N,Clear or Partly Cloudy,Dry,Daylight,Y,,45,Vehicle - Pedalcyclist,0,N,Washington,47.51105247727831,-122.24657674999035