addrtype,location,severitycode,severitydesc,collisiontype,personcount,pedcount,pedcylcount,vehcount,injuries,seriousinjuries,fatalities,incdate,incdttm,junctiontype,sdot_colcode,sdot_coldesc,inattentionind,underinfl,weather,roadcond,lightcond,pedrownotgrnt,speeding,st_colcode,st_coldesc,crosswalkkey,hitparkedcar,state,latitude,longitude
Intersection,ROOSEVELT WAY NE AND NE 41ST ST,2,Injury Collision,Cycles,2,0,1,1,1,0,0,2013-09-15T00:00:00.000Z,9/15/2013 2:09:00 PM,At Intersection (intersection related),51.0,PEDALCYCLIST STRUCK MOTOR VEHICLE FRONT END AT ANGLE,,N,Overcast,Dry,Daylight,,,45,Vehicle - Pedalcyclist,0,N,Washington,47.65688930464752,-122.31781902882895
Block,WESTLAKE AVE N BETWEEN REPUBLICAN ST AND MERCER SR ST,2,Injury Collision,Cycles,2,0,1,1,1,0,0,2013-08-18T00:00:00.000Z,8/18/2013 2:20:00 PM,Driveway Junction,18.0,"MOTOR VEHICLE STRUCK PEDALCYCLIST, FRONT END AT ANGLE",,N,Clear or Partly Cloudy,Dry,Daylight,,,45,Vehicle - Pedalcyclist,0,N,Washington,47.62387939010155,-122.33844085207542
Intersection,THOMAS ST AND WESTLAKE AVE N,2,Injury Collision,Cycles,2,1,1,0,1,0,0,2013-09-13T00:00:00.000Z,9/13/2013 5:08:00 PM,At Intersection (intersection related),0.0,NOT ENOUGH INFORMATION / NOT APPLICABLE,,N,Overcast,Dry,Daylight,Y,,45,Vehicle - Pedalcyclist,0,N,Washington,47.62087408282499,-122.33846537417837
Intersection,8TH AVE S AND S DEARBORN ST,2,Injury Collision,Cycles,2,0,1,1,1,0,0,2013-10-06T00:00:00.000Z,10/6/2013 2:26:00 PM,At Intersection (intersection related),51.0,PEDALCYCLIST STRUCK MOTOR VEHICLE FRONT END AT ANGLE,,N,Clear or Partly Cloudy,Dry,Daylight,,,45,Vehicle - Pedalcyclist,0,N,Washington,47.595831166617344,-122.3224586628908
Block,S BAILEY ST BETWEEN CORSON AVE S AND CARLETON AVE S,1,Property Damage Only Collision,Cycles,3,0,1,1,0,0,0,2013-09-23T00:00:00.000Z,9/23/2013 12:40:00 PM,Mid-Block (not related to intersection),0.0,NOT ENOUGH INFORMATION / NOT APPLICABLE,,N,Overcast,Dry,Daylight,,,45,Vehicle - Pedalcyclist,0,N,Washington,47.547414823665925,-122.32079700950146
Intersection,9TH AVE AND PINE ST,1,Property Damage Only Collision,Cycles,2,0,1,1,0,0,0,2013-09-26T00:00:00.000Z,9/26/2013 6:00:00 PM,At Intersection (intersection related),18.0,"MOTOR VEHICLE STRUCK PEDALCYCLIST, FRONT END AT ANGLE",,N,Clear or Partly Cloudy,Dry,Daylight,,,45,Vehicle - Pedalcyclist,0,N,Washington,47.61352793075682,-122.33204186686301
Intersection,DEXTER AVE N AND HIGHLAND DR,2,Injury Collision,Cycles,2,0,1,1,1,0,0,2013-09-11T00:00:00.000Z,9/11/2013 4:07:00 PM,At Intersection (intersection related),51.0,PEDALCYCLIST STRUCK MOTOR VEHICLE FRONT END AT ANGLE,,N,Clear or Partly Cloudy,Dry,Daylight,Y,,45,Vehicle - Pedalcyclist,0,N,Washington,47.629719740821635,-122.34230363347177
Intersection,N 36TH ST AND N PACIFIC ST,2,Injury Collision,Cycles,2,0,1,1,1,0,0,2013-10-14T00:00:00.000Z,10/14/2013 7:00:00 PM,At Intersection (intersection related),51.0,PEDALCYCLIST STRUCK MOTOR VEHICLE FRONT END AT ANGLE,,N,Clear or Partly Cloudy,Dry,Dark - No Street Lights,Y,,45,Vehicle - Pedalcyclist,0,N,Washington,47.65050201505337,-122.33154340410557
Intersection,23RD AVE AND E CHERRY ST,2,Injury Collision,Cycles,2,0,1,1,1,0,0,2013-09-08T00:00:00.000Z,9/8/2013 5:45:00 PM,At Intersection (intersection related),51.0,PEDALCYCLIST STRUCK MOTOR VEHICLE FRONT END AT ANGLE,,N,Clear or Partly Cloudy,Dry,Daylight,Y,Y,45,Vehicle - Pedalcyclist,0,N,Washington,47.60800896071418,-122.30276995562322
Intersection,2ND AVE AND LENORA ST,2,Injury Collision,Cycles,3,0,1,1,1,0,0,2013-10-14T00:00:00.000Z,10/14/2013 7:15:00 PM,At Intersection (intersection related),18.0,"MOTOR VEHICLE STRUCK PEDALCYCLIST, FRONT END AT ANGLE",,N,Clear or Partly Cloudy,Dry,Dark - Street Lights On,,,45,Vehicle - Pedalcyclist,0,N,Washington,47.61250190197687,-122.34305260505356
Block,CALIFORNIA AVE SW BETWEEN SW BARTON ST AND SW BRACE POINT E DR,2,Injury Collision,Cycles,2,0,1,1,1,0,0,2013-08-20T00:00:00.000Z,8/20/2013 3:07:00 PM,Driveway Junction,51.0,PEDALCYCLIST STRUCK MOTOR VEHICLE FRONT END AT ANGLE,,N,Clear or Partly Cloudy,Dry,Daylight,,,45,Vehicle - Pedalcyclist,0,N,Washington,47.521816695311905,-122.38746939179855
Block,1ST AVE BETWEEN PIKE ST AND PINE ST,2,Injury Collision,Cycles,2,1,1,0,1,0,0,2013-08-11T00:00:00.000Z,8/11/2013 4:30:00 PM,Mid-Block (not related to intersection),69.0,PEDALCYCLIST OVERTURNED IN ROAD,,N,Clear or Partly Cloudy,Dry,Daylight,,,45,Vehicle - Pedalcyclist,0,N,Washington,47.609316432758405,-122.3404666674587
Block,44TH AVE S BETWEEN S CLOVERDALE ST AND S TRENTON ST,1,Property Damage Only Collision,Cycles,2,0,1,1,0,0,0,2013-08-13T00:00:00.000Z,8/13/2013 7:12:00 PM,Mid-Block (not related to intersection),21.0,"MOTOR VEHICLE STRUCK PEDALCYCLIST, REAR END",,N,Clear or Partly Cloudy,Dry,Daylight,,,45,Vehicle - Pedalcyclist,0,N,Washington,47.52519007924278,-122.27805855254611
Intersection,HARVARD AVE E AND E OLIVE WAY,1,Property Damage Only Collision,Cycles,3,0,1,1,0,0,0,2013-09-24T00:00:00.000Z,9/24/2013 8:12:00 PM,At Intersection (intersection related),18.0,"MOTOR VEHICLE STRUCK PEDALCYCLIST, FRONT END AT ANGLE",,N,Clear or Partly Cloudy,Dry,Dark - Street Lights On,,,45,Vehicle - Pedalcyclist,0,N,Washington,47.61989819980036,-122.3222059875378
Intersection,GREENWOOD AVE N AND N 95TH ST,2,Injury Collision,Cycles,2,0,1,1,1,0,0,2013-09-28T00:00:00.000Z,9/28/2013 12:55:00 PM,At Intersection (intersection related),51.0,PEDALCYCLIST STRUCK MOTOR VEHICLE FRONT END AT ANGLE,,N,Raining,Wet,Daylight,,,45,Vehicle - Pedalcyclist,0,N,Washington,47.697838599351385,-122.35537701049714
Block,NW 85TH ST BETWEEN 6TH AVE NW AND 8TH AVE NW,2,Injury Collision,Cycles,2,0,1,1,1,0,0,2013-09-26T00:00:00.000Z,9/26/2013 11:40:00 PM,Mid-Block (not related to intersection),55.0,PEDALCYCLIST STRUCK MOTOR VEHICLE RIGHT SIDE SIDESWIPE,,N,Clear or Partly Cloudy,Dry,Dark - Street Lights On,,,45,Vehicle - Pedalcyclist,0,N,Washington,47.69064791817922,-122.36465469343435
Block,LAKE WASHINGTON BLVD S BETWEEN S DAWSON ST AND LAKE WASHINGTON WR BLVD S,2,Injury Collision,Cycles,2,0,1,1,1,0,0,2013-08-20T00:00:00.000Z,8/20/2013 6:50:00 PM,Mid-Block (not related to intersection),18.0,"MOTOR VEHICLE STRUCK PEDALCYCLIST, FRONT END AT ANGLE",Y,N,Clear or Partly Cloudy,Dry,Daylight,,,45,Vehicle - Pedalcyclist,0,N,Washington,47.55319192691857,-122.26046885399047
Block,NW MARKET ST BETWEEN 7TH AVE NW AND 8TH AVE NW,2,Injury Collision,Cycles,2,0,1,1,1,0,0,2013-08-30T00:00:00.000Z,8/30/2013 9:55:00 PM,Mid-Block (but intersection related),51.0,PEDALCYCLIST STRUCK MOTOR VEHICLE FRONT END AT ANGLE,,N,Clear or Partly Cloudy,Dry,Dark - Street Lights On,,Y,45,Vehicle - Pedalcyclist,0,N,Washington,47.66865278695065,-122.36563606462572
Intersection,NAGLE PL AND E PINE ST,2,Injury Collision,Cycles,3,0,1,1,1,0,0,2013-09-04T00:00:00.000Z,9/4/2013 5:24:00 PM,At Intersection (intersection related),18.0,"MOTOR VEHICLE STRUCK PEDALCYCLIST, FRONT END AT ANGLE",,N,Clear or Partly Cloudy,Dry,Daylight,Y,,45,Vehicle - Pedalcyclist,0,N,Washington,47.61524085523932,-122.32001617622973
Block,SW SPOKANE SR ST BETWEEN SPOKANE TURN RD AND SW AVALON WAY,2,Injury Collision,Cycles,2,0,1,1,1,0,0,2013-09-06T00:00:00.000Z,9/6/2013 6:45:00 PM,Mid-Block (not related to intersection),51.0,PEDALCYCLIST STRUCK MOTOR VEHICLE FRONT END AT ANGLE,,N,Clear or Partly Cloudy,Dry,Daylight,,,45,Vehicle - Pedalcyclist,0,N,Washington,47.5713888769664,-122.37036041586107
Intersection,EASTLAKE AVE E AND E EDGAR ST,2,Injury Collision,Cycles,2,0,1,1,1,0,0,2013-10-09T00:00:00.000Z,10/9/2013 2:48:00 PM,At Intersection (intersection related),51.0,PEDALCYCLIST STRUCK MOTOR VEHICLE FRONT END AT ANGLE,,N,Clear or Partly Cloudy,Dry,Daylight,,,45,Vehicle - Pedalcyclist,0,N,Washington,47.644493218271954,-122.32588269581478
Intersection,8TH AVE AND SENECA ST,2,Injury Collision,Cycles,2,0,1,1,1,0,0,2013-08-22T00:00:00.000Z,8/22/2013 8:00:00 PM,At Intersection (intersection related),18.0,"MOTOR VEHICLE STRUCK PEDALCYCLIST, FRONT END AT ANGLE",,N,Clear or Partly Cloudy,Dry,Daylight,,,45,Vehicle - Pedalcyclist,0,N,Washington,47.60937180513482,-122.32977650059921
Block,M L KING JR WAY S BETWEEN S HOLGATE ST AND S PLUM ST,2b,Serious Injury Collision,Cycles,2,0,1,1,1,1,0,2013-09-21T00:00:00.000Z,9/21/2013 7:49:00 PM,Mid-Block (not related to intersection),21.0,"MOTOR VEHICLE STRUCK PEDALCYCLIST, REAR END",,N,Clear or Partly Cloudy,Dry,Dark - Street Lights On,,,45,Vehicle - Pedalcyclist,0,N,Washington,47.585905097884165,-122.2981277007202
Block,1ST AVE S BETWEEN S ROYAL BROUGHAM WAY AND S ATLANTIC ST,2,Injury Collision,Cycles,2,0,1,1,1,0,0,2013-09-06T00:00:00.000Z,9/6/2013 3:24:00 AM,Mid-Block (not related to intersection),21.0,"MOTOR VEHICLE STRUCK PEDALCYCLIST, REAR END",,N,Raining,Wet,Dark - Street Lights On,,,45,Vehicle - Pedalcyclist,0,N,Washington,47.59135530965445,-122.33419497846964
Block,FREMONT AVE N BETWEEN FREMONT PL N AND N 36TH ST,2,Injury Collision,Cycles,2,0,1,1,1,0,0,2013-06-12T00:00:00.000Z,6/12/2013 7:45:00 PM,Mid-Block (not related to intersection),23.0,"MOTOR VEHICLE STRUCK PEDALCYCLIST, LEFT SIDE SIDESWIPE",Y,N,Clear or Partly Cloudy,Dry,Daylight,,,45,Vehicle - Pedalcyclist,0,N,Washington,47.65088855096808,-122.3498845298686
Intersection,FREMONT AVE N AND N 73RD ST,2,Injury Collision,Cycles,2,0,1,1,1,0,0,2013-10-06T00:00:00.000Z,10/6/2013 12:04:00 PM,At Intersection (intersection related),18.0,"MOTOR VEHICLE STRUCK PEDALCYCLIST, FRONT END AT ANGLE",,N,Clear or Partly Cloudy,Dry,Daylight,,,45,Vehicle - Pedalcyclist,0,N,Washington,47.68180341478351,-122.34989069164983
Intersection,CALIFORNIA AVE SW AND SW LANDER ST,2b,Serious Injury Collision,Cycles,2,0,1,1,1,1,0,2013-09-26T00:00:00.000Z,9/26/2013 3:43:00 PM,At Intersection (intersection related),18.0,"MOTOR VEHICLE STRUCK PEDALCYCLIST, FRONT END AT ANGLE",Y,N,Clear or Partly Cloudy,Dry,Daylight,Y,,45,Vehicle - Pedalcyclist,522657,N,Washington,47.57931014473638,-122.38662137608777
Block,31ST AVE NW BETWEEN NW 96TH ST AND NW ESPLANADE,2,Injury Collision,Cycles,2,0,1,1,1,0,0,2013-09-09T00:00:00.000Z,9/9/2013 7:10:00 PM,Mid-Block (not related to intersection),0.0,NOT ENOUGH INFORMATION / NOT APPLICABLE,,N,Clear or Partly Cloudy,Dry,Dusk,,Y,45,Vehicle - Pedalcyclist,0,N,Washington,47.69930505119565,-122.39604628759096
Block,LAKESIDE AVE BETWEEN E YESLER WAY AND LAKE WASHINGTON BLVD,2,Injury Collision,Cycles,2,0,1,1,1,0,0,2013-09-19T00:00:00.000Z,9/19/2013 4:28:00 PM,Mid-Block (not related to intersection),54.0,PEDALCYCLIST STRUCK MOTOR VEHICLE REAR END,,N,Clear or Partly Cloudy,Dry,Daylight,,,45,Vehicle - Pedalcyclist,0,N,Washington,47.60233101679013,-122.28498130977427
Intersection,LAKE PARK DR S AND LAKE WASHINGTON BLVD S,2,Injury Collision,Cycles,2,0,1,1,1,0,0,2013-10-05T00:00:00.000Z,10/5/2013 2:07:00 PM,At Intersection (intersection related),18.0,"MOTOR VEHICLE STRUCK PEDALCYCLIST, FRONT END AT ANGLE",,N,Clear or Partly Cloudy,Dry,Daylight,Y,,45,Vehicle - Pedalcyclist,0,N,Washington,47.58295465379743,-122.2876589348097
Block,3RD AVE BETWEEN UNION ST AND PIKE ST,2,Injury Collision,Cycles,3,1,1,1,2,0,0,2013-09-19T00:00:00.000Z,9/19/2013 3:55:00 PM,Mid-Block (but intersection related),21.0,"MOTOR VEHICLE STRUCK PEDALCYCLIST, REAR END",,N,Clear or Partly Cloudy,Dry,Daylight,,,45,Vehicle - Pedalcyclist,0,N,Washington,47.60925181650052,-122.33733769183495
Block,NE 110TH ST BETWEEN 35TH AVE NE AND 36TH AVE NE,2,Injury Collision,Cycles,2,0,1,1,1,0,0,2013-10-01T00:00:00.000Z,10/1/2013 8:26:00 AM,Mid-Block (not related to intersection),51.0,PEDALCYCLIST STRUCK MOTOR VEHICLE FRONT END AT ANGLE,,N,Raining,Wet,Daylight,,,45,Vehicle - Pedalcyclist,0,N,Washington,47.708364695577174,-122.290095004088
Intersection,BELMONT AVE E AND E DENNY WAY,2,Injury Collision,Cycles,2,0,1,1,1,0,0,2013-10-27T00:00:00.000Z,10/27/2013 9:06:00 AM,At Intersection (intersection related),18.0,"MOTOR VEHICLE STRUCK PEDALCYCLIST, FRONT END AT ANGLE",Y,N,Raining,Wet,Daylight,,,45,Vehicle - Pedalcyclist,0,N,Washington,47.61848338722297,-122.32400480696823
Intersection,UNIVERSITY WAY NE AND NE 50TH ST,2,Injury Collision,Cycles,3,0,1,1,1,0,0,2013-12-01T00:00:00.000Z,12/1/2013 9:05:00 AM,At Intersection (intersection related),18.0,"MOTOR VEHICLE STRUCK PEDALCYCLIST, FRONT END AT ANGLE",Y,N,Overcast,Wet,Daylight,,,45,Vehicle - Pedalcyclist,0,N,Washington,47.664900723928135,-122.3130741604038
Intersection,EASTLAKE AVE E AND FUHRMAN AVE E,2,Injury Collision,Cycles,4,0,1,1,1,0,0,2013-11-19T00:00:00.000Z,11/19/2013 12:47:00 PM,At Intersection (intersection related),51.0,PEDALCYCLIST STRUCK MOTOR VEHICLE FRONT END AT ANGLE,Y,N,Overcast,Wet,Daylight,,,45,Vehicle - Pedalcyclist,0,N,Washington,47.65157827163786,-122.32127525687477
Intersection,2ND AVE AND UNIVERSITY ST,2,Injury Collision,Cycles,2,0,1,1,1,0,0,2013-10-22T00:00:00.000Z,10/22/2013 8:35:00 AM,At Intersection (intersection related),18.0,"MOTOR VEHICLE STRUCK PEDALCYCLIST, FRONT END AT ANGLE",,N,Overcast,Dry,Daylight,Y,,45,Vehicle - Pedalcyclist,0,N,Washington,47.60729905819726,-122.33708679815666
Intersection,BOREN AVE AND OLIVE WAY,2b,Serious Injury Collision,Cycles,2,0,1,1,1,1,0,2013-12-12T00:00:00.000Z,12/12/2013 2:05:00 PM,At Intersection (intersection related),18.0,"MOTOR VEHICLE STRUCK PEDALCYCLIST, FRONT END AT ANGLE",Y,Y,Raining,Wet,Daylight,,,45,Vehicle - Pedalcyclist,0,N,Washington,47.615449718161365,-122.33072969571377
Intersection,NE PACIFIC PL AND NE PACIFIC ST,2,Injury Collision,Cycles,2,0,1,1,1,0,0,2013-11-03T00:00:00.000Z,11/3/2013 1:10:00 PM,At Intersection (intersection related),51.0,PEDALCYCLIST STRUCK MOTOR VEHICLE FRONT END AT ANGLE,,N,Overcast,Dry,Daylight,,,45,Vehicle - Pedalcyclist,524624,N,Washington,47.650543276719176,-122.30761623202645
Block,E MADISON ST BETWEEN 10TH AVE AND E SENECA ST,2,Injury Collision,Cycles,2,0,1,1,1,0,0,2013-12-08T00:00:00.000Z,12/8/2013 2:58:00 PM,Mid-Block (not related to intersection),51.0,PEDALCYCLIST STRUCK MOTOR VEHICLE FRONT END AT ANGLE,,N,Clear or Partly Cloudy,Dry,Daylight,,,45,Vehicle - Pedalcyclist,0,N,Washington,47.611969454669364,-122.31884003256077
Block,SW AVALON WAY BETWEEN SW GENESEE ST AND 35TH AVE SW,2,Injury Collision,Cycles,2,0,1,1,1,0,0,2013-12-04T00:00:00.000Z,12/4/2013 6:03:00 PM,Mid-Block (not related to intersection),56.0,PEDALCYCLIST STRUCK MOTOR VEHICLE LEFT SIDE SIDESWIPE,,N,Clear or Partly Cloudy,Dry,Dark - Street Lights On,,,45,Vehicle - Pedalcyclist,0,N,Washington,47.5640755999305,-122.37419372577921
Block,SENECA ST BETWEEN 8TH AVE AND 9TH AVE,2,Injury Collision,Cycles,2,0,1,1,1,0,0,2013-03-13T00:00:00.000Z,3/13/2013 7:08:00 AM,Mid-Block (not related to intersection),51.0,PEDALCYCLIST STRUCK MOTOR VEHICLE FRONT END AT ANGLE,,N,Clear or Partly Cloudy,Dry,Daylight,,,45,Vehicle - Pedalcyclist,0,N,Washington,47.60960331889813,-122.3292228337261
Block,WESTLAKE AVE N BETWEEN THOMAS ST AND HARRISON ST,2,Injury Collision,Cycles,2,0,1,1,1,0,0,2013-10-24T00:00:00.000Z,10/24/2013 10:54:00 PM,Mid-Block (not related to intersection),54.0,PEDALCYCLIST STRUCK MOTOR VEHICLE REAR END,Y,N,Clear or Partly Cloudy,Dry,Dark - Street Lights On,,,45,Vehicle - Pedalcyclist,0,N,Washington,47.6214562924495,-122.33846055182656
Intersection,SWIFT AVE S AND S WARSAW ST,2,Injury Collision,Cycles,2,0,1,1,1,0,0,2013-12-12T00:00:00.000Z,12/12/2013 7:47:00 AM,At Intersection (intersection related),18.0,"MOTOR VEHICLE STRUCK PEDALCYCLIST, FRONT END AT ANGLE",Y,N,Overcast,Wet,Daylight,Y,,45,Vehicle - Pedalcyclist,0,N,Washington,47.54406693058053,-122.30416204214985
Block,S DEARBORN ST BETWEEN 7TH AVE S AND 8TH AVE S,2,Injury Collision,Cycles,2,0,1,1,1,0,0,2011-05-04T00:00:00.000Z,5/4/2011 9:54:00 AM,Mid-Block (not related to intersection),18.0,"MOTOR VEHICLE STRUCK PEDALCYCLIST, FRONT END AT ANGLE",,N,Clear or Partly Cloudy,Dry,Daylight,Y,,45,Vehicle - Pedalcyclist,0,N,Washington,47.59583224035126,-122.32311316690009
Intersection,BOREN AVE AND OLIVE WAY,2,Injury Collision,Cycles,2,0,1,1,1,0,0,2013-10-13T00:00:00.000Z,10/13/2013 6:00:00 PM,At Intersection (intersection related),51.0,PEDALCYCLIST STRUCK MOTOR VEHICLE FRONT END AT ANGLE,,N,Unknown,Unknown,Unknown,,,45,Vehicle - Pedalcyclist,523743,N,Washington,47.615449718161365,-122.33072969571377
Block,BROOKLYN AVE NE BETWEEN NE PACIFIC ST AND NE 40TH ST,2,Injury Collision,Cycles,2,0,1,1,1,0,0,2013-10-25T00:00:00.000Z,10/25/2013 7:41:00 PM,Mid-Block (not related to intersection),18.0,"MOTOR VEHICLE STRUCK PEDALCYCLIST, FRONT END AT ANGLE",,N,Clear or Partly Cloudy,Dry,Dark - Street Lights On,Y,,45,Vehicle - Pedalcyclist,525567,N,Washington,47.65448187130049,-122.31446453691488
Block,ROOSEVELT WAY NE BETWEEN NE 45TH ST AND NE 47TH ST,2,Injury Collision,Cycles,4,0,1,2,1,0,0,2013-10-28T00:00:00.000Z,10/28/2013 11:50:00 AM,Mid-Block (not related to intersection),56.0,PEDALCYCLIST STRUCK MOTOR VEHICLE LEFT SIDE SIDESWIPE,,N,Clear or Partly Cloudy,Dry,Daylight,,,45,Vehicle - Pedalcyclist,0,N,Washington,47.6621980426651,-122.31745114315427
Block,NW 85TH ST BETWEEN 30TH AVE NW AND 31ST AVE NW,1,Property Damage Only Collision,Cycles,2,0,1,1,0,0,0,2011-01-24T00:00:00.000Z,1/24/2011 7:18:00 PM,Mid-Block (but intersection related),18.0,"MOTOR VEHICLE STRUCK PEDALCYCLIST, FRONT END AT ANGLE",Y,N,Overcast,Wet,Dark - Street Lights On,Y,,45,Vehicle - Pedalcyclist,0,N,Washington,47.690569597527855,-122.39637852937048
Block,ROOSEVELT WAY NE BETWEEN NE 55TH ST AND NE 56TH ST,2,Injury Collision,Cycles,2,0,1,1,1,0,0,2013-03-15T00:00:00.000Z,3/15/2013 2:13:00 PM,Mid-Block (not related to intersection),53.0,PEDALCYCLIST STRUCK MOTOR VEHICLE LEFT SIDE AT ANGLE,Y,N,Clear or Partly Cloudy,Dry,Daylight,,,45,Vehicle - Pedalcyclist,0,N,Washington,47.66897546920343,-122.31736368803864
Intersection,6TH AVE S AND S LANDER ST,2,Injury Collision,Cycles,2,0,1,1,1,0,0,2014-03-11T00:00:00.000Z,3/11/2014 8:25:00 PM,At Intersection (intersection related),51.0,PEDALCYCLIST STRUCK MOTOR VEHICLE FRONT END AT ANGLE,,N,Clear or Partly Cloudy,Dry,Dark - Street Lights On,,,45,Vehicle - Pedalcyclist,0,N,Washington,47.579809325300246,-122.3259766746081
Intersection,35TH AVE NE AND NE 125TH ST,2,Injury Collision,Cycles,2,0,1,1,1,0,0,2014-04-01T00:00:00.000Z,4/1/2014 2:50:00 PM,At Intersection (intersection related),18.0,"MOTOR VEHICLE STRUCK PEDALCYCLIST, FRONT END AT ANGLE",,N,Clear or Partly Cloudy,Dry,Daylight,,,45,Vehicle - Pedalcyclist,524569,N,Washington,47.71925343737431,-122.29078406177
Intersection,4TH AVE AND UNIVERSITY ST,2,Injury Collision,Cycles,2,0,1,1,1,0,0,2014-03-26T00:00:00.000Z,3/26/2014 6:52:00 PM,At Intersection (intersection related),18.0,"MOTOR VEHICLE STRUCK PEDALCYCLIST, FRONT END AT ANGLE",,N,Unknown,Unknown,Unknown,,,45,Vehicle - Pedalcyclist,0,N,Washington,47.6082279219945,-122.33486632869881
Intersection,6TH AVE S AND S DEARBORN ST,1,Property Damage Only Collision,Cycles,3,0,1,1,0,0,0,2014-04-03T00:00:00.000Z,4/3/2014 8:12:00 AM,At Intersection (intersection related),18.0,"MOTOR VEHICLE STRUCK PEDALCYCLIST, FRONT END AT ANGLE",,N,Clear or Partly Cloudy,Dry,Daylight,,,45,Vehicle - Pedalcyclist,0,N,Washington,47.595837273375686,-122.32637379821077
Intersection,BROOKLYN AVE NE AND NE 42ND ST,1,Property Damage Only Collision,Cycles,2,0,1,1,0,0,0,2014-04-01T00:00:00.000Z,4/1/2014 8:35:00 PM,At Intersection (intersection related),18.0,"MOTOR VEHICLE STRUCK PEDALCYCLIST, FRONT END AT ANGLE",Y,N,Clear or Partly Cloudy,Dry,Dark - Street Lights On,Y,,45,Vehicle - Pedalcyclist,0,N,Washington,47.658328637026464,-122.31436331393948
Intersection,BROADWAY AND E HOWELL ST,2,Injury Collision,Cycles,3,0,1,1,1,0,0,2014-03-10T00:00:00.000Z,3/10/2014 8:28:00 AM,At Intersection (intersection related),18.0,"MOTOR VEHICLE STRUCK PEDALCYCLIST, FRONT END AT ANGLE",Y,N,Overcast,Wet,Daylight,,,45,Vehicle - Pedalcyclist,0,N,Washington,47.61757128944502,-122.3208358294504
Block,WALLINGFORD AVE N BETWEEN N 39TH ST AND N 40TH ST,2b,Serious Injury Collision,Cycles,2,0,1,1,1,1,0,2014-04-11T00:00:00.000Z,4/11/2014 7:22:00 AM,Mid-Block (not related to intersection),18.0,"MOTOR VEHICLE STRUCK PEDALCYCLIST, FRONT END AT ANGLE",,N,Clear or Partly Cloudy,Dry,Daylight,,,45,Vehicle - Pedalcyclist,0,N,Washington,47.65498100655142,-122.33626629899678
Intersection,18TH AVE AND E JEFFERSON ST,2b,Serious Injury Collision,Cycles,2,0,1,1,1,1,0,2013-03-19T00:00:00.000Z,3/19/2013 8:10:00 AM,At Intersection (intersection related),51.0,PEDALCYCLIST STRUCK MOTOR VEHICLE FRONT END AT ANGLE,,N,Clear or Partly Cloudy,Dry,Daylight,,,45,Vehicle - Pedalcyclist,0,N,Washington,47.606169971830546,-122.30894195194065
Intersection,MELROSE AVE AND PINE ST,2,Injury Collision,Cycles,2,0,1,1,1,0,0,2013-03-19T00:00:00.000Z,3/19/2013 2:42:00 PM,At Intersection (intersection related),18.0,"MOTOR VEHICLE STRUCK PEDALCYCLIST, FRONT END AT ANGLE",,N,Raining,Wet,Daylight,Y,,45,Vehicle - Pedalcyclist,0,N,Washington,47.61523842026632,-122.32790375541016
Intersection,4TH AVE AND SENECA ST,2,Injury Collision,Cycles,2,0,1,1,1,0,0,2014-04-02T00:00:00.000Z,4/2/2014 5:22:00 PM,At Intersection (intersection related),54.0,PEDALCYCLIST STRUCK MOTOR VEHICLE REAR END,,N,Clear or Partly Cloudy,Dry,Daylight,,,45,Vehicle - Pedalcyclist,0,N,Washington,47.60751499755746,-122.33421346920784
Intersection,COLUMBIA DR S AND S COLUMBIAN WAY,2,Injury Collision,Cycles,2,0,1,1,1,0,0,2014-03-20T00:00:00.000Z,3/20/2014 4:25:00 PM,At Intersection (intersection related),51.0,PEDALCYCLIST STRUCK MOTOR VEHICLE FRONT END AT ANGLE,Y,N,Clear or Partly Cloudy,Dry,Daylight,,,45,Vehicle - Pedalcyclist,0,N,Washington,47.55985332409389,-122.30553772097792
Block,4TH AVE BETWEEN VINE ST AND CEDAR ST,2,Injury Collision,Cycles,2,0,1,1,1,0,0,2014-02-17T00:00:00.000Z,2/17/2014 5:35:00 PM,Mid-Block (not related to intersection),18.0,"MOTOR VEHICLE STRUCK PEDALCYCLIST, FRONT END AT ANGLE",,N,Clear or Partly Cloudy,Dry,Dark - Street Lights On,Y,,45,Vehicle - Pedalcyclist,0,N,Washington,47.61751842119721,-122.34757051822572
Intersection,DEXTER AVE N AND HIGHLAND DR,2,Injury Collision,Cycles,3,0,1,1,1,0,0,2014-04-09T00:00:00.000Z,4/9/2014 6:15:00 PM,At Intersection (intersection related),18.0,"MOTOR VEHICLE STRUCK PEDALCYCLIST, FRONT END AT ANGLE",,N,Clear or Partly Cloudy,Dry,Daylight,,,45,Vehicle - Pedalcyclist,0,N,Washington,47.629719740821635,-122.34230363347177
Intersection,49TH AVE SW AND SW ANDOVER ST,2,Injury Collision,Cycles,2,0,1,1,1,0,0,2014-04-13T00:00:00.000Z,4/13/2014 2:52:00 PM,At Intersection (intersection related),51.0,PEDALCYCLIST STRUCK MOTOR VEHICLE FRONT END AT ANGLE,Y,N,Clear or Partly Cloudy,Dry,Daylight,,,45,Vehicle - Pedalcyclist,0,N,Washington,47.56848232217551,-122.39478873669519