addrtype,location,severitycode,severitydesc,collisiontype,personcount,pedcount,pedcylcount,vehcount,injuries,seriousinjuries,fatalities,incdate,incdttm,junctiontype,sdot_colcode,sdot_coldesc,inattentionind,underinfl,weather,roadcond,lightcond,pedrownotgrnt,speeding,st_colcode,st_coldesc,crosswalkkey,hitparkedcar,state,latitude,longitude
Block,PINE ST BETWEEN 7TH AVE AND 8TH AVE,2,Injury Collision,Cycles,2,0,1,1,1,0,0,2014-04-03T00:00:00.000Z,4/3/2014 8:00:00 AM,Mid-Block (not related to intersection),51.0,PEDALCYCLIST STRUCK MOTOR VEHICLE FRONT END AT ANGLE,,N,Clear or Partly Cloudy,Dry,Daylight,Y,,45,Vehicle - Pedalcyclist,0,N,Washington,47.6128314804564,-122.33370924991483
Block,BEACON AVE S BETWEEN S STEVENS ST AND S HANFORD ST,2,Injury Collision,Cycles,2,0,1,1,1,0,0,2014-02-22T00:00:00.000Z,2/22/2014 10:25:00 AM,Mid-Block (not related to intersection),18.0,"MOTOR VEHICLE STRUCK PEDALCYCLIST, FRONT END AT ANGLE",,N,Overcast,Wet,Daylight,Y,,45,Vehicle - Pedalcyclist,0,N,Washington,47.576073543018104,-122.30951713462116
Intersection,AURORA AVE N AND GREEN LAKE DR N,1,Property Damage Only Collision,Cycles,2,0,1,1,0,0,0,2014-03-03T00:00:00.000Z,3/3/2014 8:30:00 AM,At Intersection (intersection related),18.0,"MOTOR VEHICLE STRUCK PEDALCYCLIST, FRONT END AT ANGLE",Y,N,Clear or Partly Cloudy,Dry,Daylight,,,45,Vehicle - Pedalcyclist,524409,N,Washington,47.68911276551052,-122.3445144354172
Intersection,1ST AVE NW AND NW 36TH ST,2,Injury Collision,Cycles,2,0,1,1,1,0,0,2014-03-28T00:00:00.000Z,3/28/2014 9:00:00 PM,At Intersection (intersection related),18.0,"MOTOR VEHICLE STRUCK PEDALCYCLIST, FRONT END AT ANGLE",,N,Clear or Partly Cloudy,Dry,Dark - Street Lights On,,,45,Vehicle - Pedalcyclist,0,N,Washington,47.65296538845206,-122.3576617474892
Intersection,7TH AVE NE AND NE 45TH ST,2,Injury Collision,Cycles,2,0,1,1,1,0,0,2014-03-25T00:00:00.000Z,3/25/2014 5:25:00 PM,At Intersection (intersection related),18.0,"MOTOR VEHICLE STRUCK PEDALCYCLIST, FRONT END AT ANGLE",,N,Overcast,Wet,Daylight,,,45,Vehicle - Pedalcyclist,522070,N,Washington,47.66131900334303,-122.32072786134597
Intersection,1ST AVE AND MADISON ST,2,Injury Collision,Cycles,6,0,2,1,2,0,0,2014-03-08T00:00:00.000Z,3/8/2014 5:58:00 PM,At Intersection (intersection related),51.0,PEDALCYCLIST STRUCK MOTOR VEHICLE FRONT END AT ANGLE,Y,N,Raining,Wet,Dark - Street Lights On,,,45,Vehicle - Pedalcyclist,0,N,Washington,47.60469504653443,-122.3362384330736
Intersection,12TH AVE NE AND NE 45TH ST,1,Property Damage Only Collision,Cycles,3,0,1,1,0,0,0,2014-03-27T00:00:00.000Z,3/27/2014 8:15:00 AM,At Intersection (intersection related),51.0,PEDALCYCLIST STRUCK MOTOR VEHICLE FRONT END AT ANGLE,,N,Raining,Wet,Daylight,,,45,Vehicle - Pedalcyclist,0,N,Washington,47.66128458140644,-122.31544243782363
Intersection,13TH AVE AND E JEFFERSON ST,2,Injury Collision,Cycles,2,0,1,1,1,0,0,2014-04-07T00:00:00.000Z,4/7/2014 3:55:00 PM,At Intersection (intersection related),55.0,PEDALCYCLIST STRUCK MOTOR VEHICLE RIGHT SIDE SIDESWIPE,,N,Clear or Partly Cloudy,Dry,Daylight,,,45,Vehicle - Pedalcyclist,0,N,Washington,47.606197464071855,-122.31547074004607
Intersection,9TH AVE NW AND NW 45TH ST,2,Injury Collision,Cycles,2,0,1,1,1,0,0,2013-03-18T00:00:00.000Z,3/18/2013 8:35:00 AM,At Intersection (intersection related),18.0,"MOTOR VEHICLE STRUCK PEDALCYCLIST, FRONT END AT ANGLE",,N,Overcast,Dry,Daylight,Y,,45,Vehicle - Pedalcyclist,0,N,Washington,47.661466928808316,-122.36861555357004
Intersection,2ND AVE AND JAMES ST,2,Injury Collision,Cycles,2,0,1,1,1,0,0,2014-04-01T00:00:00.000Z,4/1/2014 6:02:00 PM,At Intersection (intersection related),18.0,"MOTOR VEHICLE STRUCK PEDALCYCLIST, FRONT END AT ANGLE",Y,N,Clear or Partly Cloudy,Dry,Daylight,,,45,Vehicle - Pedalcyclist,0,N,Washington,47.602305601181115,-122.33251943988401
Block,EASTLAKE AVE E BETWEEN E ALLISON ST AND HARVARD AVE E,2,Injury Collision,Cycles,2,0,1,1,1,0,0,2010-07-26T00:00:00.000Z,7/26/2010 6:44:00 AM,Mid-Block (but intersection related),18.0,"MOTOR VEHICLE STRUCK PEDALCYCLIST, FRONT END AT ANGLE",,N,Clear or Partly Cloudy,Dry,Daylight,Y,,45,Vehicle - Pedalcyclist,0,N,Washington,47.649650193210675,-122.32276631399864
Block,15TH AVE NE BETWEEN NE 41ST ST AND NE 42ND ST,2,Injury Collision,Cycles,2,0,1,1,1,0,0,2014-02-21T00:00:00.000Z,2/21/2014 11:23:00 AM,Mid-Block (not related to intersection),51.0,PEDALCYCLIST STRUCK MOTOR VEHICLE FRONT END AT ANGLE,,N,Overcast,Wet,Daylight,,,45,Vehicle - Pedalcyclist,0,N,Washington,47.65755909785182,-122.31209078949702
Block,ALASKAN E RDWY WAY BETWEEN COLUMBIA ST AND MARION ST,2,Injury Collision,Cycles,2,0,1,1,1,0,0,2014-03-27T00:00:00.000Z,3/27/2014 6:25:00 PM,Mid-Block (not related to intersection),18.0,"MOTOR VEHICLE STRUCK PEDALCYCLIST, FRONT END AT ANGLE",Y,N,Clear or Partly Cloudy,Dry,Daylight,Y,,45,Vehicle - Pedalcyclist,0,N,Washington,47.60285961597706,-122.33708628016326
Block,MELROSE AVE BETWEEN E OLIVE PL AND E DENNY WAY,1,Property Damage Only Collision,Cycles,2,0,1,1,0,0,0,2014-02-12T00:00:00.000Z,2/12/2014 8:15:00 PM,Mid-Block (but intersection related),18.0,"MOTOR VEHICLE STRUCK PEDALCYCLIST, FRONT END AT ANGLE",Y,N,Clear or Partly Cloudy,Dry,Dark - Street Lights On,,,45,Vehicle - Pedalcyclist,0,N,Washington,47.617782047274886,-122.32786403285328
Block,EAST GREEN LAKE DR N BETWEEN 4TH AVE NE AND LATONA AVE NE,2,Injury Collision,Cycles,3,0,1,1,1,0,0,2013-03-17T00:00:00.000Z,3/17/2013 4:48:00 PM,Mid-Block (not related to intersection),18.0,"MOTOR VEHICLE STRUCK PEDALCYCLIST, FRONT END AT ANGLE",,N,Raining,Wet,Daylight,,,45,Vehicle - Pedalcyclist,0,N,Washington,47.68139851662946,-122.32708109073872
Block,EAST MARGINAL WAY S BETWEEN S HINDS ST AND S SPOKANE NR ST,2,Injury Collision,Cycles,2,0,1,1,1,0,0,2014-03-13T00:00:00.000Z,3/13/2014 7:14:00 AM,Driveway Junction,18.0,"MOTOR VEHICLE STRUCK PEDALCYCLIST, FRONT END AT ANGLE",,N,Clear or Partly Cloudy,Dry,Dawn,Y,,45,Vehicle - Pedalcyclist,0,N,Washington,47.57270499771236,-122.33969154121115
Intersection,BOREN AVE AND PIKE ST,2,Injury Collision,Cycles,2,0,1,1,1,0,0,2014-03-13T00:00:00.000Z,3/13/2014 7:30:00 AM,At Intersection (intersection related),18.0,"MOTOR VEHICLE STRUCK PEDALCYCLIST, FRONT END AT ANGLE",,N,Clear or Partly Cloudy,Dry,Daylight,Y,,45,Vehicle - Pedalcyclist,0,N,Washington,47.61346582031274,-122.328913101671
Intersection,3RD AVE AND BLANCHARD ST,2,Injury Collision,Cycles,2,0,1,1,1,0,0,2013-11-14T00:00:00.000Z,11/14/2013 9:36:00 PM,At Intersection (intersection related),18.0,"MOTOR VEHICLE STRUCK PEDALCYCLIST, FRONT END AT ANGLE",,N,Clear or Partly Cloudy,Dry,Dark - Street Lights On,,,45,Vehicle - Pedalcyclist,0,N,Washington,47.61393610676012,-122.34349377171145
Intersection,STONE WAY N AND N 34TH ST,2,Injury Collision,Cycles,5,0,1,1,1,0,0,2013-12-10T00:00:00.000Z,12/10/2013 8:06:00 AM,At Intersection (intersection related),18.0,"MOTOR VEHICLE STRUCK PEDALCYCLIST, FRONT END AT ANGLE",,N,Overcast,Dry,Daylight,,,45,Vehicle - Pedalcyclist,523424,N,Washington,47.648540727826884,-122.34277540220636
Block,NE 45TH ST BETWEEN 1ST AVE NE AND 2ND AVE NE,2,Injury Collision,Cycles,2,0,1,1,1,0,0,2013-10-08T00:00:00.000Z,10/8/2013 3:08:00 PM,Mid-Block (not related to intersection),18.0,"MOTOR VEHICLE STRUCK PEDALCYCLIST, FRONT END AT ANGLE",Y,N,Clear or Partly Cloudy,Dry,Daylight,,,45,Vehicle - Pedalcyclist,0,N,Washington,47.66135727672546,-122.32775751125796
Intersection,35TH AVE NE AND NE 105TH ST,2,Injury Collision,Cycles,2,0,1,1,1,0,0,2013-12-11T00:00:00.000Z,12/11/2013 6:56:00 PM,At Intersection (intersection related),51.0,PEDALCYCLIST STRUCK MOTOR VEHICLE FRONT END AT ANGLE,,N,Overcast,Wet,Dark - Street Lights On,,,45,Vehicle - Pedalcyclist,0,N,Washington,47.704784913804254,-122.29087462121673
Block,JAMES ST BETWEEN 2ND AVE AND 3RD AVE,2,Injury Collision,Cycles,2,0,1,1,1,0,0,2013-10-24T00:00:00.000Z,10/24/2013 2:25:00 PM,Mid-Block (not related to intersection),18.0,"MOTOR VEHICLE STRUCK PEDALCYCLIST, FRONT END AT ANGLE",,N,Overcast,Dry,Daylight,,,45,Vehicle - Pedalcyclist,0,N,Washington,47.60253667215804,-122.33196570583172
Alley,,2,Injury Collision,Cycles,3,0,1,1,1,0,0,2013-10-21T00:00:00.000Z,10/21/2013 12:25:00 PM,,0.0,NOT ENOUGH INFORMATION / NOT APPLICABLE,Y,N,Overcast,Dry,Daylight,,Y,45,Vehicle - Pedalcyclist,0,N,Washington,,
Intersection,EASTLAKE AVE E AND FUHRMAN AVE E,2b,Serious Injury Collision,Cycles,2,0,1,1,1,1,0,2013-11-08T00:00:00.000Z,11/8/2013 12:43:00 PM,At Intersection (intersection related),18.0,"MOTOR VEHICLE STRUCK PEDALCYCLIST, FRONT END AT ANGLE",,N,Clear or Partly Cloudy,Dry,Daylight,,,45,Vehicle - Pedalcyclist,0,N,Washington,47.65157827163786,-122.32127525687477
Block,FAIRVIEW AVE N BETWEEN YALE AVE N AND FAIRVIEW AVE E,2,Injury Collision,Cycles,2,0,1,1,1,0,0,2013-11-07T00:00:00.000Z,11/7/2013 8:37:00 AM,Mid-Block (not related to intersection),21.0,"MOTOR VEHICLE STRUCK PEDALCYCLIST, REAR END",Y,N,Raining,Wet,Daylight,,,45,Vehicle - Pedalcyclist,0,N,Washington,47.630299771778354,-122.32888190836927
Block,6TH AVE S BETWEEN S HOLGATE ST AND S WALKER ST,2,Injury Collision,Cycles,2,0,1,1,1,0,0,2013-10-28T00:00:00.000Z,10/28/2013 12:10:00 PM,Mid-Block (not related to intersection),51.0,PEDALCYCLIST STRUCK MOTOR VEHICLE FRONT END AT ANGLE,,N,Clear or Partly Cloudy,Dry,Daylight,,,45,Vehicle - Pedalcyclist,0,N,Washington,47.585076962146,-122.32597324839169
Intersection,TROLL AVE N AND N 34TH ST,2,Injury Collision,Cycles,2,0,1,1,1,0,0,2013-10-23T00:00:00.000Z,10/23/2013 8:40:00 AM,At Intersection (intersection related),18.0,"MOTOR VEHICLE STRUCK PEDALCYCLIST, FRONT END AT ANGLE",Y,N,Overcast,Dry,Daylight,,,45,Vehicle - Pedalcyclist,0,N,Washington,47.64924012162934,-122.34741874332344
Intersection,BEACON ER AVE S AND S COLUMBIAN WAY,2,Injury Collision,Cycles,2,0,1,1,1,0,0,2013-10-24T00:00:00.000Z,10/24/2013 8:15:00 PM,At Intersection (intersection related),18.0,"MOTOR VEHICLE STRUCK PEDALCYCLIST, FRONT END AT ANGLE",,N,Clear or Partly Cloudy,Dry,Dark - Street Lights On,Y,,45,Vehicle - Pedalcyclist,525560,N,Washington,47.559637608403136,-122.30438636058227
Block,E PINE ST BETWEEN BELMONT AVE AND BOYLSTON AVE,1,Property Damage Only Collision,Cycles,2,0,1,1,0,0,0,2013-10-27T00:00:00.000Z,10/27/2013 4:26:00 PM,Mid-Block (not related to intersection),56.0,PEDALCYCLIST STRUCK MOTOR VEHICLE LEFT SIDE SIDESWIPE,,N,Clear or Partly Cloudy,Dry,Daylight,Y,,45,Vehicle - Pedalcyclist,0,N,Washington,47.61522806298954,-122.32394607098915
Intersection,25TH AVE NE AND NE BLAKELEY ST,2,Injury Collision,Cycles,2,0,1,1,1,0,0,2013-11-19T00:00:00.000Z,11/19/2013 5:30:00 PM,At Intersection (intersection related),18.0,"MOTOR VEHICLE STRUCK PEDALCYCLIST, FRONT END AT ANGLE",,N,Overcast,Dry,Dark - Street Lights On,Y,,45,Vehicle - Pedalcyclist,524371,N,Washington,47.66626671821327,-122.30060498001896
Block,N 46TH ST BETWEEN BAGLEY AVE N AND CORLISS AVE N,2,Injury Collision,Cycles,3,0,1,1,1,0,0,2013-11-23T00:00:00.000Z,11/23/2013 12:38:00 PM,Mid-Block (not related to intersection),18.0,"MOTOR VEHICLE STRUCK PEDALCYCLIST, FRONT END AT ANGLE",Y,N,Clear or Partly Cloudy,Dry,Daylight,,,45,Vehicle - Pedalcyclist,0,N,Washington,47.662624313734725,-122.33194355017093
Block,6TH AVE BETWEEN WESTLAKE AVE AND VIRGINIA ST,2,Injury Collision,Cycles,2,0,1,1,1,0,0,2013-10-16T00:00:00.000Z,10/16/2013 5:30:00 PM,Mid-Block (but intersection related),0.0,NOT ENOUGH INFORMATION / NOT APPLICABLE,,N,Clear or Partly Cloudy,Dry,Daylight,Y,,45,Vehicle - Pedalcyclist,0,N,Washington,47.61416828954279,-122.33793725023146
Intersection,13TH AVE AND E YESLER WAY,2,Injury Collision,Cycles,2,0,1,1,1,0,0,2013-11-22T00:00:00.000Z,11/22/2013 8:48:00 AM,At Intersection (intersection related),18.0,"MOTOR VEHICLE STRUCK PEDALCYCLIST, FRONT END AT ANGLE",,N,Clear or Partly Cloudy,Dry,Daylight,,,45,Vehicle - Pedalcyclist,0,N,Washington,47.601690194545014,-122.31492850004732
Block,NE 65TH ST BETWEEN 28TH AVE NE AND 29TH AVE NE,2,Injury Collision,Cycles,2,0,1,1,1,0,0,2013-11-29T00:00:00.000Z,11/29/2013 4:34:00 PM,Mid-Block (not related to intersection),18.0,"MOTOR VEHICLE STRUCK PEDALCYCLIST, FRONT END AT ANGLE",Y,N,Clear or Partly Cloudy,Dry,Dark - Street Lights On,,,45,Vehicle - Pedalcyclist,0,N,Washington,47.67577773387565,-122.2969243499512
Intersection,12TH AVE AND E OLIVE ST,2,Injury Collision,Cycles,2,0,1,1,1,0,0,2013-10-28T00:00:00.000Z,10/28/2013 9:40:00 AM,At Intersection (intersection related),18.0,"MOTOR VEHICLE STRUCK PEDALCYCLIST, FRONT END AT ANGLE",Y,N,Clear or Partly Cloudy,Dry,Daylight,Y,,45,Vehicle - Pedalcyclist,0,N,Washington,47.61643219172693,-122.31687284948784
Block,E UNION ST BETWEEN 27TH AVE AND M L KING JR WAY,2,Injury Collision,Cycles,2,0,1,1,1,0,0,2014-01-06T00:00:00.000Z,1/6/2014 4:54:00 PM,Mid-Block (not related to intersection),23.0,"MOTOR VEHICLE STRUCK PEDALCYCLIST, LEFT SIDE SIDESWIPE",Y,N,Clear or Partly Cloudy,Dry,Dark - Street Lights On,,,45,Vehicle - Pedalcyclist,0,N,Washington,47.61293808829231,-122.29685170887129
Intersection,FAIRVIEW AVE E AND FAIRVIEW AVE N,2,Injury Collision,Cycles,2,0,1,1,1,0,0,2014-01-06T00:00:00.000Z,1/6/2014 8:30:00 AM,At Intersection (intersection related),51.0,PEDALCYCLIST STRUCK MOTOR VEHICLE FRONT END AT ANGLE,,N,Clear or Partly Cloudy,Dry,Daylight,,,45,Vehicle - Pedalcyclist,0,N,Washington,47.63190599635267,-122.32688562554668
Block,WALLA WALLA RD NE BETWEEN DEAD END 1 AND MONTLAKE BLVD NE,2,Injury Collision,Cycles,1,0,1,0,1,0,0,2013-11-23T00:00:00.000Z,11/23/2013 9:00:00 AM,Mid-Block (not related to intersection),0.0,NOT ENOUGH INFORMATION / NOT APPLICABLE,,N,Clear or Partly Cloudy,Ice,Daylight,,,45,Vehicle - Pedalcyclist,0,N,Washington,47.65954856696637,-122.29913943759784
Intersection,12TH AVE AND E FIR ST,2,Injury Collision,Cycles,2,0,1,1,1,0,0,2013-12-16T00:00:00.000Z,12/16/2013 5:38:00 PM,At Intersection (intersection related),18.0,"MOTOR VEHICLE STRUCK PEDALCYCLIST, FRONT END AT ANGLE",,N,Clear or Partly Cloudy,Dry,Dark - Street Lights On,Y,,45,Vehicle - Pedalcyclist,0,N,Washington,47.60268590720001,-122.31678180366168
Block,LAKE WASHINGTON BLVD S BETWEEN S ADAMS ST AND S GENESEE WAY,2,Injury Collision,Cycles,2,0,1,1,1,0,0,2014-02-11T00:00:00.000Z,2/11/2014 12:58:00 PM,Driveway Junction,18.0,"MOTOR VEHICLE STRUCK PEDALCYCLIST, FRONT END AT ANGLE",,N,Clear or Partly Cloudy,Dry,Daylight,,,45,Vehicle - Pedalcyclist,0,N,Washington,47.56409721548893,-122.26874998979241
Block,HAMLET AVE S BETWEEN 53RD AVE S AND SEWARD PARK AVE S,2,Injury Collision,Cycles,6,2,1,1,3,0,0,2014-01-09T00:00:00.000Z,1/9/2014 3:30:00 PM,Mid-Block (not related to intersection),16.0,"MOTOR VEHICLE STRUCK MOTOR VEHICLE, LEFT SIDE SIDESWIPE",,N,Raining,Wet,Daylight,,,45,Vehicle - Pedalcyclist,0,N,Washington,47.525137423937934,-122.26556529744127
Intersection,12TH AVE S AND S WELLER ST,2,Injury Collision,Cycles,2,0,1,1,1,0,0,2014-02-11T00:00:00.000Z,2/11/2014 7:30:00 PM,At Intersection (intersection related),18.0,"MOTOR VEHICLE STRUCK PEDALCYCLIST, FRONT END AT ANGLE",Y,N,Raining,Wet,Dark - Street Lights On,,,45,Vehicle - Pedalcyclist,0,N,Washington,47.597499571589154,-122.31722672722155
Intersection,2ND AV ET S AND S WASHINGTON ST,2,Injury Collision,Cycles,2,0,1,1,1,0,0,2013-12-24T00:00:00.000Z,12/24/2013 2:44:00 PM,At Intersection (intersection related),18.0,"MOTOR VEHICLE STRUCK PEDALCYCLIST, FRONT END AT ANGLE",,N,Clear or Partly Cloudy,Dry,Daylight,,,45,Vehicle - Pedalcyclist,0,N,Washington,47.60087849013756,-122.33121486479568
Intersection,GREENWOOD AVE N AND N 100TH ST,2,Injury Collision,Cycles,3,0,1,1,1,0,0,2014-01-22T00:00:00.000Z,1/22/2014 8:20:00 AM,At Intersection (intersection related),51.0,PEDALCYCLIST STRUCK MOTOR VEHICLE FRONT END AT ANGLE,,N,Overcast,Wet,Daylight,,,45,Vehicle - Pedalcyclist,0,N,Washington,47.70146108463195,-122.3554148754619
Block,MTS N RAINIER CONNCT TRL BETWEEN MTS DEARBORN CONNCTR TRL AND RAINIER AVE S,2,Injury Collision,Cycles,3,0,1,1,1,0,0,2014-02-04T00:00:00.000Z,2/4/2014 8:55:00 AM,Mid-Block (not related to intersection),51.0,PEDALCYCLIST STRUCK MOTOR VEHICLE FRONT END AT ANGLE,,N,Overcast,Dry,Daylight,,,45,Vehicle - Pedalcyclist,525602,N,Washington,47.59117530361075,-122.30720905868185
Block,DEXTER AVE N BETWEEN THOMAS ST AND HARRISON ST,2,Injury Collision,Cycles,3,0,1,2,1,0,0,2014-01-13T00:00:00.000Z,1/13/2014 9:40:00 AM,Mid-Block (not related to intersection),56.0,PEDALCYCLIST STRUCK MOTOR VEHICLE LEFT SIDE SIDESWIPE,Y,N,Overcast,Dry,Daylight,,,45,Vehicle - Pedalcyclist,0,N,Washington,47.621470703070955,-122.34237667041013
Block,25TH AVE NE BETWEEN NE 54TH ST AND NE 55TH ST,2,Injury Collision,Cycles,4,0,1,2,1,0,0,2014-02-01T00:00:00.000Z,2/1/2014 2:40:00 PM,Driveway Junction,18.0,"MOTOR VEHICLE STRUCK PEDALCYCLIST, FRONT END AT ANGLE",,N,Overcast,Dry,Daylight,Y,,45,Vehicle - Pedalcyclist,0,N,Washington,47.66825068638297,-122.30061727128442
Intersection,13TH AVE AND E SPRING ST,2,Injury Collision,Cycles,2,0,1,1,1,0,0,2014-02-01T00:00:00.000Z,2/1/2014 2:30:00 AM,At Intersection (intersection related),51.0,PEDALCYCLIST STRUCK MOTOR VEHICLE FRONT END AT ANGLE,Y,N,Clear or Partly Cloudy,Dry,Dark - Street Lights On,,,45,Vehicle - Pedalcyclist,0,N,Washington,47.61155749332639,-122.31543289345478
Intersection,25TH AVE NE AND NE 65TH ST,2,Injury Collision,Cycles,2,0,1,1,1,0,0,2013-12-19T00:00:00.000Z,12/19/2013 11:00:00 PM,At Intersection (intersection related),18.0,"MOTOR VEHICLE STRUCK PEDALCYCLIST, FRONT END AT ANGLE",,N,Unknown,Unknown,Unknown,,,45,Vehicle - Pedalcyclist,0,N,Washington,47.67577422008743,-122.30065154721458
Intersection,COLUMBIA ST AND TERRY AVE,2,Injury Collision,Cycles,3,0,1,1,1,0,0,2013-12-31T00:00:00.000Z,12/31/2013 8:58:00 PM,At Intersection (intersection related),51.0,PEDALCYCLIST STRUCK MOTOR VEHICLE FRONT END AT ANGLE,,N,Clear or Partly Cloudy,Dry,Dark - Street Lights On,,,45,Vehicle - Pedalcyclist,0,N,Washington,47.60744620892115,-122.32494579219448
Intersection,15TH AVE NW AND NW MARKET ST,2,Injury Collision,Cycles,2,0,1,1,1,0,0,2014-01-22T00:00:00.000Z,1/22/2014 11:22:00 AM,At Intersection (intersection related),24.0,MOTOR VEHCILE STRUCK PEDESTRIAN,,N,Overcast,Dry,Daylight,,,45,Vehicle - Pedalcyclist,525122,N,Washington,47.66866690831636,-122.37621447409443
Intersection,15TH AVE NE AND NE CAMPUS WB PY,2,Injury Collision,Cycles,2,0,1,1,1,0,0,2014-01-22T00:00:00.000Z,1/22/2014 1:53:00 PM,At Intersection (intersection related),18.0,"MOTOR VEHICLE STRUCK PEDALCYCLIST, FRONT END AT ANGLE",,N,Clear or Partly Cloudy,Dry,Daylight,,,45,Vehicle - Pedalcyclist,0,N,Washington,47.65620564987026,-122.31212642412304
Intersection,6TH AVE AND PIKE ST,1,Property Damage Only Collision,Cycles,2,0,1,1,0,0,0,2014-01-10T00:00:00.000Z,1/10/2014 6:00:00 PM,At Intersection (intersection related),0.0,NOT ENOUGH INFORMATION / NOT APPLICABLE,Y,N,Overcast,Wet,Dark - Street Lights On,,Y,45,Vehicle - Pedalcyclist,0,N,Washington,47.61114239799386,-122.33446376986288
Intersection,ALASKAN WAY AND CLAY ST,2,Injury Collision,Cycles,2,0,1,1,1,0,0,2014-01-14T00:00:00.000Z,1/14/2014 9:00:00 AM,At Intersection (intersection related),18.0,"MOTOR VEHICLE STRUCK PEDALCYCLIST, FRONT END AT ANGLE",,N,Overcast,Dry,Daylight,,,45,Vehicle - Pedalcyclist,0,N,Washington,47.614433426071265,-122.35402457622489
Block,EASTLAKE AVE E BETWEEN THOMAS ST AND HARRISON ST,2,Injury Collision,Cycles,2,0,1,1,1,0,0,2013-12-17T00:00:00.000Z,12/17/2013 6:40:00 PM,Mid-Block (not related to intersection),56.0,PEDALCYCLIST STRUCK MOTOR VEHICLE LEFT SIDE SIDESWIPE,Y,N,Unknown,Unknown,Dark - Street Lights Off,,,45,Vehicle - Pedalcyclist,0,N,Washington,47.62139831384432,-122.3291456278563
Block,2ND AVE BETWEEN PIKE ST AND PINE ST,2,Injury Collision,Cycles,3,0,1,1,1,0,0,2013-12-19T00:00:00.000Z,12/19/2013 4:17:00 PM,Mid-Block (not related to intersection),18.0,"MOTOR VEHICLE STRUCK PEDALCYCLIST, FRONT END AT ANGLE",Y,N,Clear or Partly Cloudy,Dry,Dusk,Y,,45,Vehicle - Pedalcyclist,0,N,Washington,47.609780570210454,-122.33935700687486
Block,39TH AVE NE BETWEEN NE 62ND ST AND NE 65TH ST,2,Injury Collision,Cycles,2,0,1,1,1,0,0,2014-01-06T00:00:00.000Z,1/6/2014 7:16:00 AM,Mid-Block (not related to intersection),11.0,"MOTOR VEHICLE STRUCK MOTOR VEHICLE, FRONT END AT ANGLE",,N,Clear or Partly Cloudy,Ice,Dawn,,,45,Vehicle - Pedalcyclist,0,N,Washington,47.67488391573615,-122.28581706568092
Block,NE 65TH ST BETWEEN 14TH AVE NE AND 15TH AVE NE,2,Injury Collision,Cycles,2,0,1,1,1,0,0,2014-01-23T00:00:00.000Z,1/23/2014 2:24:00 PM,Driveway Junction,18.0,"MOTOR VEHICLE STRUCK PEDALCYCLIST, FRONT END AT ANGLE",,N,Clear or Partly Cloudy,Dry,Daylight,,,45,Vehicle - Pedalcyclist,0,N,Washington,47.67578858615131,-122.31253248831858
Block,LAKE CITY WAY NE BETWEEN NE 143RD ST AND NE 145TH ST,2,Injury Collision,Cycles,2,0,1,1,1,0,0,2014-02-06T00:00:00.000Z,2/6/2014 2:50:00 PM,Driveway Junction,18.0,"MOTOR VEHICLE STRUCK PEDALCYCLIST, FRONT END AT ANGLE",,N,Overcast,Dry,Daylight,Y,,45,Vehicle - Pedalcyclist,0,N,Washington,47.7328464994026,-122.29240305378809
Block,NW 60TH ST BETWEEN 24TH AVE NW AND DEAD END 3,2,Injury Collision,Cycles,2,0,1,1,1,0,0,2013-12-27T00:00:00.000Z,12/27/2013 2:54:00 PM,Mid-Block (not related to intersection),18.0,"MOTOR VEHICLE STRUCK PEDALCYCLIST, FRONT END AT ANGLE",,N,Overcast,Wet,Daylight,,,45,Vehicle - Pedalcyclist,0,N,Washington,47.6723756587826,-122.38869305634815
Intersection,51ST AVE S AND S ROXBURY ST,2,Injury Collision,Cycles,3,0,1,1,1,0,0,2013-12-28T00:00:00.000Z,12/28/2013 5:27:00 PM,At Intersection (intersection related),51.0,PEDALCYCLIST STRUCK MOTOR VEHICLE FRONT END AT ANGLE,Y,N,Clear or Partly Cloudy,Dry,Dark - Street Lights On,,,45,Vehicle - Pedalcyclist,522022,N,Washington,47.516851137069644,-122.27002476583569
Block,YESLER WAY BETWEEN TERRACE ST AND 6TH AVE,2,Injury Collision,Cycles,2,0,1,1,1,0,0,2014-01-24T00:00:00.000Z,1/24/2014 9:24:00 AM,Mid-Block (but intersection related),51.0,PEDALCYCLIST STRUCK MOTOR VEHICLE FRONT END AT ANGLE,,N,Clear or Partly Cloudy,Dry,Daylight,,Y,45,Vehicle - Pedalcyclist,0,N,Washington,47.60171208362889,-122.32768801517295
Intersection,15TH AVE NE AND NE 50TH ST,2,Injury Collision,Cycles,2,0,1,1,1,0,0,2014-01-24T00:00:00.000Z,1/24/2014 4:15:00 PM,At Intersection (intersection related),18.0,"MOTOR VEHICLE STRUCK PEDALCYCLIST, FRONT END AT ANGLE",,N,Clear or Partly Cloudy,Dry,Daylight,,,45,Vehicle - Pedalcyclist,0,N,Washington,47.664892810988796,-122.31193741873598
Intersection,1ST AVE S AND S LANDER ST,2,Injury Collision,Cycles,3,0,1,1,1,0,0,2014-01-05T00:00:00.000Z,1/5/2014 12:24:00 PM,At Intersection (intersection related),18.0,"MOTOR VEHICLE STRUCK PEDALCYCLIST, FRONT END AT ANGLE",,N,Clear or Partly Cloudy,Dry,Daylight,,,45,Vehicle - Pedalcyclist,524927,N,Washington,47.579811138377295,-122.33420081438796