addrtype,location,severitycode,severitydesc,collisiontype,personcount,pedcount,pedcylcount,vehcount,injuries,seriousinjuries,fatalities,incdate,incdttm,junctiontype,sdot_colcode,sdot_coldesc,inattentionind,underinfl,weather,roadcond,lightcond,pedrownotgrnt,speeding,st_colcode,st_coldesc,crosswalkkey,hitparkedcar,state,latitude,longitude
Block,LINDEN AVE N BETWEEN N 94TH ST AND N 95TH ST,2,Injury Collision,Cycles,3,0,1,1,1,0,0,2014-02-10T00:00:00.000Z,2/10/2014 8:59:00 PM,Driveway Junction,18.0,"MOTOR VEHICLE STRUCK PEDALCYCLIST, FRONT END AT ANGLE",,N,Clear or Partly Cloudy,Dry,Dark - No Street Lights,,,45,Vehicle - Pedalcyclist,0,N,Washington,47.697342032305286,-122.34729734947493
Intersection,UNIVERSITY BR OFF RP AND NE 40TH ST,1,Property Damage Only Collision,Cycles,2,0,1,1,0,0,0,2013-12-28T00:00:00.000Z,12/28/2013 5:17:00 PM,At Intersection (intersection related),18.0,"MOTOR VEHICLE STRUCK PEDALCYCLIST, FRONT END AT ANGLE",Y,N,Overcast,Dry,Dark - Street Lights On,,,45,Vehicle - Pedalcyclist,0,N,Washington,,
Block,RAINIER AVE S BETWEEN S BAYVIEW ST AND S MCCLELLAN ST,2,Injury Collision,Cycles,4,0,1,1,1,0,0,2014-01-02T00:00:00.000Z,1/2/2014 9:29:00 PM,Mid-Block (not related to intersection),21.0,"MOTOR VEHICLE STRUCK PEDALCYCLIST, REAR END",,N,Raining,Wet,Dark - Street Lights Off,,,45,Vehicle - Pedalcyclist,0,N,Washington,47.57967346285829,-122.29915965981644
Block,HARBOR AVE SW BETWEEN SW HARBOR LN AND SW SPOKANE NR ST,2,Injury Collision,Cycles,3,0,1,1,1,0,0,2014-01-25T00:00:00.000Z,1/25/2014 2:42:00 PM,Driveway Junction,51.0,PEDALCYCLIST STRUCK MOTOR VEHICLE FRONT END AT ANGLE,Y,N,Clear or Partly Cloudy,Dry,Daylight,Y,,45,Vehicle - Pedalcyclist,0,N,Washington,47.574311358678244,-122.37093230938636
Intersection,EASTLAKE AVE E AND FUHRMAN AVE E,2,Injury Collision,Cycles,2,0,1,1,1,0,0,2014-01-05T00:00:00.000Z,1/5/2014 12:54:00 PM,At Intersection (intersection related),51.0,PEDALCYCLIST STRUCK MOTOR VEHICLE FRONT END AT ANGLE,Y,N,Clear or Partly Cloudy,Dry,Daylight,Y,,45,Vehicle - Pedalcyclist,0,N,Washington,47.65157827163786,-122.32127525687477
Intersection,BROOKLYN AVE NE AND BURKE GILMAN TRL,2,Injury Collision,Cycles,0,0,1,1,1,0,0,2014-02-13T00:00:00.000Z,2/13/2014 10:47:00 AM,At Intersection (intersection related),51.0,PEDALCYCLIST STRUCK MOTOR VEHICLE FRONT END AT ANGLE,,N,Clear or Partly Cloudy,Dry,Daylight,,,45,Vehicle - Pedalcyclist,525567,N,Washington,47.654209093695,-122.31447179623804
Intersection,5TH AVE NE AND NE NORTHGATE WAY,2,Injury Collision,Cycles,2,0,1,1,1,0,0,2014-01-09T00:00:00.000Z,1/9/2014 2:50:00 PM,At Intersection (intersection related),18.0,"MOTOR VEHICLE STRUCK PEDALCYCLIST, FRONT END AT ANGLE",,N,Overcast,Wet,Daylight,,,45,Vehicle - Pedalcyclist,0,N,Washington,47.70859413363464,-122.32327545310636
Intersection,19TH AVE AND E CHERRY ST,2,Injury Collision,Cycles,2,0,1,1,1,0,0,2014-01-28T00:00:00.000Z,1/28/2014 8:49:00 AM,At Intersection (intersection related),18.0,"MOTOR VEHICLE STRUCK PEDALCYCLIST, FRONT END AT ANGLE",,N,Overcast,Wet,Daylight,,,45,Vehicle - Pedalcyclist,0,N,Washington,47.608021074698,-122.3076226269288
Block,STONE WAY N BETWEEN N 36TH ST AND N 38TH ST,2,Injury Collision,Cycles,2,0,1,1,1,0,0,2014-01-24T00:00:00.000Z,1/24/2014 8:54:00 AM,Driveway Junction,18.0,"MOTOR VEHICLE STRUCK PEDALCYCLIST, FRONT END AT ANGLE",Y,N,Clear or Partly Cloudy,Dry,Daylight,,,45,Vehicle - Pedalcyclist,0,N,Washington,47.65161865080639,-122.34262691436464
Block,E PINE ST BETWEEN BELLEVUE AVE AND CRAWFORD PL,2,Injury Collision,Cycles,3,0,1,1,1,0,0,2014-01-30T00:00:00.000Z,1/30/2014 8:21:00 PM,Mid-Block (but intersection related),18.0,"MOTOR VEHICLE STRUCK PEDALCYCLIST, FRONT END AT ANGLE",,N,Raining,Wet,Dark - Street Lights On,Y,,45,Vehicle - Pedalcyclist,0,N,Washington,47.615216166630354,-122.3264973279967
Block,N 87TH ST BETWEEN PALATINE AVE N AND GREENWOOD AVE N,2,Injury Collision,Cycles,2,0,1,1,1,0,0,2014-01-29T00:00:00.000Z,1/29/2014 6:45:00 PM,Driveway Junction,18.0,"MOTOR VEHICLE STRUCK PEDALCYCLIST, FRONT END AT ANGLE",Y,N,Clear or Partly Cloudy,Wet,Dark - Street Lights On,,,45,Vehicle - Pedalcyclist,0,N,Washington,47.69242228511022,-122.35599290152471
Block,NW MARKET ST BETWEEN 26TH AVE NW AND 28TH AVE NW,1,Property Damage Only Collision,Cycles,2,0,1,1,0,0,0,2010-07-27T00:00:00.000Z,7/27/2010 4:45:00 PM,Mid-Block (not related to intersection),51.0,PEDALCYCLIST STRUCK MOTOR VEHICLE FRONT END AT ANGLE,,N,Unknown,Unknown,Unknown,,,45,Vehicle - Pedalcyclist,0,N,Washington,47.66866164854742,-122.39149959668876
Block,E PINE ST BETWEEN BELMONT AVE AND BOYLSTON AVE,2,Injury Collision,Cycles,3,0,1,1,1,0,0,2010-07-26T00:00:00.000Z,7/26/2010 10:30:00 AM,Mid-Block (not related to intersection),18.0,"MOTOR VEHICLE STRUCK PEDALCYCLIST, FRONT END AT ANGLE",,N,Clear or Partly Cloudy,Dry,Daylight,Y,,45,Vehicle - Pedalcyclist,0,N,Washington,47.61522806298954,-122.32394607098915
Block,PINE ST BETWEEN 8TH AVE AND 9TH AVE,2,Injury Collision,Cycles,3,0,1,1,1,0,0,2014-02-28T00:00:00.000Z,2/28/2014 2:12:00 PM,Driveway Junction,18.0,"MOTOR VEHICLE STRUCK PEDALCYCLIST, FRONT END AT ANGLE",Y,N,Clear or Partly Cloudy,Dry,Daylight,Y,,45,Vehicle - Pedalcyclist,0,N,Washington,47.613295215899704,-122.33259897598568
Intersection,EASTLAKE AVE E AND FUHRMAN AVE E,2,Injury Collision,Cycles,2,0,1,1,1,0,0,2014-03-20T00:00:00.000Z,3/20/2014 1:00:00 PM,At Intersection (intersection related),51.0,PEDALCYCLIST STRUCK MOTOR VEHICLE FRONT END AT ANGLE,Y,N,Clear or Partly Cloudy,Dry,Daylight,Y,,45,Vehicle - Pedalcyclist,0,N,Washington,47.65157827163786,-122.32127525687477
Block,EASTLAKE AVE E BETWEEN E ROANOKE ST AND E EDGAR ST,2,Injury Collision,Cycles,2,0,1,1,1,0,0,2014-04-16T00:00:00.000Z,4/16/2014 3:38:00 PM,Driveway Junction,51.0,PEDALCYCLIST STRUCK MOTOR VEHICLE FRONT END AT ANGLE,Y,N,Raining,Wet,Daylight,,,45,Vehicle - Pedalcyclist,0,N,Washington,47.64384056209097,-122.3258847582635
Intersection,6TH AVE AND DENNY WAY,2,Injury Collision,Cycles,5,0,1,1,1,0,0,2014-04-04T00:00:00.000Z,4/4/2014 9:09:00 PM,At Intersection (intersection related),18.0,"MOTOR VEHICLE STRUCK PEDALCYCLIST, FRONT END AT ANGLE",,N,Raining,Wet,Dark - Street Lights On,,,45,Vehicle - Pedalcyclist,0,N,Washington,47.61856054584349,-122.3450058181457
Block,1ST AVE BETWEEN LENORA ST AND BLANCHARD ST,2,Injury Collision,Cycles,2,0,1,1,1,0,0,2014-04-10T00:00:00.000Z,4/10/2014 10:41:00 AM,Mid-Block (not related to intersection),56.0,PEDALCYCLIST STRUCK MOTOR VEHICLE LEFT SIDE SIDESWIPE,,N,Clear or Partly Cloudy,Dry,Daylight,,,45,Vehicle - Pedalcyclist,0,N,Washington,47.61222096196305,-122.34456117977655
Block,ALASKAN WAY BETWEEN YESLER WAY AND COLUMBIA ST,2,Injury Collision,Cycles,2,0,1,1,1,0,0,2014-04-01T00:00:00.000Z,4/1/2014 10:37:00 PM,Mid-Block (not related to intersection),18.0,"MOTOR VEHICLE STRUCK PEDALCYCLIST, FRONT END AT ANGLE",,Y,Clear or Partly Cloudy,Dry,Dark - Street Lights On,,,45,Vehicle - Pedalcyclist,0,N,Washington,47.602031397170045,-122.33686381997822
Intersection,2ND AVE AND UNIVERSITY ST,2,Injury Collision,Cycles,2,0,1,1,1,0,0,2014-03-12T00:00:00.000Z,3/12/2014 8:30:00 AM,At Intersection (intersection related),18.0,"MOTOR VEHICLE STRUCK PEDALCYCLIST, FRONT END AT ANGLE",,N,Clear or Partly Cloudy,Unknown,Daylight,,,45,Vehicle - Pedalcyclist,0,N,Washington,47.60729905819726,-122.33708679815666
Intersection,FREMONT AVE N AND N 36TH ST,2,Injury Collision,Cycles,2,0,1,1,1,0,0,2014-03-03T00:00:00.000Z,3/3/2014 8:18:00 AM,At Intersection (intersection related),51.0,PEDALCYCLIST STRUCK MOTOR VEHICLE FRONT END AT ANGLE,,N,Raining,Wet,Unknown,,,45,Vehicle - Pedalcyclist,0,N,Washington,47.65134880870682,-122.34993445253836
Intersection,2ND AVE AND CHERRY ST,2,Injury Collision,Cycles,2,0,1,1,1,0,0,2014-03-20T00:00:00.000Z,3/20/2014 9:58:00 PM,At Intersection (intersection related),18.0,"MOTOR VEHICLE STRUCK PEDALCYCLIST, FRONT END AT ANGLE",,N,Clear or Partly Cloudy,Dry,Dark - Street Lights On,,,45,Vehicle - Pedalcyclist,0,N,Washington,47.60301939344011,-122.33317224593478
Intersection,31ST AVE AND E YESLER WAY,2,Injury Collision,Cycles,2,0,1,1,1,0,0,2014-03-25T00:00:00.000Z,3/25/2014 4:45:00 PM,At Intersection (intersection related),51.0,PEDALCYCLIST STRUCK MOTOR VEHICLE FRONT END AT ANGLE,,N,Raining,Wet,Daylight,Y,,45,Vehicle - Pedalcyclist,0,N,Washington,47.60164758389983,-122.29251724788912
Block,DEXTER AVE N BETWEEN HAYES ST AND HOWE ST,2,Injury Collision,Cycles,2,0,1,1,1,0,0,2013-03-14T00:00:00.000Z,3/14/2013 8:20:00 AM,Mid-Block (not related to intersection),18.0,"MOTOR VEHICLE STRUCK PEDALCYCLIST, FRONT END AT ANGLE",,N,Clear or Partly Cloudy,Dry,Daylight,Y,,45,Vehicle - Pedalcyclist,0,N,Washington,47.63498698711708,-122.34228517989065
Intersection,LINDEN AVE N AND N 135TH ST,2,Injury Collision,Cycles,2,0,1,1,1,0,0,2014-03-05T00:00:00.000Z,3/5/2014 5:00:00 PM,At Intersection (intersection related),51.0,PEDALCYCLIST STRUCK MOTOR VEHICLE FRONT END AT ANGLE,,N,Overcast,Wet,Daylight,,,45,Vehicle - Pedalcyclist,0,N,Washington,47.726861271071044,-122.34771350764008
Intersection,STONE WAY N AND N 39TH ST,2,Injury Collision,Cycles,2,0,1,1,1,0,0,2014-03-29T00:00:00.000Z,3/29/2014 7:44:00 AM,At Intersection (intersection related),51.0,PEDALCYCLIST STRUCK MOTOR VEHICLE FRONT END AT ANGLE,,N,Raining,Wet,Daylight,Y,,45,Vehicle - Pedalcyclist,0,N,Washington,47.65412009316235,-122.34250125821244
Intersection,DAYTON AVE N AND N 87TH ST,2,Injury Collision,Cycles,2,0,1,1,1,0,0,2013-03-20T00:00:00.000Z,3/20/2013 8:50:00 AM,At Intersection (intersection related),51.0,PEDALCYCLIST STRUCK MOTOR VEHICLE FRONT END AT ANGLE,,N,Raining,Wet,Daylight,,,45,Vehicle - Pedalcyclist,0,N,Washington,47.69241034101899,-122.35262053646336
Intersection,MCGILVRA BLVD E AND E MADISON N ST,2,Injury Collision,Cycles,2,0,1,1,1,0,0,2014-02-25T00:00:00.000Z,2/25/2014 8:00:00 AM,At Intersection (intersection related),18.0,"MOTOR VEHICLE STRUCK PEDALCYCLIST, FRONT END AT ANGLE",,N,Clear or Partly Cloudy,Dry,Daylight,,,45,Vehicle - Pedalcyclist,0,N,Washington,47.63372768057015,-122.28106301591129
Intersection,LENORA ST AND WESTLAKE AVE,1,Property Damage Only Collision,Cycles,2,0,1,1,0,0,0,2014-03-21T00:00:00.000Z,3/21/2014 12:24:00 PM,At Intersection (intersection related),21.0,"MOTOR VEHICLE STRUCK PEDALCYCLIST, REAR END",,N,Clear or Partly Cloudy,Dry,,,,45,Vehicle - Pedalcyclist,0,N,Washington,47.616490204979115,-122.33789362887173
Intersection,ADAMS LN NE AND BURKE GILMAN TRL,2,Injury Collision,Cycles,2,0,1,1,1,0,0,2013-02-01T00:00:00.000Z,2/1/2013 3:50:00 PM,At Intersection (intersection related),18.0,"MOTOR VEHICLE STRUCK PEDALCYCLIST, FRONT END AT ANGLE",,N,Clear or Partly Cloudy,Dry,Daylight,,,45,Vehicle - Pedalcyclist,630884,N,Washington,47.654795010095185,-122.31675463302132
Intersection,6TH AVE S AND S JACKSON ST,2,Injury Collision,Cycles,4,0,1,1,1,0,0,2014-03-01T00:00:00.000Z,3/1/2014 3:40:00 PM,At Intersection (intersection related),18.0,"MOTOR VEHICLE STRUCK PEDALCYCLIST, FRONT END AT ANGLE",,N,Unknown,Wet,Daylight,,,45,Vehicle - Pedalcyclist,0,N,Washington,47.599192755772975,-122.32636052429419
Block,LAKE WASHINGTON BLVD BETWEEN LAKESIDE AVE AND E ALDER ST,2,Injury Collision,Cycles,2,0,1,1,1,0,0,2014-04-10T00:00:00.000Z,4/10/2014 10:09:00 AM,Mid-Block (not related to intersection),18.0,"MOTOR VEHICLE STRUCK PEDALCYCLIST, FRONT END AT ANGLE",Y,N,Clear or Partly Cloudy,Dry,Daylight,,,45,Vehicle - Pedalcyclist,0,N,Washington,47.60330695687355,-122.28448725611345
Intersection,ALASKAN E RDWY WAY AND SPRING ST,1,Property Damage Only Collision,Cycles,2,0,1,1,0,0,0,2014-04-09T00:00:00.000Z,4/9/2014 2:47:00 PM,At Intersection (intersection related),18.0,"MOTOR VEHICLE STRUCK PEDALCYCLIST, FRONT END AT ANGLE",,N,Clear or Partly Cloudy,Dry,Daylight,,,45,Vehicle - Pedalcyclist,0,N,Washington,47.604651578239896,-122.33869324292378
Block,MERIDIAN AVE N BETWEEN N NORTHGATE WAY AND N 112TH ST,2,Injury Collision,Cycles,2,0,1,1,1,0,0,2014-04-18T00:00:00.000Z,4/18/2014 7:50:00 AM,Driveway Junction,18.0,"MOTOR VEHICLE STRUCK PEDALCYCLIST, FRONT END AT ANGLE",Y,N,Clear or Partly Cloudy,Dry,Daylight,,,45,Vehicle - Pedalcyclist,0,N,Washington,47.709115212241656,-122.33400094416838
Intersection,UNIVERSITY WAY NE AND NE 50TH ST,1,Property Damage Only Collision,Cycles,2,0,1,1,0,0,0,2013-03-14T00:00:00.000Z,3/14/2013 6:29:00 PM,At Intersection (intersection related),18.0,"MOTOR VEHICLE STRUCK PEDALCYCLIST, FRONT END AT ANGLE",,N,Raining,Wet,Daylight,Y,,45,Vehicle - Pedalcyclist,0,N,Washington,47.664900723928135,-122.3130741604038
Intersection,23RD AVE S AND S JACKSON ST,2,Injury Collision,Cycles,2,0,1,1,1,0,0,2013-03-19T00:00:00.000Z,3/19/2013 5:58:00 AM,At Intersection (intersection related),51.0,PEDALCYCLIST STRUCK MOTOR VEHICLE FRONT END AT ANGLE,Y,N,Clear or Partly Cloudy,Dry,Dark - Street Lights On,Y,,45,Vehicle - Pedalcyclist,525077,N,Washington,47.59928129268522,-122.30223345138604
Block,15TH AVE W BETWEEN W BERTONA ST AND W RUFFNER ST,2,Injury Collision,Cycles,2,0,1,1,1,0,0,2014-03-03T00:00:00.000Z,3/3/2014 4:26:00 PM,Mid-Block (not related to intersection),18.0,"MOTOR VEHICLE STRUCK PEDALCYCLIST, FRONT END AT ANGLE",,N,Clear or Partly Cloudy,Dry,Daylight,Y,,45,Vehicle - Pedalcyclist,0,N,Washington,47.651253136359216,-122.37625597968008
Block,BURKE GILMAN TRL BETWEEN MONTLAKE CUT CONNCTR TRL AND PEND OREILLE RD NE,2,Injury Collision,Cycles,1,0,1,0,1,0,0,2014-03-07T00:00:00.000Z,3/7/2014 4:02:00 PM,Mid-Block (not related to intersection),29.0,MOTOR VEHICLE OVERTURNED IN ROAD,,N,Overcast,Dry,Daylight,,,45,Vehicle - Pedalcyclist,0,N,Washington,47.6552232306664,-122.3026615882329
Intersection,ROOSEVELT WAY NE AND NE 41ST ST,2,Injury Collision,Cycles,3,0,1,1,1,0,0,2014-04-02T00:00:00.000Z,4/2/2014 10:08:00 AM,At Intersection (intersection related),18.0,"MOTOR VEHICLE STRUCK PEDALCYCLIST, FRONT END AT ANGLE",,N,Overcast,Dry,Daylight,Y,,45,Vehicle - Pedalcyclist,0,N,Washington,47.65688930464752,-122.31781902882895
Block,STONE WAY N BETWEEN N 44TH ST AND N ALLEN PL,2,Injury Collision,Cycles,2,0,1,1,1,0,0,2014-03-31T00:00:00.000Z,3/31/2014 1:06:00 PM,Ramp Junction,51.0,PEDALCYCLIST STRUCK MOTOR VEHICLE FRONT END AT ANGLE,Y,N,Clear or Partly Cloudy,Dry,Daylight,,,45,Vehicle - Pedalcyclist,0,N,Washington,47.66031444931614,-122.3421993632444
Intersection,15TH AVE NE AND NE 65TH ST,2,Injury Collision,Cycles,2,0,1,1,1,0,0,2014-04-12T00:00:00.000Z,4/12/2014 7:38:00 AM,At Intersection (intersection related),18.0,"MOTOR VEHICLE STRUCK PEDALCYCLIST, FRONT END AT ANGLE",,N,Clear or Partly Cloudy,Dry,Daylight,,,45,Vehicle - Pedalcyclist,0,N,Washington,47.67578344015835,-122.3119297218561
Block,VIRGINIA ST BETWEEN 8TH AVE AND 9TH AVE,2,Injury Collision,Cycles,2,0,1,1,1,0,0,2013-03-15T00:00:00.000Z,3/15/2013 5:30:00 PM,Driveway Junction,18.0,"MOTOR VEHICLE STRUCK PEDALCYCLIST, FRONT END AT ANGLE",,N,Clear or Partly Cloudy,Dry,Daylight,,,45,Vehicle - Pedalcyclist,0,N,Washington,47.61605226909492,-122.33616684321088
Intersection,DEXTER AVE N AND LEE ST,2,Injury Collision,Cycles,3,0,1,1,1,0,0,2013-03-14T00:00:00.000Z,3/14/2013 2:02:00 PM,At Intersection (intersection related),18.0,"MOTOR VEHICLE STRUCK PEDALCYCLIST, FRONT END AT ANGLE",,N,Clear or Partly Cloudy,Dry,Daylight,Y,,45,Vehicle - Pedalcyclist,0,N,Washington,47.63141078139122,-122.34228891714687
Intersection,MERCER NR ST AND WESTLAKE AVE N,2,Injury Collision,Cycles,2,0,1,1,1,0,0,2014-03-05T00:00:00.000Z,3/5/2014 6:30:00 PM,At Intersection (intersection related),18.0,"MOTOR VEHICLE STRUCK PEDALCYCLIST, FRONT END AT ANGLE",,N,Raining,Wet,Dark - Street Lights On,,,45,Vehicle - Pedalcyclist,523902,N,Washington,47.624695781230706,-122.33843433496288
Intersection,7TH AVE AND LENORA ST,2,Injury Collision,Cycles,2,0,1,1,1,0,0,2014-03-28T00:00:00.000Z,3/28/2014 7:30:00 AM,At Intersection (intersection related),51.0,PEDALCYCLIST STRUCK MOTOR VEHICLE FRONT END AT ANGLE,Y,N,Raining,Wet,Daylight,,,45,Vehicle - Pedalcyclist,0,N,Washington,47.61582545523598,-122.33875323438272
Block,HARBOR AVE SW BETWEEN ALKI AVE SW AND SW CALIFORNIA PL,2,Injury Collision,Cycles,2,0,1,1,1,0,0,2014-06-07T00:00:00.000Z,6/7/2014 2:32:00 PM,Mid-Block (not related to intersection),51.0,PEDALCYCLIST STRUCK MOTOR VEHICLE FRONT END AT ANGLE,,N,Clear or Partly Cloudy,Dry,Daylight,Y,,45,Vehicle - Pedalcyclist,0,N,Washington,47.594618762358074,-122.38425378061672
Intersection,16TH AVE SW AND SW HOLDEN ST,2,Injury Collision,Cycles,2,0,1,1,1,0,0,2014-05-15T00:00:00.000Z,5/15/2014 6:09:00 AM,At Intersection (intersection related),51.0,PEDALCYCLIST STRUCK MOTOR VEHICLE FRONT END AT ANGLE,Y,N,Clear or Partly Cloudy,Dry,Dawn,,,45,Vehicle - Pedalcyclist,0,N,Washington,47.5336804278157,-122.35503244804528
Block,EAST GREEN LAKE WAY N BETWEEN SUNNYSIDE AVE N AND 1ST AVE NE,2,Injury Collision,Cycles,3,0,1,1,1,0,0,2014-04-27T00:00:00.000Z,4/27/2014 12:10:00 PM,Mid-Block (not related to intersection),18.0,"MOTOR VEHICLE STRUCK PEDALCYCLIST, FRONT END AT ANGLE",Y,N,Unknown,Unknown,Unknown,Y,,45,Vehicle - Pedalcyclist,0,N,Washington,47.67833493401879,-122.3288358663582
Block,1ST AVE S BETWEEN 1ST AV S VI AND S HUDSON ST,2,Injury Collision,Cycles,2,0,1,1,1,0,0,2014-05-02T00:00:00.000Z,5/2/2014 10:37:00 PM,Mid-Block (not related to intersection),21.0,"MOTOR VEHICLE STRUCK PEDALCYCLIST, REAR END",Y,N,Raining,Wet,Dark - Street Lights Off,,,45,Vehicle - Pedalcyclist,0,N,Washington,47.55886679907688,-122.33421306622604
Block,25TH AVE NE BETWEEN NE 125TH ST AND NE 126TH ST,2,Injury Collision,Cycles,1,0,1,0,1,0,0,2014-05-22T00:00:00.000Z,5/22/2014 8:55:00 AM,Mid-Block (not related to intersection),66.0,PEDALCYCLIST STRUCK OBJECT IN ROAD,Y,N,Clear or Partly Cloudy,Dry,Daylight,,Y,45,Vehicle - Pedalcyclist,0,N,Washington,47.72022110968173,-122.30186929118963
Block,3RD AVE W BETWEEN W EWING S ST AND SHIP CANAL TRL,2b,Serious Injury Collision,Cycles,2,0,1,1,1,1,0,2014-05-08T00:00:00.000Z,5/8/2014 6:46:00 PM,Mid-Block (not related to intersection),51.0,PEDALCYCLIST STRUCK MOTOR VEHICLE FRONT END AT ANGLE,,N,Clear or Partly Cloudy,Wet,Daylight,,,45,Vehicle - Pedalcyclist,617898,N,Washington,47.6516501030286,-122.36087108163885
Block,BALLARD AVE NW BETWEEN NW IONE PL AND 20TH AVE NW,2,Injury Collision,Cycles,2,0,1,1,1,0,0,2014-05-22T00:00:00.000Z,5/22/2014 5:15:00 PM,Mid-Block (not related to intersection),11.0,"MOTOR VEHICLE STRUCK MOTOR VEHICLE, FRONT END AT ANGLE",Y,N,Clear or Partly Cloudy,Dry,Daylight,,,45,Vehicle - Pedalcyclist,0,N,Washington,47.66530412004094,-122.38189667738608
Intersection,24TH AVE E AND BOYER AVE E,1,Property Damage Only Collision,Cycles,2,0,1,1,0,0,0,2014-06-13T00:00:00.000Z,6/13/2014 1:10:00 AM,At Intersection (but not related to intersection),55.0,PEDALCYCLIST STRUCK MOTOR VEHICLE RIGHT SIDE SIDESWIPE,,N,Raining,Wet,Unknown,,,45,Vehicle - Pedalcyclist,0,N,Washington,47.63524417736178,-122.30156537450607
Intersection,WALL ST AND WESTERN AVE,2,Injury Collision,Cycles,4,0,1,1,1,0,0,2014-04-04T00:00:00.000Z,4/4/2014 9:29:00 PM,At Intersection (intersection related),11.0,"MOTOR VEHICLE STRUCK MOTOR VEHICLE, FRONT END AT ANGLE",,N,Clear or Partly Cloudy,Dry,Dark - No Street Lights,,,45,Vehicle - Pedalcyclist,0,N,Washington,47.61403121811065,-122.34960608431774
Intersection,4TH AVE AND COLUMBIA ST,2,Injury Collision,Cycles,2,1,1,0,1,0,0,2014-05-15T00:00:00.000Z,5/15/2014 12:21:00 PM,At Intersection (intersection related),64.0,PEDALCYCLIST STRUCK PEDESTRIAN,,N,Clear or Partly Cloudy,Dry,Daylight,Y,,45,Vehicle - Pedalcyclist,521848,N,Washington,47.604661558350756,-122.33160430850334
Block,NE 42ND ST BETWEEN BROOKLYN AVE NE AND UNIVERSITY WAY NE,2,Injury Collision,Cycles,3,0,1,2,1,0,0,2014-05-29T00:00:00.000Z,5/29/2014 2:15:00 PM,Driveway Junction,18.0,"MOTOR VEHICLE STRUCK PEDALCYCLIST, FRONT END AT ANGLE",,N,Clear or Partly Cloudy,Dry,Daylight,,,45,Vehicle - Pedalcyclist,0,N,Washington,47.658321768513105,-122.3137872621082
Intersection,E HOWELL ST AND E OLIVE WAY,2,Injury Collision,Cycles,2,0,1,1,1,0,0,2014-04-18T00:00:00.000Z,4/18/2014 8:10:00 PM,At Intersection (intersection related),18.0,"MOTOR VEHICLE STRUCK PEDALCYCLIST, FRONT END AT ANGLE",Y,N,Clear or Partly Cloudy,Dry,Dusk,,,45,Vehicle - Pedalcyclist,0,N,Washington,47.617736467590845,-122.32625385468852
Intersection,BOREN AVE AND PIKE ST,2,Injury Collision,Cycles,3,0,1,1,1,0,0,2014-04-08T00:00:00.000Z,4/8/2014 7:52:00 PM,At Intersection (intersection related),18.0,"MOTOR VEHICLE STRUCK PEDALCYCLIST, FRONT END AT ANGLE",,N,Overcast,Wet,Dark - Street Lights On,,,45,Vehicle - Pedalcyclist,0,N,Washington,47.61346582031274,-122.328913101671
Intersection,GREENWOOD AVE N AND HOLMAN RD N,1,Property Damage Only Collision,Cycles,2,0,1,1,0,0,0,2014-05-26T00:00:00.000Z,5/26/2014 10:20:00 AM,At Intersection (intersection related),18.0,"MOTOR VEHICLE STRUCK PEDALCYCLIST, FRONT END AT ANGLE",,Y,Overcast,Dry,Daylight,,,45,Vehicle - Pedalcyclist,0,N,Washington,47.70508354117376,-122.35545274592478
Intersection,1ST AVE AND UNION ST,1,Property Damage Only Collision,Cycles,2,0,1,1,0,0,0,2014-04-26T00:00:00.000Z,4/26/2014 10:00:00 PM,At Intersection (intersection related),0.0,NOT ENOUGH INFORMATION / NOT APPLICABLE,,N,Raining,Wet,Dark - Street Lights On,,,45,Vehicle - Pedalcyclist,0,N,Washington,47.607828161531245,-122.33910533488405
Intersection,DENNY WAY AND DEXTER AVE,2,Injury Collision,Cycles,3,0,1,1,1,0,0,2014-05-12T00:00:00.000Z,5/12/2014 6:11:00 PM,At Intersection (intersection related),51.0,PEDALCYCLIST STRUCK MOTOR VEHICLE FRONT END AT ANGLE,,N,Clear or Partly Cloudy,Dry,Unknown,,,45,Vehicle - Pedalcyclist,0,N,Washington,47.618550164551785,-122.34240185261628
Block,M L KING JR WAY E BETWEEN E ARTHUR PL AND E MADISON ST,2,Injury Collision,Cycles,2,0,1,1,1,0,0,2014-04-13T00:00:00.000Z,4/13/2014 11:45:00 AM,Mid-Block (not related to intersection),18.0,"MOTOR VEHICLE STRUCK PEDALCYCLIST, FRONT END AT ANGLE",Y,N,Clear or Partly Cloudy,Dry,Daylight,,,45,Vehicle - Pedalcyclist,0,N,Washington,47.62306521387242,-122.2963179445138
Intersection,11TH AVE AND E PINE ST,2,Injury Collision,Cycles,2,0,1,1,1,0,0,2014-04-09T00:00:00.000Z,4/9/2014 2:07:00 PM,At Intersection (intersection related),18.0,"MOTOR VEHICLE STRUCK PEDALCYCLIST, FRONT END AT ANGLE",Y,N,Clear or Partly Cloudy,Dry,Daylight,Y,,45,Vehicle - Pedalcyclist,0,N,Washington,47.61525439144628,-122.31815943391057
Block,NW 45TH ST BETWEEN 8TH AVE NW AND LEARY WAY NW,2,Injury Collision,Cycles,2,0,1,1,1,0,0,2014-04-21T00:00:00.000Z,4/21/2014 5:52:00 PM,Mid-Block (not related to intersection),21.0,"MOTOR VEHICLE STRUCK PEDALCYCLIST, REAR END",,N,Clear or Partly Cloudy,Dry,Daylight,,,45,Vehicle - Pedalcyclist,0,N,Washington,47.661463152206466,-122.36666425603094