addrtype,location,severitycode,severitydesc,collisiontype,personcount,pedcount,pedcylcount,vehcount,injuries,seriousinjuries,fatalities,incdate,incdttm,junctiontype,sdot_colcode,sdot_coldesc,inattentionind,underinfl,weather,roadcond,lightcond,pedrownotgrnt,speeding,st_colcode,st_coldesc,crosswalkkey,hitparkedcar,state,latitude,longitude
Intersection,11TH CR AVE SW AND SW SPOKANE ST,2b,Serious Injury Collision,Cycles,2,0,1,1,1,1,0,2014-05-22T00:00:00.000Z,5/22/2014 9:17:00 PM,At Intersection (intersection related),18.0,"MOTOR VEHICLE STRUCK PEDALCYCLIST, FRONT END AT ANGLE",,N,Overcast,Dry,Dark - Street Lights On,,,45,Vehicle - Pedalcyclist,0,N,Washington,47.57141301795942,-122.3488003873795
Intersection,FAUNTLEROY WAY SW AND SW CLOVERDALE ST,2,Injury Collision,Cycles,2,0,1,1,1,0,0,2014-06-05T00:00:00.000Z,6/5/2014 5:07:00 PM,At Intersection (intersection related),18.0,"MOTOR VEHICLE STRUCK PEDALCYCLIST, FRONT END AT ANGLE",,N,Clear or Partly Cloudy,Dry,Daylight,Y,,45,Vehicle - Pedalcyclist,0,N,Washington,47.526783364670344,-122.39275578794438
Intersection,12TH AVE AND E MADISON ST,2,Injury Collision,Cycles,2,0,1,1,1,0,0,2014-06-11T00:00:00.000Z,6/11/2014 4:16:00 PM,At Intersection (intersection related),51.0,PEDALCYCLIST STRUCK MOTOR VEHICLE FRONT END AT ANGLE,,N,Clear or Partly Cloudy,Dry,Daylight,,,45,Vehicle - Pedalcyclist,0,N,Washington,47.61288923577013,-122.31673339075188
Block,2ND AVE S BETWEEN S HUDSON ST AND S DAWSON ST,2,Injury Collision,Cycles,2,0,1,1,1,0,0,2014-06-04T00:00:00.000Z,6/4/2014 11:41:00 AM,Driveway Junction,18.0,"MOTOR VEHICLE STRUCK PEDALCYCLIST, FRONT END AT ANGLE",,N,Clear or Partly Cloudy,Dry,Daylight,Y,,45,Vehicle - Pedalcyclist,0,N,Washington,47.5565328569596,-122.33236426838985
Intersection,BEACON WR AVE S AND MILITARY RD S,2,Injury Collision,Cycles,2,0,1,1,1,0,0,2014-05-06T00:00:00.000Z,5/6/2014 5:42:00 PM,At Intersection (intersection related),51.0,PEDALCYCLIST STRUCK MOTOR VEHICLE FRONT END AT ANGLE,Y,N,Clear or Partly Cloudy,Dry,Daylight,,,45,Vehicle - Pedalcyclist,0,N,Washington,47.540427711750965,-122.29842578008322
Intersection,LINDEN AVE N AND N 130TH ST,2,Injury Collision,Cycles,2,0,1,1,2,0,0,2014-05-17T00:00:00.000Z,5/17/2014 3:07:00 PM,At Intersection (intersection related),18.0,"MOTOR VEHICLE STRUCK PEDALCYCLIST, FRONT END AT ANGLE",Y,N,Clear or Partly Cloudy,Dry,Daylight,Y,,45,Vehicle - Pedalcyclist,0,N,Washington,47.7232183775105,-122.34819529863749
Intersection,BROAD ST AND DENNY WAY,1,Property Damage Only Collision,Cycles,2,0,1,1,0,0,0,2014-05-05T00:00:00.000Z,5/5/2014 9:35:00 PM,At Intersection (intersection related),0.0,NOT ENOUGH INFORMATION / NOT APPLICABLE,,N,Clear or Partly Cloudy,Dry,Dark - Street Lights On,,,45,Vehicle - Pedalcyclist,522701,N,Washington,47.618581919331426,-122.35035531469565
Intersection,5TH AVE NE AND NE 50TH ST,2,Injury Collision,Cycles,2,0,1,1,1,0,0,2014-05-31T00:00:00.000Z,5/31/2014 5:56:00 PM,At Intersection (intersection related),51.0,PEDALCYCLIST STRUCK MOTOR VEHICLE FRONT END AT ANGLE,Y,N,Clear or Partly Cloudy,Dry,Daylight,,,45,Vehicle - Pedalcyclist,0,N,Washington,47.66497536486774,-122.32286256013649
Block,EASTLAKE AVE E BETWEEN HARVARD AVE E AND FUHRMAN AVE E,2,Injury Collision,Cycles,2,0,1,1,1,0,0,2014-06-12T00:00:00.000Z,6/12/2014 10:37:00 AM,Mid-Block (not related to intersection),18.0,"MOTOR VEHICLE STRUCK PEDALCYCLIST, FRONT END AT ANGLE",Y,N,Clear or Partly Cloudy,Dry,Daylight,Y,,45,Vehicle - Pedalcyclist,0,N,Washington,47.65104751116883,-122.32168580219019
Block,VALLEY ST BETWEEN TAYLOR AVE N AND 6TH AVE N,1,Property Damage Only Collision,Cycles,2,0,1,1,0,0,0,2014-04-22T00:00:00.000Z,4/22/2014 5:24:00 PM,Mid-Block (but intersection related),51.0,PEDALCYCLIST STRUCK MOTOR VEHICLE FRONT END AT ANGLE,,N,Overcast,Dry,Daylight,,,45,Vehicle - Pedalcyclist,0,N,Washington,47.626274300500356,-122.34559826104972
Intersection,2ND AVE AND UNIVERSITY ST,2,Injury Collision,Cycles,2,0,1,1,1,0,0,2014-05-13T00:00:00.000Z,5/13/2014 8:01:00 AM,At Intersection (intersection related),18.0,"MOTOR VEHICLE STRUCK PEDALCYCLIST, FRONT END AT ANGLE",,N,Clear or Partly Cloudy,Dry,Daylight,Y,,45,Vehicle - Pedalcyclist,0,N,Washington,47.60729905819726,-122.33708679815666
Block,NW 54TH ST BETWEEN NW MARKET ST AND 30TH WR AVE NW,2,Injury Collision,Cycles,3,0,1,1,1,0,0,2014-05-06T00:00:00.000Z,5/6/2014 7:07:00 PM,Driveway Junction,18.0,"MOTOR VEHICLE STRUCK PEDALCYCLIST, FRONT END AT ANGLE",,N,Clear or Partly Cloudy,Dry,Daylight,,,45,Vehicle - Pedalcyclist,0,N,Washington,47.66827122904883,-122.39537296661459
Block,AURORA AVE N BETWEEN N 130TH ST AND N 135TH ST,2,Injury Collision,Cycles,2,0,1,1,1,0,0,2014-05-10T00:00:00.000Z,5/10/2014 7:10:00 PM,Driveway Junction,18.0,"MOTOR VEHICLE STRUCK PEDALCYCLIST, FRONT END AT ANGLE",,N,Clear or Partly Cloudy,Dry,Daylight,,,45,Vehicle - Pedalcyclist,0,N,Washington,47.725034182843245,-122.34499681942648
Intersection,10TH AVE S AND S JACKSON ST,2,Injury Collision,Cycles,2,0,1,1,1,0,0,2014-06-02T00:00:00.000Z,6/2/2014 1:36:00 PM,At Intersection (intersection related),18.0,"MOTOR VEHICLE STRUCK PEDALCYCLIST, FRONT END AT ANGLE",Y,N,Clear or Partly Cloudy,Dry,Daylight,,,45,Vehicle - Pedalcyclist,0,N,Washington,47.599184047501524,-122.31963858316642
Intersection,MELROSE AVE AND PINE ST,2,Injury Collision,Cycles,2,0,1,1,1,0,0,2014-05-30T00:00:00.000Z,5/30/2014 2:27:00 PM,At Intersection (intersection related),51.0,PEDALCYCLIST STRUCK MOTOR VEHICLE FRONT END AT ANGLE,,N,Clear or Partly Cloudy,Dry,Daylight,,,45,Vehicle - Pedalcyclist,0,N,Washington,47.61523842026632,-122.32790375541016
Block,1ST AVE BETWEEN BELL ST AND BATTERY ST,2,Injury Collision,Cycles,2,1,1,0,1,0,0,2014-05-22T00:00:00.000Z,5/22/2014 12:55:00 PM,Mid-Block (not related to intersection),64.0,PEDALCYCLIST STRUCK PEDESTRIAN,,N,Clear or Partly Cloudy,Dry,Daylight,,,45,Vehicle - Pedalcyclist,0,N,Washington,47.61375830991129,-122.34716210265587
Block,E PINE ST BETWEEN 10TH AVE AND 11TH AVE,2b,Serious Injury Collision,Cycles,2,0,1,1,1,1,0,2014-06-12T00:00:00.000Z,6/12/2014 3:42:00 PM,Mid-Block (not related to intersection),51.0,PEDALCYCLIST STRUCK MOTOR VEHICLE FRONT END AT ANGLE,,N,Clear or Partly Cloudy,Dry,Daylight,,,45,Vehicle - Pedalcyclist,0,N,Washington,47.61524975200011,-122.318814476387
Block,S JACKSON ST BETWEEN 2ND AVE S AND 3RD AVE S,2,Injury Collision,Cycles,1,0,1,0,1,0,0,2014-04-11T00:00:00.000Z,4/11/2014 2:55:00 PM,Mid-Block (not related to intersection),69.0,PEDALCYCLIST OVERTURNED IN ROAD,,N,Clear or Partly Cloudy,Dry,Daylight,,,45,Vehicle - Pedalcyclist,0,N,Washington,47.59919974365463,-122.33092876817821
Block,1ST AVE BETWEEN MADISON ST AND SPRING ST,2,Injury Collision,Cycles,2,0,1,1,1,0,0,2014-06-09T00:00:00.000Z,6/9/2014 7:30:00 AM,Mid-Block (not related to intersection),23.0,"MOTOR VEHICLE STRUCK PEDALCYCLIST, LEFT SIDE SIDESWIPE",,N,Clear or Partly Cloudy,Dry,Daylight,,,45,Vehicle - Pedalcyclist,0,N,Washington,47.605050498390725,-122.33656362295595
Intersection,3RD AVE W AND W CREMONA ST,2,Injury Collision,Cycles,2,0,1,1,1,0,0,2014-07-09T00:00:00.000Z,7/9/2014 4:18:00 PM,At Intersection (intersection related),51.0,PEDALCYCLIST STRUCK MOTOR VEHICLE FRONT END AT ANGLE,,N,Clear or Partly Cloudy,Dry,Daylight,Y,,45,Vehicle - Pedalcyclist,0,N,Washington,47.64954528855837,-122.3608825936056
Block,LINDEN AVE N BETWEEN N 130TH ST AND N 135TH ST,2,Injury Collision,Cycles,2,0,1,1,1,0,0,2014-06-30T00:00:00.000Z,6/30/2014 10:45:00 AM,Mid-Block (not related to intersection),18.0,"MOTOR VEHICLE STRUCK PEDALCYCLIST, FRONT END AT ANGLE",,N,Clear or Partly Cloudy,Dry,Daylight,,,45,Vehicle - Pedalcyclist,0,N,Washington,47.725037475206186,-122.34793329661959
Block,30TH AVE NE BETWEEN UNION BAY PL NE AND BURKE GILMAN TRL,2,Injury Collision,Cycles,3,0,1,1,1,0,0,2014-07-22T00:00:00.000Z,7/22/2014 9:00:00 AM,Mid-Block (not related to intersection),18.0,"MOTOR VEHICLE STRUCK PEDALCYCLIST, FRONT END AT ANGLE",,N,Overcast,Dry,Daylight,Y,,45,Vehicle - Pedalcyclist,0,N,Washington,47.66409175134778,-122.29561495075943
Block,NE 45TH ST BETWEEN 1ST AVE NE AND 2ND AVE NE,1,Property Damage Only Collision,Cycles,2,0,1,1,0,0,0,2014-08-05T00:00:00.000Z,8/5/2014 8:53:00 PM,Driveway Junction,51.0,PEDALCYCLIST STRUCK MOTOR VEHICLE FRONT END AT ANGLE,,Y,Clear or Partly Cloudy,Dry,Dusk,,,45,Vehicle - Pedalcyclist,0,N,Washington,47.66135727672546,-122.32775751125796
Block,RAINIER AVE S BETWEEN S MCCLELLAN ST AND S FOREST ST,2,Injury Collision,Cycles,2,0,1,1,1,0,0,2014-07-21T00:00:00.000Z,7/21/2014 7:35:00 PM,Mid-Block (not related to intersection),11.0,"MOTOR VEHICLE STRUCK MOTOR VEHICLE, FRONT END AT ANGLE",,N,Clear or Partly Cloudy,Dry,Daylight,,,45,Vehicle - Pedalcyclist,0,N,Washington,47.57793916150086,-122.29783735400207
Intersection,12TH AVE NE AND NE 65TH ST,2,Injury Collision,Cycles,2,1,1,0,2,0,0,2014-06-20T00:00:00.000Z,6/20/2014 1:05:00 PM,At Intersection (intersection related),64.0,PEDALCYCLIST STRUCK PEDESTRIAN,,N,Clear or Partly Cloudy,Dry,Daylight,,,45,Vehicle - Pedalcyclist,524481,N,Washington,47.67581492758815,-122.3156580477051
Block,PIKE ST BETWEEN 8TH AVE AND CONVENTION PL,2b,Serious Injury Collision,Cycles,1,0,1,0,1,1,0,2014-06-30T00:00:00.000Z,6/30/2014 12:38:00 AM,Mid-Block (not related to intersection),66.0,PEDALCYCLIST STRUCK OBJECT IN ROAD,,N,,Dry,Dark - Street Lights On,,,45,Vehicle - Pedalcyclist,0,N,Washington,47.61230225309625,-122.33169068917242
Intersection,33RD AVE S AND S MYRTLE PL,2,Injury Collision,Cycles,2,0,1,1,1,0,0,2014-08-01T00:00:00.000Z,8/1/2014 7:02:00 PM,At Intersection (intersection related),18.0,"MOTOR VEHICLE STRUCK PEDALCYCLIST, FRONT END AT ANGLE",,N,Clear or Partly Cloudy,Dry,Daylight,,,45,Vehicle - Pedalcyclist,0,N,Washington,47.53837242676031,-122.28998368022779
Block,24TH AVE E BETWEEN E NEWTON N ST AND E BOSTON ST,2,Injury Collision,Cycles,2,0,1,1,1,0,0,2014-07-17T00:00:00.000Z,7/17/2014 5:35:00 PM,Mid-Block (not related to intersection),23.0,"MOTOR VEHICLE STRUCK PEDALCYCLIST, LEFT SIDE SIDESWIPE",,N,Clear or Partly Cloudy,Dry,Daylight,,,45,Vehicle - Pedalcyclist,0,N,Washington,47.638311913237295,-122.30165337380285
Block,S JACKSON ST BETWEEN 4TH AVE S AND 5TH AVE S,2,Injury Collision,Cycles,4,0,1,1,1,0,0,2014-07-21T00:00:00.000Z,7/21/2014 6:12:00 PM,Mid-Block (not related to intersection),56.0,PEDALCYCLIST STRUCK MOTOR VEHICLE LEFT SIDE SIDESWIPE,,N,Overcast,Dry,Daylight,,,45,Vehicle - Pedalcyclist,0,N,Washington,47.59919591099803,-122.32831927390212
Block,DEXTER AVE N BETWEEN REPUBLICAN ST AND MERCER ST,2,Injury Collision,Cycles,2,0,1,1,1,0,0,2014-06-18T00:00:00.000Z,6/18/2014 6:45:00 AM,Mid-Block (but intersection related),18.0,"MOTOR VEHICLE STRUCK PEDALCYCLIST, FRONT END AT ANGLE",,N,Overcast,Dry,Daylight,,,45,Vehicle - Pedalcyclist,0,N,Washington,47.62388537142114,-122.34235544630623
Intersection,20TH AVE NE AND NE 125TH ST,2,Injury Collision,Cycles,2,0,1,1,1,0,0,2014-08-19T00:00:00.000Z,8/19/2014 7:28:00 PM,At Intersection (intersection related),51.0,PEDALCYCLIST STRUCK MOTOR VEHICLE FRONT END AT ANGLE,Y,N,Clear or Partly Cloudy,Dry,Daylight,,,45,Vehicle - Pedalcyclist,0,N,Washington,47.71936523225594,-122.30727176378835
Block,INTERLAKEN DR E BETWEEN E GALER ST AND E INTERLAKEN BLVD,2,Injury Collision,Cycles,2,0,1,1,1,0,0,2014-08-07T00:00:00.000Z,8/7/2014 5:40:00 PM,Mid-Block (not related to intersection),14.0,"MOTOR VEHICLE STRUCK MOTOR VEHICLE, REAR END",,N,Clear or Partly Cloudy,Dry,Daylight,,,45,Vehicle - Pedalcyclist,0,N,Washington,47.635419748597926,-122.30783249795314
Block,1ST AVE BETWEEN YESLER WAY AND CHERRY ST,2,Injury Collision,Cycles,2,0,1,1,1,0,0,2014-06-23T00:00:00.000Z,6/23/2014 5:08:00 PM,Mid-Block (not related to intersection),54.0,PEDALCYCLIST STRUCK MOTOR VEHICLE REAR END,,N,Clear or Partly Cloudy,Dry,Daylight,,,45,Vehicle - Pedalcyclist,0,N,Washington,47.602147599106864,-122.33417685665769
Intersection,5TH AVE NE AND NE 85TH ST,2,Injury Collision,Cycles,2,0,1,1,1,0,0,2014-07-07T00:00:00.000Z,7/7/2014 4:06:00 PM,At Intersection (intersection related),51.0,PEDALCYCLIST STRUCK MOTOR VEHICLE FRONT END AT ANGLE,Y,N,Clear or Partly Cloudy,Dry,Daylight,,,45,Vehicle - Pedalcyclist,0,N,Washington,47.69039693048617,-122.3230004336216
Intersection,7TH AVE S AND S DEARBORN ST,2,Injury Collision,Cycles,2,0,1,1,1,0,0,2014-07-15T00:00:00.000Z,7/15/2014 8:30:00 AM,At Intersection (intersection related),18.0,"MOTOR VEHICLE STRUCK PEDALCYCLIST, FRONT END AT ANGLE",Y,N,Clear or Partly Cloudy,Dry,Daylight,,,45,Vehicle - Pedalcyclist,0,N,Washington,47.59583330499116,-122.32376363084963
Block,11TH AVE NE BETWEEN NE 41ST ST AND EASTLAKE AVE NE,2,Injury Collision,Cycles,2,1,1,0,1,0,0,2014-07-03T00:00:00.000Z,7/3/2014 1:08:00 PM,Mid-Block (not related to intersection),14.0,"MOTOR VEHICLE STRUCK MOTOR VEHICLE, REAR END",,N,Overcast,Dry,Daylight,,,45,Vehicle - Pedalcyclist,0,N,Washington,47.65717540571697,-122.31668458876172
Block,50TH AVE S BETWEEN S DIRECTOR ST AND S BARTON ST,2,Injury Collision,Cycles,3,0,1,1,1,0,0,2014-07-11T00:00:00.000Z,7/11/2014 8:25:00 PM,Mid-Block (not related to intersection),51.0,PEDALCYCLIST STRUCK MOTOR VEHICLE FRONT END AT ANGLE,,N,Clear or Partly Cloudy,Dry,Daylight,,,45,Vehicle - Pedalcyclist,0,N,Washington,47.52167545876408,-122.27137685914562
Block,EASTLAKE AVE E BETWEEN E LYNN ST AND E LOUISA ST,2,Injury Collision,Cycles,2,0,1,1,1,0,0,2014-07-15T00:00:00.000Z,7/15/2014 9:20:00 AM,Mid-Block (not related to intersection),56.0,PEDALCYCLIST STRUCK MOTOR VEHICLE LEFT SIDE SIDESWIPE,,N,Clear or Partly Cloudy,Dry,Daylight,,,45,Vehicle - Pedalcyclist,0,N,Washington,47.64087739090343,-122.32588991601541
Intersection,5TH AVE AND SENECA ST,1,Property Damage Only Collision,Cycles,2,0,1,1,0,0,0,2014-07-10T00:00:00.000Z,7/10/2014 5:05:00 PM,At Intersection (intersection related),0.0,NOT ENOUGH INFORMATION / NOT APPLICABLE,,N,Clear or Partly Cloudy,Dry,Daylight,,,45,Vehicle - Pedalcyclist,0,N,Washington,47.60797945820302,-122.33310387058992
Intersection,3RD AVE NW AND NW 41ST S ST,2,Injury Collision,Cycles,2,0,1,1,1,0,0,2014-06-21T00:00:00.000Z,6/21/2014 12:43:00 AM,At Intersection (intersection related),66.0,PEDALCYCLIST STRUCK OBJECT IN ROAD,,N,Overcast,Dry,Dark - Street Lights On,,Y,45,Vehicle - Pedalcyclist,0,N,Washington,47.65633896228568,-122.36082125420972
Intersection,15TH AVE AND E PINE ST,2,Injury Collision,Cycles,2,0,1,1,1,0,0,2014-07-29T00:00:00.000Z,7/29/2014 2:58:00 PM,At Intersection (intersection related),18.0,"MOTOR VEHICLE STRUCK PEDALCYCLIST, FRONT END AT ANGLE",,N,Clear or Partly Cloudy,Dry,Daylight,,,45,Vehicle - Pedalcyclist,0,N,Washington,47.615287035942295,-122.31276624756936
Block,8TH AVE BETWEEN PINE ST AND OLIVE WAY,2,Injury Collision,Cycles,2,0,1,1,1,0,0,2014-07-19T00:00:00.000Z,7/19/2014 5:12:00 PM,Mid-Block (not related to intersection),18.0,"MOTOR VEHICLE STRUCK PEDALCYCLIST, FRONT END AT ANGLE",Y,N,Clear or Partly Cloudy,Dry,Daylight,,,45,Vehicle - Pedalcyclist,0,N,Washington,47.61355908110572,-122.33360568160315
Intersection,45TH AVE SW AND SW BRACE POINT DR,2,Injury Collision,Cycles,2,0,1,1,1,0,0,2014-07-17T00:00:00.000Z,7/17/2014 5:37:00 PM,At Intersection (intersection related),51.0,PEDALCYCLIST STRUCK MOTOR VEHICLE FRONT END AT ANGLE,,N,Clear or Partly Cloudy,Dry,Daylight,,,45,Vehicle - Pedalcyclist,0,N,Washington,47.520193408041926,-122.39041308335605
Block,25TH AVE E BETWEEN E ROANOKE ST AND DEAD END,2,Injury Collision,Cycles,2,0,1,1,2,0,0,2014-06-30T00:00:00.000Z,6/30/2014 5:30:00 PM,,0.0,NOT ENOUGH INFORMATION / NOT APPLICABLE,,N,Clear or Partly Cloudy,Dry,Daylight,,,45,Vehicle - Pedalcyclist,0,N,Washington,47.64339049936722,-122.30021414903204
Block,W NICKERSON ST BETWEEN 3RD AVE W AND 6TH AVE W,2,Injury Collision,Cycles,1,0,1,0,1,0,0,2014-07-02T00:00:00.000Z,7/2/2014 7:50:00 AM,Mid-Block (not related to intersection),28.0,MOTOR VEHICLE RAN OFF ROAD - HIT FIXED OBJECT,Y,N,Clear or Partly Cloudy,Dry,Daylight,,,45,Vehicle - Pedalcyclist,0,N,Washington,47.65123294036594,-122.36266768540465
Intersection,DEXTER AVE N AND VALLEY ST,2,Injury Collision,Left Turn,2,0,1,1,1,0,0,2014-07-21T00:00:00.000Z,7/21/2014 9:04:00 PM,At Intersection (intersection related),18.0,"MOTOR VEHICLE STRUCK PEDALCYCLIST, FRONT END AT ANGLE",,N,Clear or Partly Cloudy,Dry,Dusk,,,28,From opposite direction - one left turn - one straight,0,N,Washington,47.626261483187186,-122.34233438592834
Intersection,34TH AVE S AND S DAKOTA ST,2,Injury Collision,Cycles,2,0,1,1,1,0,0,2014-08-08T00:00:00.000Z,8/8/2014 3:14:00 PM,At Intersection (intersection related),18.0,"MOTOR VEHICLE STRUCK PEDALCYCLIST, FRONT END AT ANGLE",,N,Clear or Partly Cloudy,Dry,Daylight,,,45,Vehicle - Pedalcyclist,0,N,Washington,47.56617805039965,-122.29094097868092
Block,ROOSEVELT WAY NE BETWEEN NE 40TH ALLEY ST AND NE 41ST ST,2,Injury Collision,Cycles,2,0,1,1,1,0,0,2014-06-23T00:00:00.000Z,6/23/2014 3:08:00 PM,Mid-Block (not related to intersection),18.0,"MOTOR VEHICLE STRUCK PEDALCYCLIST, FRONT END AT ANGLE",Y,N,Clear or Partly Cloudy,Dry,Daylight,,,45,Vehicle - Pedalcyclist,0,N,Washington,47.65659421085847,-122.3178266684645
Block,8TH AVE NW BETWEEN NW 62ND S ST AND NW 62ND N ST,2,Injury Collision,Cycles,2,0,1,1,1,0,0,2014-04-25T00:00:00.000Z,4/25/2014 6:00:00 PM,Mid-Block (not related to intersection),18.0,"MOTOR VEHICLE STRUCK PEDALCYCLIST, FRONT END AT ANGLE",Y,N,Clear or Partly Cloudy,Dry,Daylight,,,45,Vehicle - Pedalcyclist,0,N,Washington,47.67398833005762,-122.36610321167257
Intersection,BOREN AVE N AND MERCER SR ST,2,Injury Collision,Cycles,2,0,1,1,1,0,0,2014-05-27T00:00:00.000Z,5/27/2014 8:50:00 AM,At Intersection (intersection related),18.0,"MOTOR VEHICLE STRUCK PEDALCYCLIST, FRONT END AT ANGLE",,N,Clear or Partly Cloudy,Dry,Daylight,,,45,Vehicle - Pedalcyclist,0,N,Washington,47.62454274661636,-122.33582712520592
Block,ALKI AVE SW BETWEEN 58TH AVE SW AND MARINE AVE SW,2,Injury Collision,Cycles,2,0,1,1,1,0,0,2014-05-26T00:00:00.000Z,5/26/2014 8:40:00 PM,Mid-Block (not related to intersection),18.0,"MOTOR VEHICLE STRUCK PEDALCYCLIST, FRONT END AT ANGLE",,N,Clear or Partly Cloudy,Dry,Dusk,,,45,Vehicle - Pedalcyclist,0,N,Washington,47.580671239463435,-122.40659696543509
Intersection,MELROSE AVE AND E DENNY WAY,2,Injury Collision,Cycles,3,0,1,1,1,0,0,2014-04-27T00:00:00.000Z,4/27/2014 1:18:00 AM,At Intersection (intersection related),18.0,"MOTOR VEHICLE STRUCK PEDALCYCLIST, FRONT END AT ANGLE",,Y,Clear or Partly Cloudy,Wet,Dark - Street Lights On,Y,,45,Vehicle - Pedalcyclist,0,N,Washington,47.61849674070191,-122.32785352358368
Block,SW ANDOVER ST BETWEEN DELRIDGE WAY SW AND 26TH AVE SW,1,Property Damage Only Collision,Cycles,4,0,1,1,0,0,0,2014-05-27T00:00:00.000Z,5/27/2014 5:54:00 PM,Driveway Junction,18.0,"MOTOR VEHICLE STRUCK PEDALCYCLIST, FRONT END AT ANGLE",Y,N,Clear or Partly Cloudy,Dry,Daylight,,,45,Vehicle - Pedalcyclist,0,N,Washington,47.56834594585089,-122.36435375116524
Intersection,BOREN AVE AND PINE ST,1,Property Damage Only Collision,Cycles,2,0,1,1,0,0,0,2014-05-26T00:00:00.000Z,5/26/2014 2:20:00 PM,At Intersection (intersection related),21.0,"MOTOR VEHICLE STRUCK PEDALCYCLIST, REAR END",,N,Clear or Partly Cloudy,Dry,Daylight,,,45,Vehicle - Pedalcyclist,0,N,Washington,47.614457242057235,-122.3298224327749
Intersection,3RD AVE W AND SHIP CANAL TRL,2,Injury Collision,Cycles,2,0,1,1,1,0,0,2014-04-30T00:00:00.000Z,4/30/2014 9:09:00 AM,At Intersection (intersection related),18.0,"MOTOR VEHICLE STRUCK PEDALCYCLIST, FRONT END AT ANGLE",,N,Clear or Partly Cloudy,Dry,Daylight,,,45,Vehicle - Pedalcyclist,617898,N,Washington,47.65173652983211,-122.36086912827169
Block,BEACH DR SW BETWEEN 61ST AVE SW AND SW CHARLESTOWN ST,2,Injury Collision,Cycles,3,0,1,2,1,0,0,2014-05-26T00:00:00.000Z,5/26/2014 4:07:00 PM,Mid-Block (not related to intersection),18.0,"MOTOR VEHICLE STRUCK PEDALCYCLIST, FRONT END AT ANGLE",,N,Clear or Partly Cloudy,Dry,Daylight,,,45,Vehicle - Pedalcyclist,0,N,Washington,47.5706910441901,-122.41043936328035
Intersection,RAINIER AVE S AND S AUSTIN ST,1,Property Damage Only Collision,Cycles,2,0,1,1,0,0,0,2014-06-14T00:00:00.000Z,6/14/2014 5:13:00 PM,At Intersection (intersection related),51.0,PEDALCYCLIST STRUCK MOTOR VEHICLE FRONT END AT ANGLE,,N,Clear or Partly Cloudy,Dry,Daylight,Y,Y,45,Vehicle - Pedalcyclist,0,N,Washington,47.534671801520126,-122.26999025812307
Intersection,ROOSEVELT WAY NE AND NE 40TH ALLEY ST,1,Property Damage Only Collision,Cycles,2,0,1,1,0,0,0,2014-06-15T00:00:00.000Z,6/15/2014 3:24:00 PM,At Intersection (intersection related),51.0,PEDALCYCLIST STRUCK MOTOR VEHICLE FRONT END AT ANGLE,,N,Clear or Partly Cloudy,Dry,Daylight,,,45,Vehicle - Pedalcyclist,0,N,Washington,47.656301849276886,-122.3178342374609
Block,HARVARD AVE BETWEEN BROADWAY AND SPRING ST,2,Injury Collision,Cycles,2,0,1,1,1,0,0,2014-04-18T00:00:00.000Z,4/18/2014 5:12:00 PM,Driveway Junction,18.0,"MOTOR VEHICLE STRUCK PEDALCYCLIST, FRONT END AT ANGLE",Y,N,Clear or Partly Cloudy,Dry,Daylight,,,45,Vehicle - Pedalcyclist,0,N,Washington,47.61158282728905,-122.32105473634226
Block,BOYER AVE E BETWEEN E HAMLIN ST AND FUHRMAN AVE E,2,Injury Collision,Cycles,3,0,1,1,1,0,0,2014-04-07T00:00:00.000Z,4/7/2014 5:18:00 PM,Mid-Block (not related to intersection),56.0,PEDALCYCLIST STRUCK MOTOR VEHICLE LEFT SIDE SIDESWIPE,Y,N,Clear or Partly Cloudy,Dry,Daylight,,,45,Vehicle - Pedalcyclist,0,N,Washington,47.64626477099617,-122.31707234659193
Intersection,20TH PL S AND S JACKSON ST,2b,Serious Injury Collision,Cycles,4,0,1,1,1,1,0,2014-05-01T00:00:00.000Z,5/1/2014 5:28:00 PM,At Intersection (intersection related),51.0,PEDALCYCLIST STRUCK MOTOR VEHICLE FRONT END AT ANGLE,,N,Clear or Partly Cloudy,Dry,Daylight,Y,,45,Vehicle - Pedalcyclist,0,N,Washington,47.59926482525938,-122.3045982384379
Intersection,LENORA ST AND WESTLAKE AVE,2,Injury Collision,Cycles,2,0,1,1,1,0,0,2014-05-08T00:00:00.000Z,5/8/2014 5:00:00 PM,At Intersection (intersection related),51.0,PEDALCYCLIST STRUCK MOTOR VEHICLE FRONT END AT ANGLE,,N,Raining,Wet,Daylight,,,45,Vehicle - Pedalcyclist,0,N,Washington,47.616490204979115,-122.33789362887173
Block,29TH AVE E BETWEEN E VALLEY ST AND E ALOHA ST,2,Injury Collision,Other,2,0,1,1,1,0,0,2014-04-28T00:00:00.000Z,4/28/2014 4:56:00 PM,Mid-Block (not related to intersection),56.0,PEDALCYCLIST STRUCK MOTOR VEHICLE LEFT SIDE SIDESWIPE,Y,N,Clear or Partly Cloudy,Dry,Daylight,,,57,All other non-collision,0,N,Washington,47.626254594964344,-122.29505884713751
Block,DENNY WAY BETWEEN STEWART ST AND MELROSE AVE,2,Injury Collision,Cycles,3,0,1,1,1,0,0,2014-04-25T00:00:00.000Z,4/25/2014 8:35:00 AM,Mid-Block (but intersection related),54.0,PEDALCYCLIST STRUCK MOTOR VEHICLE REAR END,Y,N,Clear or Partly Cloudy,Dry,Daylight,,,45,Vehicle - Pedalcyclist,0,N,Washington,47.618449353789465,-122.32929210567913