addrtype,location,severitycode,severitydesc,collisiontype,personcount,pedcount,pedcylcount,vehcount,injuries,seriousinjuries,fatalities,incdate,incdttm,junctiontype,sdot_colcode,sdot_coldesc,inattentionind,underinfl,weather,roadcond,lightcond,pedrownotgrnt,speeding,st_colcode,st_coldesc,crosswalkkey,hitparkedcar,state,latitude,longitude
Intersection,7TH AVE NW AND NW 70TH ST,2,Injury Collision,Cycles,2,0,1,1,1,0,0,2014-05-05T00:00:00.000Z,5/5/2014 6:08:00 PM,At Intersection (intersection related),18.0,"MOTOR VEHICLE STRUCK PEDALCYCLIST, FRONT END AT ANGLE",,N,Clear or Partly Cloudy,Dry,Daylight,Y,,45,Vehicle - Pedalcyclist,0,N,Washington,47.67955389510096,-122.36451286120764
Intersection,12TH AVE AND E PIKE ST,2b,Serious Injury Collision,Cycles,3,0,1,1,1,1,0,2014-05-24T00:00:00.000Z,5/24/2014 7:00:00 AM,At Intersection (intersection related),18.0,"MOTOR VEHICLE STRUCK PEDALCYCLIST, FRONT END AT ANGLE",,N,Overcast,Dry,Daylight,,,45,Vehicle - Pedalcyclist,0,N,Washington,47.61410376891479,-122.31683584924204
Block,WESTLAKE AVE N BETWEEN HIGHLAND DR AND GALER S ST,2,Injury Collision,Angles,2,0,1,1,1,0,0,2014-04-15T00:00:00.000Z,4/15/2014 11:28:00 AM,Mid-Block (not related to intersection),51.0,PEDALCYCLIST STRUCK MOTOR VEHICLE FRONT END AT ANGLE,,N,Clear or Partly Cloudy,Dry,Daylight,,Y,10,Entering at angle,0,N,Washington,47.630990373284185,-122.3409937829587
Block,PALATINE AVE N BETWEEN N 65TH ST AND N 67TH ST,1,Property Damage Only Collision,Cycles,2,0,1,1,0,0,0,2014-04-29T00:00:00.000Z,4/29/2014 10:38:00 AM,Mid-Block (but intersection related),18.0,"MOTOR VEHICLE STRUCK PEDALCYCLIST, FRONT END AT ANGLE",,N,Clear or Partly Cloudy,Dry,Daylight,,,45,Vehicle - Pedalcyclist,0,N,Washington,47.67688978652234,-122.35642063817545
Block,EASTLAKE AVE E BETWEEN E LYNN ST AND E LOUISA ST,2,Injury Collision,Cycles,2,0,1,1,1,0,0,2014-04-23T00:00:00.000Z,4/23/2014 12:53:00 PM,Mid-Block (not related to intersection),51.0,PEDALCYCLIST STRUCK MOTOR VEHICLE FRONT END AT ANGLE,Y,N,Clear or Partly Cloudy,Dry,Unknown,,,45,Vehicle - Pedalcyclist,0,N,Washington,47.64087739090343,-122.32588991601541
Intersection,BOREN AVE AND PINE ST,2,Injury Collision,Cycles,2,0,1,1,1,0,0,2014-05-08T00:00:00.000Z,5/8/2014 4:02:00 PM,At Intersection (intersection related),51.0,PEDALCYCLIST STRUCK MOTOR VEHICLE FRONT END AT ANGLE,,N,Raining,Wet,Daylight,Y,,45,Vehicle - Pedalcyclist,0,N,Washington,47.614457242057235,-122.3298224327749
Intersection,6TH AVE AND PIKE ST,2,Injury Collision,Cycles,2,0,1,1,1,0,0,2014-04-29T00:00:00.000Z,4/29/2014 5:40:00 PM,At Intersection (intersection related),18.0,"MOTOR VEHICLE STRUCK PEDALCYCLIST, FRONT END AT ANGLE",Y,N,Clear or Partly Cloudy,Dry,Daylight,,,45,Vehicle - Pedalcyclist,523698,N,Washington,47.61114239799386,-122.33446376986288
Intersection,34TH AVE NW AND NW 64TH ST,2,Injury Collision,Cycles,2,0,1,1,1,0,0,2014-05-05T00:00:00.000Z,5/5/2014 8:31:00 AM,At Intersection (intersection related),18.0,"MOTOR VEHICLE STRUCK PEDALCYCLIST, FRONT END AT ANGLE",,N,Clear or Partly Cloudy,Dry,Daylight,,,45,Vehicle - Pedalcyclist,0,N,Washington,47.674849725752146,-122.4010698759959
Block,4TH AVE S BETWEEN S STACY ST AND S LANDER ST,1,Property Damage Only Collision,Cycles,2,0,1,1,0,0,0,2014-05-16T00:00:00.000Z,5/16/2014 1:57:00 PM,Driveway Junction,18.0,"MOTOR VEHICLE STRUCK PEDALCYCLIST, FRONT END AT ANGLE",Y,N,Clear or Partly Cloudy,Dry,Daylight,,,45,Vehicle - Pedalcyclist,0,N,Washington,47.580852706239035,-122.32905596148373
Intersection,5TH AVE NE AND NE 73RD ST,2,Injury Collision,Cycles,2,0,1,1,1,0,0,2014-06-04T00:00:00.000Z,6/4/2014 6:22:00 PM,At Intersection (intersection related),18.0,"MOTOR VEHICLE STRUCK PEDALCYCLIST, FRONT END AT ANGLE",,N,Clear or Partly Cloudy,Dry,Daylight,,,45,Vehicle - Pedalcyclist,0,N,Washington,47.6816246565176,-122.32288264532801
Intersection,8TH AVE NW AND NW 57TH ST,2,Injury Collision,Cycles,2,0,1,1,1,0,0,2014-06-05T00:00:00.000Z,6/5/2014 8:20:00 AM,At Intersection (intersection related),18.0,"MOTOR VEHICLE STRUCK PEDALCYCLIST, FRONT END AT ANGLE",,N,Clear or Partly Cloudy,Dry,Daylight,Y,,45,Vehicle - Pedalcyclist,0,N,Washington,47.670160232225406,-122.3661743964576
Intersection,5TH AVE S AND S TRENTON S ST,1,Property Damage Only Collision,Cycles,3,0,1,1,0,0,0,2014-05-02T00:00:00.000Z,5/2/2014 8:00:00 PM,At Intersection (intersection related),51.0,PEDALCYCLIST STRUCK MOTOR VEHICLE FRONT END AT ANGLE,,N,Unknown,Unknown,Unknown,,,45,Vehicle - Pedalcyclist,0,N,Washington,47.52462865383829,-122.32822898179028
Block,E PINE ST BETWEEN 11TH AVE AND 12TH AVE,2b,Serious Injury Collision,Cycles,2,0,1,1,1,1,0,2014-04-27T00:00:00.000Z,4/27/2014 10:18:00 PM,Mid-Block (not related to intersection),14.0,"MOTOR VEHICLE STRUCK MOTOR VEHICLE, REAR END",,Y,Clear or Partly Cloudy,Dry,Dark - Street Lights On,,,45,Vehicle - Pedalcyclist,0,N,Washington,47.61525914921324,-122.31750882190089
Intersection,7TH AVE NE AND NE 45TH ST,2,Injury Collision,Cycles,2,0,1,1,1,0,0,2014-04-30T00:00:00.000Z,4/30/2014 7:14:00 PM,At Intersection (intersection related),18.0,"MOTOR VEHICLE STRUCK PEDALCYCLIST, FRONT END AT ANGLE",,N,Clear or Partly Cloudy,Dry,Daylight,,,45,Vehicle - Pedalcyclist,0,N,Washington,47.66131900334303,-122.32072786134597
Intersection,12TH AVE AND E ALDER ST,2,Injury Collision,Cycles,2,0,1,1,1,0,0,2014-04-30T00:00:00.000Z,4/30/2014 4:55:00 PM,At Intersection (intersection related),18.0,"MOTOR VEHICLE STRUCK PEDALCYCLIST, FRONT END AT ANGLE",,N,Clear or Partly Cloudy,Dry,Daylight,,Y,45,Vehicle - Pedalcyclist,0,N,Washington,47.60436038491066,-122.31678113297993
Block,PIKE ST BETWEEN BOREN AVE AND MELROSE AVE,2b,Serious Injury Collision,Cycles,3,0,1,1,1,1,0,2014-04-19T00:00:00.000Z,4/19/2014 12:15:00 AM,Mid-Block (not related to intersection),18.0,"MOTOR VEHICLE STRUCK PEDALCYCLIST, FRONT END AT ANGLE",,Y,Clear or Partly Cloudy,Dry,Dark - Street Lights On,,,45,Vehicle - Pedalcyclist,0,N,Washington,47.61369730746585,-122.32836055721232
Intersection,30TH AVE NE AND NE 130TH ST,2,Injury Collision,Cycles,2,0,1,1,1,0,0,2014-05-02T00:00:00.000Z,5/2/2014 10:58:00 AM,At Intersection (intersection related),51.0,PEDALCYCLIST STRUCK MOTOR VEHICLE FRONT END AT ANGLE,,N,Clear or Partly Cloudy,Dry,Daylight,Y,,45,Vehicle - Pedalcyclist,521376,N,Washington,47.72290005079565,-122.29635851818544
Intersection,1ST AVE NE AND NE 63RD ST,2,Injury Collision,Cycles,2,0,1,1,1,0,0,2014-05-20T00:00:00.000Z,5/20/2014 7:00:00 AM,At Intersection (intersection related),51.0,PEDALCYCLIST STRUCK MOTOR VEHICLE FRONT END AT ANGLE,,N,Clear or Partly Cloudy,Dry,Daylight,,Y,45,Vehicle - Pedalcyclist,0,N,Washington,47.67439945258501,-122.32817890909863
Intersection,GREENWOOD AVE N AND N 39TH ST,2b,Serious Injury Collision,Cycles,2,0,1,1,1,1,0,2014-05-08T00:00:00.000Z,5/8/2014 5:39:00 PM,At Intersection (intersection related),18.0,"MOTOR VEHICLE STRUCK PEDALCYCLIST, FRONT END AT ANGLE",,N,Overcast,Wet,Daylight,Y,,45,Vehicle - Pedalcyclist,0,N,Washington,47.654153376204775,-122.35548709593456
Block,18TH AVE S BETWEEN S ORCAS ST AND S JUNEAU ST,2,Injury Collision,Cycles,2,0,1,1,1,0,0,2014-05-30T00:00:00.000Z,5/30/2014 5:45:00 PM,Driveway Junction,18.0,"MOTOR VEHICLE STRUCK PEDALCYCLIST, FRONT END AT ANGLE",Y,N,Clear or Partly Cloudy,Dry,Daylight,,,45,Vehicle - Pedalcyclist,0,N,Washington,47.55058510640357,-122.30989504900342
Intersection,SUMMIT AVE AND E PINE ST,2b,Serious Injury Collision,Cycles,2,0,1,1,1,1,0,2014-05-27T00:00:00.000Z,5/27/2014 9:58:00 AM,At Intersection (intersection related),18.0,"MOTOR VEHICLE STRUCK PEDALCYCLIST, FRONT END AT ANGLE",,N,Clear or Partly Cloudy,Dry,Daylight,Y,,45,Vehicle - Pedalcyclist,0,N,Washington,47.615218748198224,-122.32552884050469
Intersection,ALASKAN WAY AND MARION ST,2,Injury Collision,Cycles,2,1,1,0,2,0,0,2014-06-05T00:00:00.000Z,6/5/2014 5:29:00 PM,At Intersection (intersection related),64.0,PEDALCYCLIST STRUCK PEDESTRIAN,,N,Clear or Partly Cloudy,Dry,Daylight,Y,,45,Vehicle - Pedalcyclist,522401,N,Washington,47.603060582729206,-122.33778754563215
Block,ALASKAN WAY S BETWEEN YESLER WAY AND PIER 48 ACCESS RD,2,Injury Collision,Cycles,2,0,1,1,1,0,0,2014-06-17T00:00:00.000Z,6/17/2014 5:23:00 AM,Mid-Block (not related to intersection),51.0,PEDALCYCLIST STRUCK MOTOR VEHICLE FRONT END AT ANGLE,,N,Overcast,Wet,Dawn,,,45,Vehicle - Pedalcyclist,0,N,Washington,47.60118905259915,-122.33612227328062
Block,YALE AVE N BETWEEN THOMAS ST AND HARRISON ST,2,Injury Collision,Cycles,3,0,1,1,1,0,0,2014-06-06T00:00:00.000Z,6/6/2014 11:26:00 AM,Driveway Junction,51.0,PEDALCYCLIST STRUCK MOTOR VEHICLE FRONT END AT ANGLE,Y,N,Clear or Partly Cloudy,Dry,Daylight,,,45,Vehicle - Pedalcyclist,0,N,Washington,47.62139465205714,-122.33042621551488
Block,S JACKSON ST BETWEEN MAYNARD AVE S AND 7TH AVE S,2b,Serious Injury Collision,Cycles,1,0,1,0,1,1,0,2014-06-16T00:00:00.000Z,6/16/2014 11:24:00 AM,Mid-Block (not related to intersection),69.0,PEDALCYCLIST OVERTURNED IN ROAD,,N,Overcast,Wet,Daylight,,,45,Vehicle - Pedalcyclist,0,N,Washington,47.599189682151184,-122.32440465140651
Intersection,12TH AVE AND E ALDER ST,2,Injury Collision,Cycles,2,0,1,1,1,0,0,2014-04-30T00:00:00.000Z,4/30/2014 4:54:00 PM,At Intersection (intersection related),18.0,"MOTOR VEHICLE STRUCK PEDALCYCLIST, FRONT END AT ANGLE",,N,Clear or Partly Cloudy,Dry,Daylight,,,45,Vehicle - Pedalcyclist,0,N,Washington,47.60436038491066,-122.31678113297993
Block,WEST GREEN LAKE WAY N BETWEEN GREEN LAKE TURN RD AND N 63RD ST,2,Injury Collision,Cycles,2,0,1,1,1,0,0,2014-05-01T00:00:00.000Z,5/1/2014 5:30:00 PM,Driveway Junction,18.0,"MOTOR VEHICLE STRUCK PEDALCYCLIST, FRONT END AT ANGLE",,N,Clear or Partly Cloudy,Dry,Daylight,Y,,45,Vehicle - Pedalcyclist,0,N,Washington,47.67152758285863,-122.34368645665613
Block,EAST GREEN LAKE WAY N BETWEEN 2ND AVE NE AND 4TH AVE NE,2,Injury Collision,Cycles,2,0,1,1,1,0,0,2014-05-01T00:00:00.000Z,5/1/2014 6:34:00 PM,Mid-Block (but intersection related),18.0,"MOTOR VEHICLE STRUCK PEDALCYCLIST, FRONT END AT ANGLE",,N,Clear or Partly Cloudy,Dry,Daylight,,,45,Vehicle - Pedalcyclist,0,N,Washington,47.67843998617093,-122.32716208387451
Intersection,FREMONT AVE N AND N 45TH ST,2,Injury Collision,Cycles,2,0,1,1,1,0,0,2014-05-19T00:00:00.000Z,5/19/2014 6:07:00 PM,At Intersection (intersection related),18.0,"MOTOR VEHICLE STRUCK PEDALCYCLIST, FRONT END AT ANGLE",,N,Clear or Partly Cloudy,Dry,Daylight,Y,,45,Vehicle - Pedalcyclist,0,N,Washington,47.66139442661329,-122.35003951084462
Block,E JOHN ST BETWEEN 13TH AVE E AND 14TH AVE E,2,Injury Collision,Cycles,2,0,1,1,1,0,0,2014-05-10T00:00:00.000Z,5/10/2014 2:29:00 PM,Mid-Block (not related to intersection),51.0,PEDALCYCLIST STRUCK MOTOR VEHICLE FRONT END AT ANGLE,Y,N,Clear or Partly Cloudy,Dry,Daylight,,,45,Vehicle - Pedalcyclist,0,N,Washington,47.619950950865686,-122.3149698510982
Intersection,ALASKAN E RDWY WAY S AND S MAIN ST,2,Injury Collision,Cycles,2,0,1,1,1,0,0,2014-06-04T00:00:00.000Z,6/4/2014 5:29:00 PM,At Intersection (intersection related),51.0,PEDALCYCLIST STRUCK MOTOR VEHICLE FRONT END AT ANGLE,,N,Clear or Partly Cloudy,Dry,Daylight,Y,,45,Vehicle - Pedalcyclist,0,N,Washington,47.600046222855894,-122.33546646340382
,,2,Injury Collision,Cycles,2,0,1,1,1,0,0,2014-05-30T00:00:00.000Z,5/30/2014 8:50:00 AM,At Intersection (intersection related),0.0,NOT ENOUGH INFORMATION / NOT APPLICABLE,Y,N,Clear or Partly Cloudy,Dry,Daylight,,,45,Vehicle - Pedalcyclist,0,N,Washington,,
Block,NE 45TH ST RP BETWEEN MONTLAKE BLVD NE AND NE 45TH ST,2,Injury Collision,Cycles,2,0,1,1,1,0,0,2014-05-13T00:00:00.000Z,5/13/2014 10:58:00 AM,Mid-Block (not related to intersection),51.0,PEDALCYCLIST STRUCK MOTOR VEHICLE FRONT END AT ANGLE,Y,N,Clear or Partly Cloudy,Dry,Daylight,,,45,Vehicle - Pedalcyclist,0,N,Washington,47.66097420692446,-122.2991519502568
Block,LAKE WASHINGTON BLVD S BETWEEN 43RD AVE S AND 46TH AVE S,2,Injury Collision,Cycles,2,0,2,0,2,0,0,2014-05-10T00:00:00.000Z,5/10/2014 9:21:00 AM,Mid-Block (not related to intersection),61.0,PEDALCYCLIST STRUCK PEDALCYCLIST REAR END,,N,Clear or Partly Cloudy,Dry,Daylight,,,45,Vehicle - Pedalcyclist,0,N,Washington,47.57002059923522,-122.27835128600842
Block,LAKE CITY WAY NE BETWEEN NE 89TH ST AND NE 90TH ST,2,Injury Collision,Cycles,2,0,1,1,1,0,0,2014-04-21T00:00:00.000Z,4/21/2014 4:32:00 PM,Driveway Junction,18.0,"MOTOR VEHICLE STRUCK PEDALCYCLIST, FRONT END AT ANGLE",,N,Overcast,Dry,Daylight,Y,,45,Vehicle - Pedalcyclist,0,N,Washington,47.69347500854904,-122.30547684336919
Intersection,12TH AVE AND E YESLER WAY,2b,Serious Injury Collision,Cycles,2,0,1,0,2,1,0,2014-06-09T00:00:00.000Z,6/9/2014 8:55:00 PM,At Intersection (but not related to intersection),26.0,MOTOR VEHICLE STRUCK OBJECT IN ROAD,,N,Clear or Partly Cloudy,Dry,Dusk,,,45,Vehicle - Pedalcyclist,0,N,Washington,47.60169336783193,-122.31678189326038
Intersection,DEXTER AVE N AND REPUBLICAN ST,2,Injury Collision,Cycles,2,0,1,1,1,0,0,2014-04-29T00:00:00.000Z,4/29/2014 5:41:00 PM,At Intersection (intersection related),51.0,PEDALCYCLIST STRUCK MOTOR VEHICLE FRONT END AT ANGLE,Y,N,Clear or Partly Cloudy,Dry,Daylight,Y,,45,Vehicle - Pedalcyclist,0,N,Washington,47.62322375030086,-122.34236126738043
Block,12TH AVE E BETWEEN E DENNY WAY AND E JOHN ST,2,Injury Collision,Cycles,2,0,1,1,1,0,0,2014-08-20T00:00:00.000Z,8/20/2014 7:15:00 AM,Mid-Block (not related to intersection),18.0,"MOTOR VEHICLE STRUCK PEDALCYCLIST, FRONT END AT ANGLE",Y,N,Overcast,Dry,Daylight,,,45,Vehicle - Pedalcyclist,0,N,Washington,47.619351210060174,-122.31691908441064
Intersection,ROY ST AND TAYLOR AVE N,1,Property Damage Only Collision,Cycles,2,0,1,1,0,0,0,2014-09-30T00:00:00.000Z,9/30/2014 2:05:00 PM,At Intersection (intersection related),51.0,PEDALCYCLIST STRUCK MOTOR VEHICLE FRONT END AT ANGLE,,N,Clear or Partly Cloudy,Dry,Daylight,,,45,Vehicle - Pedalcyclist,0,N,Washington,47.625418103081856,-122.34625917417348
Block,DEXTER AVE N BETWEEN WHEELER ST AND HALLADAY ST,2,Injury Collision,Cycles,2,0,1,1,1,0,0,2014-09-23T00:00:00.000Z,9/23/2014 7:56:00 AM,Mid-Block (not related to intersection),51.0,PEDALCYCLIST STRUCK MOTOR VEHICLE FRONT END AT ANGLE,Y,N,Overcast,Dry,Daylight,,,45,Vehicle - Pedalcyclist,0,N,Washington,47.641577698231615,-122.34467325072448
Block,WESTLAKE EAST RDWY AVE N BETWEEN HIGHLAND DR AND COMSTOCK ST,1,Property Damage Only Collision,Cycles,2,0,1,1,0,0,0,2014-08-26T00:00:00.000Z,8/26/2014 6:35:00 PM,Mid-Block (not related to intersection),54.0,PEDALCYCLIST STRUCK MOTOR VEHICLE REAR END,Y,N,Clear or Partly Cloudy,Dry,Daylight,,,45,Vehicle - Pedalcyclist,0,N,Washington,47.63026295219018,-122.34074680289525
Intersection,20TH AVE AND E MADISON ST,1,Property Damage Only Collision,Cycles,2,0,1,1,0,0,0,2014-09-30T00:00:00.000Z,9/30/2014 7:27:00 PM,At Intersection (intersection related),11.0,"MOTOR VEHICLE STRUCK MOTOR VEHICLE, FRONT END AT ANGLE",Y,N,Clear or Partly Cloudy,,Dark - Street Lights On,,,45,Vehicle - Pedalcyclist,0,N,Washington,47.617263315915444,-122.3061364414528
Intersection,DEXTER AVE N AND LEE ST,2,Injury Collision,Cycles,2,0,1,1,1,0,0,2014-08-25T00:00:00.000Z,8/25/2014 1:32:00 PM,At Intersection (intersection related),18.0,"MOTOR VEHICLE STRUCK PEDALCYCLIST, FRONT END AT ANGLE",,N,Clear or Partly Cloudy,Dry,Daylight,,,45,Vehicle - Pedalcyclist,0,N,Washington,47.63141078139122,-122.34228891714687
Block,2ND AVE BETWEEN UNION ST AND PIKE ST,2,Injury Collision,Cycles,2,0,1,1,1,0,0,2014-10-08T00:00:00.000Z,10/8/2014 8:10:00 AM,Driveway Junction,18.0,"MOTOR VEHICLE STRUCK PEDALCYCLIST, FRONT END AT ANGLE",,N,Clear or Partly Cloudy,Dry,Daylight,Y,,45,Vehicle - Pedalcyclist,0,N,Washington,47.60878749220817,-122.33844845839597
Intersection,24TH AVE E AND E CALHOUN ST,2,Injury Collision,Cycles,2,0,1,1,1,0,0,2014-10-17T00:00:00.000Z,10/17/2014 8:00:00 AM,At Intersection (intersection related),18.0,"MOTOR VEHICLE STRUCK PEDALCYCLIST, FRONT END AT ANGLE",,N,Raining,Wet,Unknown,,,45,Vehicle - Pedalcyclist,0,N,Washington,47.640988344698684,-122.30206548742404
Block,SW THISTLE ST BETWEEN 26TH AVE SW AND 27TH AVE SW,2,Injury Collision,Cycles,3,0,1,1,1,0,0,2014-10-02T00:00:00.000Z,10/2/2014 8:29:00 AM,Mid-Block (not related to intersection),51.0,PEDALCYCLIST STRUCK MOTOR VEHICLE FRONT END AT ANGLE,,N,Clear or Partly Cloudy,Dry,Daylight,,,45,Vehicle - Pedalcyclist,0,N,Washington,47.52828075533183,-122.36652818911436
Intersection,BELMONT AVE E AND E ROY ST,2,Injury Collision,Cycles,5,0,1,1,1,0,0,2014-08-23T00:00:00.000Z,8/23/2014 5:49:00 PM,At Intersection (intersection related),18.0,"MOTOR VEHICLE STRUCK PEDALCYCLIST, FRONT END AT ANGLE",,N,Clear or Partly Cloudy,Dry,Daylight,,,45,Vehicle - Pedalcyclist,0,N,Washington,47.625118091904156,-122.3240414064862
Intersection,12TH AVE AND E MADISON ST,2,Injury Collision,Cycles,2,0,1,1,1,0,0,2014-08-22T00:00:00.000Z,8/22/2014 9:18:00 PM,At Intersection (intersection related),51.0,PEDALCYCLIST STRUCK MOTOR VEHICLE FRONT END AT ANGLE,Y,N,Clear or Partly Cloudy,Dry,Dark - Street Lights On,Y,,45,Vehicle - Pedalcyclist,0,N,Washington,47.61288923577013,-122.31673339075188
Block,HARBOR AVE SW BETWEEN SW MARYLAND PL AND CALIFORNIA WAY SW,2,Injury Collision,Cycles,2,0,1,1,1,0,0,2014-09-01T00:00:00.000Z,9/1/2014 10:20:00 AM,Driveway Junction,18.0,"MOTOR VEHICLE STRUCK PEDALCYCLIST, FRONT END AT ANGLE",,N,Clear or Partly Cloudy,Dry,Daylight,Y,,45,Vehicle - Pedalcyclist,0,N,Washington,47.59131555343195,-122.38237552698149
Intersection,DAYTON AVE N AND N 92ND ST,2,Injury Collision,Cycles,2,0,1,1,1,0,0,2014-09-10T00:00:00.000Z,9/10/2014 7:53:00 AM,At Intersection (intersection related),18.0,"MOTOR VEHICLE STRUCK PEDALCYCLIST, FRONT END AT ANGLE",,N,Overcast,Dry,Daylight,,,45,Vehicle - Pedalcyclist,0,N,Washington,47.69602018391888,-122.35266730761464
Intersection,MCGILVRA BLVD E AND E MADISON S ST,2,Injury Collision,Cycles,3,0,1,1,1,0,0,2014-08-27T00:00:00.000Z,8/27/2014 5:52:00 PM,At Intersection (intersection related),51.0,PEDALCYCLIST STRUCK MOTOR VEHICLE FRONT END AT ANGLE,,N,Clear or Partly Cloudy,Dry,Daylight,,,45,Vehicle - Pedalcyclist,0,N,Washington,47.63337181281477,-122.2815784935638
Intersection,DENNY WAY AND FAIRVIEW AVE,2,Injury Collision,Cycles,2,0,1,1,1,0,0,2014-09-24T00:00:00.000Z,9/24/2014 12:06:00 PM,At Intersection (intersection related),18.0,"MOTOR VEHICLE STRUCK PEDALCYCLIST, FRONT END AT ANGLE",,N,Overcast,Wet,Daylight,,,45,Vehicle - Pedalcyclist,522949,N,Washington,47.61851728831017,-122.33425488148924
Intersection,MELROSE AVE AND PINE ST,1,Property Damage Only Collision,Cycles,2,0,1,1,0,0,0,2014-08-26T00:00:00.000Z,8/26/2014 7:56:00 AM,At Intersection (intersection related),18.0,"MOTOR VEHICLE STRUCK PEDALCYCLIST, FRONT END AT ANGLE",,N,Clear or Partly Cloudy,Dry,Daylight,,,45,Vehicle - Pedalcyclist,0,N,Washington,47.61523842026632,-122.32790375541016
Block,AURORA AVE N BETWEEN N 85TH ST AND N 86TH ST,2,Injury Collision,Cycles,2,0,1,1,1,0,0,2014-10-02T00:00:00.000Z,10/2/2014 3:43:00 PM,Driveway Junction,18.0,"MOTOR VEHICLE STRUCK PEDALCYCLIST, FRONT END AT ANGLE",,N,Clear or Partly Cloudy,Dry,Daylight,Y,,45,Vehicle - Pedalcyclist,0,N,Washington,47.69092351869162,-122.34452620948551
Intersection,LINDEN AVE N AND N 135TH ST,2,Injury Collision,Cycles,2,0,1,1,1,0,0,2014-07-29T00:00:00.000Z,7/29/2014 7:41:00 PM,At Intersection (intersection related),11.0,"MOTOR VEHICLE STRUCK MOTOR VEHICLE, FRONT END AT ANGLE",,N,Clear or Partly Cloudy,Dry,Daylight,Y,,45,Vehicle - Pedalcyclist,0,N,Washington,47.726861271071044,-122.34771350764008
Block,6TH AVE BETWEEN OLIVE WAY AND STEWART ST,2,Injury Collision,Cycles,2,0,1,1,1,0,0,2014-09-02T00:00:00.000Z,9/2/2014 11:50:00 AM,Mid-Block (not related to intersection),18.0,"MOTOR VEHICLE STRUCK PEDALCYCLIST, FRONT END AT ANGLE",,N,Clear or Partly Cloudy,Dry,Daylight,Y,,45,Vehicle - Pedalcyclist,0,N,Washington,47.613375268453424,-122.33664679369764
Intersection,3RD AVE AND UNIVERSITY ST,2,Injury Collision,Cycles,2,0,1,1,1,0,0,2014-09-23T00:00:00.000Z,9/23/2014 1:41:00 PM,At Intersection (intersection related),18.0,"MOTOR VEHICLE STRUCK PEDALCYCLIST, FRONT END AT ANGLE",Y,N,Raining,Wet,Daylight,,,45,Vehicle - Pedalcyclist,0,N,Washington,47.60776317694084,-122.3359757939518
Intersection,CORLISS AVE N AND N NORTHGATE WAY,2,Injury Collision,Cycles,2,0,1,1,1,0,0,2014-09-01T00:00:00.000Z,9/1/2014 10:41:00 PM,At Intersection (intersection related),18.0,"MOTOR VEHICLE STRUCK PEDALCYCLIST, FRONT END AT ANGLE",Y,N,Clear or Partly Cloudy,Dry,Dark - Street Lights On,,,45,Vehicle - Pedalcyclist,525659,N,Washington,47.70864592480071,-122.33131365385418
Intersection,EAST GREEN LAKE DR N AND NE RAVENNA EB BV,2,Injury Collision,Cycles,2,0,1,1,1,0,0,2014-09-04T00:00:00.000Z,9/4/2014 11:49:00 AM,At Intersection (intersection related),18.0,"MOTOR VEHICLE STRUCK PEDALCYCLIST, FRONT END AT ANGLE",,N,Clear or Partly Cloudy,Dry,Daylight,,,45,Vehicle - Pedalcyclist,631431,N,Washington,47.67981701513979,-122.32571289789236
Intersection,22ND AVE AND E YESLER WAY,2,Injury Collision,Cycles,3,0,1,1,1,0,0,2014-09-10T00:00:00.000Z,9/10/2014 5:23:00 PM,At Intersection (intersection related),51.0,PEDALCYCLIST STRUCK MOTOR VEHICLE FRONT END AT ANGLE,,N,Clear or Partly Cloudy,Dry,Daylight,,,45,Vehicle - Pedalcyclist,0,N,Washington,47.601669275826524,-122.3037389353695
Intersection,AIRPORT WAY S AND CORSON AVE S,2,Injury Collision,Cycles,3,0,1,1,1,0,0,2014-08-25T00:00:00.000Z,8/25/2014 3:30:00 PM,At Intersection (intersection related),18.0,"MOTOR VEHICLE STRUCK PEDALCYCLIST, FRONT END AT ANGLE",,N,Clear or Partly Cloudy,Dry,Daylight,,,45,Vehicle - Pedalcyclist,522394,N,Washington,47.55208187898924,-122.3197539937272
Intersection,AIRPORT WAY S AND CORSON AVE S,2,Injury Collision,Cycles,3,0,1,1,1,0,0,2014-08-25T00:00:00.000Z,8/25/2014 3:46:00 PM,At Intersection (intersection related),24.0,MOTOR VEHCILE STRUCK PEDESTRIAN,,N,Clear or Partly Cloudy,Dry,Daylight,,,45,Vehicle - Pedalcyclist,522394,N,Washington,47.55208187898924,-122.3197539937272
Block,BROOKLYN AVE NE BETWEEN NE BOAT ST AND NE PACIFIC ST,1,Property Damage Only Collision,Cycles,2,0,1,1,0,0,0,2014-09-25T00:00:00.000Z,9/25/2014 9:00:00 AM,Driveway Junction,18.0,"MOTOR VEHICLE STRUCK PEDALCYCLIST, FRONT END AT ANGLE",,N,Raining,Wet,Daylight,,,45,Vehicle - Pedalcyclist,0,N,Washington,47.65270252981435,-122.31451186773344
Intersection,EASTLAKE AVE E AND FUHRMAN AVE E,1,Property Damage Only Collision,Cycles,2,0,1,1,0,0,0,2014-09-22T00:00:00.000Z,9/22/2014 8:31:00 AM,At Intersection (intersection related),51.0,PEDALCYCLIST STRUCK MOTOR VEHICLE FRONT END AT ANGLE,,N,Raining,Wet,Daylight,,,45,Vehicle - Pedalcyclist,0,N,Washington,47.65157827163786,-122.32127525687477