addrtype,location,severitycode,severitydesc,collisiontype,personcount,pedcount,pedcylcount,vehcount,injuries,seriousinjuries,fatalities,incdate,incdttm,junctiontype,sdot_colcode,sdot_coldesc,inattentionind,underinfl,weather,roadcond,lightcond,pedrownotgrnt,speeding,st_colcode,st_coldesc,crosswalkkey,hitparkedcar,state,latitude,longitude
Block,ALASKAN WAY BETWEEN WALL ST AND VINE ST,2,Injury Collision,Cycles,2,0,1,1,1,0,0,2014-08-02T00:00:00.000Z,8/2/2014 8:57:00 AM,Mid-Block (not related to intersection),18.0,"MOTOR VEHICLE STRUCK PEDALCYCLIST, FRONT END AT ANGLE",,N,Clear or Partly Cloudy,Wet,Daylight,Y,,45,Vehicle - Pedalcyclist,0,N,Washington,47.61307324584881,-122.3516778473316
Intersection,7TH AVE AND STEWART ST,2,Injury Collision,Cycles,2,0,1,1,1,0,0,2014-09-04T00:00:00.000Z,9/4/2014 5:38:00 PM,At Intersection (intersection related),18.0,"MOTOR VEHICLE STRUCK PEDALCYCLIST, FRONT END AT ANGLE",,N,Clear or Partly Cloudy,Dry,Daylight,Y,,45,Vehicle - Pedalcyclist,0,N,Washington,47.61428794696642,-122.33615476839044
Block,3RD AVE NW BETWEEN NW 62ND ST AND NW 65TH ST,2,Injury Collision,Cycles,4,0,1,1,1,0,0,2014-09-05T00:00:00.000Z,9/5/2014 5:30:00 PM,Mid-Block (not related to intersection),18.0,"MOTOR VEHICLE STRUCK PEDALCYCLIST, FRONT END AT ANGLE",,N,Clear or Partly Cloudy,Dry,Daylight,,,45,Vehicle - Pedalcyclist,0,N,Washington,47.675106489199756,-122.36077430236624
Intersection,CRAWFORD PL AND E PINE ST,1,Property Damage Only Collision,Cycles,2,0,1,1,0,0,0,2014-10-02T00:00:00.000Z,10/2/2014 12:11:00 PM,At Intersection (intersection related),51.0,PEDALCYCLIST STRUCK MOTOR VEHICLE FRONT END AT ANGLE,Y,N,Clear or Partly Cloudy,Dry,Daylight,,,45,Vehicle - Pedalcyclist,0,N,Washington,47.61521476137032,-122.32618642940209
Intersection,WINONA AVE N AND WEST GREEN LAKE DR N,2b,Serious Injury Collision,Cycles,2,0,1,1,1,1,0,2014-10-02T00:00:00.000Z,10/2/2014 7:11:00 PM,At Intersection (intersection related),18.0,"MOTOR VEHICLE STRUCK PEDALCYCLIST, FRONT END AT ANGLE",,N,Clear or Partly Cloudy,Dry,Dark - Street Lights On,,,45,Vehicle - Pedalcyclist,0,N,Washington,47.685131932406854,-122.33908871707249
Intersection,GREENWOOD AVE N AND N 79TH ST,2,Injury Collision,Cycles,3,0,1,1,1,0,0,2014-08-22T00:00:00.000Z,8/22/2014 6:14:00 PM,At Intersection (intersection related),51.0,PEDALCYCLIST STRUCK MOTOR VEHICLE FRONT END AT ANGLE,Y,N,Clear or Partly Cloudy,Dry,Daylight,,,45,Vehicle - Pedalcyclist,0,N,Washington,47.68621510938797,-122.3552991595014
Block,ALASKAN E RDWY WAY S BETWEEN S WASHINGTON ST AND S MAIN ST,2,Injury Collision,Cycles,3,0,1,1,1,0,0,2014-07-09T00:00:00.000Z,7/9/2014 6:01:00 PM,Mid-Block (but intersection related),18.0,"MOTOR VEHICLE STRUCK PEDALCYCLIST, FRONT END AT ANGLE",,N,Clear or Partly Cloudy,Dry,Daylight,,,45,Vehicle - Pedalcyclist,522619,N,Washington,47.600468985143365,-122.33545656679465
Block,S KING ST BETWEEN 1ST AVE S AND OCCIDENTAL W AVE S,2,Injury Collision,Parked Car,2,0,1,1,1,0,0,2014-07-17T00:00:00.000Z,7/17/2014 8:30:00 AM,,0.0,NOT ENOUGH INFORMATION / NOT APPLICABLE,Y,N,Clear or Partly Cloudy,Dry,Daylight,,,32,One parked--one moving,0,N,Washington,47.5982910012677,-122.33372831870614
Block,4TH AVE BETWEEN UNION ST AND PIKE ST,2b,Serious Injury Collision,Cycles,2,0,1,1,1,1,0,2014-08-14T00:00:00.000Z,8/14/2014 5:10:00 PM,Mid-Block (not related to intersection),51.0,PEDALCYCLIST STRUCK MOTOR VEHICLE FRONT END AT ANGLE,,N,Clear or Partly Cloudy,Dry,Daylight,,,45,Vehicle - Pedalcyclist,0,N,Washington,47.60971641324666,-122.33622826929388
Intersection,23RD AVE S AND S MASSACHUSETTS ST,2,Injury Collision,Cycles,5,0,1,1,1,0,0,2014-07-12T00:00:00.000Z,7/12/2014 1:47:00 PM,At Intersection (intersection related),18.0,"MOTOR VEHICLE STRUCK PEDALCYCLIST, FRONT END AT ANGLE",Y,N,Clear or Partly Cloudy,Dry,Daylight,,,45,Vehicle - Pedalcyclist,630858,N,Washington,47.58837465236202,-122.30259364639372
Intersection,15TH AVE NE AND NE 42ND ST,2,Injury Collision,Cycles,2,0,1,1,1,0,0,2014-07-21T00:00:00.000Z,7/21/2014 9:40:00 PM,At Intersection (intersection related),18.0,"MOTOR VEHICLE STRUCK PEDALCYCLIST, FRONT END AT ANGLE",,N,Overcast,Wet,Dark - Street Lights Off,,,45,Vehicle - Pedalcyclist,520846,N,Washington,47.65830145744997,-122.31207124969072
Intersection,8TH AVE NE AND NE 56TH ST,2,Injury Collision,Cycles,2,0,1,1,1,0,0,2014-07-22T00:00:00.000Z,7/22/2014 10:28:00 AM,At Intersection (intersection related),51.0,PEDALCYCLIST STRUCK MOTOR VEHICLE FRONT END AT ANGLE,,N,Overcast,Dry,Daylight,,,45,Vehicle - Pedalcyclist,0,N,Washington,47.66932091627975,-122.32010140002285
Block,1ST AVE BETWEEN MADISON ST AND SPRING ST,2,Injury Collision,Cycles,2,0,1,1,1,0,0,2014-07-25T00:00:00.000Z,7/25/2014 7:34:00 PM,Mid-Block (not related to intersection),54.0,PEDALCYCLIST STRUCK MOTOR VEHICLE REAR END,,N,Clear or Partly Cloudy,Dry,Daylight,,,45,Vehicle - Pedalcyclist,0,N,Washington,47.605050498390725,-122.33656362295595
Block,NE 42ND ST BETWEEN ROOSEVELT N WAY NE AND 11TH AVE NE,2,Injury Collision,Cycles,2,0,1,1,1,0,0,2014-07-14T00:00:00.000Z,7/14/2014 2:58:00 PM,Driveway Junction,51.0,PEDALCYCLIST STRUCK MOTOR VEHICLE FRONT END AT ANGLE,Y,N,Clear or Partly Cloudy,Dry,Daylight,,,45,Vehicle - Pedalcyclist,0,N,Washington,47.65836264753149,-122.31721991299187
Intersection,6TH AVE W AND W NICKERSON ST,2,Injury Collision,Cycles,2,0,1,1,1,0,0,2014-08-14T00:00:00.000Z,8/14/2014 4:00:00 PM,At Intersection (intersection related),51.0,PEDALCYCLIST STRUCK MOTOR VEHICLE FRONT END AT ANGLE,,N,Clear or Partly Cloudy,Dry,Daylight,,,45,Vehicle - Pedalcyclist,0,N,Washington,47.651637512610435,-122.36446198964885
Intersection,LAKE CITY WAY NE AND NE 95TH ST,2,Injury Collision,Cycles,3,0,1,1,1,0,0,2014-08-14T00:00:00.000Z,8/14/2014 7:53:00 PM,At Intersection (intersection related),18.0,"MOTOR VEHICLE STRUCK PEDALCYCLIST, FRONT END AT ANGLE",,N,Clear or Partly Cloudy,Dry,Daylight,,,45,Vehicle - Pedalcyclist,524607,N,Washington,47.69756885585338,-122.30546672471401
Intersection,12TH AVE S AND S WELLER ST,2,Injury Collision,Cycles,3,0,2,1,1,0,0,2014-08-14T00:00:00.000Z,8/14/2014 5:36:00 PM,At Intersection (intersection related),14.0,"MOTOR VEHICLE STRUCK MOTOR VEHICLE, REAR END",Y,N,Clear or Partly Cloudy,Dry,Daylight,,,45,Vehicle - Pedalcyclist,0,N,Washington,47.597499571589154,-122.31722672722155
Intersection,TROLL AVE N AND N 34TH ST,2,Injury Collision,Cycles,2,0,1,1,1,0,0,2014-09-16T00:00:00.000Z,9/16/2014 8:48:00 AM,At Intersection (intersection related),51.0,PEDALCYCLIST STRUCK MOTOR VEHICLE FRONT END AT ANGLE,,N,Overcast,Dry,Daylight,,,45,Vehicle - Pedalcyclist,0,N,Washington,47.64924012162934,-122.34741874332344
Intersection,5TH AVE AND PINE ST,2,Injury Collision,Cycles,2,0,1,1,1,0,0,2014-09-27T00:00:00.000Z,9/27/2014 2:05:00 PM,At Intersection (intersection related),18.0,"MOTOR VEHICLE STRUCK PEDALCYCLIST, FRONT END AT ANGLE",,N,Clear or Partly Cloudy,Dry,Daylight,,,45,Vehicle - Pedalcyclist,0,N,Washington,47.611672009747465,-122.33648396621885
Intersection,ROOSEVELT WAY NE AND NE 42ND S ST,2,Injury Collision,Cycles,3,0,1,1,1,0,0,2014-08-28T00:00:00.000Z,8/28/2014 7:08:00 AM,At Intersection (intersection related),51.0,PEDALCYCLIST STRUCK MOTOR VEHICLE FRONT END AT ANGLE,,N,Clear or Partly Cloudy,Dry,Daylight,Y,,45,Vehicle - Pedalcyclist,0,N,Washington,47.657514224809034,-122.317802129097
Intersection,10TH AVE E AND E JOHN ST,1,Property Damage Only Collision,Cycles,2,0,1,1,0,0,0,2014-08-28T00:00:00.000Z,8/28/2014 9:50:00 AM,At Intersection (intersection related),18.0,"MOTOR VEHICLE STRUCK PEDALCYCLIST, FRONT END AT ANGLE",,N,Overcast,Dry,Daylight,Y,,45,Vehicle - Pedalcyclist,0,N,Washington,47.61991719995634,-122.31953929246687
Intersection,KENWOOD PL N AND EAST GREEN LAKE WAY N,2,Injury Collision,Cycles,2,0,1,1,1,0,0,2014-09-23T00:00:00.000Z,9/23/2014 5:46:00 PM,At Intersection (intersection related),18.0,"MOTOR VEHICLE STRUCK PEDALCYCLIST, FRONT END AT ANGLE",,N,Raining,Wet,Daylight,Y,,45,Vehicle - Pedalcyclist,524207,N,Washington,47.67218409213922,-122.33762007249912
Intersection,24TH AVE NW AND NW 80TH ST,2,Injury Collision,Cycles,3,0,2,1,2,0,0,2014-10-10T00:00:00.000Z,10/10/2014 8:06:00 PM,At Intersection (intersection related),18.0,"MOTOR VEHICLE STRUCK PEDALCYCLIST, FRONT END AT ANGLE",,N,Overcast,Dry,Dark - Street Lights On,Y,,45,Vehicle - Pedalcyclist,520932,N,Washington,47.686802765005744,-122.38759277034792
Block,FREMONT AVE N BETWEEN N 34TH ST AND FREMONT PL N,2,Injury Collision,Cycles,2,0,1,1,1,0,0,2014-08-14T00:00:00.000Z,8/14/2014 6:31:00 PM,Mid-Block (not related to intersection),51.0,PEDALCYCLIST STRUCK MOTOR VEHICLE FRONT END AT ANGLE,Y,N,Overcast,Dry,Daylight,,,45,Vehicle - Pedalcyclist,0,N,Washington,47.650009011318424,-122.34979103435668
Intersection,30TH AVE NE AND NE 125TH ST,2,Injury Collision,Cycles,2,0,1,1,1,0,0,2014-09-03T00:00:00.000Z,9/3/2014 3:01:00 PM,At Intersection (intersection related),18.0,"MOTOR VEHICLE STRUCK PEDALCYCLIST, FRONT END AT ANGLE",,N,Clear or Partly Cloudy,Dry,Daylight,,,45,Vehicle - Pedalcyclist,524529,N,Washington,47.71928489101692,-122.29631399597628
Block,EAST GREEN LAKE WAY N BETWEEN 4TH AVE NE AND NE RAVENNA SR BV,2,Injury Collision,Cycles,2,0,1,1,1,0,0,2014-09-01T00:00:00.000Z,9/1/2014 2:20:00 PM,Mid-Block (not related to intersection),18.0,"MOTOR VEHICLE STRUCK PEDALCYCLIST, FRONT END AT ANGLE",Y,N,Clear or Partly Cloudy,Dry,,,,45,Vehicle - Pedalcyclist,0,N,Washington,47.678712582189725,-122.32652875674695
Block,FAIRVIEW AVE N BETWEEN THOMAS ST AND HARRISON ST,2,Injury Collision,Cycles,2,0,1,1,1,0,0,2014-10-01T00:00:00.000Z,10/1/2014 4:30:00 PM,Mid-Block (not related to intersection),51.0,PEDALCYCLIST STRUCK MOTOR VEHICLE FRONT END AT ANGLE,Y,N,Clear or Partly Cloudy,Dry,Daylight,,,45,Vehicle - Pedalcyclist,0,N,Washington,47.621418160466824,-122.33427101162943
Intersection,5TH AVE AND DENNY WAY,2,Injury Collision,Cycles,5,0,1,1,1,0,0,2014-10-09T00:00:00.000Z,10/9/2014 8:06:00 PM,At Intersection (intersection related),51.0,PEDALCYCLIST STRUCK MOTOR VEHICLE FRONT END AT ANGLE,Y,N,Clear or Partly Cloudy,Dry,Dark - Street Lights On,,,45,Vehicle - Pedalcyclist,0,N,Washington,47.61857115521136,-122.34762113856493
Block,3RD AVE BETWEEN WALL ST AND VINE ST,2,Injury Collision,Cycles,0,0,1,1,1,0,0,2014-08-03T00:00:00.000Z,8/3/2014 11:31:00 AM,Mid-Block (not related to intersection),21.0,"MOTOR VEHICLE STRUCK PEDALCYCLIST, REAR END",,N,Clear or Partly Cloudy,Dry,Daylight,,,45,Vehicle - Pedalcyclist,0,N,Washington,47.61630150568959,-122.34749461550705
Intersection,2ND AVE AND UNIVERSITY ST,3,Fatality Collision,Cycles,3,0,1,1,0,0,1,2014-08-29T00:00:00.000Z,8/29/2014 8:46:00 AM,At Intersection (intersection related),18.0,"MOTOR VEHICLE STRUCK PEDALCYCLIST, FRONT END AT ANGLE",,N,Clear or Partly Cloudy,Dry,Daylight,,,45,Vehicle - Pedalcyclist,0,N,Washington,47.60729905819726,-122.33708679815666
Block,7TH AVE BETWEEN DEXTER AVE AND BATTERY ST,2,Injury Collision,Cycles,2,0,2,0,2,0,0,2014-09-17T00:00:00.000Z,9/17/2014 7:40:00 AM,Mid-Block (not related to intersection),58.0,PEDALCYCLIST STRUCK PEDALCYCLIST FRONT END AT ANGLE,,N,,,,,,45,Vehicle - Pedalcyclist,0,N,Washington,47.618058892250794,-122.34253044576096
Intersection,15TH AVE NW AND NW 56TH ST,2,Injury Collision,Cycles,3,0,1,1,1,0,0,2014-10-12T00:00:00.000Z,10/12/2014 12:06:00 PM,At Intersection (intersection related),18.0,"MOTOR VEHICLE STRUCK PEDALCYCLIST, FRONT END AT ANGLE",Y,N,Clear or Partly Cloudy,Dry,Daylight,,,45,Vehicle - Pedalcyclist,0,N,Washington,47.66944247327879,-122.37621377352508
Intersection,12TH AVE AND E SPRUCE ST,2,Injury Collision,Cycles,2,0,1,1,1,0,0,2014-10-10T00:00:00.000Z,10/10/2014 5:33:00 PM,At Intersection (intersection related),18.0,"MOTOR VEHICLE STRUCK PEDALCYCLIST, FRONT END AT ANGLE",,N,Clear or Partly Cloudy,Dry,Daylight,,,45,Vehicle - Pedalcyclist,0,N,Washington,47.603514160000714,-122.31678152406286
Block,UNIVERSITY WAY NE BETWEEN NE CAMPUS WB PY AND NE 41ST ST,2,Injury Collision,Cycles,2,0,1,1,1,0,0,2014-09-03T00:00:00.000Z,9/3/2014 5:30:00 PM,Mid-Block (not related to intersection),51.0,PEDALCYCLIST STRUCK MOTOR VEHICLE FRONT END AT ANGLE,,N,Clear or Partly Cloudy,Dry,Daylight,,,45,Vehicle - Pedalcyclist,0,N,Washington,47.65652344664521,-122.3132541598248
Intersection,3RD AVE NW AND NW 87TH N ST,2,Injury Collision,Cycles,2,0,1,1,1,0,0,2014-08-25T00:00:00.000Z,8/25/2014 1:34:00 PM,At Intersection (intersection related),51.0,PEDALCYCLIST STRUCK MOTOR VEHICLE FRONT END AT ANGLE,,N,Clear or Partly Cloudy,Dry,Daylight,Y,,45,Vehicle - Pedalcyclist,0,N,Washington,47.69244889586413,-122.36066224664856
Intersection,STEWART ST AND YALE AVE N,2b,Serious Injury Collision,Cycles,3,0,1,1,1,1,0,2014-07-08T00:00:00.000Z,7/8/2014 7:32:00 PM,At Intersection (intersection related),51.0,PEDALCYCLIST STRUCK MOTOR VEHICLE FRONT END AT ANGLE,,N,Clear or Partly Cloudy,Dry,Daylight,,,45,Vehicle - Pedalcyclist,0,N,Washington,47.61872749008836,-122.33041260400068
Intersection,41ST AVE SW AND SW ALASKA ST,2,Injury Collision,Cycles,2,0,1,1,1,0,0,2014-07-28T00:00:00.000Z,7/28/2014 2:58:00 PM,At Intersection (intersection related),51.0,PEDALCYCLIST STRUCK MOTOR VEHICLE FRONT END AT ANGLE,Y,N,Clear or Partly Cloudy,Dry,Daylight,,,45,Vehicle - Pedalcyclist,0,N,Washington,47.561064192818954,-122.38413694123646
Intersection,15TH AVE NW AND NW 75TH ST,2,Injury Collision,Cycles,2,0,1,1,1,0,0,2014-08-02T00:00:00.000Z,8/2/2014 10:34:00 AM,At Intersection (intersection related),11.0,"MOTOR VEHICLE STRUCK MOTOR VEHICLE, FRONT END AT ANGLE",Y,N,Clear or Partly Cloudy,Dry,Daylight,,,45,Vehicle - Pedalcyclist,0,N,Washington,47.683237918990315,-122.37678003461723
Intersection,BOREN AVE AND OLIVE WAY,2,Injury Collision,Cycles,2,0,1,1,1,0,0,2014-08-01T00:00:00.000Z,8/1/2014 9:14:00 PM,At Intersection (intersection related),18.0,"MOTOR VEHICLE STRUCK PEDALCYCLIST, FRONT END AT ANGLE",,N,Clear or Partly Cloudy,Dry,Dark - Street Lights On,,,45,Vehicle - Pedalcyclist,0,N,Washington,47.615449718161365,-122.33072969571377
Intersection,4TH AVE S AND S SPOKANE NR ST,2b,Serious Injury Collision,Cycles,2,0,1,1,1,1,0,2014-08-04T00:00:00.000Z,8/4/2014 3:10:00 PM,At Intersection (intersection related),18.0,"MOTOR VEHICLE STRUCK PEDALCYCLIST, FRONT END AT ANGLE",,N,Clear or Partly Cloudy,Dry,Daylight,,,45,Vehicle - Pedalcyclist,0,N,Washington,47.57167786557226,-122.32910307590654
Intersection,MELROSE AVE AND PINE ST,2,Injury Collision,Cycles,2,0,1,1,1,0,0,2014-07-17T00:00:00.000Z,7/17/2014 8:46:00 AM,At Intersection (intersection related),18.0,"MOTOR VEHICLE STRUCK PEDALCYCLIST, FRONT END AT ANGLE",,N,Clear or Partly Cloudy,Dry,Daylight,,,45,Vehicle - Pedalcyclist,0,N,Washington,47.61523842026632,-122.32790375541016
Block,W EMERSON PL BETWEEN FISHERMAN TERM DR AND 21ST AVE W,2,Injury Collision,Cycles,2,0,1,1,1,0,0,2014-06-26T00:00:00.000Z,6/26/2014 9:03:00 PM,Mid-Block (but intersection related),18.0,"MOTOR VEHICLE STRUCK PEDALCYCLIST, FRONT END AT ANGLE",,N,Clear or Partly Cloudy,Dry,Dusk,,,45,Vehicle - Pedalcyclist,525463,N,Washington,47.654977745071754,-122.38222576353505
Intersection,35TH AVE S AND S EDMUNDS ST,2b,Serious Injury Collision,Cycles,2,0,1,1,1,1,0,2014-08-15T00:00:00.000Z,8/15/2014 6:00:00 PM,At Intersection (intersection related),51.0,PEDALCYCLIST STRUCK MOTOR VEHICLE FRONT END AT ANGLE,,N,Unknown,Dry,Daylight,,,45,Vehicle - Pedalcyclist,0,N,Washington,47.55866289795618,-122.2888178742597
Intersection,33RD AVE NE AND NE 125TH ST,2,Injury Collision,Cycles,2,0,1,1,1,0,0,2014-06-30T00:00:00.000Z,6/30/2014 6:18:00 AM,At Intersection (intersection related),18.0,"MOTOR VEHICLE STRUCK PEDALCYCLIST, FRONT END AT ANGLE",Y,N,Clear or Partly Cloudy,Dry,Dawn,,,45,Vehicle - Pedalcyclist,0,N,Washington,47.7192646708864,-122.2927297606112
Block,HARVARD AVE E BETWEEN E ALLISON ST AND EASTLAKE AVE E,2,Injury Collision,Cycles,2,0,1,1,1,0,0,2014-07-15T00:00:00.000Z,7/15/2014 7:40:00 AM,Mid-Block (not related to intersection),69.0,PEDALCYCLIST OVERTURNED IN ROAD,Y,N,Clear or Partly Cloudy,Dry,Daylight,,,45,Vehicle - Pedalcyclist,0,N,Washington,47.64961353826936,-122.32209673575213
Intersection,ELLIOTT AVE W AND WESTERN AVE W,2b,Serious Injury Collision,Cycles,2,0,1,1,1,1,0,2014-07-29T00:00:00.000Z,7/29/2014 7:21:00 PM,At Intersection (intersection related),0.0,NOT ENOUGH INFORMATION / NOT APPLICABLE,Y,N,Clear or Partly Cloudy,Dry,Dusk,,,45,Vehicle - Pedalcyclist,0,N,Washington,47.62066370751101,-122.3609283853473
Intersection,12TH AVE AND E YESLER WAY,2,Injury Collision,Cycles,2,0,1,1,1,0,0,2014-08-19T00:00:00.000Z,8/19/2014 11:40:00 PM,At Intersection (intersection related),18.0,"MOTOR VEHICLE STRUCK PEDALCYCLIST, FRONT END AT ANGLE",Y,N,Clear or Partly Cloudy,Dry,Dark - Street Lights On,Y,,45,Vehicle - Pedalcyclist,0,N,Washington,47.60169336783193,-122.31678189326038
Block,5TH AVE NE BETWEEN NE 100TH ST AND NE 102ND ST,2,Injury Collision,Cycles,2,0,1,1,1,0,0,2014-06-30T00:00:00.000Z,6/30/2014 7:13:00 PM,Mid-Block (not related to intersection),18.0,"MOTOR VEHICLE STRUCK PEDALCYCLIST, FRONT END AT ANGLE",,N,Clear or Partly Cloudy,Dry,Daylight,,,45,Vehicle - Pedalcyclist,0,N,Washington,47.70177730970894,-122.32313249088392
Block,DEXTER AVE N BETWEEN GALER ST AND GARFIELD S ST,2,Injury Collision,Cycles,2,0,1,1,1,0,0,2014-07-07T00:00:00.000Z,7/7/2014 7:06:00 PM,Mid-Block (not related to intersection),51.0,PEDALCYCLIST STRUCK MOTOR VEHICLE FRONT END AT ANGLE,Y,N,Clear or Partly Cloudy,Dry,Daylight,,,45,Vehicle - Pedalcyclist,0,N,Washington,47.63264823377836,-122.34228187849388
Block,WESTERN AVE W BETWEEN 2ND AVE W AND ELLIOTT ER AVE W,1,Property Damage Only Collision,Cycles,2,0,1,1,0,0,0,2014-07-15T00:00:00.000Z,7/15/2014 8:30:00 AM,Mid-Block (not related to intersection),23.0,"MOTOR VEHICLE STRUCK PEDALCYCLIST, LEFT SIDE SIDESWIPE",Y,N,Clear or Partly Cloudy,Dry,Daylight,,,45,Vehicle - Pedalcyclist,0,N,Washington,47.61998597731201,-122.35969870901165
Block,BLANCHARD ST BETWEEN 5TH AVE AND 6TH AVE,2,Injury Collision,Left Turn,2,0,1,1,1,0,0,2014-07-14T00:00:00.000Z,7/14/2014 8:45:00 AM,Mid-Block (but intersection related),18.0,"MOTOR VEHICLE STRUCK PEDALCYCLIST, FRONT END AT ANGLE",,N,Clear or Partly Cloudy,Dry,Daylight,Y,,15,From same direction - one left turn - one straight,0,N,Washington,47.61559629873536,-122.34134630782957
Block,11TH AVE NE BETWEEN NE 56TH ST AND NE RAVENNA EB BV,2,Injury Collision,Cycles,2,0,1,1,1,0,0,2014-08-01T00:00:00.000Z,8/1/2014 2:17:00 PM,Mid-Block (not related to intersection),18.0,"MOTOR VEHICLE STRUCK PEDALCYCLIST, FRONT END AT ANGLE",Y,N,Overcast,Dry,Daylight,Y,,45,Vehicle - Pedalcyclist,0,N,Washington,47.67059462907367,-122.31628657104292
Block,BROAD ST BETWEEN 3RD AVE AND DENNY WAY,2,Injury Collision,Cycles,2,0,1,1,1,0,0,2014-07-24T00:00:00.000Z,7/24/2014 7:30:00 AM,Mid-Block (not related to intersection),51.0,PEDALCYCLIST STRUCK MOTOR VEHICLE FRONT END AT ANGLE,,N,Overcast,Wet,Daylight,,,45,Vehicle - Pedalcyclist,0,N,Washington,47.61841384894437,-122.350572611167
Block,SHILSHOLE AVE NW BETWEEN 20TH AVE NW AND NW VERNON PL,2,Injury Collision,Cycles,4,0,1,1,1,0,0,2014-06-22T00:00:00.000Z,6/22/2014 11:34:00 AM,Mid-Block (not related to intersection),51.0,PEDALCYCLIST STRUCK MOTOR VEHICLE FRONT END AT ANGLE,Y,N,Clear or Partly Cloudy,Dry,Daylight,,,45,Vehicle - Pedalcyclist,0,N,Washington,47.66508372643037,-122.38310489183736
Intersection,ROOSEVELT WAY NE AND NE 125TH N ST,2,Injury Collision,Cycles,2,0,1,1,1,0,0,2014-07-12T00:00:00.000Z,7/12/2014 7:20:00 PM,At Intersection (intersection related),51.0,PEDALCYCLIST STRUCK MOTOR VEHICLE FRONT END AT ANGLE,,N,Clear or Partly Cloudy,Dry,Daylight,,,45,Vehicle - Pedalcyclist,520783,N,Washington,47.71974505042597,-122.31813230805237
Block,26TH AVE BETWEEN E FIR ST AND E ALDER ST,2,Injury Collision,Cycles,2,0,1,1,1,0,0,2014-07-05T00:00:00.000Z,7/5/2014 7:00:00 PM,Mid-Block (not related to intersection),54.0,PEDALCYCLIST STRUCK MOTOR VEHICLE REAR END,Y,N,Overcast,Dry,Daylight,,,45,Vehicle - Pedalcyclist,0,N,Washington,47.60347707554272,-122.29890750392012
Intersection,EASTLAKE AVE NE AND ROOSEVELT WAY NE,2,Injury Collision,Cycles,2,0,1,1,1,0,0,2014-07-10T00:00:00.000Z,7/10/2014 3:19:00 PM,At Intersection (intersection related),18.0,"MOTOR VEHICLE STRUCK PEDALCYCLIST, FRONT END AT ANGLE",,N,Clear or Partly Cloudy,Dry,Daylight,Y,,45,Vehicle - Pedalcyclist,0,N,Washington,47.65601781707297,-122.3178415886374
Intersection,ALASKAN WAY S AND S KING ST,2,Injury Collision,Cycles,2,0,1,1,1,0,0,2014-07-29T00:00:00.000Z,7/29/2014 2:13:00 PM,At Intersection (intersection related),51.0,PEDALCYCLIST STRUCK MOTOR VEHICLE FRONT END AT ANGLE,,N,Clear or Partly Cloudy,Dry,Daylight,,,45,Vehicle - Pedalcyclist,0,N,Washington,,
Block,DEXTER AVE N BETWEEN VALLEY ST AND ALOHA ST,2,Injury Collision,Cycles,2,0,1,1,1,0,0,2014-07-29T00:00:00.000Z,7/29/2014 5:21:00 PM,Mid-Block (not related to intersection),16.0,"MOTOR VEHICLE STRUCK MOTOR VEHICLE, LEFT SIDE SIDESWIPE",Y,N,Clear or Partly Cloudy,Dry,Daylight,,,45,Vehicle - Pedalcyclist,0,N,Washington,47.62669856751781,-122.34233050695565
Block,AURORA AVE N BETWEEN N 117TH PL AND N 125TH ST,2,Injury Collision,Cycles,2,0,1,1,1,0,0,2014-06-07T00:00:00.000Z,6/7/2014 9:34:00 AM,Mid-Block (not related to intersection),51.0,PEDALCYCLIST STRUCK MOTOR VEHICLE FRONT END AT ANGLE,Y,N,Clear or Partly Cloudy,Dry,Daylight,,,45,Vehicle - Pedalcyclist,0,N,Washington,47.71717310092632,-122.34489607877191
Block,15TH AVE NE BETWEEN NE 104TH ST AND NE 106TH ST,2b,Serious Injury Collision,Cycles,1,0,1,0,1,1,0,2014-08-01T00:00:00.000Z,8/1/2014 3:15:00 AM,Mid-Block (not related to intersection),18.0,"MOTOR VEHICLE STRUCK PEDALCYCLIST, FRONT END AT ANGLE",,N,Clear or Partly Cloudy,Dry,Dark - Street Lights On,,,45,Vehicle - Pedalcyclist,0,N,Washington,47.70519882618269,-122.3124297952307
Block,25TH AVE E BETWEEN E PROSPECT ST AND E HIGHLAND DR,2,Injury Collision,Cycles,3,0,1,1,1,0,0,2014-06-03T00:00:00.000Z,6/3/2014 3:02:00 PM,Mid-Block (not related to intersection),56.0,PEDALCYCLIST STRUCK MOTOR VEHICLE LEFT SIDE SIDESWIPE,,N,Clear or Partly Cloudy,Dry,Daylight,,,45,Vehicle - Pedalcyclist,0,N,Washington,47.629760642485344,-122.30033358787956
Intersection,4TH AVE AND BELL ST,2,Injury Collision,Cycles,2,0,1,1,1,0,0,2014-06-12T00:00:00.000Z,6/12/2014 1:16:00 PM,At Intersection (intersection related),18.0,"MOTOR VEHICLE STRUCK PEDALCYCLIST, FRONT END AT ANGLE",,N,Clear or Partly Cloudy,Dry,Daylight,,,45,Vehicle - Pedalcyclist,0,N,Washington,47.61536891668615,-122.34393441251535