addrtype,location,severitycode,severitydesc,collisiontype,personcount,pedcount,pedcylcount,vehcount,injuries,seriousinjuries,fatalities,incdate,incdttm,junctiontype,sdot_colcode,sdot_coldesc,inattentionind,underinfl,weather,roadcond,lightcond,pedrownotgrnt,speeding,st_colcode,st_coldesc,crosswalkkey,hitparkedcar,state,latitude,longitude
Block,ALKI AVE SW BETWEEN 58TH AVE SW AND MARINE AVE SW,2,Injury Collision,Cycles,2,0,1,1,1,0,0,2014-07-14T00:00:00.000Z,7/14/2014 4:22:00 PM,Mid-Block (not related to intersection),56.0,PEDALCYCLIST STRUCK MOTOR VEHICLE LEFT SIDE SIDESWIPE,,N,Clear or Partly Cloudy,Dry,Daylight,,,45,Vehicle - Pedalcyclist,0,N,Washington,47.580671239463435,-122.40659696543509
Block,ALASKAN WAY BETWEEN WALL ST AND VINE ST,2,Injury Collision,Cycles,2,0,1,1,1,0,0,2014-07-13T00:00:00.000Z,7/13/2014 4:20:00 PM,Mid-Block (not related to intersection),56.0,PEDALCYCLIST STRUCK MOTOR VEHICLE LEFT SIDE SIDESWIPE,Y,N,Overcast,Dry,Daylight,,,45,Vehicle - Pedalcyclist,0,N,Washington,47.61307324584881,-122.3516778473316
Block,15TH AVE NE BETWEEN NE 65TH ST AND NE 66TH ST,1,Property Damage Only Collision,Cycles,2,0,1,1,0,0,0,2014-07-11T00:00:00.000Z,7/11/2014 6:41:00 PM,Mid-Block (but intersection related),21.0,"MOTOR VEHICLE STRUCK PEDALCYCLIST, REAR END",,N,Clear or Partly Cloudy,Dry,Daylight,,,45,Vehicle - Pedalcyclist,0,N,Washington,47.67614391090129,-122.31193708801587
Intersection,BOREN AVE S AND RAINIER AVE S,2b,Serious Injury Collision,Cycles,2,0,1,1,1,1,0,2014-07-25T00:00:00.000Z,7/25/2014 7:49:00 PM,At Intersection (intersection related),18.0,"MOTOR VEHICLE STRUCK PEDALCYCLIST, FRONT END AT ANGLE",,N,Clear or Partly Cloudy,Dry,Daylight,,,45,Vehicle - Pedalcyclist,0,N,Washington,47.59921008677189,-122.31413725545687
Intersection,9TH AVE NW AND NW 45TH ST,2,Injury Collision,Cycles,2,0,1,1,1,0,0,2014-08-07T00:00:00.000Z,8/7/2014 6:14:00 PM,At Intersection (intersection related),18.0,"MOTOR VEHICLE STRUCK PEDALCYCLIST, FRONT END AT ANGLE",,N,Clear or Partly Cloudy,Dry,Daylight,,,45,Vehicle - Pedalcyclist,630875,N,Washington,47.661466928808316,-122.36861555357004
Block,15TH AVE NW BETWEEN NW 73RD ST AND NW 75TH ST,2,Injury Collision,Cycles,3,0,1,1,1,0,0,2014-06-25T00:00:00.000Z,6/25/2014 5:01:00 PM,Driveway Junction,18.0,"MOTOR VEHICLE STRUCK PEDALCYCLIST, FRONT END AT ANGLE",Y,N,Clear or Partly Cloudy,Dry,Daylight,,,45,Vehicle - Pedalcyclist,0,N,Washington,47.682308411960314,-122.37677695909755
Intersection,JOHN ST AND QUEEN ANNE AVE N,2,Injury Collision,Cycles,3,0,1,1,1,0,0,2014-06-13T00:00:00.000Z,6/13/2014 8:31:00 AM,At Intersection (intersection related),51.0,PEDALCYCLIST STRUCK MOTOR VEHICLE FRONT END AT ANGLE,Y,N,Raining,Wet,Daylight,,,45,Vehicle - Pedalcyclist,0,N,Washington,47.61977326031071,-122.35674674375055
Intersection,FREMONT AVE N AND N 34TH ST,2,Injury Collision,Cycles,2,0,1,1,1,0,0,2014-07-05T00:00:00.000Z,7/5/2014 5:28:00 PM,At Intersection (intersection related),18.0,"MOTOR VEHICLE STRUCK PEDALCYCLIST, FRONT END AT ANGLE",,N,Clear or Partly Cloudy,Dry,Daylight,,,45,Vehicle - Pedalcyclist,0,N,Washington,47.64958972852735,-122.34974744884168
Intersection,11TH AVE AND E UNION ST,2,Injury Collision,Cycles,2,0,1,1,2,0,0,2014-07-06T00:00:00.000Z,7/6/2014 6:44:00 PM,At Intersection (intersection related),51.0,PEDALCYCLIST STRUCK MOTOR VEHICLE FRONT END AT ANGLE,,N,Clear or Partly Cloudy,Dry,Daylight,,,45,Vehicle - Pedalcyclist,0,N,Washington,47.612931252564934,-122.31812237822416
Block,WESTERN AVE BETWEEN SPRING ST AND SENECA ST,2,Injury Collision,Cycles,2,0,1,1,1,0,0,2014-07-14T00:00:00.000Z,7/14/2014 12:55:00 PM,Mid-Block (not related to intersection),54.0,PEDALCYCLIST STRUCK MOTOR VEHICLE REAR END,Y,N,Clear or Partly Cloudy,Dry,Daylight,,Y,45,Vehicle - Pedalcyclist,0,N,Washington,47.60529909565833,-122.33832642494541
Block,6TH AVE S BETWEEN S DEARBORN ST AND SEATTLE W BLVD S,2,Injury Collision,Cycles,2,0,1,1,1,0,0,2014-07-25T00:00:00.000Z,7/25/2014 3:30:00 PM,Mid-Block (not related to intersection),56.0,PEDALCYCLIST STRUCK MOTOR VEHICLE LEFT SIDE SIDESWIPE,Y,N,Clear or Partly Cloudy,Dry,Daylight,,,45,Vehicle - Pedalcyclist,0,N,Washington,47.595485320175,-122.32637522537159
Intersection,LEARY AVE NW AND NW LEARY WAY,2,Injury Collision,Cycles,3,0,1,1,1,0,0,2014-06-13T00:00:00.000Z,6/13/2014 9:10:00 PM,At Intersection (intersection related),18.0,"MOTOR VEHICLE STRUCK PEDALCYCLIST, FRONT END AT ANGLE",,N,Overcast,Dry,Dark - Street Lights On,,,45,Vehicle - Pedalcyclist,0,N,Washington,47.66395682062496,-122.37889320131195
Intersection,ALOHA ST AND QUEEN ANNE AVE N,2,Injury Collision,Cycles,1,0,1,0,1,0,0,2014-07-02T00:00:00.000Z,7/2/2014 7:49:00 AM,At Intersection (intersection related),51.0,PEDALCYCLIST STRUCK MOTOR VEHICLE FRONT END AT ANGLE,,N,Clear or Partly Cloudy,Dry,Daylight,,,45,Vehicle - Pedalcyclist,0,N,Washington,47.62719238596771,-122.3566895551185
Intersection,STEWART ST AND TERRY AVE,2,Injury Collision,Cycles,2,0,1,1,1,0,0,2014-07-07T00:00:00.000Z,7/7/2014 12:16:00 PM,At Intersection (intersection related),21.0,"MOTOR VEHICLE STRUCK PEDALCYCLIST, REAR END",Y,N,Clear or Partly Cloudy,Dry,Daylight,,,45,Vehicle - Pedalcyclist,0,N,Washington,47.61628073024602,-122.3335771306443
Intersection,MERIDIAN AVE N AND N NORTHLAKE WAY,2,Injury Collision,Cycles,2,0,1,1,1,0,0,2014-07-16T00:00:00.000Z,7/16/2014 10:54:00 PM,At Intersection (intersection related),18.0,"MOTOR VEHICLE STRUCK PEDALCYCLIST, FRONT END AT ANGLE",,N,Clear or Partly Cloudy,Dry,Dark - Street Lights On,,,45,Vehicle - Pedalcyclist,630857,N,Washington,47.64686730963511,-122.33392663488449
Intersection,7TH AVE AND OLIVE WAY,1,Property Damage Only Collision,Cycles,2,0,1,1,0,0,0,2014-08-09T00:00:00.000Z,8/9/2014 5:00:00 PM,At Intersection (intersection related),0.0,NOT ENOUGH INFORMATION / NOT APPLICABLE,,N,Clear or Partly Cloudy,Dry,Daylight,,,45,Vehicle - Pedalcyclist,0,N,Washington,47.61359552816046,-122.33517270217888
Intersection,20TH AVE NE AND NE 45TH ST,2,Injury Collision,Cycles,3,0,1,1,1,0,0,2014-06-13T00:00:00.000Z,6/13/2014 4:28:00 PM,At Intersection (intersection related),18.0,"MOTOR VEHICLE STRUCK PEDALCYCLIST, FRONT END AT ANGLE",,N,Clear or Partly Cloudy,Dry,Daylight,Y,,45,Vehicle - Pedalcyclist,524701,N,Washington,47.661257130319434,-122.30652821301994
Intersection,9TH AVE AND STEWART ST,2,Injury Collision,Cycles,2,0,1,1,1,0,0,2014-06-12T00:00:00.000Z,6/12/2014 5:51:00 PM,At Intersection (intersection related),18.0,"MOTOR VEHICLE STRUCK PEDALCYCLIST, FRONT END AT ANGLE",,N,Overcast,Dry,Daylight,,,45,Vehicle - Pedalcyclist,0,N,Washington,47.61561647974671,-122.33443632064116
Intersection,5TH AVE NE AND NE 71ST ST,2,Injury Collision,Cycles,2,0,1,1,1,0,0,2014-07-02T00:00:00.000Z,7/2/2014 12:48:00 PM,At Intersection (intersection related),51.0,PEDALCYCLIST STRUCK MOTOR VEHICLE FRONT END AT ANGLE,,N,Clear or Partly Cloudy,Dry,Daylight,,,45,Vehicle - Pedalcyclist,521889,N,Washington,47.68016309860914,-122.3228593931159
Block,DENNY WAY BETWEEN STEWART ST AND MELROSE AVE,2,Injury Collision,Cycles,3,0,1,2,1,0,0,2014-07-21T00:00:00.000Z,7/21/2014 9:00:00 PM,Mid-Block (not related to intersection),56.0,PEDALCYCLIST STRUCK MOTOR VEHICLE LEFT SIDE SIDESWIPE,,N,Clear or Partly Cloudy,Dry,Daylight,,Y,45,Vehicle - Pedalcyclist,0,N,Washington,47.618449353789465,-122.32929210567913
Block,ALKI AVE SW BETWEEN 59TH AVE SW AND 60TH AVE SW,1,Property Damage Only Collision,Cycles,2,0,1,1,0,0,0,2014-07-17T00:00:00.000Z,7/17/2014 6:39:00 AM,Driveway Junction,18.0,"MOTOR VEHICLE STRUCK PEDALCYCLIST, FRONT END AT ANGLE",,N,Overcast,Dry,Dawn,,,45,Vehicle - Pedalcyclist,0,N,Washington,47.57977779242936,-122.40866226317706
Intersection,12TH AVE AND E PIKE ST,2,Injury Collision,Cycles,1,0,1,0,1,0,0,2014-07-12T00:00:00.000Z,7/12/2014 5:27:00 PM,At Intersection (intersection related),11.0,"MOTOR VEHICLE STRUCK MOTOR VEHICLE, FRONT END AT ANGLE",,N,Clear or Partly Cloudy,Dry,Daylight,,,45,Vehicle - Pedalcyclist,0,N,Washington,47.61410376891479,-122.31683584924204
Block,ALKI AVE SW BETWEEN SW ARKANSAS ST AND SW HAMPSHIRE ST,2,Injury Collision,Cycles,4,0,1,1,2,0,0,2014-08-08T00:00:00.000Z,8/8/2014 12:37:00 PM,Mid-Block (not related to intersection),18.0,"MOTOR VEHICLE STRUCK PEDALCYCLIST, FRONT END AT ANGLE",Y,N,Clear or Partly Cloudy,Dry,Daylight,,,45,Vehicle - Pedalcyclist,0,N,Washington,47.589503781641156,-122.39412509410221
Intersection,2ND AVE AND MARION ST,2,Injury Collision,Cycles,2,0,1,1,1,0,0,2014-08-24T00:00:00.000Z,8/24/2014 1:53:00 PM,At Intersection (intersection related),18.0,"MOTOR VEHICLE STRUCK PEDALCYCLIST, FRONT END AT ANGLE",Y,N,Clear or Partly Cloudy,Dry,Daylight,Y,,45,Vehicle - Pedalcyclist,0,N,Washington,47.604446464596656,-122.33447723507861
Intersection,PHINNEY AVE N AND N 67TH S ST,2,Injury Collision,Cycles,3,0,1,1,1,0,0,2014-10-22T00:00:00.000Z,10/22/2014 5:16:00 PM,At Intersection (intersection related),18.0,"MOTOR VEHICLE STRUCK PEDALCYCLIST, FRONT END AT ANGLE",,N,Raining,Wet,Dusk,Y,,45,Vehicle - Pedalcyclist,0,N,Washington,47.6776682609726,-122.3546775787715
Intersection,33RD AVE AND E COLUMBIA ST,1,Property Damage Only Collision,Cycles,2,0,1,1,0,0,0,2014-10-04T00:00:00.000Z,10/4/2014 12:30:00 PM,At Intersection (intersection related),51.0,PEDALCYCLIST STRUCK MOTOR VEHICLE FRONT END AT ANGLE,,N,Clear or Partly Cloudy,Dry,Daylight,,,45,Vehicle - Pedalcyclist,0,N,Washington,47.609265811429424,-122.29045197390644
Intersection,ROOSEVELT WAY NE AND NE 75TH ST,2,Injury Collision,Cycles,2,0,1,1,1,0,0,2014-10-06T00:00:00.000Z,10/6/2014 9:47:00 AM,At Intersection (intersection related),18.0,"MOTOR VEHICLE STRUCK PEDALCYCLIST, FRONT END AT ANGLE",Y,N,Clear or Partly Cloudy,Dry,Daylight,,,45,Vehicle - Pedalcyclist,522365,N,Washington,47.68311118235732,-122.31748950769962
Block,S JACKSON ST BETWEEN 10TH AVE S AND 12TH AVE S,2,Injury Collision,Cycles,1,0,1,0,1,0,0,2014-09-09T00:00:00.000Z,9/9/2014 4:19:00 PM,Mid-Block (not related to intersection),29.0,MOTOR VEHICLE OVERTURNED IN ROAD,,N,Clear or Partly Cloudy,Dry,Daylight,,,45,Vehicle - Pedalcyclist,0,N,Washington,47.599186557411784,-122.31843273845254
Intersection,12TH AVE NE AND NE 50TH ST,2,Injury Collision,Cycles,2,0,1,1,1,0,0,2014-09-14T00:00:00.000Z,9/14/2014 1:15:00 PM,At Intersection (intersection related),18.0,"MOTOR VEHICLE STRUCK PEDALCYCLIST, FRONT END AT ANGLE",,N,Clear or Partly Cloudy,Dry,Daylight,,,45,Vehicle - Pedalcyclist,0,N,Washington,47.66491734164597,-122.31523873737572
Block,RAINIER AVE S BETWEEN S WALKER ST AND S COLLEGE N ST,2,Injury Collision,Cycles,2,0,1,1,1,0,0,2014-07-31T00:00:00.000Z,7/31/2014 11:40:00 AM,Driveway Junction,18.0,"MOTOR VEHICLE STRUCK PEDALCYCLIST, FRONT END AT ANGLE",,N,Clear or Partly Cloudy,Dry,Daylight,Y,,45,Vehicle - Pedalcyclist,0,N,Washington,47.583402041359975,-122.30200503531256
Block,2ND AVE BETWEEN UNION ST AND PIKE ST,2,Injury Collision,Cycles,2,0,1,1,1,0,0,2014-10-06T00:00:00.000Z,10/6/2014 7:30:00 AM,Driveway Junction,18.0,"MOTOR VEHICLE STRUCK PEDALCYCLIST, FRONT END AT ANGLE",,N,Clear or Partly Cloudy,Dry,Daylight,,,45,Vehicle - Pedalcyclist,0,N,Washington,47.60878749220817,-122.33844845839597
Intersection,ROOSEVELT WAY NE AND NE 42ND S ST,2,Injury Collision,Cycles,2,0,1,1,1,0,0,2014-10-15T00:00:00.000Z,10/15/2014 10:37:00 AM,At Intersection (intersection related),51.0,PEDALCYCLIST STRUCK MOTOR VEHICLE FRONT END AT ANGLE,Y,N,Clear or Partly Cloudy,Dry,Daylight,Y,,45,Vehicle - Pedalcyclist,0,N,Washington,47.657514224809034,-122.317802129097
Block,VIRGINIA ST BETWEEN 7TH AVE AND 8TH AVE,2,Injury Collision,Cycles,2,0,1,1,1,0,0,2014-08-26T00:00:00.000Z,8/26/2014 12:10:00 PM,Mid-Block (but intersection related),54.0,PEDALCYCLIST STRUCK MOTOR VEHICLE REAR END,Y,N,Clear or Partly Cloudy,Dry,Daylight,,,45,Vehicle - Pedalcyclist,0,N,Washington,47.615387948696096,-122.337026061362
Intersection,12TH AVE S AND S MAIN ST,1,Property Damage Only Collision,Cycles,2,0,1,1,0,0,0,2014-09-22T00:00:00.000Z,9/22/2014 5:17:00 PM,At Intersection (intersection related),51.0,PEDALCYCLIST STRUCK MOTOR VEHICLE FRONT END AT ANGLE,,N,Clear or Partly Cloudy,Dry,Daylight,,,45,Vehicle - Pedalcyclist,0,N,Washington,47.60001455845403,-122.31722977712835
Intersection,26TH AVE E AND E MADISON ST,2,Injury Collision,Cycles,2,1,1,0,2,0,0,2014-09-15T00:00:00.000Z,9/15/2014 10:00:00 AM,At Intersection (intersection related),64.0,PEDALCYCLIST STRUCK PEDESTRIAN,,N,Clear or Partly Cloudy,Dry,Daylight,,,45,Vehicle - Pedalcyclist,0,N,Washington,47.622006815629156,-122.29835908016993
Block,CALIFORNIA AVE SW BETWEEN SW COLLEGE ST AND SW ADMIRAL WAY,2,Injury Collision,Cycles,2,0,1,1,1,0,0,2014-09-23T00:00:00.000Z,9/23/2014 10:14:00 PM,Mid-Block (not related to intersection),56.0,PEDALCYCLIST STRUCK MOTOR VEHICLE LEFT SIDE SIDESWIPE,Y,N,Raining,Wet,Dark - Street Lights On,,,45,Vehicle - Pedalcyclist,0,N,Washington,47.58209667364727,-122.3865123363808
Intersection,53RD AVE S AND LAKE WASHINGTON BLVD S,1,Property Damage Only Collision,Cycles,2,0,1,1,0,0,0,2014-10-04T00:00:00.000Z,10/4/2014 4:50:00 PM,At Intersection (intersection related),21.0,"MOTOR VEHICLE STRUCK PEDALCYCLIST, REAR END",,N,Clear or Partly Cloudy,Dry,Daylight,,,45,Vehicle - Pedalcyclist,0,N,Washington,47.56159252442529,-122.26694711484778
Intersection,24TH AVE S AND S COLUMBIAN WAY,2,Injury Collision,Cycles,2,0,1,1,1,0,0,2014-10-06T00:00:00.000Z,10/6/2014 4:41:00 PM,At Intersection (intersection related),51.0,PEDALCYCLIST STRUCK MOTOR VEHICLE FRONT END AT ANGLE,,N,Clear or Partly Cloudy,Dry,Daylight,,,45,Vehicle - Pedalcyclist,0,N,Washington,47.55983480472561,-122.30311153811913
Intersection,43RD AVE S AND LAKE WASHINGTON BLVD S,2,Injury Collision,Right Turn,2,0,1,1,1,0,0,2014-09-13T00:00:00.000Z,9/13/2014 11:52:00 AM,At Intersection (intersection related),51.0,PEDALCYCLIST STRUCK MOTOR VEHICLE FRONT END AT ANGLE,,N,Clear or Partly Cloudy,Dry,Daylight,,,16,From same direction - one right turn - one straight,0,N,Washington,47.57013547971565,-122.27955244063452
Block,7TH AVE BETWEEN PIKE ST AND PINE ST,2,Injury Collision,Cycles,3,0,1,1,1,0,0,2014-09-03T00:00:00.000Z,9/3/2014 7:50:00 PM,Mid-Block (but intersection related),51.0,PEDALCYCLIST STRUCK MOTOR VEHICLE FRONT END AT ANGLE,,N,Clear or Partly Cloudy,Dry,Dusk,,,45,Vehicle - Pedalcyclist,0,N,Washington,47.61210222869038,-122.33380704042665
Block,BEACON ER AVE S BETWEEN S ANGELINE ST AND S COLUMBIAN WAY,2,Injury Collision,Cycles,3,0,1,1,1,0,0,2014-09-11T00:00:00.000Z,9/11/2014 1:29:00 PM,Mid-Block (but intersection related),18.0,"MOTOR VEHICLE STRUCK PEDALCYCLIST, FRONT END AT ANGLE",,N,Clear or Partly Cloudy,Dry,Daylight,,,45,Vehicle - Pedalcyclist,0,N,Washington,47.55987646781337,-122.30445987257835
Intersection,12TH AVE AND E ALDER ST,2,Injury Collision,Cycles,2,0,1,1,1,0,0,2014-09-04T00:00:00.000Z,9/4/2014 11:30:00 AM,At Intersection (intersection related),18.0,"MOTOR VEHICLE STRUCK PEDALCYCLIST, FRONT END AT ANGLE",,N,Unknown,Unknown,Daylight,,,45,Vehicle - Pedalcyclist,0,N,Washington,47.60436038491066,-122.31678113297993
Block,QUEEN ANNE AVE N BETWEEN JOHN ST AND THOMAS ST,2,Injury Collision,Cycles,2,0,1,1,1,0,0,2014-08-22T00:00:00.000Z,8/22/2014 9:46:00 AM,Driveway Junction,51.0,PEDALCYCLIST STRUCK MOTOR VEHICLE FRONT END AT ANGLE,Y,N,Clear or Partly Cloudy,Dry,Daylight,Y,,45,Vehicle - Pedalcyclist,0,N,Washington,47.620355765045964,-122.35674263433707
Intersection,24TH AVE E AND E MILLER ST,2,Injury Collision,Cycles,3,0,1,1,1,0,0,2014-09-14T00:00:00.000Z,9/14/2014 11:49:00 AM,At Intersection (intersection related),18.0,"MOTOR VEHICLE STRUCK PEDALCYCLIST, FRONT END AT ANGLE",Y,N,Clear or Partly Cloudy,Dry,Daylight,,,45,Vehicle - Pedalcyclist,0,N,Washington,47.6417180299231,-122.30205864553413
Block,4TH AVE S BETWEEN COSTCO DR AND 4TH AV S VI,2,Injury Collision,Cycles,3,0,1,1,1,0,0,2014-10-13T00:00:00.000Z,10/13/2014 2:55:00 PM,Driveway Junction,18.0,"MOTOR VEHICLE STRUCK PEDALCYCLIST, FRONT END AT ANGLE",Y,N,Clear or Partly Cloudy,Dry,Daylight,,,45,Vehicle - Pedalcyclist,0,N,Washington,47.56380565685677,-122.3293685325968
Block,8TH AVE NW BETWEEN NW 44TH ST AND NW 45TH ST,2,Injury Collision,Cycles,2,0,1,1,1,0,0,2014-10-01T00:00:00.000Z,10/1/2014 8:20:00 AM,Mid-Block (not related to intersection),18.0,"MOTOR VEHICLE STRUCK PEDALCYCLIST, FRONT END AT ANGLE",Y,N,Clear or Partly Cloudy,Dry,Daylight,,,45,Vehicle - Pedalcyclist,0,N,Washington,47.66112716827227,-122.36616500705021
Block,SW CAMBRIDGE ST BETWEEN 17TH AVE SW AND DELRIDGE WAY SW,1,Property Damage Only Collision,Cycles,2,0,1,1,0,0,0,2014-10-04T00:00:00.000Z,10/4/2014 10:22:00 AM,Mid-Block (but intersection related),18.0,"MOTOR VEHICLE STRUCK PEDALCYCLIST, FRONT END AT ANGLE",Y,N,Clear or Partly Cloudy,Dry,Daylight,,,45,Vehicle - Pedalcyclist,0,N,Washington,47.51919636109624,-122.35664862561063
Intersection,STONE WAY N AND N 40TH ST,1,Property Damage Only Collision,Cycles,2,0,1,1,0,0,0,2014-08-26T00:00:00.000Z,8/26/2014 5:15:00 PM,At Intersection (intersection related),51.0,PEDALCYCLIST STRUCK MOTOR VEHICLE FRONT END AT ANGLE,,N,Clear or Partly Cloudy,Dry,Daylight,,,45,Vehicle - Pedalcyclist,0,N,Washington,47.655382876420056,-122.34243924105127
Block,ROY ST BETWEEN 2ND AVE N AND 3RD AVE N,1,Property Damage Only Collision,Cycles,2,0,1,1,0,0,0,2014-12-07T00:00:00.000Z,12/7/2014 2:00:00 PM,Driveway Junction,18.0,"MOTOR VEHICLE STRUCK PEDALCYCLIST, FRONT END AT ANGLE",,N,Clear or Partly Cloudy,Dry,Daylight,,,45,Vehicle - Pedalcyclist,0,N,Washington,47.62544012790056,-122.35213460793469
Block,S JACKSON ST BETWEEN 4TH AVE S AND 5TH AVE S,2b,Serious Injury Collision,Cycles,2,0,1,1,1,1,0,2014-10-29T00:00:00.000Z,10/29/2014 7:25:00 AM,Mid-Block (not related to intersection),18.0,"MOTOR VEHICLE STRUCK PEDALCYCLIST, FRONT END AT ANGLE",,N,Overcast,Wet,Daylight,,,45,Vehicle - Pedalcyclist,0,N,Washington,47.59919591099803,-122.32831927390212
Intersection,15TH AVE NW AND NW 80TH ST,1,Property Damage Only Collision,Cycles,2,0,1,1,0,0,0,2014-12-16T00:00:00.000Z,12/16/2014 6:00:00 PM,At Intersection (but not related to intersection),0.0,NOT ENOUGH INFORMATION / NOT APPLICABLE,,N,Unknown,Unknown,Unknown,Y,,45,Vehicle - Pedalcyclist,0,N,Washington,47.6868781307594,-122.37679291618136
Block,THOMAS ST BETWEEN 9TH AVE N AND WESTLAKE AVE N,2,Injury Collision,Cycles,2,0,1,1,1,0,0,2014-12-23T00:00:00.000Z,12/23/2014 3:47:00 PM,Driveway Junction,51.0,PEDALCYCLIST STRUCK MOTOR VEHICLE FRONT END AT ANGLE,Y,N,Raining,Dry,Daylight,,,45,Vehicle - Pedalcyclist,0,N,Washington,47.620876516090135,-122.33911914771922
Block,PIKE ST BETWEEN 5TH AVE AND 6TH AVE,2,Injury Collision,Cycles,2,0,1,1,1,0,0,2014-10-27T00:00:00.000Z,10/27/2014 10:06:00 AM,Mid-Block (not related to intersection),51.0,PEDALCYCLIST STRUCK MOTOR VEHICLE FRONT END AT ANGLE,Y,N,Clear or Partly Cloudy,Dry,Daylight,,,45,Vehicle - Pedalcyclist,0,N,Washington,47.610908289240655,-122.33501959678081
Block,EASTLAKE AVE E BETWEEN FAIRVIEW AVE N AND E GARFIELD ST,2,Injury Collision,Cycles,2,0,1,1,1,0,0,2014-10-28T00:00:00.000Z,10/28/2014 3:34:00 PM,Driveway Junction,18.0,"MOTOR VEHICLE STRUCK PEDALCYCLIST, FRONT END AT ANGLE",,N,Overcast,Wet,Daylight,Y,,45,Vehicle - Pedalcyclist,0,N,Washington,47.63305620768371,-122.32582946459524
Block,SUMMIT AVE E BETWEEN E HARRISON ST AND E REPUBLICAN ST,2,Injury Collision,Cycles,2,0,1,1,1,0,0,2014-11-06T00:00:00.000Z,11/6/2014 7:08:00 PM,Mid-Block (not related to intersection),51.0,PEDALCYCLIST STRUCK MOTOR VEHICLE FRONT END AT ANGLE,Y,N,Unknown,Unknown,Unknown,,,45,Vehicle - Pedalcyclist,0,N,Washington,47.622560484671716,-122.32530890497699
Block,N 84TH ST BETWEEN GREENWOOD AVE N AND DAYTON AVE N,2,Injury Collision,Cycles,2,0,1,1,1,0,0,2014-12-05T00:00:00.000Z,12/5/2014 10:25:00 AM,Driveway Junction,18.0,"MOTOR VEHICLE STRUCK PEDALCYCLIST, FRONT END AT ANGLE",Y,N,Clear or Partly Cloudy,Wet,Daylight,,,45,Vehicle - Pedalcyclist,0,N,Washington,47.68983660883409,-122.35395389418908
Block,S ATLANTIC ST BETWEEN COLORADO AVE S AND EAST FRONTAGE RD S,2,Injury Collision,Cycles,2,0,1,1,1,0,0,2014-12-09T00:00:00.000Z,12/9/2014 11:36:00 AM,Mid-Block (not related to intersection),18.0,"MOTOR VEHICLE STRUCK PEDALCYCLIST, FRONT END AT ANGLE",Y,N,Clear or Partly Cloudy,Wet,Daylight,Y,,45,Vehicle - Pedalcyclist,0,N,Washington,47.59032902539348,-122.33630255552048
Intersection,BAGLEY AVE N AND N 44TH ST,2,Injury Collision,Cycles,2,0,1,1,1,0,0,2014-10-30T00:00:00.000Z,10/30/2014 9:42:00 AM,At Intersection (intersection related),18.0,"MOTOR VEHICLE STRUCK PEDALCYCLIST, FRONT END AT ANGLE",,N,Raining,Wet,Daylight,,,45,Vehicle - Pedalcyclist,0,N,Washington,47.660291412997864,-122.33256381665849
Intersection,2ND AVE AND PIKE ST,1,Property Damage Only Collision,Cycles,2,1,1,0,0,0,0,2014-11-26T00:00:00.000Z,11/26/2014 3:10:00 PM,At Intersection (intersection related),64.0,PEDALCYCLIST STRUCK PEDESTRIAN,,N,Clear or Partly Cloudy,Dry,Daylight,Y,,45,Vehicle - Pedalcyclist,525565,N,Washington,47.60928514308913,-122.33890369362145
Block,20TH AVE S BETWEEN S MAIN ST AND S JACKSON ST,2,Injury Collision,Sideswipe,2,0,1,1,1,0,0,2014-10-15T00:00:00.000Z,10/15/2014 8:30:00 AM,Mid-Block (not related to intersection),56.0,PEDALCYCLIST STRUCK MOTOR VEHICLE LEFT SIDE SIDESWIPE,,N,Raining,Wet,Daylight,,,12,From same direction - both going straight - one stopped - sideswipe,0,N,Washington,47.59962725325511,-122.3063561599032
Block,PHINNEY AVE N BETWEEN N 67TH S ST AND GREENWOOD AVE N,2,Injury Collision,Cycles,3,0,1,1,1,0,0,2014-12-15T00:00:00.000Z,12/15/2014 6:00:00 PM,Driveway Junction,18.0,"MOTOR VEHICLE STRUCK PEDALCYCLIST, FRONT END AT ANGLE",Y,N,Clear or Partly Cloudy,Dry,Dark - Street Lights On,,,45,Vehicle - Pedalcyclist,0,N,Washington,47.677764824656684,-122.3549393934864
Intersection,7TH AVE S AND S KING ST,2,Injury Collision,Cycles,2,0,1,1,1,0,0,2014-11-21T00:00:00.000Z,11/21/2014 4:47:00 PM,At Intersection (intersection related),18.0,"MOTOR VEHICLE STRUCK PEDALCYCLIST, FRONT END AT ANGLE",Y,N,Raining,Wet,Dark - Street Lights On,,,45,Vehicle - Pedalcyclist,0,N,Washington,47.598349839694045,-122.32375375188171
Intersection,UNIVERSITY WAY NE AND NE 50TH ST,2,Injury Collision,Cycles,2,0,1,1,1,0,0,2014-10-24T00:00:00.000Z,10/24/2014 6:38:00 PM,At Intersection (intersection related),18.0,"MOTOR VEHICLE STRUCK PEDALCYCLIST, FRONT END AT ANGLE",,N,Overcast,Dry,Dark - Street Lights On,Y,,45,Vehicle - Pedalcyclist,0,N,Washington,47.664900723928135,-122.3130741604038
Intersection,5TH AVE AND BELL ST,2,Injury Collision,Cycles,2,0,1,1,1,0,0,2014-12-10T00:00:00.000Z,12/10/2014 12:38:00 PM,At Intersection (intersection related),18.0,"MOTOR VEHICLE STRUCK PEDALCYCLIST, FRONT END AT ANGLE",Y,N,Raining,Wet,Daylight,,,45,Vehicle - Pedalcyclist,0,N,Washington,47.61603293947618,-122.34307495297924