addrtype,location,severitycode,severitydesc,collisiontype,personcount,pedcount,pedcylcount,vehcount,injuries,seriousinjuries,fatalities,incdate,incdttm,junctiontype,sdot_colcode,sdot_coldesc,inattentionind,underinfl,weather,roadcond,lightcond,pedrownotgrnt,speeding,st_colcode,st_coldesc,crosswalkkey,hitparkedcar,state,latitude,longitude
Intersection,BROADWAY E AND E OLIVE WAY,1,Property Damage Only Collision,Cycles,3,0,1,1,0,0,0,2014-11-05T00:00:00.000Z,11/5/2014 7:33:00 PM,At Intersection (intersection related),18.0,"MOTOR VEHICLE STRUCK PEDALCYCLIST, FRONT END AT ANGLE",,N,Raining,Wet,Dark - Street Lights On,,,45,Vehicle - Pedalcyclist,0,N,Washington,47.61990774686424,-122.32087289209669
Block,HARVARD AVE E BETWEEN HAMLIN ST ON RP AND E SHELBY ST,2,Injury Collision,Cycles,2,0,1,1,1,0,0,2014-12-02T00:00:00.000Z,12/2/2014 12:35:00 PM,Mid-Block (not related to intersection),11.0,"MOTOR VEHICLE STRUCK MOTOR VEHICLE, FRONT END AT ANGLE",,N,Clear or Partly Cloudy,Dry,Daylight,,,45,Vehicle - Pedalcyclist,0,N,Washington,47.64626955609253,-122.32210425301237
Intersection,1ST AVE NE AND NE NORTHGATE WAY,2,Injury Collision,Cycles,2,0,1,1,1,0,0,2014-11-06T00:00:00.000Z,11/6/2014 12:57:00 PM,At Intersection (intersection related),18.0,"MOTOR VEHICLE STRUCK PEDALCYCLIST, FRONT END AT ANGLE",Y,N,Overcast,Wet,Daylight,,,45,Vehicle - Pedalcyclist,521147,N,Washington,47.708628720354106,-122.32863426558531
Block,4TH AVE S BETWEEN S MAIN ST AND S JACKSON ST,1,Property Damage Only Collision,Cycles,2,0,1,1,0,0,0,2014-12-18T00:00:00.000Z,12/18/2014 9:08:00 AM,Mid-Block (but intersection related),54.0,PEDALCYCLIST STRUCK MOTOR VEHICLE REAR END,,N,Overcast,Dry,Daylight,,,45,Vehicle - Pedalcyclist,0,N,Washington,47.59961782030045,-122.32896629872035
Intersection,4TH AVE S AND S LANDER ST,2,Injury Collision,Cycles,2,0,1,1,1,0,0,2014-11-20T00:00:00.000Z,11/20/2014 6:49:00 AM,At Intersection (intersection related),18.0,"MOTOR VEHICLE STRUCK PEDALCYCLIST, FRONT END AT ANGLE",Y,N,Clear or Partly Cloudy,Wet,Dawn,,,45,Vehicle - Pedalcyclist,0,N,Washington,47.57980945110732,-122.32905650500133
Intersection,FAIRVIEW AVE E AND FAIRVIEW AVE N,2,Injury Collision,Cycles,2,0,1,1,1,0,0,2014-12-17T00:00:00.000Z,12/17/2014 8:56:00 AM,At Intersection (intersection related),18.0,"MOTOR VEHICLE STRUCK PEDALCYCLIST, FRONT END AT ANGLE",Y,N,Raining,Dry,Daylight,,,45,Vehicle - Pedalcyclist,0,N,Washington,47.63190599635267,-122.32688562554668
Intersection,7TH AVE NE AND NE 40TH ST,2,Injury Collision,Cycles,2,0,1,1,1,0,0,2014-10-29T00:00:00.000Z,10/29/2014 7:00:00 AM,At Intersection (intersection related),18.0,"MOTOR VEHICLE STRUCK PEDALCYCLIST, FRONT END AT ANGLE",,N,Unknown,Wet,Dawn,,,45,Vehicle - Pedalcyclist,524351,N,Washington,47.65589325279186,-122.3208541451558
Intersection,M L KING JR WR WAY S AND S ORCAS ST,2,Injury Collision,Cycles,2,0,1,1,1,0,0,2014-10-15T00:00:00.000Z,10/15/2014 4:19:00 PM,At Intersection (intersection related),18.0,"MOTOR VEHICLE STRUCK PEDALCYCLIST, FRONT END AT ANGLE",,N,Overcast,Dry,Daylight,,,45,Vehicle - Pedalcyclist,0,N,Washington,47.55123027075177,-122.28809573490416
Block,QUEEN ANNE AVE N BETWEEN BOSTON ST AND MCGRAW ST,2,Injury Collision,Cycles,2,0,1,1,1,0,0,2014-11-05T00:00:00.000Z,11/5/2014 6:30:00 PM,Mid-Block (not related to intersection),18.0,"MOTOR VEHICLE STRUCK PEDALCYCLIST, FRONT END AT ANGLE",,N,Raining,Wet,Dusk,,,45,Vehicle - Pedalcyclist,0,N,Washington,47.63898781186282,-122.35691931839376
Intersection,LINDEN AVE N AND N 100TH ST,2,Injury Collision,Cycles,2,0,1,1,1,0,0,2014-11-13T00:00:00.000Z,11/13/2014 9:25:00 AM,At Intersection (intersection related),18.0,"MOTOR VEHICLE STRUCK PEDALCYCLIST, FRONT END AT ANGLE",,N,Clear or Partly Cloudy,Dry,Daylight,,,45,Vehicle - Pedalcyclist,0,N,Washington,47.70143785929966,-122.3473443053124
Intersection,SUMMIT AVE E AND E OLIVE WAY,2b,Serious Injury Collision,Cycles,2,0,1,1,1,1,0,2014-11-17T00:00:00.000Z,11/17/2014 10:02:00 AM,At Intersection (intersection related),51.0,PEDALCYCLIST STRUCK MOTOR VEHICLE FRONT END AT ANGLE,,N,Clear or Partly Cloudy,Dry,Daylight,,,45,Vehicle - Pedalcyclist,0,N,Washington,47.6188959963902,-122.32528836091299
Block,N 70TH ST BETWEEN FREMONT AVE N AND LINDEN AVE N,2,Injury Collision,Cycles,2,0,1,1,1,0,0,2014-12-09T00:00:00.000Z,12/9/2014 10:37:00 PM,Mid-Block (but intersection related),11.0,"MOTOR VEHICLE STRUCK MOTOR VEHICLE, FRONT END AT ANGLE",Y,N,Raining,Wet,Dark - Street Lights On,,,45,Vehicle - Pedalcyclist,0,N,Washington,47.679598983004496,-122.348589711241
Intersection,RAINIER AVE S AND S ALASKA ST,1,Property Damage Only Collision,Cycles,2,0,1,1,0,0,0,2014-11-03T00:00:00.000Z,11/3/2014 5:39:00 PM,At Intersection (intersection related),51.0,PEDALCYCLIST STRUCK MOTOR VEHICLE FRONT END AT ANGLE,,N,Raining,Wet,Dark - Street Lights On,Y,,45,Vehicle - Pedalcyclist,0,N,Washington,47.56074767642744,-122.28702675972046
Block,NE PACIFIC ST BETWEEN BROOKLYN AVE NE AND UNIVERSITY WAY NE,2,Injury Collision,Cycles,1,0,1,0,1,0,0,2014-09-29T00:00:00.000Z,9/29/2014 4:07:00 PM,Mid-Block (not related to intersection),69.0,PEDALCYCLIST OVERTURNED IN ROAD,,Y,Clear or Partly Cloudy,Dry,Daylight,,,45,Vehicle - Pedalcyclist,0,N,Washington,47.65355966088568,-122.31389078078764
Block,5TH AVE NE BETWEEN NE 112TH N ST AND NE 115TH ST,2,Injury Collision,Cycles,2,0,1,1,1,0,0,2014-12-23T00:00:00.000Z,12/23/2014 5:25:00 PM,Driveway Junction,11.0,"MOTOR VEHICLE STRUCK MOTOR VEHICLE, FRONT END AT ANGLE",,N,Raining,Wet,Dark - Street Lights On,Y,,45,Vehicle - Pedalcyclist,0,N,Washington,47.71111240882802,-122.32334878919727
Intersection,2ND AVE AND PIKE ST,2,Injury Collision,Cycles,1,0,1,0,1,0,0,2014-11-13T00:00:00.000Z,11/13/2014 9:35:00 AM,At Intersection (intersection related),18.0,"MOTOR VEHICLE STRUCK PEDALCYCLIST, FRONT END AT ANGLE",,N,Clear or Partly Cloudy,Dry,Daylight,,,45,Vehicle - Pedalcyclist,0,N,Washington,47.60928514308913,-122.33890369362145
Block,S LANDER ST BETWEEN 5TH AVE S AND 5TH PL S,2,Injury Collision,Cycles,2,0,1,1,1,0,0,2014-12-15T00:00:00.000Z,12/15/2014 6:50:00 AM,Mid-Block (but intersection related),18.0,"MOTOR VEHICLE STRUCK PEDALCYCLIST, FRONT END AT ANGLE",,N,Clear or Partly Cloudy,Dry,Dark - Street Lights On,,,45,Vehicle - Pedalcyclist,524931,N,Washington,47.57980938348,-122.3271334479291
Block,MIDVALE AVE N BETWEEN N 41ST ST AND N 42ND ST,2,Injury Collision,Cycles,2,0,1,1,1,0,0,2014-12-31T00:00:00.000Z,12/31/2014 1:55:00 PM,Mid-Block (not related to intersection),54.0,PEDALCYCLIST STRUCK MOTOR VEHICLE REAR END,,N,Clear or Partly Cloudy,Dry,Daylight,,,45,Vehicle - Pedalcyclist,0,N,Washington,47.65733214629726,-122.34355347960756
Intersection,15TH AVE NE AND NE BOAT W ST,2,Injury Collision,Cycles,2,0,1,1,1,0,0,2015-01-05T00:00:00.000Z,1/5/2015 8:00:00 AM,At Intersection (intersection related),51.0,PEDALCYCLIST STRUCK MOTOR VEHICLE FRONT END AT ANGLE,,N,Raining,Wet,Unknown,,,45,Vehicle - Pedalcyclist,27177,N,Washington,47.65158175403098,-122.31374086068928
Block,6TH AVE S BETWEEN S ROYAL BROUGHAM WAY AND S MASSACHUSETTS ST,2,Injury Collision,Cycles,2,0,1,1,1,0,0,2015-02-17T00:00:00.000Z,2/17/2015 6:26:00 AM,Mid-Block (not related to intersection),21.0,"MOTOR VEHICLE STRUCK PEDALCYCLIST, REAR END",Y,N,Clear or Partly Cloudy,Dry,Dawn,,,45,Vehicle - Pedalcyclist,0,N,Washington,47.59031121144184,-122.32596914972572
Block,ALASKAN WAY BETWEEN CLAY ST AND BROAD ST,1,Property Damage Only Collision,Cycles,2,0,1,1,0,0,0,2015-01-21T00:00:00.000Z,1/21/2015 6:10:00 PM,Mid-Block (not related to intersection),21.0,"MOTOR VEHICLE STRUCK PEDALCYCLIST, REAR END",,N,Clear or Partly Cloudy,Dry,Dark - Street Lights On,,,45,Vehicle - Pedalcyclist,0,N,Washington,47.61471048394695,-122.35449693472601
Intersection,GREENWOOD AVE N AND N 87TH ST,2,Injury Collision,Cycles,2,0,1,1,1,0,0,2014-11-14T00:00:00.000Z,11/14/2014 2:14:00 PM,At Intersection (intersection related),11.0,"MOTOR VEHICLE STRUCK MOTOR VEHICLE, FRONT END AT ANGLE",,N,Clear or Partly Cloudy,Dry,Daylight,Y,,45,Vehicle - Pedalcyclist,0,N,Washington,47.6924184377565,-122.35532084551727
Intersection,BALLARD AVE NW AND NW DOCK PL,2,Injury Collision,Cycles,2,0,1,1,1,0,0,2015-01-05T00:00:00.000Z,1/5/2015 5:02:00 PM,At Intersection (intersection related),18.0,"MOTOR VEHICLE STRUCK PEDALCYCLIST, FRONT END AT ANGLE",Y,N,Overcast,Wet,Dark - Street Lights On,,,45,Vehicle - Pedalcyclist,0,N,Washington,47.66446185054597,-122.38090587088483
Intersection,17TH AVE SW AND DELRIDGE WAY SW,2,Injury Collision,Cycles,3,0,1,1,1,0,0,2015-01-18T00:00:00.000Z,1/18/2015 5:34:00 PM,At Intersection (intersection related),18.0,"MOTOR VEHICLE STRUCK PEDALCYCLIST, FRONT END AT ANGLE",Y,N,Raining,Wet,Dark - Street Lights On,Y,,45,Vehicle - Pedalcyclist,520768,N,Washington,47.51884270203465,-122.35649409000165
Intersection,5TH AVE NE AND NE 50TH ST,2,Injury Collision,Cycles,2,0,1,1,1,0,0,2015-02-22T00:00:00.000Z,2/22/2015 4:12:00 PM,At Intersection (intersection related),18.0,"MOTOR VEHICLE STRUCK PEDALCYCLIST, FRONT END AT ANGLE",Y,N,Clear or Partly Cloudy,Dry,Daylight,,Y,45,Vehicle - Pedalcyclist,521819,N,Washington,47.66497536486774,-122.32286256013649
Block,WOODLAWN AVE N BETWEEN N 64TH ST AND N 65TH ST,2,Injury Collision,Cycles,2,0,1,1,1,0,0,2015-02-11T00:00:00.000Z,2/11/2015 6:08:00 AM,Mid-Block (not related to intersection),21.0,"MOTOR VEHICLE STRUCK PEDALCYCLIST, REAR END",,N,Overcast,Dry,Dark - Street Lights On,,,45,Vehicle - Pedalcyclist,0,N,Washington,47.67558937362672,-122.3318067340273
Intersection,9TH AVE NE AND NE 62ND ST,2,Injury Collision,Cycles,2,0,1,1,1,0,0,2014-11-09T00:00:00.000Z,11/9/2014 12:55:00 PM,At Intersection (intersection related),18.0,"MOTOR VEHICLE STRUCK PEDALCYCLIST, FRONT END AT ANGLE",Y,N,Raining,Wet,Daylight,,,45,Vehicle - Pedalcyclist,0,N,Washington,47.67334116803053,-122.31870737277988
Intersection,THOMAS ST AND YALE AVE N,2,Injury Collision,Cycles,0,0,1,2,1,0,0,2014-12-15T00:00:00.000Z,12/15/2014 8:10:00 AM,At Intersection (intersection related),18.0,"MOTOR VEHICLE STRUCK PEDALCYCLIST, FRONT END AT ANGLE",,N,Overcast,Dry,Daylight,,,45,Vehicle - Pedalcyclist,0,N,Washington,47.620820237689784,-122.3304234250929
Block,CORLISS AVE N BETWEEN N NORTHLAKE WAY AND N 36TH ST,2,Injury Collision,Cycles,2,0,1,1,1,0,0,2015-02-11T00:00:00.000Z,2/11/2015 6:58:00 AM,Mid-Block (but intersection related),18.0,"MOTOR VEHICLE STRUCK PEDALCYCLIST, FRONT END AT ANGLE",Y,N,Overcast,Wet,Unknown,,,45,Vehicle - Pedalcyclist,0,N,Washington,47.65022619605497,-122.33138953964685
Block,3RD AVE NW BETWEEN NW 83RD ST AND NW 84TH ST,2,Injury Collision,Cycles,3,0,1,1,1,0,0,2015-02-11T00:00:00.000Z,2/11/2015 12:58:00 PM,Driveway Junction,18.0,"MOTOR VEHICLE STRUCK PEDALCYCLIST, FRONT END AT ANGLE",,N,Clear or Partly Cloudy,Dry,Daylight,,,45,Vehicle - Pedalcyclist,0,N,Washington,47.68947201128656,-122.3606483014335
Block,15TH AVE W BETWEEN NICKERSON 15TH RP AND 15TH EMERSON RP,2,Injury Collision,Cycles,3,0,1,1,1,0,0,2014-12-26T00:00:00.000Z,12/26/2014 6:38:00 AM,Mid-Block (but intersection related),21.0,"MOTOR VEHICLE STRUCK PEDALCYCLIST, REAR END",Y,N,Clear or Partly Cloudy,Dry,Dark - Street Lights On,,,45,Vehicle - Pedalcyclist,0,N,Washington,47.6527420584869,-122.37621035089485
Block,FAIRVIEW AVE N BETWEEN FAIRVIEW AVE E AND EASTLAKE AVE E,2b,Serious Injury Collision,Cycles,2,0,1,1,1,1,0,2015-01-07T00:00:00.000Z,1/7/2015 7:00:00 AM,Mid-Block (not related to intersection),21.0,"MOTOR VEHICLE STRUCK PEDALCYCLIST, REAR END",,N,Unknown,Unknown,Unknown,,,45,Vehicle - Pedalcyclist,0,N,Washington,47.632132046349895,-122.32651934945801
Block,2ND AVE BETWEEN UNION ST AND PIKE ST,2,Injury Collision,Cycles,2,0,1,1,1,0,0,2015-01-08T00:00:00.000Z,1/8/2015 5:12:00 PM,Driveway Junction,18.0,"MOTOR VEHICLE STRUCK PEDALCYCLIST, FRONT END AT ANGLE",,N,Clear or Partly Cloudy,Dry,Dark - Street Lights On,,,45,Vehicle - Pedalcyclist,0,N,Washington,47.60878749220817,-122.33844845839597
Block,35TH AVE SW BETWEEN SW BRANDON ST AND SW FINDLAY ST,2,Injury Collision,Cycles,2,0,1,1,1,0,0,2015-02-24T00:00:00.000Z,2/24/2015 6:16:00 AM,Mid-Block (not related to intersection),18.0,"MOTOR VEHICLE STRUCK PEDALCYCLIST, FRONT END AT ANGLE",Y,N,Clear or Partly Cloudy,Dry,Dawn,,,45,Vehicle - Pedalcyclist,0,N,Washington,47.55287224865052,-122.37629143175829
Block,ERSKINE WAY SW BETWEEN SW HUDSON N ST AND SW HUDSON S ST,2,Injury Collision,Angles,2,0,1,1,1,0,0,2015-02-23T00:00:00.000Z,2/23/2015 11:15:00 AM,Mid-Block (not related to intersection),18.0,"MOTOR VEHICLE STRUCK PEDALCYCLIST, FRONT END AT ANGLE",,N,Clear or Partly Cloudy,Dry,Daylight,Y,,10,Entering at angle,0,N,Washington,47.557340714704345,-122.38998219322481
Intersection,EASTLAKE AVE E AND FUHRMAN AVE E,2b,Serious Injury Collision,Cycles,3,0,1,1,1,1,0,2015-01-02T00:00:00.000Z,1/2/2015 6:25:00 PM,At Intersection (intersection related),51.0,PEDALCYCLIST STRUCK MOTOR VEHICLE FRONT END AT ANGLE,,N,Raining,Wet,Dark - Street Lights On,Y,,45,Vehicle - Pedalcyclist,0,N,Washington,47.65157827163786,-122.32127525687477
Block,EAST MONTLAKE PL E BETWEEN E ROANOKE ST AND 22ND AVE E,2,Injury Collision,Cycles,4,0,1,1,1,0,0,2015-01-31T00:00:00.000Z,1/31/2015 12:47:00 PM,Mid-Block (but intersection related),51.0,PEDALCYCLIST STRUCK MOTOR VEHICLE FRONT END AT ANGLE,,N,Clear or Partly Cloudy,Dry,Daylight,,,45,Vehicle - Pedalcyclist,0,N,Washington,47.64342784665056,-122.30343617315191
Intersection,1ST AVE NE AND NE 58TH ST,2,Injury Collision,Cycles,2,0,1,1,1,0,0,2014-12-18T00:00:00.000Z,12/18/2014 7:24:00 AM,At Intersection (intersection related),18.0,"MOTOR VEHICLE STRUCK PEDALCYCLIST, FRONT END AT ANGLE",,N,Overcast,Wet,Dark - Street Lights On,,,45,Vehicle - Pedalcyclist,0,N,Washington,47.67085623280401,-122.32823458465236
Block,ALASKAN WAY BETWEEN COLUMBIA ST AND MARION ST,2,Injury Collision,Cycles,3,0,1,1,1,0,0,2015-01-14T00:00:00.000Z,1/14/2015 6:50:00 PM,Mid-Block (not related to intersection),18.0,"MOTOR VEHICLE STRUCK PEDALCYCLIST, FRONT END AT ANGLE",Y,N,Clear or Partly Cloudy,Dry,Dark - Street Lights On,,,45,Vehicle - Pedalcyclist,0,N,Washington,47.60270291346093,-122.33746652085945
Block,NORTHGATE I5 NB ON RP BETWEEN NE NORTHGATE WAY AND 1ST AV NE I5 NB ON RP,2,Injury Collision,Cycles,2,0,1,1,1,0,0,2015-02-05T00:00:00.000Z,2/5/2015 7:06:00 PM,Ramp Junction,51.0,PEDALCYCLIST STRUCK MOTOR VEHICLE FRONT END AT ANGLE,,N,Raining,Wet,Dark - Street Lights On,,,45,Vehicle - Pedalcyclist,630873,N,Washington,47.709609691088545,-122.32923339846
Intersection,10TH AVE E AND E ROANOKE W ST,2,Injury Collision,Cycles,3,0,1,1,1,0,0,2015-02-15T00:00:00.000Z,2/15/2015 10:12:00 AM,At Intersection (intersection related),18.0,"MOTOR VEHICLE STRUCK PEDALCYCLIST, FRONT END AT ANGLE",,N,Clear or Partly Cloudy,Dry,Daylight,,,45,Vehicle - Pedalcyclist,0,N,Washington,47.64319455585064,-122.32005642808822
Block,NE 50TH ST BETWEEN ROOSEVELT WAY NE AND 11TH AVE NE,2,Injury Collision,Cycles,2,0,1,1,1,0,0,2015-02-18T00:00:00.000Z,2/18/2015 6:59:00 PM,Mid-Block (but intersection related),54.0,PEDALCYCLIST STRUCK MOTOR VEHICLE REAR END,,N,Overcast,Dry,Dark - Street Lights On,,,45,Vehicle - Pedalcyclist,0,N,Washington,47.66493252818408,-122.31687117191518
Intersection,6TH AVE NE AND NE 70TH N ST,2,Injury Collision,Cycles,2,0,1,1,1,0,0,2015-02-12T00:00:00.000Z,2/12/2015 1:31:00 PM,At Intersection (intersection related),18.0,"MOTOR VEHICLE STRUCK PEDALCYCLIST, FRONT END AT ANGLE",Y,N,Clear or Partly Cloudy,Dry,Daylight,Y,,45,Vehicle - Pedalcyclist,0,N,Washington,47.68021033337568,-122.3217575474932
Block,HARBOR AVE SW BETWEEN LOTUS AVE SW AND FAUNTLEROY AVE SW,2,Injury Collision,Cycles,3,0,1,1,1,0,0,2015-01-25T00:00:00.000Z,1/25/2015 4:08:00 PM,Mid-Block (not related to intersection),18.0,"MOTOR VEHICLE STRUCK PEDALCYCLIST, FRONT END AT ANGLE",Y,N,Clear or Partly Cloudy,Dry,Daylight,Y,,45,Vehicle - Pedalcyclist,0,N,Washington,47.58249942362672,-122.37352160485236
Intersection,DEXTER AVE N AND HOWE ST,2,Injury Collision,Cycles,2,0,1,1,1,0,0,2015-02-09T00:00:00.000Z,2/9/2015 9:13:00 AM,At Intersection (intersection related),51.0,PEDALCYCLIST STRUCK MOTOR VEHICLE FRONT END AT ANGLE,,N,Raining,Wet,Unknown,Y,,45,Vehicle - Pedalcyclist,0,N,Washington,47.63599560949835,-122.34240755509927
Intersection,SUMMIT AVE AND E PIKE ST,2,Injury Collision,Cycles,2,0,1,1,1,0,0,2014-12-23T00:00:00.000Z,12/23/2014 10:26:00 PM,At Intersection (intersection related),18.0,"MOTOR VEHICLE STRUCK PEDALCYCLIST, FRONT END AT ANGLE",,N,Raining,Wet,Dark - Street Lights Off,,,45,Vehicle - Pedalcyclist,0,N,Washington,47.61408850799594,-122.325514174552
Intersection,20TH AVE NE AND LAKE CITY WAY NE,2,Injury Collision,Cycles,2,0,1,1,1,0,0,2015-01-15T00:00:00.000Z,1/15/2015 6:41:00 PM,At Intersection (intersection related),51.0,PEDALCYCLIST STRUCK MOTOR VEHICLE FRONT END AT ANGLE,,N,Raining,Wet,Dark - Street Lights On,,,45,Vehicle - Pedalcyclist,0,N,Washington,47.691236166631654,-122.30684853557621
Block,NICKERSON ST BETWEEN CREMONA ST AND DRAVUS ST,1,Property Damage Only Collision,Cycles,0,0,1,1,0,0,0,2014-12-11T00:00:00.000Z,12/11/2014 6:30:00 PM,Mid-Block (not related to intersection),12.0,"MOTOR VEHICLE STRUCK MOTOR VEHICLE, RIGHT SIDE AT ANGLE",,N,Raining,Dry,Dark - Street Lights On,,,45,Vehicle - Pedalcyclist,0,N,Washington,47.64909962012888,-122.35620819615272
Block,22ND AVE BETWEEN E UNION ST AND E PINE ST,2,Injury Collision,Cycles,3,0,1,1,1,0,0,2015-01-03T00:00:00.000Z,1/3/2015 6:26:00 PM,Mid-Block (not related to intersection),22.0,"MOTOR VEHICLE STRUCK PEDALCYCLIST, RIGHT SIDE SIDESWIPE",,N,Clear or Partly Cloudy,Dry,,,,45,Vehicle - Pedalcyclist,0,N,Washington,47.614116233106,-122.30360492036249
Intersection,5TH AVE NE AND NE 80TH ST,2,Injury Collision,Cycles,2,0,1,1,1,0,0,2014-12-28T00:00:00.000Z,12/28/2014 9:10:00 AM,At Intersection (intersection related),18.0,"MOTOR VEHICLE STRUCK PEDALCYCLIST, FRONT END AT ANGLE",,Y,Clear or Partly Cloudy,Wet,Daylight,,,45,Vehicle - Pedalcyclist,0,N,Washington,47.68678736489454,-122.32295136020734
Intersection,20TH AVE AND E YESLER WAY,2,Injury Collision,Cycles,2,0,1,1,1,0,0,2015-01-16T00:00:00.000Z,1/16/2015 5:00:00 PM,At Intersection (intersection related),51.0,PEDALCYCLIST STRUCK MOTOR VEHICLE FRONT END AT ANGLE,,N,Clear or Partly Cloudy,Dry,Dusk,,,45,Vehicle - Pedalcyclist,0,N,Washington,47.60167383464475,-122.3063517980558
Block,LAKE WASHINGTON BLVD BETWEEN E TERRACE ST AND E JEFFERSON ST,1,Property Damage Only Collision,Cycles,2,0,1,1,0,0,0,2015-02-12T00:00:00.000Z,2/12/2015 6:30:00 PM,Mid-Block (not related to intersection),18.0,"MOTOR VEHICLE STRUCK PEDALCYCLIST, FRONT END AT ANGLE",,N,Unknown,Unknown,Unknown,,,45,Vehicle - Pedalcyclist,0,N,Washington,47.605276946308095,-122.28350343522449
Block,DEXTER AVE N BETWEEN HARRISON ST AND REPUBLICAN ST,2,Injury Collision,Cycles,2,0,1,1,1,0,0,2015-02-19T00:00:00.000Z,2/19/2015 11:01:00 AM,Mid-Block (not related to intersection),51.0,PEDALCYCLIST STRUCK MOTOR VEHICLE FRONT END AT ANGLE,Y,N,Overcast,Wet,Daylight,,,45,Vehicle - Pedalcyclist,0,N,Washington,47.62263838004219,-122.34236643866664
Block,PIKE ST BETWEEN 1ST AVE AND 2ND AVE,2,Injury Collision,Cycles,2,0,1,1,1,0,0,2014-12-18T00:00:00.000Z,12/18/2014 8:39:00 AM,Mid-Block (not related to intersection),29.0,MOTOR VEHICLE OVERTURNED IN ROAD,,N,Clear or Partly Cloudy,Dry,Daylight,,,45,Vehicle - Pedalcyclist,0,N,Washington,47.60905233418724,-122.33946028088049
Block,ROOSEVELT WAY NE BETWEEN NE 42ND S ST AND NE 42ND N ST,2,Injury Collision,Cycles,4,0,1,1,1,0,0,2014-11-19T00:00:00.000Z,11/19/2014 12:31:00 PM,Driveway Junction,51.0,PEDALCYCLIST STRUCK MOTOR VEHICLE FRONT END AT ANGLE,,N,Clear or Partly Cloudy,Dry,Daylight,,,45,Vehicle - Pedalcyclist,0,N,Washington,47.657941757397786,-122.31779112586315
Intersection,HIGHLAND DR AND WESTLAKE AVE N,2,Injury Collision,Cycles,2,0,1,1,1,0,0,2014-11-07T00:00:00.000Z,11/7/2014 8:00:00 AM,At Intersection (intersection related),51.0,PEDALCYCLIST STRUCK MOTOR VEHICLE FRONT END AT ANGLE,,N,Clear or Partly Cloudy,Dry,Daylight,,,45,Vehicle - Pedalcyclist,574129,N,Washington,47.62971165716965,-122.3410074358488
Block,S FRONT ST BETWEEN 5TH AVE S AND 6TH AVE S,2,Injury Collision,Cycles,3,0,1,1,1,0,0,2014-11-06T00:00:00.000Z,11/6/2014 2:13:00 PM,Mid-Block (not related to intersection),14.0,"MOTOR VEHICLE STRUCK MOTOR VEHICLE, REAR END",,N,Raining,Wet,Daylight,,,45,Vehicle - Pedalcyclist,0,N,Washington,47.54804935017149,-122.32727000554749
Intersection,EAST GREEN LAKE WAY N AND WEST GREEN LAKE WAY N,2,Injury Collision,Cycles,2,0,1,1,1,0,0,2014-12-10T00:00:00.000Z,12/10/2014 4:49:00 PM,At Intersection (intersection related),18.0,"MOTOR VEHICLE STRUCK PEDALCYCLIST, FRONT END AT ANGLE",,N,Raining,Wet,Dark - Street Lights On,Y,,45,Vehicle - Pedalcyclist,0,N,Washington,47.66934432094399,-122.3399637917443
Intersection,LAKE WASHINGTON BLVD E AND E MADISON ST,2,Injury Collision,Cycles,3,0,1,1,1,0,0,2014-11-07T00:00:00.000Z,11/7/2014 11:33:00 AM,At Intersection (intersection related),51.0,PEDALCYCLIST STRUCK MOTOR VEHICLE FRONT END AT ANGLE,Y,N,Clear or Partly Cloudy,Dry,Daylight,Y,,45,Vehicle - Pedalcyclist,0,N,Washington,47.626017800549825,-122.29244003313448
Intersection,MARY AVE NW AND NW 77TH ST,2,Injury Collision,Cycles,4,0,1,1,1,0,0,2014-11-01T00:00:00.000Z,11/1/2014 6:33:00 PM,At Intersection (intersection related),18.0,"MOTOR VEHICLE STRUCK PEDALCYCLIST, FRONT END AT ANGLE",,N,Clear or Partly Cloudy,Dry,Dark - Street Lights On,,,45,Vehicle - Pedalcyclist,0,N,Washington,47.68506369829535,-122.37544780430044
Block,S COLLEGE ST BETWEEN RAINIER S AVE S AND 25TH AVE S,2,Injury Collision,Cycles,1,0,1,0,1,0,0,2014-11-19T00:00:00.000Z,11/19/2014 8:41:00 AM,Mid-Block (but intersection related),69.0,PEDALCYCLIST OVERTURNED IN ROAD,,N,Clear or Partly Cloudy,Dry,Daylight,,,45,Vehicle - Pedalcyclist,0,N,Washington,47.58293882133004,-122.30096407531204
Block,5TH AVE BETWEEN 5TH AVE S AND TERRACE ST,2,Injury Collision,Cycles,2,0,1,1,1,0,0,2014-12-19T00:00:00.000Z,12/19/2014 5:12:00 PM,Mid-Block (not related to intersection),54.0,PEDALCYCLIST STRUCK MOTOR VEHICLE REAR END,,N,Clear or Partly Cloudy,Dry,Dark - No Street Lights,,,45,Vehicle - Pedalcyclist,0,N,Washington,47.601992342038706,-122.32768409931076
Block,NE 65TH ST BETWEEN 21ST E AVE NE AND 22ND AVE NE,2,Injury Collision,Cycles,2,0,1,1,1,0,0,2014-10-26T00:00:00.000Z,10/26/2014 3:15:00 PM,Mid-Block (not related to intersection),18.0,"MOTOR VEHICLE STRUCK PEDALCYCLIST, FRONT END AT ANGLE",Y,N,Clear or Partly Cloudy,Wet,Daylight,,,45,Vehicle - Pedalcyclist,0,N,Washington,47.675777000161396,-122.30479451431192
Intersection,6TH AVE S AND SEATTLE W BLVD S,2,Injury Collision,Cycles,2,0,1,1,1,0,0,2014-12-04T00:00:00.000Z,12/4/2014 2:30:00 PM,At Intersection (intersection related),51.0,PEDALCYCLIST STRUCK MOTOR VEHICLE FRONT END AT ANGLE,,N,Raining,Wet,Daylight,,,45,Vehicle - Pedalcyclist,0,N,Washington,47.595130638685035,-122.32637666349659