addrtype,location,severitycode,severitydesc,collisiontype,personcount,pedcount,pedcylcount,vehcount,injuries,seriousinjuries,fatalities,incdate,incdttm,junctiontype,sdot_colcode,sdot_coldesc,inattentionind,underinfl,weather,roadcond,lightcond,pedrownotgrnt,speeding,st_colcode,st_coldesc,crosswalkkey,hitparkedcar,state,latitude,longitude
Block,NW MARKET ST BETWEEN 14TH AVE NW AND 15TH AVE NW,2,Injury Collision,Cycles,2,0,1,1,1,0,0,2014-12-20T00:00:00.000Z,12/20/2014 10:01:00 AM,Driveway Junction,51.0,PEDALCYCLIST STRUCK MOTOR VEHICLE FRONT END AT ANGLE,,N,Raining,Wet,Daylight,,,45,Vehicle - Pedalcyclist,0,N,Washington,47.668666144477655,-122.37489946277462
Block,NE NORTHGATE WAY BETWEEN 3RD AVE NE AND 5TH AVE NE,2,Injury Collision,Cycles,2,0,1,1,1,0,0,2014-12-22T00:00:00.000Z,12/22/2014 12:00:00 PM,Driveway Junction,51.0,PEDALCYCLIST STRUCK MOTOR VEHICLE FRONT END AT ANGLE,,N,Clear or Partly Cloudy,Dry,Daylight,,,45,Vehicle - Pedalcyclist,0,N,Washington,47.708602814645396,-122.32461718021729
Block,MERCER NR ST BETWEEN WESTLAKE AVE N AND TERRY AVE N,2,Injury Collision,Cycles,2,0,1,1,1,0,0,2014-10-11T00:00:00.000Z,10/11/2014 11:26:00 AM,Mid-Block (not related to intersection),18.0,"MOTOR VEHICLE STRUCK PEDALCYCLIST, FRONT END AT ANGLE",,N,Clear or Partly Cloudy,Dry,Daylight,,,45,Vehicle - Pedalcyclist,0,N,Washington,47.624690475094845,-122.33778440700401
Block,15TH AVE NE BETWEEN NE 41ST ST AND NE 42ND ST,2,Injury Collision,Cycles,2,0,1,1,1,0,0,2014-10-14T00:00:00.000Z,10/14/2014 3:07:00 PM,Mid-Block (not related to intersection),14.0,"MOTOR VEHICLE STRUCK MOTOR VEHICLE, REAR END",Y,N,Overcast,Dry,Daylight,,,45,Vehicle - Pedalcyclist,0,N,Washington,47.65755909785182,-122.31209078949702
Block,VIRGINIA ST BETWEEN 7TH AVE AND 8TH AVE,2,Injury Collision,Cycles,2,0,1,1,1,0,0,2014-12-08T00:00:00.000Z,12/8/2014 6:04:00 AM,Driveway Junction,51.0,PEDALCYCLIST STRUCK MOTOR VEHICLE FRONT END AT ANGLE,,N,Clear or Partly Cloudy,Wet,Dark - Street Lights On,,,45,Vehicle - Pedalcyclist,0,N,Washington,47.615387948696096,-122.337026061362
Intersection,REPUBLICAN ST AND TERRY AVE N,2,Injury Collision,Cycles,2,0,1,1,1,0,0,2014-10-17T00:00:00.000Z,10/17/2014 2:30:00 PM,At Intersection (intersection related),51.0,PEDALCYCLIST STRUCK MOTOR VEHICLE FRONT END AT ANGLE,,N,Raining,Wet,Daylight,,,45,Vehicle - Pedalcyclist,0,N,Washington,47.62320451656215,-122.33714239277849
Intersection,17TH AVE SW AND SW ROXBURY ST,2,Injury Collision,Cycles,2,0,1,1,1,0,0,2014-10-01T00:00:00.000Z,10/1/2014 6:51:00 PM,At Intersection (intersection related),24.0,MOTOR VEHCILE STRUCK PEDESTRIAN,Y,N,Clear or Partly Cloudy,Dry,Dusk,Y,,45,Vehicle - Pedalcyclist,520767,N,Washington,47.5173613008169,-122.35651080574921
Block,EAST MARGINAL WAY S BETWEEN S STACY ST AND S HANFORD ST,2b,Serious Injury Collision,Cycles,1,0,1,0,1,1,0,2014-10-15T00:00:00.000Z,10/15/2014 6:58:00 AM,Mid-Block (not related to intersection),18.0,"MOTOR VEHICLE STRUCK PEDALCYCLIST, FRONT END AT ANGLE",,N,Raining,Wet,Daylight,,,45,Vehicle - Pedalcyclist,0,N,Washington,47.57871214755675,-122.33998271087823
Intersection,FLORENTIA ST AND NICKERSON ST,2,Injury Collision,Cycles,2,0,1,1,1,0,0,2014-10-18T00:00:00.000Z,10/18/2014 7:14:00 PM,At Intersection (intersection related),18.0,"MOTOR VEHICLE STRUCK PEDALCYCLIST, FRONT END AT ANGLE",Y,Y,Overcast,Dry,Dark - Street Lights On,Y,,45,Vehicle - Pedalcyclist,525260,N,Washington,47.64688457727989,-122.35135310957972
Block,HARVARD AVE E BETWEEN LAKEVIEW BLVD E AND E BOSTON ST,2,Injury Collision,Cycles,2,0,1,1,1,0,0,2014-11-04T00:00:00.000Z,11/4/2014 7:53:00 AM,Mid-Block (not related to intersection),18.0,"MOTOR VEHICLE STRUCK PEDALCYCLIST, FRONT END AT ANGLE",Y,N,Raining,Wet,Daylight,,,45,Vehicle - Pedalcyclist,0,N,Washington,47.63714221237564,-122.32241106136853
Block,LAKEVIEW BLVD E BETWEEN E GARFIELD ST AND HARVARD AVE E,2,Injury Collision,Cycles,4,0,1,1,1,0,0,2014-11-05T00:00:00.000Z,11/5/2014 9:15:00 AM,Mid-Block (not related to intersection),18.0,"MOTOR VEHICLE STRUCK PEDALCYCLIST, FRONT END AT ANGLE",,N,Overcast,Dry,Daylight,,,45,Vehicle - Pedalcyclist,0,N,Washington,47.63520625511273,-122.3223942810633
Block,DENNY WAY BETWEEN 6TH AVE AND 7TH NB AVE N,1,Property Damage Only Collision,Cycles,2,0,1,1,0,0,0,2014-11-20T00:00:00.000Z,11/20/2014 8:40:00 AM,Driveway Junction,18.0,"MOTOR VEHICLE STRUCK PEDALCYCLIST, FRONT END AT ANGLE",,N,Overcast,Wet,Daylight,Y,,45,Vehicle - Pedalcyclist,0,N,Washington,47.61855858269988,-122.34432999706213
Block,12TH AVE S BETWEEN XW S LANE ST AND GOLF DR S,2,Injury Collision,Cycles,2,0,1,1,1,0,0,2014-10-31T00:00:00.000Z,10/31/2014 9:48:00 AM,Mid-Block (but intersection related),54.0,PEDALCYCLIST STRUCK MOTOR VEHICLE REAR END,,N,Raining,Wet,Daylight,,,45,Vehicle - Pedalcyclist,0,N,Washington,47.595407395172366,-122.31726196997428
Block,1ST AVE S BETWEEN S KING ST AND RAILROAD N WAY S,2,Injury Collision,Cycles,2,0,1,1,1,0,0,2014-10-31T00:00:00.000Z,10/31/2014 5:24:00 PM,Mid-Block (but intersection related),51.0,PEDALCYCLIST STRUCK MOTOR VEHICLE FRONT END AT ANGLE,,N,Clear or Partly Cloudy,Dry,Daylight,,,45,Vehicle - Pedalcyclist,521026,N,Washington,47.59738155929992,-122.33419171818073
Intersection,LINDEN AVE N AND N 71ST ST,2,Injury Collision,Cycles,2,0,1,1,1,0,0,2014-10-31T00:00:00.000Z,10/31/2014 7:40:00 PM,At Intersection (intersection related),51.0,PEDALCYCLIST STRUCK MOTOR VEHICLE FRONT END AT ANGLE,,N,Raining,Wet,Dark - Street Lights On,,,45,Vehicle - Pedalcyclist,0,N,Washington,47.680307018362655,-122.34727118486778
Intersection,ROOSEVELT WAY NE AND NE 42ND S ST,2,Injury Collision,Cycles,2,0,1,1,1,0,0,2014-10-31T00:00:00.000Z,10/31/2014 7:26:00 PM,At Intersection (intersection related),51.0,PEDALCYCLIST STRUCK MOTOR VEHICLE FRONT END AT ANGLE,,N,Raining,Wet,Dark - Street Lights On,Y,,45,Vehicle - Pedalcyclist,0,N,Washington,47.657514224809034,-122.317802129097
Intersection,6TH AVE S AND S DEARBORN ST,2,Injury Collision,Cycles,2,0,1,1,1,0,0,2014-12-02T00:00:00.000Z,12/2/2014 3:00:00 PM,At Intersection (intersection related),18.0,"MOTOR VEHICLE STRUCK PEDALCYCLIST, FRONT END AT ANGLE",,N,Clear or Partly Cloudy,Dry,Daylight,,,45,Vehicle - Pedalcyclist,0,N,Washington,47.595837273375686,-122.32637379821077
Intersection,DENSMORE AVE N AND N 38TH ST,2,Injury Collision,Cycles,2,0,1,1,1,0,0,2014-12-02T00:00:00.000Z,12/2/2014 5:32:00 PM,At Intersection (intersection related),51.0,PEDALCYCLIST STRUCK MOTOR VEHICLE FRONT END AT ANGLE,,N,Clear or Partly Cloudy,Dry,Dark - Street Lights On,,,45,Vehicle - Pedalcyclist,0,N,Washington,47.65315214313561,-122.33748929189657
Intersection,LINDEN AVE N AND N 130TH ST,2,Injury Collision,Cycles,2,0,1,1,1,0,0,2014-12-02T00:00:00.000Z,12/2/2014 5:20:00 PM,At Intersection (intersection related),18.0,"MOTOR VEHICLE STRUCK PEDALCYCLIST, FRONT END AT ANGLE",,N,Clear or Partly Cloudy,Dry,Dark - Street Lights On,Y,,45,Vehicle - Pedalcyclist,0,N,Washington,47.7232183775105,-122.34819529863749
Intersection,GOLF DR S AND S CHARLES ST,2,Injury Collision,Cycles,2,0,1,1,1,0,0,2014-10-27T00:00:00.000Z,10/27/2014 6:20:00 AM,At Intersection (intersection related),18.0,"MOTOR VEHICLE STRUCK PEDALCYCLIST, FRONT END AT ANGLE",Y,N,Overcast,Unknown,Dark - Street Lights On,,,45,Vehicle - Pedalcyclist,0,N,Washington,47.594281683773424,-122.31657709205992
Intersection,E DENNY WAY AND E OLIVE WAY,2,Injury Collision,Cycles,3,0,1,1,1,0,0,2015-01-20T00:00:00.000Z,1/20/2015 10:25:00 PM,At Intersection (intersection related),18.0,"MOTOR VEHICLE STRUCK PEDALCYCLIST, FRONT END AT ANGLE",,N,Clear or Partly Cloudy,Dry,Dark - Street Lights On,,,45,Vehicle - Pedalcyclist,0,N,Washington,47.61848878121481,-122.32563295134672
Intersection,18TH AVE E AND BOYER AVE E,2,Injury Collision,Cycles,3,0,1,1,1,0,0,2015-01-24T00:00:00.000Z,1/24/2015 5:31:00 PM,At Intersection (intersection related),18.0,"MOTOR VEHICLE STRUCK PEDALCYCLIST, FRONT END AT ANGLE",,N,Clear or Partly Cloudy,Dry,Dark - Street Lights On,,,45,Vehicle - Pedalcyclist,0,N,Washington,47.63858825992964,-122.308695341317
Block,HARVARD AVE BETWEEN E HOWELL ST AND E DENNY WAY,1,Property Damage Only Collision,Cycles,2,0,1,1,0,0,0,2014-12-23T00:00:00.000Z,12/23/2014 4:08:00 PM,Mid-Block (but intersection related),52.0,PEDALCYCLIST STRUCK MOTOR VEHICLE RIGHT SIDE AT ANGLE,,N,Raining,Wet,Dark - Street Lights On,,,45,Vehicle - Pedalcyclist,0,N,Washington,47.6181466601691,-122.3221772822397
Intersection,DEXTER AVE N AND THOMAS ST,2,Injury Collision,Cycles,2,0,1,1,1,0,0,2015-01-19T00:00:00.000Z,1/19/2015,At Intersection (intersection related),51.0,PEDALCYCLIST STRUCK MOTOR VEHICLE FRONT END AT ANGLE,,N,Clear or Partly Cloudy,Dry,Unknown,Y,,45,Vehicle - Pedalcyclist,0,N,Washington,47.620888394604385,-122.34238173081964
Intersection,ROOSEVELT WAY NE AND NE 43RD S ST,2,Injury Collision,Cycles,2,0,1,1,1,0,0,2015-01-28T00:00:00.000Z,1/28/2015 8:46:00 AM,At Intersection (intersection related),51.0,PEDALCYCLIST STRUCK MOTOR VEHICLE FRONT END AT ANGLE,,N,Clear or Partly Cloudy,Dry,Daylight,Y,,45,Vehicle - Pedalcyclist,0,N,Washington,47.659455945574386,-122.31775170617126
Intersection,NE 45TH PL AND NE 45TH ST,2,Injury Collision,Cycles,2,0,1,1,1,0,0,2015-02-17T00:00:00.000Z,2/17/2015 2:55:00 PM,At Intersection (intersection related),18.0,"MOTOR VEHICLE STRUCK PEDALCYCLIST, FRONT END AT ANGLE",Y,N,Clear or Partly Cloudy,Dry,Daylight,,,45,Vehicle - Pedalcyclist,0,N,Washington,47.66124330556865,-122.29286352277485
Intersection,26TH AVE AND E PIKE ST,2,Injury Collision,Cycles,2,0,1,1,1,0,0,2015-02-13T00:00:00.000Z,2/13/2015 5:20:00 PM,At Intersection (intersection related),0.0,NOT ENOUGH INFORMATION / NOT APPLICABLE,,N,Clear or Partly Cloudy,Dry,Daylight,,,45,Vehicle - Pedalcyclist,30015,N,Washington,47.614133587102636,-122.29879217627807
Intersection,8TH AVE AND MARION ST,2,Injury Collision,Cycles,2,0,1,1,1,0,0,2015-02-12T00:00:00.000Z,2/12/2015 5:07:00 PM,At Intersection (intersection related),18.0,"MOTOR VEHICLE STRUCK PEDALCYCLIST, FRONT END AT ANGLE",,N,Clear or Partly Cloudy,Dry,Dusk,,,45,Vehicle - Pedalcyclist,29937,N,Washington,47.6072310070584,-122.3278184467782
Intersection,3RD AVE S AND S JACKSON ST,2,Injury Collision,Cycles,2,0,1,1,1,0,0,2014-12-16T00:00:00.000Z,12/16/2014 6:08:00 PM,At Intersection (intersection related),51.0,PEDALCYCLIST STRUCK MOTOR VEHICLE FRONT END AT ANGLE,,N,Clear or Partly Cloudy,Dry,Dark - Street Lights On,,,45,Vehicle - Pedalcyclist,0,N,Washington,47.599198691740476,-122.33027580703808
Intersection,12TH AVE AND E JEFFERSON ST,2,Injury Collision,Cycles,2,0,1,1,1,0,0,2015-01-13T00:00:00.000Z,1/13/2015 5:57:00 PM,At Intersection (intersection related),51.0,PEDALCYCLIST STRUCK MOTOR VEHICLE FRONT END AT ANGLE,,N,Clear or Partly Cloudy,Dry,Daylight,Y,Y,45,Vehicle - Pedalcyclist,0,N,Washington,47.606203045254205,-122.316780466471
Intersection,35TH AVE NE AND NE 80TH ST,2,Injury Collision,Cycles,2,0,1,1,1,0,0,2015-02-13T00:00:00.000Z,2/13/2015 6:08:00 PM,At Intersection (intersection related),18.0,"MOTOR VEHICLE STRUCK PEDALCYCLIST, FRONT END AT ANGLE",,N,Overcast,Dry,Dark - Street Lights On,,,45,Vehicle - Pedalcyclist,24908,N,Washington,47.68667846315786,-122.29059807439259
Block,2ND AVE BETWEEN UNIVERSITY ST AND UNION ST,2,Injury Collision,Cycles,2,0,1,1,1,0,0,2015-02-17T00:00:00.000Z,2/17/2015 8:09:00 AM,Driveway Junction,18.0,"MOTOR VEHICLE STRUCK PEDALCYCLIST, FRONT END AT ANGLE",,N,Clear or Partly Cloudy,Dry,Daylight,Y,Y,45,Vehicle - Pedalcyclist,0,N,Washington,47.60779444958214,-122.33754001043816
Intersection,STONE WAY N AND N 34TH ST,2,Injury Collision,Cycles,2,0,1,1,1,0,0,2015-01-08T00:00:00.000Z,1/8/2015 6:55:00 PM,At Intersection (intersection related),51.0,PEDALCYCLIST STRUCK MOTOR VEHICLE FRONT END AT ANGLE,,N,Clear or Partly Cloudy,Dry,Dark - Street Lights On,,,45,Vehicle - Pedalcyclist,523424,N,Washington,47.648540727826884,-122.34277540220636
Block,DELRIDGE WAY SW BETWEEN SW SPOKANE ST AND CHELAN SR AVE SW,2,Injury Collision,Cycles,2,0,1,1,1,0,0,2015-02-25T00:00:00.000Z,2/25/2015 5:28:00 PM,Mid-Block (but intersection related),18.0,"MOTOR VEHICLE STRUCK PEDALCYCLIST, FRONT END AT ANGLE",,N,Raining,Wet,Daylight,,,45,Vehicle - Pedalcyclist,0,N,Washington,47.57196645164825,-122.36004532160678
Intersection,3RD AVE AND JAMES ST,2,Injury Collision,Cycles,2,0,1,1,1,0,0,2014-12-12T00:00:00.000Z,12/12/2014 6:12:00 PM,At Intersection (intersection related),18.0,"MOTOR VEHICLE STRUCK PEDALCYCLIST, FRONT END AT ANGLE",,N,Raining,Wet,Dark - Street Lights On,,,45,Vehicle - Pedalcyclist,0,N,Washington,47.602769175945895,-122.33140852764343
Block,LAKE CITY WAY NE BETWEEN NE 140TH ST AND NE 143RD ST,1,Property Damage Only Collision,Cycles,2,0,1,1,0,0,0,2015-01-01T00:00:00.000Z,1/1/2015 6:01:00 PM,Mid-Block (not related to intersection),18.0,"MOTOR VEHICLE STRUCK PEDALCYCLIST, FRONT END AT ANGLE",Y,N,Clear or Partly Cloudy,Dry,Dark - Street Lights On,,,45,Vehicle - Pedalcyclist,0,N,Washington,47.73102706710802,-122.29234202712317
Intersection,12TH AVE S AND S JACKSON ST,1,Property Damage Only Collision,Cycles,3,0,1,2,0,0,0,2015-02-04T00:00:00.000Z,2/4/2015 7:56:00 AM,At Intersection (intersection related),14.0,"MOTOR VEHICLE STRUCK MOTOR VEHICLE, REAR END",Y,N,Overcast,Wet,Daylight,,,45,Vehicle - Pedalcyclist,525068,N,Washington,47.599189062752046,-122.3172228469232
Intersection,ALASKAN E RDWY WAY S AND S KING ST,2,Injury Collision,Cycles,2,0,1,1,1,0,0,2014-12-21T00:00:00.000Z,12/21/2014 2:11:00 AM,At Intersection (intersection related),51.0,PEDALCYCLIST STRUCK MOTOR VEHICLE FRONT END AT ANGLE,,N,Overcast,Wet,Dark - Street Lights On,,,45,Vehicle - Pedalcyclist,0,N,Washington,47.59829391097242,-122.33540490077576
Block,LINDEN AVE N BETWEEN N 141ST ST AND N 143RD ST,2,Injury Collision,Cycles,2,0,1,1,1,0,0,2015-02-24T00:00:00.000Z,2/24/2015 6:12:00 AM,Driveway Junction,51.0,PEDALCYCLIST STRUCK MOTOR VEHICLE FRONT END AT ANGLE,,N,Clear or Partly Cloudy,Dry,Dark - Street Lights On,,,45,Vehicle - Pedalcyclist,0,N,Washington,47.73167559791372,-122.34777181346277
Intersection,DAYTON AVE N AND N 85TH ST,2,Injury Collision,Cycles,2,0,1,1,1,0,0,2014-12-15T00:00:00.000Z,12/15/2014 8:36:00 PM,At Intersection (intersection related),18.0,"MOTOR VEHICLE STRUCK PEDALCYCLIST, FRONT END AT ANGLE",Y,N,Clear or Partly Cloudy,Dry,Dark - Street Lights On,,,45,Vehicle - Pedalcyclist,0,N,Washington,47.69058707308702,-122.35260172823605
Intersection,20TH AVE NE AND LAKE CITY WAY NE,2,Injury Collision,Cycles,2,0,1,1,1,0,0,2015-01-17T00:00:00.000Z,1/17/2015 2:42:00 PM,At Intersection (intersection related),18.0,"MOTOR VEHICLE STRUCK PEDALCYCLIST, FRONT END AT ANGLE",,N,Raining,Wet,Daylight,,,45,Vehicle - Pedalcyclist,37769,N,Washington,47.691236166631654,-122.30684853557621
Intersection,LAKE CITY WAY NE AND NE 120TH ST,2,Injury Collision,Cycles,2,0,1,1,1,0,0,2015-02-04T00:00:00.000Z,2/4/2015 6:13:00 AM,At Intersection (intersection related),18.0,"MOTOR VEHICLE STRUCK PEDALCYCLIST, FRONT END AT ANGLE",Y,N,Clear or Partly Cloudy,Dry,Dark - Street Lights On,Y,,45,Vehicle - Pedalcyclist,523054,N,Washington,47.71561398583311,-122.29740077494392
Block,15TH AVE E BETWEEN E HARRISON N ST AND E REPUBLICAN S ST,1,Property Damage Only Collision,Cycles,2,0,1,1,0,0,0,2015-01-26T00:00:00.000Z,1/26/2015 10:00:00 AM,Mid-Block (not related to intersection),0.0,NOT ENOUGH INFORMATION / NOT APPLICABLE,,N,Unknown,Unknown,Unknown,,,45,Vehicle - Pedalcyclist,0,N,Washington,47.622593902358815,-122.31263653457641
Intersection,8TH AVE AND MARION ST,2,Injury Collision,Cycles,2,0,1,1,1,0,0,2015-03-17T00:00:00.000Z,3/17/2015 6:06:00 PM,At Intersection (intersection related),18.0,"MOTOR VEHICLE STRUCK PEDALCYCLIST, FRONT END AT ANGLE",Y,N,Overcast,Wet,Dusk,,,45,Vehicle - Pedalcyclist,0,N,Washington,47.6072310070584,-122.3278184467782
Intersection,23RD AVE S AND S HOLGATE ST,2,Injury Collision,Left Turn,0,0,1,2,2,0,0,2015-03-30T00:00:00.000Z,3/30/2015 4:02:00 PM,At Intersection (intersection related),11.0,"MOTOR VEHICLE STRUCK MOTOR VEHICLE, FRONT END AT ANGLE",,N,Clear or Partly Cloudy,Dry,Daylight,,,28,From opposite direction - one left turn - one straight,31545,N,Washington,47.586326092712795,-122.30292429665971
Intersection,15TH AV W OFF RP AND W NICKERSON ST,2,Injury Collision,Cycles,2,0,1,1,1,0,0,2015-02-24T00:00:00.000Z,2/24/2015 8:15:00 AM,At Intersection (intersection related),18.0,"MOTOR VEHICLE STRUCK PEDALCYCLIST, FRONT END AT ANGLE",,N,Unknown,Unknown,Unknown,,,45,Vehicle - Pedalcyclist,0,N,Washington,47.65393223486976,-122.37570239713176
Intersection,4TH AVE AND PINE ST,2,Injury Collision,Cycles,2,0,1,1,1,0,0,2015-04-06T00:00:00.000Z,4/6/2015 9:05:00 AM,At Intersection (intersection related),18.0,"MOTOR VEHICLE STRUCK PEDALCYCLIST, FRONT END AT ANGLE",,N,Clear or Partly Cloudy,Dry,Daylight,Y,,45,Vehicle - Pedalcyclist,0,N,Washington,47.61120737279311,-122.33759198158764
Intersection,6TH AVE NE AND NE 40TH ST,2,Injury Collision,Cycles,2,0,1,1,1,0,0,2015-01-26T00:00:00.000Z,1/26/2015 1:50:00 PM,At Intersection (intersection related),51.0,PEDALCYCLIST STRUCK MOTOR VEHICLE FRONT END AT ANGLE,,N,Clear or Partly Cloudy,Dry,Daylight,,,45,Vehicle - Pedalcyclist,0,N,Washington,47.655517336128064,-122.32269173881797
Intersection,SUNNYSIDE AVE N AND EAST GREEN LAKE DR N,2,Injury Collision,Cycles,2,0,1,1,1,0,0,2015-03-26T00:00:00.000Z,3/26/2015 10:45:00 AM,At Intersection (intersection related),51.0,PEDALCYCLIST STRUCK MOTOR VEHICLE FRONT END AT ANGLE,,N,Clear or Partly Cloudy,Dry,Daylight,,,45,Vehicle - Pedalcyclist,0,N,Washington,47.68264158691786,-122.32958468466148
Block,HARBOR AVE SW BETWEEN CALIFORNIA WAY SW AND FAIRMOUNT AVE SW,2b,Serious Injury Collision,Cycles,2,0,1,1,1,1,0,2015-03-12T00:00:00.000Z,3/12/2015 2:59:00 PM,Mid-Block (not related to intersection),51.0,PEDALCYCLIST STRUCK MOTOR VEHICLE FRONT END AT ANGLE,,N,Clear or Partly Cloudy,Dry,Daylight,,,45,Vehicle - Pedalcyclist,0,N,Washington,47.588294606237866,-122.37982308862298
Block,DELRIDGE WAY SW BETWEEN SW JUNEAU ST AND 24TH AVE SW,2,Injury Collision,Cycles,2,0,1,1,1,0,0,2015-03-13T00:00:00.000Z,3/13/2015 3:47:00 PM,Mid-Block (not related to intersection),51.0,PEDALCYCLIST STRUCK MOTOR VEHICLE FRONT END AT ANGLE,,N,Clear or Partly Cloudy,Dry,Daylight,,,45,Vehicle - Pedalcyclist,0,N,Washington,47.548385255568505,-122.3630317446378
,,1,Property Damage Only Collision,Cycles,2,0,1,1,0,0,0,2015-01-21T00:00:00.000Z,1/21/2015 1:47:00 PM,Mid-Block (not related to intersection),0.0,NOT ENOUGH INFORMATION / NOT APPLICABLE,,N,Clear or Partly Cloudy,Dry,Daylight,,,45,Vehicle - Pedalcyclist,0,N,Washington,,
Intersection,17TH AVE AND E YESLER WAY,2,Injury Collision,Cycles,0,0,1,1,1,0,0,2015-02-12T00:00:00.000Z,2/12/2015 7:45:00 PM,At Intersection (intersection related),18.0,"MOTOR VEHICLE STRUCK PEDALCYCLIST, FRONT END AT ANGLE",,N,Clear or Partly Cloudy,Dry,Dark - Street Lights On,,,45,Vehicle - Pedalcyclist,0,N,Washington,47.60168055253206,-122.31026488373884
Intersection,2ND AVE AND SPRING ST,2,Injury Collision,Cycles,0,0,1,1,1,0,0,2015-02-18T00:00:00.000Z,2/18/2015 6:34:00 AM,At Intersection (intersection related),51.0,PEDALCYCLIST STRUCK MOTOR VEHICLE FRONT END AT ANGLE,,N,Clear or Partly Cloudy,Dry,Dark - Street Lights On,,,45,Vehicle - Pedalcyclist,0,N,Washington,47.60587261716152,-122.33578172373925
Block,MARION ST BETWEEN MINOR AVE AND BOYLSTON AVE,2,Injury Collision,Cycles,3,0,1,1,1,0,0,2015-03-06T00:00:00.000Z,3/6/2015 12:28:00 PM,Driveway Junction,11.0,"MOTOR VEHICLE STRUCK MOTOR VEHICLE, FRONT END AT ANGLE",,N,Clear or Partly Cloudy,Dry,Daylight,,,45,Vehicle - Pedalcyclist,0,N,Washington,47.60955200106906,-122.32226920831103
Intersection,GREENWOOD AVE N AND N 140TH ST,2,Injury Collision,Cycles,2,0,1,1,1,0,0,2015-03-24T00:00:00.000Z,3/24/2015 12:04:00 PM,At Intersection (intersection related),18.0,"MOTOR VEHICLE STRUCK PEDALCYCLIST, FRONT END AT ANGLE",Y,N,Clear or Partly Cloudy,Dry,Daylight,,,45,Vehicle - Pedalcyclist,35788,N,Washington,47.7304974634021,-122.35556311031662
Intersection,17TH AVE NW AND SHILSHOLE AVE NW,1,Property Damage Only Collision,Cycles,2,0,1,1,0,0,0,2015-03-27T00:00:00.000Z,3/27/2015 6:20:00 PM,At Intersection (intersection related),18.0,"MOTOR VEHICLE STRUCK PEDALCYCLIST, FRONT END AT ANGLE",Y,N,Clear or Partly Cloudy,Dry,Daylight,,,45,Vehicle - Pedalcyclist,0,N,Washington,47.6623896548719,-122.37889419934376
Block,STEWART ST BETWEEN 6TH AVE AND 7TH AVE,2,Injury Collision,Cycles,3,0,1,1,1,0,0,2015-02-12T00:00:00.000Z,2/12/2015 12:42:00 PM,Mid-Block (not related to intersection),56.0,PEDALCYCLIST STRUCK MOTOR VEHICLE LEFT SIDE SIDESWIPE,,N,Clear or Partly Cloudy,Dry,Daylight,,,45,Vehicle - Pedalcyclist,0,N,Washington,47.613954110120886,-122.33658602571985
Intersection,ROOSEVELT WAY NE AND NE 42ND S ST,2,Injury Collision,Cycles,2,0,1,1,1,0,0,2015-03-23T00:00:00.000Z,3/23/2015 10:24:00 AM,At Intersection (intersection related),51.0,PEDALCYCLIST STRUCK MOTOR VEHICLE FRONT END AT ANGLE,,N,Raining,Wet,Daylight,Y,,45,Vehicle - Pedalcyclist,0,N,Washington,47.657514224809034,-122.317802129097
Intersection,ALASKAN WAY AND MARION ST,2b,Serious Injury Collision,Angles,2,0,1,1,1,1,0,2015-03-13T00:00:00.000Z,3/13/2015 5:15:00 PM,At Intersection (intersection related),18.0,"MOTOR VEHICLE STRUCK PEDALCYCLIST, FRONT END AT ANGLE",,N,Clear or Partly Cloudy,Dry,Daylight,,,10,Entering at angle,0,N,Washington,47.603060582729206,-122.33778754563215
Block,S ALASKA ST BETWEEN RAINIER AVE S AND 38TH AVE S,2,Injury Collision,Cycles,1,0,1,0,1,0,0,2015-02-25T00:00:00.000Z,2/25/2015 4:36:00 PM,Driveway Junction,69.0,PEDALCYCLIST OVERTURNED IN ROAD,,N,Overcast,Wet,Daylight,,,45,Vehicle - Pedalcyclist,0,N,Washington,47.560744519547995,-122.28596862291019
Intersection,2ND AVE AND UNIVERSITY ST,2,Injury Collision,Cycles,2,0,1,1,1,0,0,2015-02-14T00:00:00.000Z,2/14/2015 3:23:00 PM,At Intersection (intersection related),18.0,"MOTOR VEHICLE STRUCK PEDALCYCLIST, FRONT END AT ANGLE",,N,Clear or Partly Cloudy,Dry,Daylight,,,45,Vehicle - Pedalcyclist,0,N,Washington,47.60729905819726,-122.33708679815666
Block,RAILROAD WAY S BETWEEN S KING ST AND 1ST N AVE S,2,Injury Collision,Cycles,2,0,1,1,1,0,0,2015-02-23T00:00:00.000Z,2/23/2015 1:35:00 PM,Driveway Junction,51.0,PEDALCYCLIST STRUCK MOTOR VEHICLE FRONT END AT ANGLE,,N,Clear or Partly Cloudy,Dry,Daylight,,,45,Vehicle - Pedalcyclist,0,N,Washington,47.59695477981718,-122.33469985508495