addrtype,location,severitycode,severitydesc,collisiontype,personcount,pedcount,pedcylcount,vehcount,injuries,seriousinjuries,fatalities,incdate,incdttm,junctiontype,sdot_colcode,sdot_coldesc,inattentionind,underinfl,weather,roadcond,lightcond,pedrownotgrnt,speeding,st_colcode,st_coldesc,crosswalkkey,hitparkedcar,state,latitude,longitude
Intersection,1ST AVE AND SPRING ST,1,Property Damage Only Collision,Angles,2,0,1,1,0,0,0,2015-03-09T00:00:00.000Z,3/9/2015 7:50:00 AM,At Intersection (intersection related),51.0,PEDALCYCLIST STRUCK MOTOR VEHICLE FRONT END AT ANGLE,,N,Clear or Partly Cloudy,Dry,Daylight,,,10,Entering at angle,0,N,Washington,47.6054082909039,-122.336890899053
Block,DEXTER AVE N BETWEEN THOMAS ST AND HARRISON ST,2,Injury Collision,Cycles,2,0,1,1,1,0,0,2015-03-04T00:00:00.000Z,3/4/2015 6:19:00 PM,Driveway Junction,18.0,"MOTOR VEHICLE STRUCK PEDALCYCLIST, FRONT END AT ANGLE",,N,Clear or Partly Cloudy,Dry,Dark - Street Lights On,,,45,Vehicle - Pedalcyclist,0,N,Washington,47.621470703070955,-122.34237667041013
Block,NE NORTHGATE WAY BETWEEN NE NORTHGATE DR AND 3RD AVE NE,2b,Serious Injury Collision,Cycles,2,0,1,1,1,1,0,2015-03-19T00:00:00.000Z,3/19/2015 9:55:00 AM,Driveway Junction,18.0,"MOTOR VEHICLE STRUCK PEDALCYCLIST, FRONT END AT ANGLE",Y,N,Overcast,Dry,Daylight,,,45,Vehicle - Pedalcyclist,36597,N,Washington,47.70861294129789,-122.32618522165113
Intersection,LATONA AVE NE AND EAST GREEN LAKE DR N,2,Injury Collision,Cycles,0,0,1,1,1,0,0,2015-02-04T00:00:00.000Z,2/4/2015 5:38:00 PM,At Intersection (intersection related),18.0,"MOTOR VEHICLE STRUCK PEDALCYCLIST, FRONT END AT ANGLE",,N,Raining,Wet,Dark - Street Lights On,,,45,Vehicle - Pedalcyclist,0,N,Washington,47.68165808077612,-122.32748855205195
Intersection,30TH AVE NE AND BURKE GILMAN TRL,2,Injury Collision,Cycles,2,0,1,1,1,0,0,2015-03-19T00:00:00.000Z,3/19/2015 7:25:00 PM,At Intersection (intersection related),18.0,"MOTOR VEHICLE STRUCK PEDALCYCLIST, FRONT END AT ANGLE",,N,Clear or Partly Cloudy,Dry,Dusk,,,45,Vehicle - Pedalcyclist,525568,N,Washington,47.66444733589821,-122.29561786302312
Block,EASTLAKE AVE E BETWEEN PROSPECT ST AND E NELSON PL,2,Injury Collision,Cycles,3,0,1,1,1,0,0,2015-04-10T00:00:00.000Z,4/10/2015 8:23:00 AM,Mid-Block (not related to intersection),51.0,PEDALCYCLIST STRUCK MOTOR VEHICLE FRONT END AT ANGLE,,N,Clear or Partly Cloudy,Dry,Daylight,,,45,Vehicle - Pedalcyclist,0,N,Washington,47.629653976115854,-122.32861177955971
Intersection,UNIVERSITY WAY NE AND NE 41ST ST,2,Injury Collision,Cycles,3,0,1,1,1,0,0,2014-10-31T00:00:00.000Z,10/31/2014 7:00:00 PM,At Intersection (intersection related),18.0,"MOTOR VEHICLE STRUCK PEDALCYCLIST, FRONT END AT ANGLE",,N,Raining,Dry,Dark - Street Lights On,,,45,Vehicle - Pedalcyclist,0,N,Washington,47.656834220462564,-122.31324600840885
Intersection,12TH AVE S AND S WELLER ST,2,Injury Collision,Cycles,2,0,1,1,1,0,0,2015-03-04T00:00:00.000Z,3/4/2015 8:50:00 AM,At Intersection (intersection related),51.0,PEDALCYCLIST STRUCK MOTOR VEHICLE FRONT END AT ANGLE,,N,Clear or Partly Cloudy,Dry,Daylight,Y,,45,Vehicle - Pedalcyclist,0,N,Washington,47.597499571589154,-122.31722672722155
Intersection,DENNY WAY AND TERRY AVE,2,Injury Collision,Cycles,2,0,1,1,1,0,0,2015-03-11T00:00:00.000Z,3/11/2015 6:47:00 AM,At Intersection (intersection related),18.0,"MOTOR VEHICLE STRUCK PEDALCYCLIST, FRONT END AT ANGLE",Y,N,Raining,Wet,Dawn,Y,,45,Vehicle - Pedalcyclist,0,N,Washington,47.61852689284808,-122.33715073001076
Intersection,7TH AVE NE AND NE 50TH ST,1,Property Damage Only Collision,Cycles,2,0,1,1,0,0,0,2015-03-03T00:00:00.000Z,3/3/2015 6:48:00 PM,At Intersection (intersection related),18.0,"MOTOR VEHICLE STRUCK PEDALCYCLIST, FRONT END AT ANGLE",,N,Clear or Partly Cloudy,Dry,Dark - Street Lights On,Y,,45,Vehicle - Pedalcyclist,522071,N,Washington,47.66495773124397,-122.32070290379576
Intersection,EVANSTON AVE N AND N 90TH ST,2,Injury Collision,Cycles,2,0,1,1,1,0,0,2015-02-26T00:00:00.000Z,2/26/2015 12:04:00 PM,At Intersection (intersection related),51.0,PEDALCYCLIST STRUCK MOTOR VEHICLE FRONT END AT ANGLE,Y,N,Clear or Partly Cloudy,Dry,Daylight,,,45,Vehicle - Pedalcyclist,37441,N,Washington,47.694205154627845,-122.35125422327664
Intersection,1ST AVE NE AND NE 145TH ST,2,Injury Collision,Cycles,2,0,1,1,1,0,0,2015-03-01T00:00:00.000Z,3/1/2015 6:33:00 AM,At Intersection (intersection related),51.0,PEDALCYCLIST STRUCK MOTOR VEHICLE FRONT END AT ANGLE,,N,Clear or Partly Cloudy,Dry,Dawn,Y,,45,Vehicle - Pedalcyclist,521185,N,Washington,47.73409487418462,-122.32887983659815
Intersection,BOYLSTON AVE AND E PINE ST,2,Injury Collision,Cycles,0,0,1,1,1,0,0,2015-03-18T00:00:00.000Z,3/18/2015 8:12:00 AM,At Intersection (intersection related),18.0,"MOTOR VEHICLE STRUCK PEDALCYCLIST, FRONT END AT ANGLE",,N,Overcast,Dry,Daylight,,,45,Vehicle - Pedalcyclist,0,N,Washington,47.61523114208018,-122.32341547054027
Intersection,BAGLEY AVE N AND N 106TH ST,2,Injury Collision,Cycles,2,0,1,1,1,0,0,2015-03-30T00:00:00.000Z,3/30/2015 1:30:00 PM,At Intersection (intersection related),51.0,PEDALCYCLIST STRUCK MOTOR VEHICLE FRONT END AT ANGLE,Y,N,Clear or Partly Cloudy,Dry,Daylight,,,45,Vehicle - Pedalcyclist,0,N,Washington,47.70593363537484,-122.33260397396522
Intersection,DEXTER AVE N AND HARRISON ST,2,Injury Collision,Cycles,4,0,1,1,1,0,0,2015-03-03T00:00:00.000Z,3/3/2015 4:17:00 PM,At Intersection (intersection related),51.0,PEDALCYCLIST STRUCK MOTOR VEHICLE FRONT END AT ANGLE,,N,Clear or Partly Cloudy,Dry,Daylight,,,45,Vehicle - Pedalcyclist,0,N,Washington,47.62205574526417,-122.34237158587831
Intersection,RAINIER AVE S AND S LANE ST,2,Injury Collision,Cycles,2,0,1,1,1,0,0,2015-02-26T00:00:00.000Z,2/26/2015 2:00:00 PM,At Intersection (intersection related),18.0,"MOTOR VEHICLE STRUCK PEDALCYCLIST, FRONT END AT ANGLE",,N,Clear or Partly Cloudy,Dry,Daylight,,,45,Vehicle - Pedalcyclist,30783,N,Washington,47.59665174470153,-122.31212118217259
Block,SUMMIT AVE E BETWEEN E DENNY WAY AND E OLIVE WAY,2,Injury Collision,Cycles,0,0,1,1,1,0,0,2015-02-02T00:00:00.000Z,2/2/2015 1:15:00 PM,Mid-Block (but intersection related),54.0,PEDALCYCLIST STRUCK MOTOR VEHICLE REAR END,,N,Overcast,Wet,Daylight,,,45,Vehicle - Pedalcyclist,0,N,Washington,47.61869045952145,-122.3252870685101
Block,WESTERN AVE BETWEEN UNIVERSITY ST AND UNION ST,2,Injury Collision,Cycles,3,0,1,1,1,0,0,2015-03-26T00:00:00.000Z,3/26/2015 4:16:00 PM,Mid-Block (not related to intersection),51.0,PEDALCYCLIST STRUCK MOTOR VEHICLE FRONT END AT ANGLE,Y,N,Clear or Partly Cloudy,Dry,Daylight,,,45,Vehicle - Pedalcyclist,0,N,Washington,47.606865973247864,-122.3397604105788
Intersection,GREENWOOD AVE N AND N 84TH ST,2,Injury Collision,Cycles,2,0,1,1,1,0,0,2015-04-04T00:00:00.000Z,4/4/2015 6:19:00 PM,At Intersection (intersection related),51.0,PEDALCYCLIST STRUCK MOTOR VEHICLE FRONT END AT ANGLE,Y,N,Clear or Partly Cloudy,Dry,Daylight,,,45,Vehicle - Pedalcyclist,0,N,Washington,47.68983726622608,-122.355301466373
Intersection,17TH AVE NE AND NE 140TH ST,2,Injury Collision,Cycles,2,0,1,1,1,0,0,2015-03-16T00:00:00.000Z,3/16/2015 8:11:00 AM,At Intersection (intersection related),18.0,"MOTOR VEHICLE STRUCK PEDALCYCLIST, FRONT END AT ANGLE",Y,N,Clear or Partly Cloudy,Dry,Daylight,Y,,45,Vehicle - Pedalcyclist,0,N,Washington,47.73027352058993,-122.31000536152719
Block,2ND AVE BETWEEN UNIVERSITY ST AND UNION ST,2,Injury Collision,Cycles,2,0,1,1,1,0,0,2015-03-05T00:00:00.000Z,3/5/2015 5:29:00 PM,Driveway Junction,18.0,"MOTOR VEHICLE STRUCK PEDALCYCLIST, FRONT END AT ANGLE",,N,Clear or Partly Cloudy,Dry,Daylight,Y,,45,Vehicle - Pedalcyclist,0,N,Washington,47.60779444958214,-122.33754001043816
Block,12TH AVE BETWEEN E PIKE ST AND E PINE ST,2,Injury Collision,Cycles,2,0,1,1,1,0,0,2015-02-26T00:00:00.000Z,2/26/2015 7:40:00 PM,Mid-Block (but intersection related),18.0,"MOTOR VEHICLE STRUCK PEDALCYCLIST, FRONT END AT ANGLE",Y,N,Clear or Partly Cloudy,Dry,Dark - Street Lights On,,,45,Vehicle - Pedalcyclist,0,N,Washington,47.61468248267776,-122.31684498722672
Block,12TH AVE BETWEEN E MADISON ST AND E PIKE ST,2,Injury Collision,Cycles,2,0,1,1,1,0,0,2015-03-12T00:00:00.000Z,3/12/2015 11:35:00 AM,Mid-Block (not related to intersection),51.0,PEDALCYCLIST STRUCK MOTOR VEHICLE FRONT END AT ANGLE,,N,Clear or Partly Cloudy,Dry,Daylight,,,45,Vehicle - Pedalcyclist,0,N,Washington,47.61349513768653,-122.3167845041913
Block,N NORTHGATE WAY BETWEEN AURORA AVE N AND MIDVALE AVE N,2,Injury Collision,Cycles,2,0,1,1,1,0,0,2015-02-28T00:00:00.000Z,2/28/2015 7:00:00 PM,Driveway Junction,18.0,"MOTOR VEHICLE STRUCK PEDALCYCLIST, FRONT END AT ANGLE",,N,Clear or Partly Cloudy,Dry,Dark - Street Lights On,,,45,Vehicle - Pedalcyclist,0,N,Washington,47.70505030742682,-122.34401368803657
Intersection,BROADWAY AND E UNION ST,2,Injury Collision,Cycles,0,0,1,1,1,0,0,2015-03-19T00:00:00.000Z,3/19/2015 5:28:00 PM,At Intersection (intersection related),51.0,PEDALCYCLIST STRUCK MOTOR VEHICLE FRONT END AT ANGLE,,N,Raining,Wet,Daylight,,,45,Vehicle - Pedalcyclist,0,N,Washington,47.612963362786935,-122.32076237817628
Intersection,RAINIER AVE S AND S FISHER PL,2,Injury Collision,Cycles,0,0,1,1,1,0,0,2015-02-20T00:00:00.000Z,2/20/2015 12:24:00 PM,At Intersection (intersection related),18.0,"MOTOR VEHICLE STRUCK PEDALCYCLIST, FRONT END AT ANGLE",,N,Clear or Partly Cloudy,Dry,Daylight,,,45,Vehicle - Pedalcyclist,35449,N,Washington,47.521410787286605,-122.26999747846062
Block,8TH AVE NW BETWEEN NW 56TH ST AND NW 57TH ST,2,Injury Collision,Cycles,2,0,1,1,1,0,0,2015-03-02T00:00:00.000Z,3/2/2015 7:13:00 AM,Mid-Block (but intersection related),51.0,PEDALCYCLIST STRUCK MOTOR VEHICLE FRONT END AT ANGLE,,N,Clear or Partly Cloudy,Dry,Daylight,,,45,Vehicle - Pedalcyclist,0,N,Washington,47.66979398291398,-122.36617636109615
Block,9TH AVE N BETWEEN JOHN ST AND THOMAS ST,2,Injury Collision,Cycles,2,0,1,1,1,0,0,2015-02-23T00:00:00.000Z,2/23/2015 3:59:00 PM,Mid-Block (not related to intersection),51.0,PEDALCYCLIST STRUCK MOTOR VEHICLE FRONT END AT ANGLE,Y,N,Clear or Partly Cloudy,Dry,Daylight,,,45,Vehicle - Pedalcyclist,0,N,Washington,47.62029333909964,-122.33977366243909
Intersection,DAYTON AVE N AND N 50TH ST,2,Injury Collision,Cycles,2,0,1,1,1,0,0,2015-02-28T00:00:00.000Z,2/28/2015 12:00:00 PM,At Intersection (intersection related),24.0,MOTOR VEHCILE STRUCK PEDESTRIAN,,N,Unknown,Unknown,Daylight,,,45,Vehicle - Pedalcyclist,524115,N,Washington,47.66501761202214,-122.35271069500199
Block,HARBOR AVE SW BETWEEN CALIFORNIA WAY SW AND FAIRMOUNT AVE SW,2,Injury Collision,Cycles,3,0,1,1,1,0,0,2015-03-26T00:00:00.000Z,3/26/2015 11:53:00 PM,Driveway Junction,18.0,"MOTOR VEHICLE STRUCK PEDALCYCLIST, FRONT END AT ANGLE",,N,Clear or Partly Cloudy,Dry,Dark - Street Lights On,Y,,45,Vehicle - Pedalcyclist,0,N,Washington,47.588294606237866,-122.37982308862298
Intersection,15TH AVE NE AND NE PACIFIC ST,2,Injury Collision,Cycles,6,0,1,1,2,0,0,2015-03-14T00:00:00.000Z,3/14/2015 12:45:00 PM,At Intersection (intersection related),18.0,"MOTOR VEHICLE STRUCK PEDALCYCLIST, FRONT END AT ANGLE",,N,Overcast,Dry,Daylight,Y,,45,Vehicle - Pedalcyclist,520838,N,Washington,47.65297596413605,-122.31246414473328
Intersection,ALASKAN WAY AND MARION ST,2,Injury Collision,Cycles,2,0,1,1,1,0,0,2015-03-13T00:00:00.000Z,3/13/2015 7:41:00 AM,At Intersection (intersection related),18.0,"MOTOR VEHICLE STRUCK PEDALCYCLIST, FRONT END AT ANGLE",,N,Clear or Partly Cloudy,Dry,Daylight,,,45,Vehicle - Pedalcyclist,522404,N,Washington,47.603060582729206,-122.33778754563215
Intersection,PASADENA PL NE AND NE 40 UPPER ST,2b,Serious Injury Collision,Cycles,2,0,1,1,1,1,0,2015-04-09T00:00:00.000Z,4/9/2015 1:43:00 PM,At Intersection (intersection related),51.0,PEDALCYCLIST STRUCK MOTOR VEHICLE FRONT END AT ANGLE,,N,Clear or Partly Cloudy,Dry,Daylight,,,45,Vehicle - Pedalcyclist,0,N,Washington,47.65588798334985,-122.32189084930141
Block,2ND AVE BETWEEN UNIVERSITY ST AND UNION ST,2,Injury Collision,Cycles,2,0,1,1,1,0,0,2015-02-24T00:00:00.000Z,2/24/2015 5:48:00 PM,Driveway Junction,18.0,"MOTOR VEHICLE STRUCK PEDALCYCLIST, FRONT END AT ANGLE",,N,Clear or Partly Cloudy,Wet,Dark - Street Lights On,,,45,Vehicle - Pedalcyclist,0,N,Washington,47.60779444958214,-122.33754001043816
Block,ALKI AVE SW BETWEEN 59TH AVE SW AND 60TH AVE SW,2,Injury Collision,Cycles,2,0,1,1,1,0,0,2015-05-03T00:00:00.000Z,5/3/2015 5:25:00 PM,Mid-Block (not related to intersection),18.0,"MOTOR VEHICLE STRUCK PEDALCYCLIST, FRONT END AT ANGLE",Y,N,Clear or Partly Cloudy,Dry,Daylight,,,45,Vehicle - Pedalcyclist,0,N,Washington,47.57977779242936,-122.40866226317706
Intersection,ROOSEVELT WAY NE AND NE 42ND S ST,2,Injury Collision,Cycles,2,0,1,1,1,0,0,2015-04-16T00:00:00.000Z,4/16/2015 11:24:00 AM,At Intersection (intersection related),51.0,PEDALCYCLIST STRUCK MOTOR VEHICLE FRONT END AT ANGLE,,N,Clear or Partly Cloudy,Dry,Daylight,,,45,Vehicle - Pedalcyclist,0,N,Washington,47.657514224809034,-122.317802129097
Block,N 85TH ST BETWEEN PHINNEY AVE N AND DAYTON AVE N,2,Injury Collision,Cycles,2,0,1,1,1,0,0,2015-06-06T00:00:00.000Z,6/6/2015 9:39:00 PM,Mid-Block (but intersection related),21.0,"MOTOR VEHICLE STRUCK PEDALCYCLIST, REAR END",Y,N,Clear or Partly Cloudy,Dry,Dark - Street Lights On,,,45,Vehicle - Pedalcyclist,0,N,Washington,47.69058906730916,-122.35326864416734
Intersection,20TH AVE NE AND NE 54TH ST,2,Injury Collision,Cycles,0,0,1,1,1,0,0,2015-05-06T00:00:00.000Z,5/6/2015 3:20:00 PM,At Intersection (intersection related),51.0,PEDALCYCLIST STRUCK MOTOR VEHICLE FRONT END AT ANGLE,,N,Clear or Partly Cloudy,Dry,Daylight,,,45,Vehicle - Pedalcyclist,0,N,Washington,47.66800627343393,-122.30648740194358
Intersection,16TH AVE SW AND SW HENDERSON ST,2,Injury Collision,Cycles,2,0,1,1,1,0,0,2015-05-05T00:00:00.000Z,5/5/2015 11:01:00 AM,At Intersection (intersection related),51.0,PEDALCYCLIST STRUCK MOTOR VEHICLE FRONT END AT ANGLE,,N,Clear or Partly Cloudy,Dry,Daylight,,,45,Vehicle - Pedalcyclist,0,N,Washington,47.52287008806826,-122.3551044544663
Intersection,10TH AVE E AND E ROANOKE W ST,2,Injury Collision,Cycles,3,0,1,2,1,0,0,2015-05-14T00:00:00.000Z,5/14/2015 6:11:00 PM,At Intersection (intersection related),18.0,"MOTOR VEHICLE STRUCK PEDALCYCLIST, FRONT END AT ANGLE",,N,Clear or Partly Cloudy,Dry,Daylight,Y,,45,Vehicle - Pedalcyclist,524237,N,Washington,47.64319455585064,-122.32005642808822
Block,ROOSEVELT WAY NE BETWEEN NE 42ND S ST AND NE 42ND N ST,2,Injury Collision,Cycles,2,0,1,1,1,0,0,2015-06-02T00:00:00.000Z,6/2/2015 3:04:00 PM,Driveway Junction,51.0,PEDALCYCLIST STRUCK MOTOR VEHICLE FRONT END AT ANGLE,,N,Clear or Partly Cloudy,Dry,Daylight,,,45,Vehicle - Pedalcyclist,0,N,Washington,47.657941757397786,-122.31779112586315
Intersection,WALLINGFORD AVE N AND N 85TH ST,2,Injury Collision,Cycles,2,0,1,1,1,0,0,2015-04-16T00:00:00.000Z,4/16/2015 8:33:00 PM,At Intersection (intersection related),18.0,"MOTOR VEHICLE STRUCK PEDALCYCLIST, FRONT END AT ANGLE",Y,N,Clear or Partly Cloudy,Dry,Dusk,,,45,Vehicle - Pedalcyclist,0,N,Washington,47.69050090267224,-122.33644048168063
Intersection,12TH AVE AND E ALDER ST,2,Injury Collision,Cycles,0,0,1,1,1,0,0,2015-05-07T00:00:00.000Z,5/7/2015 2:33:00 PM,At Intersection (intersection related),18.0,"MOTOR VEHICLE STRUCK PEDALCYCLIST, FRONT END AT ANGLE",,N,Clear or Partly Cloudy,Dry,Daylight,,,45,Vehicle - Pedalcyclist,0,N,Washington,47.60436038491066,-122.31678113297993
Intersection,BROADWAY AND TERRACE ST,2,Injury Collision,Cycles,2,0,1,1,1,0,0,2015-05-05T00:00:00.000Z,5/5/2015 7:00:00 PM,At Intersection (intersection related),18.0,"MOTOR VEHICLE STRUCK PEDALCYCLIST, FRONT END AT ANGLE",,N,Overcast,Wet,Dusk,,,45,Vehicle - Pedalcyclist,0,N,Washington,47.60522681734946,-122.32074874078869
Intersection,EAST GREEN LAKE DR N AND NE 72ND ST,2,Injury Collision,Cycles,2,0,1,1,1,0,0,2015-05-28T00:00:00.000Z,5/28/2015 4:56:00 PM,At Intersection (intersection related),18.0,"MOTOR VEHICLE STRUCK PEDALCYCLIST, FRONT END AT ANGLE",,N,Clear or Partly Cloudy,Dry,Daylight,,,45,Vehicle - Pedalcyclist,0,N,Washington,47.68029316864227,-122.325825923558
Intersection,ROOSEVELT WAY NE AND NE 43RD S ST,2,Injury Collision,Cycles,3,0,1,1,1,0,0,2015-04-20T00:00:00.000Z,4/20/2015 3:17:00 PM,At Intersection (intersection related),18.0,"MOTOR VEHICLE STRUCK PEDALCYCLIST, FRONT END AT ANGLE",Y,N,Clear or Partly Cloudy,Dry,Daylight,,,45,Vehicle - Pedalcyclist,0,N,Washington,47.659455945574386,-122.31775170617126
Intersection,RAINIER AVE S AND S CHARLESTOWN ST,2,Injury Collision,Cycles,0,0,1,1,1,0,0,2015-04-28T00:00:00.000Z,4/28/2015 5:22:00 PM,At Intersection (intersection related),18.0,"MOTOR VEHICLE STRUCK PEDALCYCLIST, FRONT END AT ANGLE",,N,Raining,Wet,Daylight,,,45,Vehicle - Pedalcyclist,524336,N,Washington,47.56977061348821,-122.29069886526999
Intersection,M L KING JR WAY S AND S JUDKINS ST,2,Injury Collision,Cycles,2,0,1,1,1,0,0,2015-05-03T00:00:00.000Z,5/3/2015 12:37:00 AM,At Intersection (intersection related),18.0,"MOTOR VEHICLE STRUCK PEDALCYCLIST, FRONT END AT ANGLE",,N,Clear or Partly Cloudy,Dry,Dark - Street Lights On,Y,,45,Vehicle - Pedalcyclist,0,N,Washington,47.59204988726465,-122.29763391603494
Block,SW SPOKANE ST BETWEEN 11TH CR AVE SW AND SW SPOKANE E BR,2,Injury Collision,Cycles,2,0,1,1,1,0,0,2015-05-21T00:00:00.000Z,5/21/2015 5:45:00 AM,Mid-Block (but intersection related),18.0,"MOTOR VEHICLE STRUCK PEDALCYCLIST, FRONT END AT ANGLE",,N,Clear or Partly Cloudy,Dry,Dawn,,,45,Vehicle - Pedalcyclist,0,N,Washington,47.57140883759296,-122.35034338358395
Block,UNIVERSITY WAY NE BETWEEN NE 47TH ST AND NE 50TH ST,2,Injury Collision,Cycles,2,0,1,1,1,0,0,2015-05-19T00:00:00.000Z,5/19/2015 1:43:00 PM,Mid-Block (not related to intersection),18.0,"MOTOR VEHICLE STRUCK PEDALCYCLIST, FRONT END AT ANGLE",Y,N,Clear or Partly Cloudy,Dry,Daylight,,,45,Vehicle - Pedalcyclist,0,N,Washington,47.663994887860014,-122.31308797808485
Intersection,ROOSEVELT WAY NE AND NE 43RD S ST,2,Injury Collision,Cycles,2,0,1,1,1,0,0,2015-05-27T00:00:00.000Z,5/27/2015 7:12:00 PM,At Intersection (intersection related),18.0,"MOTOR VEHICLE STRUCK PEDALCYCLIST, FRONT END AT ANGLE",Y,N,Clear or Partly Cloudy,Dry,Daylight,,,45,Vehicle - Pedalcyclist,0,N,Washington,47.659455945574386,-122.31775170617126
Block,14TH AVE NW BETWEEN NW 61ST ST AND NW 62ND ST,1,Property Damage Only Collision,Cycles,2,0,1,1,0,0,0,2015-04-27T00:00:00.000Z,4/27/2015 5:47:00 PM,Mid-Block (not related to intersection),18.0,"MOTOR VEHICLE STRUCK PEDALCYCLIST, FRONT END AT ANGLE",,N,Clear or Partly Cloudy,Dry,Daylight,,,45,Vehicle - Pedalcyclist,0,N,Washington,47.673449657915704,-122.37357808163091
Block,BROADWAY E BETWEEN E HARRISON ST AND E REPUBLICAN ST,2,Injury Collision,Cycles,0,0,1,0,1,0,0,2015-05-02T00:00:00.000Z,5/2/2015 1:20:00 PM,Mid-Block (not related to intersection),66.0,PEDALCYCLIST STRUCK OBJECT IN ROAD,,N,Clear or Partly Cloudy,Dry,Daylight,,,45,Vehicle - Pedalcyclist,0,N,Washington,47.62255712863728,-122.3209151974742
Intersection,SEWARD PARK S AVE S AND S MORGAN ST,2,Injury Collision,Cycles,0,0,1,1,1,0,0,2015-05-21T00:00:00.000Z,5/21/2015 3:18:00 PM,At Intersection (intersection related),51.0,PEDALCYCLIST STRUCK MOTOR VEHICLE FRONT END AT ANGLE,,N,Clear or Partly Cloudy,Dry,Daylight,,,45,Vehicle - Pedalcyclist,0,N,Washington,47.54426392480876,-122.26414708220129
Intersection,9TH AVE AND SPRING ST,2b,Serious Injury Collision,Cycles,2,0,1,1,1,1,0,2015-04-15T00:00:00.000Z,4/15/2015 4:49:00 PM,At Intersection (intersection related),18.0,"MOTOR VEHICLE STRUCK PEDALCYCLIST, FRONT END AT ANGLE",,N,Clear or Partly Cloudy,Dry,Daylight,Y,,45,Vehicle - Pedalcyclist,0,N,Washington,47.60912237381776,-122.32801317523631
Block,RAINIER AVE S BETWEEN S FERDINAND ST AND S HUDSON ST,2,Injury Collision,Cycles,2,0,1,1,1,0,0,2015-05-28T00:00:00.000Z,5/28/2015 9:33:00 PM,Mid-Block (not related to intersection),51.0,PEDALCYCLIST STRUCK MOTOR VEHICLE FRONT END AT ANGLE,,N,Clear or Partly Cloudy,Dry,Dark - Street Lights On,,,45,Vehicle - Pedalcyclist,0,N,Washington,47.55744584704031,-122.28483764798366
Intersection,ROOSEVELT WAY NE AND NE 42ND S ST,2,Injury Collision,Cycles,2,0,1,1,1,0,0,2015-04-22T00:00:00.000Z,4/22/2015 8:35:00 AM,At Intersection (intersection related),18.0,"MOTOR VEHICLE STRUCK PEDALCYCLIST, FRONT END AT ANGLE",,N,Clear or Partly Cloudy,Dry,Daylight,Y,,45,Vehicle - Pedalcyclist,0,N,Washington,47.657514224809034,-122.317802129097
Intersection,MELROSE AVE AND OLIVE WAY,2,Injury Collision,Cycles,2,0,1,1,1,0,0,2015-05-07T00:00:00.000Z,5/7/2015 10:25:00 PM,At Intersection (intersection related),18.0,"MOTOR VEHICLE STRUCK PEDALCYCLIST, FRONT END AT ANGLE",Y,Y,Clear or Partly Cloudy,Dry,Dark - Street Lights On,Y,,45,Vehicle - Pedalcyclist,524228,N,Washington,47.616641709726636,-122.32788067264046
Block,AURORA AVE N BETWEEN N 125TH ST AND N 127TH ST,2b,Serious Injury Collision,Cycles,2,0,1,1,1,1,0,2015-05-01T00:00:00.000Z,5/1/2015 10:29:00 AM,Driveway Junction,18.0,"MOTOR VEHICLE STRUCK PEDALCYCLIST, FRONT END AT ANGLE",Y,N,Clear or Partly Cloudy,Dry,Daylight,,,45,Vehicle - Pedalcyclist,0,N,Washington,47.72048062662639,-122.34494681833144
Block,S JACKSON ST BETWEEN MAYNARD AVE S AND 7TH AVE S,2,Injury Collision,Cycles,1,0,1,0,1,0,0,2015-04-28T00:00:00.000Z,4/28/2015 5:12:00 AM,Mid-Block (not related to intersection),69.0,PEDALCYCLIST OVERTURNED IN ROAD,Y,Y,,Dry,Dark - Street Lights On,,,45,Vehicle - Pedalcyclist,0,N,Washington,47.599189682151184,-122.32440465140651
Block,ROOSEVELT WAY NE BETWEEN NE 42ND S ST AND NE 42ND N ST,2,Injury Collision,Cycles,0,0,1,1,1,0,0,2015-03-31T00:00:00.000Z,3/31/2015 11:40:00 AM,Mid-Block (not related to intersection),14.0,"MOTOR VEHICLE STRUCK MOTOR VEHICLE, REAR END",,N,Clear or Partly Cloudy,Dry,Daylight,,,45,Vehicle - Pedalcyclist,0,Y,Washington,47.657941757397786,-122.31779112586315
Block,YESLER WAY BETWEEN 3RD AVE AND TERRACE ST,2,Injury Collision,Cycles,2,0,1,1,1,0,0,2015-05-27T00:00:00.000Z,5/27/2015 8:43:00 AM,Mid-Block (but intersection related),18.0,"MOTOR VEHICLE STRUCK PEDALCYCLIST, FRONT END AT ANGLE",,N,Clear or Partly Cloudy,Dry,Daylight,,,45,Vehicle - Pedalcyclist,0,N,Washington,47.60171819875888,-122.32964493976019
Block,NE 45TH ST BETWEEN 37TH AVE NE AND SAND POINT WAY NE,2,Injury Collision,Cycles,2,0,1,1,1,0,0,2015-05-09T00:00:00.000Z,5/9/2015 9:30:00 PM,Mid-Block (not related to intersection),21.0,"MOTOR VEHICLE STRUCK PEDALCYCLIST, REAR END",,N,Clear or Partly Cloudy,Dry,Dark - Street Lights On,,,45,Vehicle - Pedalcyclist,0,N,Washington,47.661251203702456,-122.28769960848258
Intersection,5TH AVE AND STEWART ST,2,Injury Collision,Cycles,0,0,1,1,1,0,0,2015-04-27T00:00:00.000Z,4/27/2015 8:53:00 PM,At Intersection (intersection related),51.0,PEDALCYCLIST STRUCK MOTOR VEHICLE FRONT END AT ANGLE,,N,Clear or Partly Cloudy,Dry,Dark - Street Lights On,,,45,Vehicle - Pedalcyclist,0,N,Washington,47.61295826748179,-122.33787347696676