addrtype,location,severitycode,severitydesc,collisiontype,personcount,pedcount,pedcylcount,vehcount,injuries,seriousinjuries,fatalities,incdate,incdttm,junctiontype,sdot_colcode,sdot_coldesc,inattentionind,underinfl,weather,roadcond,lightcond,pedrownotgrnt,speeding,st_colcode,st_coldesc,crosswalkkey,hitparkedcar,state,latitude,longitude
Intersection,27TH AVE NE AND NE 137TH ST,2,Injury Collision,Cycles,2,0,1,1,1,0,0,2015-04-24T00:00:00.000Z,4/24/2015 5:41:00 PM,At Intersection (intersection related),18.0,"MOTOR VEHICLE STRUCK PEDALCYCLIST, FRONT END AT ANGLE",,N,Clear or Partly Cloudy,Dry,Daylight,Y,,45,Vehicle - Pedalcyclist,0,N,Washington,47.72835362854284,-122.29917291670357
Intersection,2ND AVE AND JAMES ST,2,Injury Collision,Cycles,2,0,1,1,1,0,0,2015-04-29T00:00:00.000Z,4/29/2015 5:09:00 PM,At Intersection (intersection related),51.0,PEDALCYCLIST STRUCK MOTOR VEHICLE FRONT END AT ANGLE,,N,Clear or Partly Cloudy,Dry,Daylight,,,45,Vehicle - Pedalcyclist,0,N,Washington,47.602305601181115,-122.33251943988401
Intersection,1ST AVE NE AND NE 43RD ST,2,Injury Collision,Cycles,2,0,1,1,1,0,0,2015-05-02T00:00:00.000Z,5/2/2015 1:45:00 PM,At Intersection (intersection related),51.0,PEDALCYCLIST STRUCK MOTOR VEHICLE FRONT END AT ANGLE,,N,Clear or Partly Cloudy,Dry,Daylight,,,45,Vehicle - Pedalcyclist,0,N,Washington,47.65904018898118,-122.3282966212974
Block,5TH AVE BETWEEN UNIVERSITY ST AND UNION ST,2,Injury Collision,Cycles,5,0,1,1,1,0,0,2015-05-13T00:00:00.000Z,5/13/2015 3:55:00 PM,Mid-Block (but intersection related),55.0,PEDALCYCLIST STRUCK MOTOR VEHICLE RIGHT SIDE SIDESWIPE,,N,Raining,Wet,Daylight,,,45,Vehicle - Pedalcyclist,0,N,Washington,47.609187847075404,-122.3342101456626
Intersection,DENNY WAY AND WESTLAKE AVE,2,Injury Collision,Cycles,5,0,1,1,1,0,0,2015-05-16T00:00:00.000Z,5/16/2015 10:02:00 PM,At Intersection (intersection related),18.0,"MOTOR VEHICLE STRUCK PEDALCYCLIST, FRONT END AT ANGLE",Y,N,Overcast,Dry,Dark - Street Lights On,Y,,45,Vehicle - Pedalcyclist,523899,N,Washington,47.61853426901042,-122.338484568197
Block,NE 108TH ST BETWEEN 11TH AVE NE AND 12TH AVE NE,2,Injury Collision,Cycles,0,0,1,1,1,0,0,2015-05-09T00:00:00.000Z,5/9/2015 3:43:00 PM,Driveway Junction,51.0,PEDALCYCLIST STRUCK MOTOR VEHICLE FRONT END AT ANGLE,,N,Clear or Partly Cloudy,Dry,Daylight,,,45,Vehicle - Pedalcyclist,0,N,Washington,47.707168682707255,-122.31607137727651
Block,S JACKSON ST BETWEEN 12TH AVE S AND 14TH AVE S,2b,Serious Injury Collision,Cycles,1,0,1,1,1,1,0,2015-05-04T00:00:00.000Z,5/4/2015 7:52:00 AM,Mid-Block (not related to intersection),69.0,PEDALCYCLIST OVERTURNED IN ROAD,,N,Clear or Partly Cloudy,Dry,Daylight,,,45,Vehicle - Pedalcyclist,0,N,Washington,47.599199519365165,-122.3156820754274
Block,S EDMUNDS ST BETWEEN 32ND AVE S AND 35TH AVE S,1,Property Damage Only Collision,Cycles,0,0,1,1,0,0,0,2015-05-23T00:00:00.000Z,5/23/2015 6:41:00 PM,,0.0,NOT ENOUGH INFORMATION / NOT APPLICABLE,,N,Clear or Partly Cloudy,Dry,Daylight,,,45,Vehicle - Pedalcyclist,0,N,Washington,47.55866698493546,-122.29015586743557
Intersection,M L KING JR WAY S AND S BAYVIEW S ST,2,Injury Collision,Cycles,0,0,1,1,1,0,0,2015-04-18T00:00:00.000Z,4/18/2015 11:41:00 AM,At Intersection (intersection related),18.0,"MOTOR VEHICLE STRUCK PEDALCYCLIST, FRONT END AT ANGLE",,N,Clear or Partly Cloudy,Dry,Daylight,,,45,Vehicle - Pedalcyclist,524859,N,Washington,47.581267001452964,-122.29699071388019
Block,6TH AVE BETWEEN PINE ST AND OLIVE WAY,2,Injury Collision,Cycles,0,0,1,1,1,0,0,2015-04-17T00:00:00.000Z,4/17/2015 9:22:00 AM,Mid-Block (not related to intersection),18.0,"MOTOR VEHICLE STRUCK PEDALCYCLIST, FRONT END AT ANGLE",,N,Clear or Partly Cloudy,Dry,Daylight,,,45,Vehicle - Pedalcyclist,0,N,Washington,47.612633293520936,-122.3358274826033
Intersection,8TH AVE NW AND NW 56TH ST,2,Injury Collision,Cycles,0,0,1,1,1,0,0,2015-04-07T00:00:00.000Z,4/7/2015 8:43:00 AM,At Intersection (intersection related),18.0,"MOTOR VEHICLE STRUCK PEDALCYCLIST, FRONT END AT ANGLE",,N,Overcast,Dry,Daylight,,,45,Vehicle - Pedalcyclist,0,N,Washington,47.669430466870644,-122.36617831122828
Block,LINDEN AVE N BETWEEN N 130TH ST AND N 135TH ST,2,Injury Collision,Cycles,2,0,1,1,1,0,0,2015-05-06T00:00:00.000Z,5/6/2015 8:12:00 AM,Driveway Junction,18.0,"MOTOR VEHICLE STRUCK PEDALCYCLIST, FRONT END AT ANGLE",,N,Clear or Partly Cloudy,Dry,Daylight,Y,,45,Vehicle - Pedalcyclist,0,N,Washington,47.725037475206186,-122.34793329661959
Intersection,BROAD ST AND VALLEY ST,2,Injury Collision,Cycles,1,0,1,0,1,0,0,2015-06-02T00:00:00.000Z,6/2/2015 3:55:00 PM,At Intersection (intersection related),69.0,PEDALCYCLIST OVERTURNED IN ROAD,Y,N,Clear or Partly Cloudy,Dry,Daylight,,,45,Vehicle - Pedalcyclist,0,N,Washington,47.6257957692013,-122.33863455026258
Intersection,MERIDIAN AVE N AND N NORTHGATE WAY,2,Injury Collision,Cycles,2,0,1,1,1,0,0,2015-05-29T00:00:00.000Z,5/29/2015 6:03:00 PM,At Intersection (intersection related),18.0,"MOTOR VEHICLE STRUCK PEDALCYCLIST, FRONT END AT ANGLE",Y,N,Clear or Partly Cloudy,Dry,Daylight,,,45,Vehicle - Pedalcyclist,523505,N,Washington,47.70866306628217,-122.33399304389481
Intersection,EVANSTON AVE N AND N 50TH ST,2,Injury Collision,Cycles,2,0,1,1,1,0,0,2015-05-19T00:00:00.000Z,5/19/2015 10:19:00 AM,At Intersection (intersection related),18.0,"MOTOR VEHICLE STRUCK PEDALCYCLIST, FRONT END AT ANGLE",,N,Clear or Partly Cloudy,Dry,Daylight,,,45,Vehicle - Pedalcyclist,0,N,Washington,47.66501582728138,-122.35146177910484
Intersection,STONE AVE N AND N 130TH ST,2b,Serious Injury Collision,Cycles,4,0,1,1,0,1,0,2015-05-23T00:00:00.000Z,5/23/2015 11:58:00 AM,At Intersection (intersection related),18.0,"MOTOR VEHICLE STRUCK PEDALCYCLIST, FRONT END AT ANGLE",,N,Overcast,Dry,Daylight,,,45,Vehicle - Pedalcyclist,523394,N,Washington,47.723210715046406,-122.34228021103395
Block,BROADWAY BETWEEN E PIKE ST AND E PINE ST,2,Injury Collision,Cycles,2,0,1,1,1,0,0,2015-05-26T00:00:00.000Z,5/26/2015 6:50:00 PM,Driveway Junction,18.0,"MOTOR VEHICLE STRUCK PEDALCYCLIST, FRONT END AT ANGLE",,N,Clear or Partly Cloudy,Dry,Daylight,Y,,45,Vehicle - Pedalcyclist,0,N,Washington,47.61465412128639,-122.32078948868036
Block,16TH AVE BETWEEN E OLIVE ST AND E HOWELL ST,2,Injury Collision,Cycles,2,0,1,1,1,0,0,2015-05-17T00:00:00.000Z,5/17/2015 6:30:00 PM,Mid-Block (but intersection related),51.0,PEDALCYCLIST STRUCK MOTOR VEHICLE FRONT END AT ANGLE,Y,N,Clear or Partly Cloudy,Dry,Daylight,,,45,Vehicle - Pedalcyclist,0,N,Washington,47.61702818888645,-122.31145033739557
Block,2ND AVE BETWEEN UNION ST AND PIKE ST,2,Injury Collision,Cycles,4,0,2,1,2,0,0,2015-04-21T00:00:00.000Z,4/21/2015 8:53:00 AM,Mid-Block (not related to intersection),18.0,"MOTOR VEHICLE STRUCK PEDALCYCLIST, FRONT END AT ANGLE",,N,Clear or Partly Cloudy,Dry,Daylight,,,45,Vehicle - Pedalcyclist,0,N,Washington,47.60878749220817,-122.33844845839597
Intersection,25TH AVE NE AND NE 44TH ST,1,Property Damage Only Collision,Cycles,2,0,1,1,0,0,0,2015-04-13T00:00:00.000Z,4/13/2015 6:10:00 PM,At Intersection (intersection related),0.0,NOT ENOUGH INFORMATION / NOT APPLICABLE,,N,Unknown,Unknown,Unknown,,,45,Vehicle - Pedalcyclist,0,N,Washington,47.66050997199884,-122.30090614863396
Block,LAKE CITY WAY NE BETWEEN NE 123RD ST AND 30TH N AVE NE,2,Injury Collision,Cycles,3,0,1,2,1,0,0,2015-06-01T00:00:00.000Z,6/1/2015 3:54:00 PM,Mid-Block (not related to intersection),18.0,"MOTOR VEHICLE STRUCK PEDALCYCLIST, FRONT END AT ANGLE",,N,Overcast,Dry,Daylight,,,45,Vehicle - Pedalcyclist,0,N,Washington,47.71752334526128,-122.29627141581487
Intersection,ROOSEVELT WAY NE AND NE RAVENNA WB BV,2,Injury Collision,Cycles,2,0,1,1,1,0,0,2015-05-26T00:00:00.000Z,5/26/2015 8:13:00 PM,At Intersection (intersection related),51.0,PEDALCYCLIST STRUCK MOTOR VEHICLE FRONT END AT ANGLE,Y,N,Clear or Partly Cloudy,Dry,Daylight,,,45,Vehicle - Pedalcyclist,0,N,Washington,47.6722689876671,-122.31736339573135
Intersection,DEXTER AVE N AND GARFIELD N ST,2,Injury Collision,Left Turn,2,0,1,1,1,0,0,2015-04-23T00:00:00.000Z,4/23/2015 5:17:00 PM,At Intersection (intersection related),18.0,"MOTOR VEHICLE STRUCK PEDALCYCLIST, FRONT END AT ANGLE",,N,Overcast,Dry,Daylight,Y,,28,From opposite direction - one left turn - one straight,0,N,Washington,47.63342020133894,-122.34228296417204
Block,EAST MARGINAL WAY S BETWEEN 14TH AVE S AND 16TH AVE S,2,Injury Collision,Cycles,0,0,1,1,1,0,0,2015-05-04T00:00:00.000Z,5/4/2015 4:17:00 PM,Mid-Block (not related to intersection),21.0,"MOTOR VEHICLE STRUCK PEDALCYCLIST, REAR END",,N,Clear or Partly Cloudy,Dry,Daylight,,,45,Vehicle - Pedalcyclist,0,N,Washington,47.53476480650466,-122.31401501020711
Intersection,5TH AVE NE AND NE 74TH ST,2,Injury Collision,Cycles,0,0,1,1,1,0,0,2015-04-30T00:00:00.000Z,4/30/2015 6:37:00 AM,At Intersection (intersection related),11.0,"MOTOR VEHICLE STRUCK MOTOR VEHICLE, FRONT END AT ANGLE",,N,Overcast,Dry,Dawn,,,45,Vehicle - Pedalcyclist,0,N,Washington,47.682031013061106,-122.3228862047956
Block,PINE ST BETWEEN MINOR AVE AND MELROSE AVE,2,Injury Collision,Cycles,0,0,1,1,1,0,0,2015-03-31T00:00:00.000Z,3/31/2015 3:19:00 PM,Mid-Block (not related to intersection),23.0,"MOTOR VEHICLE STRUCK PEDALCYCLIST, LEFT SIDE SIDESWIPE",,N,Overcast,Wet,Daylight,,,45,Vehicle - Pedalcyclist,0,N,Washington,47.615080654580574,-122.3283108768688
Intersection,1ST AVE AND COLUMBIA ST,2,Injury Collision,Cycles,3,0,1,1,1,0,0,2015-05-02T00:00:00.000Z,5/2/2015 12:20:00 PM,At Intersection (intersection related),18.0,"MOTOR VEHICLE STRUCK PEDALCYCLIST, FRONT END AT ANGLE",,N,Clear or Partly Cloudy,Dry,Daylight,Y,,45,Vehicle - Pedalcyclist,0,N,Washington,47.6032685577636,-122.33493456599493
Intersection,7TH AVE NE AND NE 42ND ST,2,Injury Collision,Cycles,2,0,1,1,1,0,0,2015-05-31T00:00:00.000Z,5/31/2015 10:44:00 PM,At Intersection (intersection related),18.0,"MOTOR VEHICLE STRUCK PEDALCYCLIST, FRONT END AT ANGLE",,N,Clear or Partly Cloudy,Dry,Dark - Street Lights On,,,45,Vehicle - Pedalcyclist,0,N,Washington,47.65751922716422,-122.32084615371824
Intersection,MELROSE AVE AND PINE ST,2,Injury Collision,Cycles,2,0,1,1,1,0,0,2015-05-19T00:00:00.000Z,5/19/2015 9:53:00 AM,At Intersection (intersection related),51.0,PEDALCYCLIST STRUCK MOTOR VEHICLE FRONT END AT ANGLE,,N,Clear or Partly Cloudy,Dry,Daylight,,,45,Vehicle - Pedalcyclist,0,N,Washington,47.61523842026632,-122.32790375541016
Intersection,5TH AVE S AND S JACKSON ST,2,Injury Collision,Cycles,1,0,1,0,1,0,0,2015-04-18T00:00:00.000Z,4/18/2015 10:45:00 AM,At Intersection (intersection related),29.0,MOTOR VEHICLE OVERTURNED IN ROAD,,N,Clear or Partly Cloudy,Dry,Daylight,,,45,Vehicle - Pedalcyclist,0,N,Washington,47.59919492412836,-122.3276669944082
Block,47TH AVE S BETWEEN S GRAHAM ST AND S MORGAN ST,2,Injury Collision,Cycles,2,0,1,1,1,0,0,2015-04-19T00:00:00.000Z,4/19/2015 2:38:00 PM,Driveway Junction,51.0,PEDALCYCLIST STRUCK MOTOR VEHICLE FRONT END AT ANGLE,,N,Clear or Partly Cloudy,Dry,Daylight,,,45,Vehicle - Pedalcyclist,0,N,Washington,47.54515463170036,-122.27371077727356
Intersection,3RD AVE AND PIKE ST,1,Property Damage Only Collision,Cycles,2,0,1,1,0,0,0,2015-04-22T00:00:00.000Z,4/22/2015 9:34:00 PM,At Intersection (intersection related),18.0,"MOTOR VEHICLE STRUCK PEDALCYCLIST, FRONT END AT ANGLE",,N,Clear or Partly Cloudy,Dry,Dark - Street Lights On,Y,,45,Vehicle - Pedalcyclist,521574,N,Washington,47.609749733180806,-122.33779291611958
Intersection,M L KING JR ER WAY S AND S ROSE ST,2,Injury Collision,Cycles,0,0,1,1,1,0,0,2015-04-16T00:00:00.000Z,4/16/2015 4:18:00 PM,At Intersection (intersection related),18.0,"MOTOR VEHICLE STRUCK PEDALCYCLIST, FRONT END AT ANGLE",,N,Clear or Partly Cloudy,Dry,Daylight,,,45,Vehicle - Pedalcyclist,525484,N,Washington,47.529213284330524,-122.28048822865429
Intersection,DEXTER AVE N AND JOHN ST,2,Injury Collision,Cycles,2,0,1,1,1,0,0,2015-05-14T00:00:00.000Z,5/14/2015 6:13:00 PM,At Intersection (intersection related),51.0,PEDALCYCLIST STRUCK MOTOR VEHICLE FRONT END AT ANGLE,Y,N,Clear or Partly Cloudy,Dry,Daylight,,,45,Vehicle - Pedalcyclist,0,N,Washington,47.61971961267641,-122.34239171231827
Intersection,36TH AVE W AND W BARRETT ST,2,Injury Collision,Cycles,2,0,1,1,1,0,0,2015-05-15T00:00:00.000Z,5/15/2015 5:45:00 AM,At Intersection (intersection related),18.0,"MOTOR VEHICLE STRUCK PEDALCYCLIST, FRONT END AT ANGLE",,N,Overcast,Dry,Dawn,,,45,Vehicle - Pedalcyclist,0,N,Washington,47.64681661188525,-122.40361794709787
Intersection,TROLL AVE N AND N 35TH ST,2,Injury Collision,Cycles,2,0,1,1,1,0,0,2015-05-20T00:00:00.000Z,5/20/2015 5:29:00 PM,At Intersection (intersection related),18.0,"MOTOR VEHICLE STRUCK PEDALCYCLIST, FRONT END AT ANGLE",,N,Clear or Partly Cloudy,Dry,Daylight,,,45,Vehicle - Pedalcyclist,0,N,Washington,47.65015880001961,-122.3474298891354
Intersection,6TH AVE S AND S DEARBORN ST,2,Injury Collision,Cycles,2,0,1,1,1,0,0,2015-06-05T00:00:00.000Z,6/5/2015 8:31:00 AM,At Intersection (intersection related),18.0,"MOTOR VEHICLE STRUCK PEDALCYCLIST, FRONT END AT ANGLE",Y,N,Clear or Partly Cloudy,Dry,Daylight,,,45,Vehicle - Pedalcyclist,0,N,Washington,47.595837273375686,-122.32637379821077
Block,RAINIER AVE S BETWEEN S HUDSON ST AND 39TH N AVE S,2,Injury Collision,Cycles,2,0,1,1,1,0,0,2015-04-22T00:00:00.000Z,4/22/2015 7:03:00 PM,Driveway Junction,18.0,"MOTOR VEHICLE STRUCK PEDALCYCLIST, FRONT END AT ANGLE",Y,N,Clear or Partly Cloudy,Dry,Daylight,Y,,45,Vehicle - Pedalcyclist,0,N,Washington,47.5564515676256,-122.28410238669201
Block,15TH AVE S BETWEEN 15TH AVS TURN RD AND S COLUMBIAN N WAY,2,Injury Collision,Cycles,0,0,1,1,1,0,0,2015-04-07T00:00:00.000Z,4/7/2015 9:43:00 AM,Mid-Block (not related to intersection),51.0,PEDALCYCLIST STRUCK MOTOR VEHICLE FRONT END AT ANGLE,,N,Overcast,Dry,Daylight,,,45,Vehicle - Pedalcyclist,0,N,Washington,47.56951812136385,-122.31342877602717
Intersection,18TH AVE AND E CHERRY ST,2,Injury Collision,Cycles,0,0,1,1,1,0,0,2015-05-18T00:00:00.000Z,5/18/2015 5:06:00 PM,At Intersection (intersection related),18.0,"MOTOR VEHICLE STRUCK PEDALCYCLIST, FRONT END AT ANGLE",,N,Clear or Partly Cloudy,Dry,Daylight,,,45,Vehicle - Pedalcyclist,0,N,Washington,47.608026145684434,-122.30893058566124
Block,M L KING JR WR WAY S BETWEEN S ANGELINE ST AND S EDMUNDS ST,2,Injury Collision,Cycles,2,0,1,1,1,0,0,2015-05-08T00:00:00.000Z,5/8/2015 12:27:00 PM,Mid-Block (not related to intersection),11.0,"MOTOR VEHICLE STRUCK MOTOR VEHICLE, FRONT END AT ANGLE",,N,Clear or Partly Cloudy,Dry,Daylight,Y,,45,Vehicle - Pedalcyclist,524723,N,Washington,47.55901454105129,-122.29233681037157
Block,NE NORTHLAKE WAY BETWEEN LATONA AVE NE AND 4TH AVE NE,1,Property Damage Only Collision,Cycles,2,0,1,1,0,0,0,2015-05-26T00:00:00.000Z,5/26/2015 3:35:00 PM,Mid-Block (not related to intersection),51.0,PEDALCYCLIST STRUCK MOTOR VEHICLE FRONT END AT ANGLE,,N,Clear or Partly Cloudy,Dry,Daylight,,,45,Vehicle - Pedalcyclist,0,N,Washington,47.65378517884111,-122.32515355617839
Block,MERIDIAN AVE N BETWEEN N NORTHLAKE WAY AND N 34TH ST,2,Injury Collision,Cycles,3,0,1,1,1,0,0,2015-04-27T00:00:00.000Z,4/27/2015 4:10:00 PM,Mid-Block (but intersection related),11.0,"MOTOR VEHICLE STRUCK MOTOR VEHICLE, FRONT END AT ANGLE",,N,Clear or Partly Cloudy,Dry,Daylight,,Y,45,Vehicle - Pedalcyclist,630857,N,Washington,47.64744824079396,-122.33392032891355
Intersection,24TH AVE E AND E INTERLAKEN BLVD,2,Injury Collision,Cycles,2,0,1,1,1,0,0,2015-07-14T00:00:00.000Z,7/14/2015 5:20:00 PM,At Intersection (intersection related),18.0,"MOTOR VEHICLE STRUCK PEDALCYCLIST, FRONT END AT ANGLE",,N,Clear or Partly Cloudy,Dry,Daylight,,,45,Vehicle - Pedalcyclist,0,N,Washington,47.634573061441394,-122.30157617824793
Block,BROADWAY BETWEEN E UNION ST AND E PIKE ST,2,Injury Collision,Cycles,2,0,1,1,1,0,0,2015-07-14T00:00:00.000Z,7/14/2015 11:15:00 AM,Driveway Junction,18.0,"MOTOR VEHICLE STRUCK PEDALCYCLIST, FRONT END AT ANGLE",,N,Clear or Partly Cloudy,Dry,Daylight,Y,,45,Vehicle - Pedalcyclist,0,N,Washington,47.61351814837144,-122.32077135051792
Block,25TH AVE NE BETWEEN NE 60TH ST AND NE 65TH ST,2,Injury Collision,Cycles,2,0,1,1,1,0,0,2015-07-23T00:00:00.000Z,7/23/2015 9:40:00 PM,Mid-Block (but intersection related),21.0,"MOTOR VEHICLE STRUCK PEDALCYCLIST, REAR END",,N,Clear or Partly Cloudy,Dry,Dark - Street Lights On,,,45,Vehicle - Pedalcyclist,0,N,Washington,47.67396072401391,-122.30064519165957
Intersection,PHINNEY AVE N AND N 50TH E ST,2,Injury Collision,Cycles,1,0,1,1,1,0,0,2015-07-28T00:00:00.000Z,7/28/2015 5:49:00 PM,At Intersection (intersection related),18.0,"MOTOR VEHICLE STRUCK PEDALCYCLIST, FRONT END AT ANGLE",,N,Clear or Partly Cloudy,Dry,Daylight,,,45,Vehicle - Pedalcyclist,0,N,Washington,47.66501938046141,-122.35395996421312
Intersection,4TH AVE S AND S HOLGATE ST,2,Injury Collision,Cycles,0,0,1,1,1,0,0,2015-06-10T00:00:00.000Z,6/10/2015 2:07:00 PM,At Intersection (intersection related),18.0,"MOTOR VEHICLE STRUCK PEDALCYCLIST, FRONT END AT ANGLE",,N,Clear or Partly Cloudy,Dry,Daylight,,,45,Vehicle - Pedalcyclist,521750,N,Washington,47.586170117147596,-122.32906226364679
Block,N NORTHGATE WAY BETWEEN BURKE AVE N AND MERIDIAN AVE N,2,Injury Collision,Cycles,2,0,1,1,1,0,0,2015-06-09T00:00:00.000Z,6/9/2015 1:20:00 PM,Mid-Block (not related to intersection),51.0,PEDALCYCLIST STRUCK MOTOR VEHICLE FRONT END AT ANGLE,,N,Clear or Partly Cloudy,Dry,Daylight,,,45,Vehicle - Pedalcyclist,0,N,Washington,47.70816806645706,-122.33509521181854
Intersection,1ST AVE S AND S LANDER ST,2,Injury Collision,Cycles,2,0,1,1,1,0,0,2015-06-22T00:00:00.000Z,6/22/2015 4:25:00 PM,At Intersection (intersection related),18.0,"MOTOR VEHICLE STRUCK PEDALCYCLIST, FRONT END AT ANGLE",,N,Clear or Partly Cloudy,Dry,Daylight,,,45,Vehicle - Pedalcyclist,524927,N,Washington,47.579811138377295,-122.33420081438796
Intersection,ROOSEVELT WAY NE AND NE 43RD S ST,2,Injury Collision,Cycles,1,0,1,1,1,0,0,2015-07-29T00:00:00.000Z,7/29/2015 7:41:00 PM,At Intersection (intersection related),18.0,"MOTOR VEHICLE STRUCK PEDALCYCLIST, FRONT END AT ANGLE",,N,Clear or Partly Cloudy,Dry,Daylight,,,45,Vehicle - Pedalcyclist,0,N,Washington,47.659455945574386,-122.31775170617126
Block,BURKE AVE N BETWEEN N NORTHLAKE WAY AND N 34TH ST,2,Injury Collision,Cycles,2,0,1,1,1,0,0,2015-06-24T00:00:00.000Z,6/24/2015 6:30:00 PM,Mid-Block (not related to intersection),51.0,PEDALCYCLIST STRUCK MOTOR VEHICLE FRONT END AT ANGLE,,N,Clear or Partly Cloudy,Dry,Daylight,,,45,Vehicle - Pedalcyclist,0,N,Washington,47.647454422442294,-122.33516193821077
Intersection,STONE WAY N AND N 40TH ST,2,Injury Collision,Cycles,0,0,1,1,1,0,0,2015-07-07T00:00:00.000Z,7/7/2015 8:30:00 AM,At Intersection (intersection related),18.0,"MOTOR VEHICLE STRUCK PEDALCYCLIST, FRONT END AT ANGLE",,N,Unknown,Unknown,Unknown,,,45,Vehicle - Pedalcyclist,523855,N,Washington,47.655382876420056,-122.34243924105127
Intersection,22ND AVE AND E UNION ST,2b,Serious Injury Collision,Cycles,2,0,1,1,1,1,0,2015-07-08T00:00:00.000Z,7/8/2015 4:50:00 PM,At Intersection (intersection related),18.0,"MOTOR VEHICLE STRUCK PEDALCYCLIST, FRONT END AT ANGLE",,N,Clear or Partly Cloudy,Dry,Daylight,,,45,Vehicle - Pedalcyclist,0,N,Washington,47.61293310447872,-122.30363535135231
Block,1ST AVE S BETWEEN YESLER WAY AND S WASHINGTON ST,2,Injury Collision,Cycles,3,0,2,1,1,0,0,2015-07-28T00:00:00.000Z,7/28/2015 9:43:00 PM,Mid-Block (not related to intersection),18.0,"MOTOR VEHICLE STRUCK PEDALCYCLIST, FRONT END AT ANGLE",,N,Clear or Partly Cloudy,Dry,Dark - Street Lights On,,,45,Vehicle - Pedalcyclist,0,N,Washington,47.60130412800311,-122.33418005591764
Intersection,5TH AVE AND SENECA ST,1,Property Damage Only Collision,Cycles,2,0,1,1,0,0,0,2015-06-06T00:00:00.000Z,6/6/2015 1:58:00 PM,At Intersection (intersection related),51.0,PEDALCYCLIST STRUCK MOTOR VEHICLE FRONT END AT ANGLE,,N,Clear or Partly Cloudy,Dry,Daylight,,,45,Vehicle - Pedalcyclist,523231,N,Washington,47.60797945820302,-122.33310387058992
Block,3RD AVE BETWEEN UNIVERSITY ST AND UNION ST,2,Injury Collision,Cycles,2,0,1,1,1,0,0,2015-07-31T00:00:00.000Z,7/31/2015 10:07:00 AM,Mid-Block (but intersection related),11.0,"MOTOR VEHICLE STRUCK MOTOR VEHICLE, FRONT END AT ANGLE",Y,N,Clear or Partly Cloudy,Dry,Daylight,,,45,Vehicle - Pedalcyclist,0,N,Washington,47.608258538906114,-122.33642913028775
Intersection,AURORA AVE N AND N 85TH ST,2,Injury Collision,Cycles,3,0,1,1,1,0,0,2015-06-07T00:00:00.000Z,6/7/2015 10:41:00 PM,At Intersection (intersection related),51.0,PEDALCYCLIST STRUCK MOTOR VEHICLE FRONT END AT ANGLE,,N,Clear or Partly Cloudy,Dry,Dark - Street Lights On,,,45,Vehicle - Pedalcyclist,0,N,Washington,47.69056258689079,-122.3445219209793
Intersection,M L KING JR WAY S AND MOUNTAINS TO SOUND TRL,2,Injury Collision,Cycles,2,0,1,1,1,0,0,2015-06-20T00:00:00.000Z,6/20/2015 8:18:00 PM,At Intersection (intersection related),18.0,"MOTOR VEHICLE STRUCK PEDALCYCLIST, FRONT END AT ANGLE",,N,Clear or Partly Cloudy,Dry,Daylight,Y,,45,Vehicle - Pedalcyclist,630872,N,Washington,47.59026044958294,-122.29747681350382
Block,DELRIDGE WAY SW BETWEEN SW DAKOTA ST AND SW GENESEE ST,2b,Serious Injury Collision,Cycles,2,0,1,1,1,1,0,2015-06-19T00:00:00.000Z,6/19/2015 4:37:00 PM,Mid-Block (not related to intersection),21.0,"MOTOR VEHICLE STRUCK PEDALCYCLIST, REAR END",Y,Y,Clear or Partly Cloudy,Dry,Daylight,,,45,Vehicle - Pedalcyclist,0,N,Washington,47.56563473717675,-122.36331216062972
Block,BROOKLYN AVE NE BETWEEN NE 47TH ST AND NE 50TH ST,2,Injury Collision,Cycles,0,0,1,1,1,0,0,2015-05-28T00:00:00.000Z,5/28/2015 7:30:00 PM,Mid-Block (not related to intersection),18.0,"MOTOR VEHICLE STRUCK PEDALCYCLIST, FRONT END AT ANGLE",,N,Clear or Partly Cloudy,Dry,Daylight,,,45,Vehicle - Pedalcyclist,0,N,Washington,47.664002692326775,-122.3142240753684
Intersection,SUMMIT AVE AND E PINE ST,2,Injury Collision,Cycles,0,0,1,1,1,0,0,2015-07-06T00:00:00.000Z,7/6/2015 11:05:00 AM,At Intersection (intersection related),18.0,"MOTOR VEHICLE STRUCK PEDALCYCLIST, FRONT END AT ANGLE",,N,Clear or Partly Cloudy,Dry,Daylight,,,45,Vehicle - Pedalcyclist,0,N,Washington,47.615218748198224,-122.32552884050469
Block,PINE ST BETWEEN PIKE PL AND POST AL,2,Injury Collision,Cycles,2,0,1,1,1,0,0,2015-06-04T00:00:00.000Z,6/4/2015 10:15:00 AM,,0.0,NOT ENOUGH INFORMATION / NOT APPLICABLE,,N,Unknown,Unknown,Unknown,,,45,Vehicle - Pedalcyclist,0,Y,Washington,47.60950557738303,-122.34165960681317
Block,12TH AVE BETWEEN E FIR ST AND E SPRUCE ST,2,Injury Collision,Cycles,2,0,1,1,1,0,0,2015-06-20T00:00:00.000Z,6/20/2015 12:33:00 AM,Mid-Block (but intersection related),21.0,"MOTOR VEHICLE STRUCK PEDALCYCLIST, REAR END",,N,Clear or Partly Cloudy,Dry,Dark - Street Lights On,,,45,Vehicle - Pedalcyclist,0,N,Washington,47.60309866689549,-122.31678166434494