addrtype,location,severitycode,severitydesc,collisiontype,personcount,pedcount,pedcylcount,vehcount,injuries,seriousinjuries,fatalities,incdate,incdttm,junctiontype,sdot_colcode,sdot_coldesc,inattentionind,underinfl,weather,roadcond,lightcond,pedrownotgrnt,speeding,st_colcode,st_coldesc,crosswalkkey,hitparkedcar,state,latitude,longitude
Intersection,24TH AVE E AND E LAKE WASHINGTON BLVD,1,Property Damage Only Collision,Cycles,2,0,1,1,0,0,0,2015-06-20T00:00:00.000Z,6/20/2015 9:11:00 AM,At Intersection (intersection related),51.0,PEDALCYCLIST STRUCK MOTOR VEHICLE FRONT END AT ANGLE,,N,Clear or Partly Cloudy,Dry,Daylight,,,45,Vehicle - Pedalcyclist,0,N,Washington,47.64414268672004,-122.30201994911373
Intersection,28TH AVE NW AND NW 67TH N ST,2,Injury Collision,Cycles,0,0,1,1,1,0,0,2015-06-15T00:00:00.000Z,6/15/2015 6:15:00 PM,At Intersection (intersection related),18.0,"MOTOR VEHICLE STRUCK PEDALCYCLIST, FRONT END AT ANGLE",,N,Clear or Partly Cloudy,Dry,Daylight,,,45,Vehicle - Pedalcyclist,24029,N,Washington,47.677645349275764,-122.39296545339006
Intersection,BEACON AVE S AND S MCCLELLAN ST,2,Injury Collision,Cycles,0,0,1,1,1,0,0,2015-07-01T00:00:00.000Z,7/1/2015 11:00:00 AM,At Intersection (intersection related),18.0,"MOTOR VEHICLE STRUCK PEDALCYCLIST, FRONT END AT ANGLE",,N,Clear or Partly Cloudy,Dry,Daylight,,,45,Vehicle - Pedalcyclist,0,N,Washington,47.5786262979145,-122.31159702181179
Block,26TH AVE S BETWEEN S WASHINGTON ST AND S JACKSON ST,2,Injury Collision,Cycles,1,0,1,1,1,0,0,2015-06-22T00:00:00.000Z,6/22/2015 4:42:00 PM,Mid-Block (not related to intersection),18.0,"MOTOR VEHICLE STRUCK PEDALCYCLIST, FRONT END AT ANGLE",,N,Clear or Partly Cloudy,Dry,Daylight,,,45,Vehicle - Pedalcyclist,0,N,Washington,47.600104450893866,-122.29864182154057
Block,NW 70TH ST BETWEEN 9TH E AVE NW AND 9TH W AVE NW,2,Injury Collision,Cycles,1,0,1,1,1,0,0,2015-07-22T00:00:00.000Z,7/22/2015 8:17:00 AM,Mid-Block (not related to intersection),18.0,"MOTOR VEHICLE STRUCK PEDALCYCLIST, FRONT END AT ANGLE",,N,Clear or Partly Cloudy,Dry,Daylight,,,45,Vehicle - Pedalcyclist,0,N,Washington,47.67954810604984,-122.36853377817907
Intersection,BELLEVUE AVE AND E HOWELL ST,2,Injury Collision,Cycles,2,0,1,1,1,0,0,2015-08-02T00:00:00.000Z,8/2/2015 2:09:00 AM,At Intersection (intersection related),11.0,"MOTOR VEHICLE STRUCK MOTOR VEHICLE, FRONT END AT ANGLE",,Y,Clear or Partly Cloudy,Dry,Dark - Street Lights On,,,45,Vehicle - Pedalcyclist,29176,N,Washington,47.61773993313109,-122.32676681231234
Intersection,15TH AVE NE AND NE 143RD ST,2,Injury Collision,Cycles,2,0,1,1,1,0,0,2015-06-29T00:00:00.000Z,6/29/2015 4:51:00 PM,At Intersection (intersection related),18.0,"MOTOR VEHICLE STRUCK PEDALCYCLIST, FRONT END AT ANGLE",,N,Clear or Partly Cloudy,Dry,Daylight,,,45,Vehicle - Pedalcyclist,524554,N,Washington,47.73212582953071,-122.3127241064386
Block,MERIDIAN AVE N BETWEEN N 34TH ST AND N 35TH ST,2,Injury Collision,Cycles,2,0,1,1,1,0,0,2015-07-28T00:00:00.000Z,7/28/2015 9:05:00 AM,Mid-Block (not related to intersection),18.0,"MOTOR VEHICLE STRUCK PEDALCYCLIST, FRONT END AT ANGLE",Y,N,Clear or Partly Cloudy,Dry,Daylight,,,45,Vehicle - Pedalcyclist,0,N,Washington,47.648606129787815,-122.33390722791417
Block,EASTLAKE AVE E BETWEEN STEWART ST AND THOMAS ST,2,Injury Collision,Cycles,2,0,1,1,1,0,0,2015-07-09T00:00:00.000Z,7/9/2015 8:30:00 PM,Mid-Block (not related to intersection),18.0,"MOTOR VEHICLE STRUCK PEDALCYCLIST, FRONT END AT ANGLE",,N,Clear or Partly Cloudy,Dry,Dark - Street Lights On,,,45,Vehicle - Pedalcyclist,0,N,Washington,47.62026809453468,-122.32913853991735
Intersection,DAYTON AVE N AND N 85TH ST,2,Injury Collision,Cycles,1,0,1,1,1,0,0,2015-06-07T00:00:00.000Z,6/7/2015 3:27:00 PM,At Intersection (intersection related),18.0,"MOTOR VEHICLE STRUCK PEDALCYCLIST, FRONT END AT ANGLE",,N,Clear or Partly Cloudy,Dry,Daylight,,,45,Vehicle - Pedalcyclist,522316,N,Washington,47.69058707308702,-122.35260172823605
Intersection,W MCGRAW PL AND W MCGRAW E ST,2,Injury Collision,Cycles,1,0,1,1,1,0,0,2015-08-01T00:00:00.000Z,8/1/2015 7:26:00 AM,At Intersection (intersection related),18.0,"MOTOR VEHICLE STRUCK PEDALCYCLIST, FRONT END AT ANGLE",,N,Clear or Partly Cloudy,Dry,Daylight,,,45,Vehicle - Pedalcyclist,0,N,Washington,47.63959690714944,-122.35958981173323
Block,40TH AVE NE BETWEEN NE 52ND PL AND NE 55TH ST,2,Injury Collision,Cycles,2,0,1,1,1,0,0,2015-08-01T00:00:00.000Z,8/1/2015 3:14:00 PM,Mid-Block (not related to intersection),18.0,"MOTOR VEHICLE STRUCK PEDALCYCLIST, FRONT END AT ANGLE",,N,Clear or Partly Cloudy,Dry,Daylight,,,45,Vehicle - Pedalcyclist,521972,N,Washington,47.667988675798426,-122.28481801710464
Intersection,42ND AVE NE AND NE 41ST ST,2,Injury Collision,Cycles,2,0,1,1,1,0,0,2015-06-30T00:00:00.000Z,6/30/2015 9:00:00 AM,At Intersection (intersection related),18.0,"MOTOR VEHICLE STRUCK PEDALCYCLIST, FRONT END AT ANGLE",Y,N,Clear or Partly Cloudy,Dry,Daylight,,,45,Vehicle - Pedalcyclist,0,N,Washington,47.65841637752284,-122.28275189029941
Block,ALASKAN WAY BETWEEN YESLER WAY AND COLUMBIA ST,2,Injury Collision,Cycles,3,0,1,1,1,0,0,2015-06-12T00:00:00.000Z,6/12/2015 2:18:00 PM,Driveway Junction,18.0,"MOTOR VEHICLE STRUCK PEDALCYCLIST, FRONT END AT ANGLE",,N,Clear or Partly Cloudy,Dry,Daylight,,,45,Vehicle - Pedalcyclist,0,N,Washington,47.602031397170045,-122.33686381997822
Intersection,12TH AVE AND E MADISON ST,2,Injury Collision,Cycles,0,0,1,1,1,0,0,2015-05-31T00:00:00.000Z,5/31/2015 12:18:00 PM,At Intersection (intersection related),18.0,"MOTOR VEHICLE STRUCK PEDALCYCLIST, FRONT END AT ANGLE",,N,Clear or Partly Cloudy,Dry,Daylight,,,45,Vehicle - Pedalcyclist,0,N,Washington,47.61288923577013,-122.31673339075188
Block,NW MARKET ST BETWEEN 14TH AVE NW AND 15TH AVE NW,1,Property Damage Only Collision,Cycles,0,0,1,1,0,0,0,2015-06-12T00:00:00.000Z,6/12/2015 12:20:00 PM,Mid-Block (not related to intersection),18.0,"MOTOR VEHICLE STRUCK PEDALCYCLIST, FRONT END AT ANGLE",,N,Clear or Partly Cloudy,Dry,Daylight,,,45,Vehicle - Pedalcyclist,0,N,Washington,47.668666144477655,-122.37489946277462
Intersection,RAINIER AVE S AND S HUDSON ST,1,Property Damage Only Collision,Cycles,2,0,1,1,0,0,0,2015-06-05T00:00:00.000Z,6/5/2015 7:20:00 PM,At Intersection (intersection related),18.0,"MOTOR VEHICLE STRUCK PEDALCYCLIST, FRONT END AT ANGLE",Y,N,Clear or Partly Cloudy,Dry,Daylight,Y,,45,Vehicle - Pedalcyclist,524818,N,Washington,47.55704111941164,-122.28462952944362
Block,ALASKAN WAY BETWEEN MARION ST AND MADISON ST,2,Injury Collision,Cycles,2,0,1,1,1,0,0,2015-07-24T00:00:00.000Z,7/24/2015 9:28:00 AM,Driveway Junction,18.0,"MOTOR VEHICLE STRUCK PEDALCYCLIST, FRONT END AT ANGLE",,N,Clear or Partly Cloudy,Dry,Daylight,Y,,45,Vehicle - Pedalcyclist,0,N,Washington,47.60341979032248,-122.33810477858215
Intersection,MERCER ST AND TAYLOR AVE N,2,Injury Collision,Cycles,0,0,1,1,1,0,0,2015-06-05T00:00:00.000Z,6/5/2015 10:05:00 PM,At Intersection (intersection related),18.0,"MOTOR VEHICLE STRUCK PEDALCYCLIST, FRONT END AT ANGLE",,N,Clear or Partly Cloudy,Dry,Dark - Street Lights On,,,45,Vehicle - Pedalcyclist,0,N,Washington,47.624558047947815,-122.34626626345265
Block,2ND AVE BETWEEN UNION ST AND PIKE ST,2,Injury Collision,Cycles,3,0,1,1,1,0,0,2015-06-24T00:00:00.000Z,6/24/2015 7:10:00 AM,Mid-Block (not related to intersection),18.0,"MOTOR VEHICLE STRUCK PEDALCYCLIST, FRONT END AT ANGLE",,N,Clear or Partly Cloudy,Dry,Daylight,Y,,45,Vehicle - Pedalcyclist,0,N,Washington,47.60878749220817,-122.33844845839597
Block,SHILSHOLE AVE NW BETWEEN 17TH AVE NW AND NW DOCK PL,2,Injury Collision,Cycles,3,0,1,1,1,0,0,2015-07-11T00:00:00.000Z,7/11/2015 5:23:00 PM,Mid-Block (not related to intersection),18.0,"MOTOR VEHICLE STRUCK PEDALCYCLIST, FRONT END AT ANGLE",,N,Overcast,Dry,Daylight,Y,,45,Vehicle - Pedalcyclist,0,N,Washington,47.66299764629993,-122.38055647241009
Block,PINE ST BETWEEN 8TH AVE AND 9TH AVE,2,Injury Collision,Cycles,3,0,1,1,1,0,0,2015-07-24T00:00:00.000Z,7/24/2015 7:10:00 PM,Driveway Junction,18.0,"MOTOR VEHICLE STRUCK PEDALCYCLIST, FRONT END AT ANGLE",,Y,Clear or Partly Cloudy,Dry,Daylight,,,45,Vehicle - Pedalcyclist,0,N,Washington,47.613295215899704,-122.33259897598568
Block,E JEFFERSON ST BETWEEN 14TH AVE AND 15TH AVE,2,Injury Collision,Cycles,2,0,1,1,1,0,0,2015-06-10T00:00:00.000Z,6/10/2015 8:55:00 AM,Mid-Block (not related to intersection),51.0,PEDALCYCLIST STRUCK MOTOR VEHICLE FRONT END AT ANGLE,,N,Overcast,Wet,Unknown,,,45,Vehicle - Pedalcyclist,0,N,Washington,47.606189368140605,-122.31351479867834
Intersection,OCCIDENTAL AVE S AND S LANDER ST,2,Injury Collision,Cycles,0,0,1,1,1,0,0,2015-06-18T00:00:00.000Z,6/18/2015 12:58:00 PM,At Intersection (intersection related),18.0,"MOTOR VEHICLE STRUCK PEDALCYCLIST, FRONT END AT ANGLE",,N,Clear or Partly Cloudy,Dry,Daylight,,,45,Vehicle - Pedalcyclist,0,N,Washington,47.579810298562144,-122.33326934724009
Block,25TH AVE NE BETWEEN RAVENNA N AVE NE AND NE 90TH ST,2,Injury Collision,Sideswipe,0,0,1,1,1,0,0,2015-06-18T00:00:00.000Z,6/18/2015 3:55:00 PM,Mid-Block (not related to intersection),0.0,NOT ENOUGH INFORMATION / NOT APPLICABLE,,N,Clear or Partly Cloudy,Dry,Daylight,,,12,From same direction - both going straight - one stopped - sideswipe,0,Y,Washington,47.691930090785064,-122.30149399267955
Intersection,9TH AVE AND MADISON ST,2,Injury Collision,Cycles,2,0,1,1,1,0,0,2015-07-02T00:00:00.000Z,7/2/2015 9:57:00 AM,At Intersection (intersection related),18.0,"MOTOR VEHICLE STRUCK PEDALCYCLIST, FRONT END AT ANGLE",,N,Clear or Partly Cloudy,Dry,Daylight,,,45,Vehicle - Pedalcyclist,0,N,Washington,47.60840867623646,-122.32736100947704
Block,NW MARKET ST BETWEEN 28TH AVE NW AND NW 54TH ST,2,Injury Collision,Cycles,1,0,1,1,1,0,0,2015-07-31T00:00:00.000Z,7/31/2015 3:37:00 PM,Driveway Junction,51.0,PEDALCYCLIST STRUCK MOTOR VEHICLE FRONT END AT ANGLE,Y,N,Clear or Partly Cloudy,Dry,Daylight,,,45,Vehicle - Pedalcyclist,0,N,Washington,47.668651405633405,-122.39368163124784
Block,E DENNY WAY BETWEEN MELROSE AVE AND BELLEVUE AVE,2,Injury Collision,Cycles,2,0,1,1,1,0,0,2015-05-11T00:00:00.000Z,5/11/2015 7:38:00 PM,Driveway Junction,18.0,"MOTOR VEHICLE STRUCK PEDALCYCLIST, FRONT END AT ANGLE",,N,Clear or Partly Cloudy,Dry,Daylight,,,45,Vehicle - Pedalcyclist,0,N,Washington,47.618494701867675,-122.32729177860695
Intersection,FREMONT AVE N AND N 34TH ST,2,Injury Collision,Cycles,2,0,1,1,1,0,0,2015-08-04T00:00:00.000Z,8/4/2015 7:26:00 PM,At Intersection (but not related to intersection),21.0,"MOTOR VEHICLE STRUCK PEDALCYCLIST, REAR END",Y,N,Clear or Partly Cloudy,Dry,Daylight,,,45,Vehicle - Pedalcyclist,0,N,Washington,47.64958972852735,-122.34974744884168
Intersection,LENORA ST AND WESTLAKE AVE,2,Injury Collision,Cycles,2,0,1,1,1,0,0,2015-08-04T00:00:00.000Z,8/4/2015 9:13:00 AM,At Intersection (intersection related),18.0,"MOTOR VEHICLE STRUCK PEDALCYCLIST, FRONT END AT ANGLE",,N,Clear or Partly Cloudy,Dry,Daylight,Y,,45,Vehicle - Pedalcyclist,622407,N,Washington,47.616490204979115,-122.33789362887173
Intersection,1ST AVE S AND S JACKSON ST,2,Injury Collision,Cycles,2,0,1,1,1,0,0,2015-06-13T00:00:00.000Z,6/13/2015 12:46:00 AM,At Intersection (intersection related),18.0,"MOTOR VEHICLE STRUCK PEDALCYCLIST, FRONT END AT ANGLE",,N,Clear or Partly Cloudy,Dry,Dark - Street Lights On,,,45,Vehicle - Pedalcyclist,0,N,Washington,47.59920482885765,-122.33418803153756
Intersection,DELRIDGE WAY SW AND SW BRANDON ST,2,Injury Collision,Cycles,2,0,1,1,1,0,0,2015-07-02T00:00:00.000Z,7/2/2015 5:33:00 PM,At Intersection (intersection related),18.0,"MOTOR VEHICLE STRUCK PEDALCYCLIST, FRONT END AT ANGLE",,N,Clear or Partly Cloudy,Dry,Daylight,,Y,45,Vehicle - Pedalcyclist,0,N,Washington,47.55372176110003,-122.36296314926805
Intersection,8TH AVE AND SENECA ST,2,Injury Collision,Cycles,0,0,1,1,1,0,0,2015-05-28T00:00:00.000Z,5/28/2015 11:57:00 AM,At Intersection (intersection related),18.0,"MOTOR VEHICLE STRUCK PEDALCYCLIST, FRONT END AT ANGLE",,N,Clear or Partly Cloudy,Dry,Daylight,,,45,Vehicle - Pedalcyclist,521935,N,Washington,47.60937180513482,-122.32977650059921
Intersection,DEXTER AVE N AND THOMAS ST,2,Injury Collision,Cycles,2,0,1,1,1,0,0,2015-07-24T00:00:00.000Z,7/24/2015 6:48:00 PM,At Intersection (intersection related),18.0,"MOTOR VEHICLE STRUCK PEDALCYCLIST, FRONT END AT ANGLE",,N,Clear or Partly Cloudy,Dry,Daylight,Y,,45,Vehicle - Pedalcyclist,0,N,Washington,47.620888394604385,-122.34238173081964
Intersection,26TH AVE NW AND NW 85TH W ST,2,Injury Collision,Cycles,2,0,1,1,1,0,0,2015-06-20T00:00:00.000Z,6/20/2015 6:08:00 PM,At Intersection (intersection related),18.0,"MOTOR VEHICLE STRUCK PEDALCYCLIST, FRONT END AT ANGLE",Y,N,Clear or Partly Cloudy,Dry,Daylight,Y,,45,Vehicle - Pedalcyclist,37087,N,Washington,47.69057378322035,-122.39032847384459
Block,NE 125TH ST BETWEEN 42ND AVE NE AND RIVIERA PL NE,2,Injury Collision,Cycles,2,0,1,1,1,0,0,2015-08-04T00:00:00.000Z,8/4/2015 6:39:00 PM,Driveway Junction,51.0,PEDALCYCLIST STRUCK MOTOR VEHICLE FRONT END AT ANGLE,,N,Clear or Partly Cloudy,Dry,Dusk,,,45,Vehicle - Pedalcyclist,36138,N,Washington,47.71917470701066,-122.28127729232841
Intersection,BEACH DR SW AND SW CARROLL ST,2,Injury Collision,Cycles,2,0,1,1,1,0,0,2015-06-13T00:00:00.000Z,6/13/2015 9:15:00 AM,At Intersection (intersection related),51.0,PEDALCYCLIST STRUCK MOTOR VEHICLE FRONT END AT ANGLE,Y,N,Clear or Partly Cloudy,Dry,Daylight,,,45,Vehicle - Pedalcyclist,0,N,Washington,47.56752239742728,-122.40951444147792
Block,STEWART ST BETWEEN 7TH AVE AND 8TH AVE,2,Injury Collision,Cycles,2,0,1,1,1,0,0,2015-08-05T00:00:00.000Z,8/5/2015 11:34:00 AM,Mid-Block (but intersection related),54.0,PEDALCYCLIST STRUCK MOTOR VEHICLE REAR END,Y,N,Clear or Partly Cloudy,Dry,Daylight,,,45,Vehicle - Pedalcyclist,0,N,Washington,47.614619204396604,-122.33572640504978
Block,LAKE CITY WAY NE BETWEEN NE 123RD ST AND 30TH N AVE NE,2,Injury Collision,Cycles,3,0,1,1,1,0,0,2015-05-19T00:00:00.000Z,5/19/2015 8:51:00 AM,Mid-Block (not related to intersection),18.0,"MOTOR VEHICLE STRUCK PEDALCYCLIST, FRONT END AT ANGLE",Y,N,Overcast,Dry,Daylight,,,45,Vehicle - Pedalcyclist,36647,N,Washington,47.71752334526128,-122.29627141581487
Block,4TH AVE S BETWEEN S INDUSTRIAL EB WAY AND DIAGONAL AVE S,2,Injury Collision,Cycles,0,0,1,1,1,0,0,2015-05-20T00:00:00.000Z,5/20/2015 3:20:00 PM,Mid-Block (not related to intersection),18.0,"MOTOR VEHICLE STRUCK PEDALCYCLIST, FRONT END AT ANGLE",,N,Clear or Partly Cloudy,Dry,Daylight,,,45,Vehicle - Pedalcyclist,0,N,Washington,47.567480366002314,-122.32928120126756
Block,DEXTER AVE N BETWEEN ROY ST AND VALLEY ST,2,Injury Collision,Cycles,2,0,1,1,1,0,0,2015-06-25T00:00:00.000Z,6/25/2015 4:21:00 PM,Driveway Junction,18.0,"MOTOR VEHICLE STRUCK PEDALCYCLIST, FRONT END AT ANGLE",,N,Clear or Partly Cloudy,Dry,Daylight,Y,,45,Vehicle - Pedalcyclist,0,N,Washington,47.6258310277981,-122.34233821000844
Block,NE 125TH ST BETWEEN 17TH E AVE NE AND 19TH AVE NE,2,Injury Collision,Cycles,3,0,1,1,1,0,0,2015-06-25T00:00:00.000Z,6/25/2015 5:23:00 PM,Mid-Block (but intersection related),51.0,PEDALCYCLIST STRUCK MOTOR VEHICLE FRONT END AT ANGLE,,N,Clear or Partly Cloudy,Dry,Daylight,,,45,Vehicle - Pedalcyclist,0,N,Washington,47.719385753725405,-122.30954145073456
Block,BELMONT AVE BETWEEN E PINE ST AND E OLIVE ST,2b,Serious Injury Collision,Cycles,1,0,1,0,1,1,0,2015-07-27T00:00:00.000Z,7/27/2015 4:40:00 AM,Mid-Block (but intersection related),68.0,PEDALCYCLIST RAN OFF ROAD - HIT FIXED OBJECT,,N,Clear or Partly Cloudy,Dry,Dark - Street Lights On,,Y,45,Vehicle - Pedalcyclist,0,N,Washington,47.61578510401078,-122.32447970878808
Block,NW 85TH ST BETWEEN 6TH AVE NW AND 8TH AVE NW,2,Injury Collision,Cycles,2,0,1,1,1,0,0,2015-08-02T00:00:00.000Z,8/2/2015 11:40:00 PM,Mid-Block (not related to intersection),18.0,"MOTOR VEHICLE STRUCK PEDALCYCLIST, FRONT END AT ANGLE",,N,Clear or Partly Cloudy,Dry,Dark - Street Lights On,,,45,Vehicle - Pedalcyclist,0,N,Washington,47.69064791817922,-122.36465469343435
Block,15TH AVE E BETWEEN E HARRISON S ST AND E HARRISON N ST,2,Injury Collision,Cycles,3,0,1,1,1,0,0,2015-06-22T00:00:00.000Z,6/22/2015 9:03:00 AM,Mid-Block (not related to intersection),51.0,PEDALCYCLIST STRUCK MOTOR VEHICLE FRONT END AT ANGLE,Y,N,Clear or Partly Cloudy,Dry,Daylight,,,45,Vehicle - Pedalcyclist,0,N,Washington,47.62201610504006,-122.31264321774141
Intersection,ERSKINE WAY SW AND SW DAWSON N ST,2,Injury Collision,Cycles,2,0,1,1,1,0,0,2015-06-24T00:00:00.000Z,6/24/2015 7:32:00 PM,At Intersection (intersection related),51.0,PEDALCYCLIST STRUCK MOTOR VEHICLE FRONT END AT ANGLE,,N,Clear or Partly Cloudy,Dry,Daylight,,,45,Vehicle - Pedalcyclist,0,N,Washington,47.55668933978262,-122.39003525256877
Block,FAUNTLEROY WAY SW BETWEEN SW AUSTIN ST AND SW KENYON ST,2,Injury Collision,Cycles,3,0,1,1,1,0,0,2015-06-17T00:00:00.000Z,6/17/2015 7:55:00 PM,Mid-Block (not related to intersection),18.0,"MOTOR VEHICLE STRUCK PEDALCYCLIST, FRONT END AT ANGLE",,N,Clear or Partly Cloudy,Dry,Daylight,,,45,Vehicle - Pedalcyclist,0,N,Washington,47.53365008191264,-122.39267201964874
Block,VALLEY ST BETWEEN BOREN AVE N AND FAIRVIEW AVE N,2,Injury Collision,Cycles,2,0,1,1,1,0,0,2015-06-29T00:00:00.000Z,6/29/2015 12:45:00 PM,Mid-Block (not related to intersection),51.0,PEDALCYCLIST STRUCK MOTOR VEHICLE FRONT END AT ANGLE,,N,Clear or Partly Cloudy,Dry,Daylight,,,45,Vehicle - Pedalcyclist,0,N,Washington,47.62577678511252,-122.3350870019462
Block,S LANE ST BETWEEN 13TH AVE S AND CORWIN PL S,1,Property Damage Only Collision,Cycles,2,0,1,1,0,0,0,2015-07-18T00:00:00.000Z,7/18/2015 8:29:00 PM,Driveway Junction,18.0,"MOTOR VEHICLE STRUCK PEDALCYCLIST, FRONT END AT ANGLE",,N,Clear or Partly Cloudy,Dry,Daylight,,,45,Vehicle - Pedalcyclist,0,N,Washington,47.596655587635965,-122.31499411785978
Intersection,HARVARD AVE E AND E THOMAS ST,2,Injury Collision,Cycles,2,0,1,1,1,0,0,2015-07-22T00:00:00.000Z,7/22/2015 10:56:00 AM,At Intersection (intersection related),18.0,"MOTOR VEHICLE STRUCK PEDALCYCLIST, FRONT END AT ANGLE",Y,N,Clear or Partly Cloudy,Dry,Daylight,,,45,Vehicle - Pedalcyclist,0,N,Washington,47.62106633685225,-122.32222485526226
Intersection,15TH AVE NE AND NE 65TH ST,3,Fatality Collision,Cycles,3,0,1,1,1,0,1,2015-06-27T00:00:00.000Z,6/27/2015 11:06:00 PM,At Intersection (intersection related),18.0,"MOTOR VEHICLE STRUCK PEDALCYCLIST, FRONT END AT ANGLE",,Y,Clear or Partly Cloudy,Dry,Dark - Street Lights On,,,45,Vehicle - Pedalcyclist,0,N,Washington,47.67578344015835,-122.3119297218561
Block,S KING ST BETWEEN ALASKAN WAY S AND ALASKAN E RDWY WAY S,2,Injury Collision,Cycles,2,0,1,1,1,0,0,2015-06-12T00:00:00.000Z,6/12/2015 5:31:00 PM,Mid-Block (but intersection related),18.0,"MOTOR VEHICLE STRUCK PEDALCYCLIST, FRONT END AT ANGLE",,N,Clear or Partly Cloudy,Dry,Daylight,,,45,Vehicle - Pedalcyclist,30371,N,Washington,47.59827561153129,-122.33566164382245
Intersection,38TH AVE S AND S OTHELLO ST,2,Injury Collision,Cycles,0,0,1,1,1,0,0,2015-07-13T00:00:00.000Z,7/13/2015 3:06:00 PM,At Intersection (intersection related),18.0,"MOTOR VEHICLE STRUCK PEDALCYCLIST, FRONT END AT ANGLE",,N,Clear or Partly Cloudy,Dry,Daylight,,,45,Vehicle - Pedalcyclist,0,N,Washington,47.53703456896778,-122.28470685779965
Intersection,UNIVERSITY WAY NE AND NE 50TH ST,1,Property Damage Only Collision,Cycles,2,0,1,1,0,0,0,2015-07-30T00:00:00.000Z,7/30/2015 9:30:00 PM,At Intersection (intersection related),18.0,"MOTOR VEHICLE STRUCK PEDALCYCLIST, FRONT END AT ANGLE",,N,Clear or Partly Cloudy,Dry,Dusk,Y,,45,Vehicle - Pedalcyclist,0,N,Washington,47.664900723928135,-122.3130741604038
Block,N NORTHGATE WAY BETWEEN MERIDIAN AVE N AND CORLISS AVE N,2,Injury Collision,Cycles,2,0,1,1,1,0,0,2015-07-22T00:00:00.000Z,7/22/2015 6:33:00 PM,Mid-Block (not related to intersection),18.0,"MOTOR VEHICLE STRUCK PEDALCYCLIST, FRONT END AT ANGLE",Y,N,Clear or Partly Cloudy,Dry,Daylight,Y,,45,Vehicle - Pedalcyclist,0,N,Washington,47.708654515714905,-122.3326553754476
Block,2ND AVE BETWEEN BATTERY ST AND WALL ST,2,Injury Collision,Cycles,2,0,1,1,1,0,0,2015-07-25T00:00:00.000Z,7/25/2015 4:30:00 PM,Mid-Block (but intersection related),18.0,"MOTOR VEHICLE STRUCK PEDALCYCLIST, FRONT END AT ANGLE",,N,Clear or Partly Cloudy,Dry,Daylight,,,45,Vehicle - Pedalcyclist,0,N,Washington,47.615084021890176,-122.3474188329439
Intersection,40TH AVE NE AND NE 68TH ST,2,Injury Collision,Cycles,2,0,1,1,1,0,0,2015-07-01T00:00:00.000Z,7/1/2015 11:31:00 AM,At Intersection (intersection related),51.0,PEDALCYCLIST STRUCK MOTOR VEHICLE FRONT END AT ANGLE,,N,Clear or Partly Cloudy,Dry,Daylight,,,45,Vehicle - Pedalcyclist,0,N,Washington,47.67760055740105,-122.28495680449556
Block,ALKI AVE SW BETWEEN HARBOR AVE SW AND SW RHODE ISLAND ST,2,Injury Collision,Cycles,0,0,1,1,1,0,0,2015-06-11T00:00:00.000Z,6/11/2015 5:58:00 AM,Mid-Block (not related to intersection),18.0,"MOTOR VEHICLE STRUCK PEDALCYCLIST, FRONT END AT ANGLE",,N,Clear or Partly Cloudy,Dry,Daylight,,,45,Vehicle - Pedalcyclist,0,N,Washington,47.59514844507493,-122.38679448166212
Intersection,BELLEVUE AVE AND E PINE ST,2,Injury Collision,Cycles,2,0,1,1,1,0,0,2015-06-17T00:00:00.000Z,6/17/2015 9:14:00 AM,At Intersection (intersection related),18.0,"MOTOR VEHICLE STRUCK PEDALCYCLIST, FRONT END AT ANGLE",,N,Clear or Partly Cloudy,Dry,Daylight,,,45,Vehicle - Pedalcyclist,0,N,Washington,47.61521815296026,-122.32680418837404
Block,STEWART ST BETWEEN 7TH AVE AND 8TH AVE,1,Property Damage Only Collision,Cycles,2,0,1,1,0,0,0,2015-06-29T00:00:00.000Z,6/29/2015 9:30:00 AM,Mid-Block (not related to intersection),0.0,NOT ENOUGH INFORMATION / NOT APPLICABLE,,N,Clear or Partly Cloudy,Dry,Daylight,,,45,Vehicle - Pedalcyclist,0,N,Washington,47.614619204396604,-122.33572640504978
Intersection,25TH AVE E AND E MCGRAW ST,2,Injury Collision,Cycles,1,0,1,1,1,0,0,2015-07-28T00:00:00.000Z,7/28/2015 7:19:00 PM,At Intersection (intersection related),18.0,"MOTOR VEHICLE STRUCK PEDALCYCLIST, FRONT END AT ANGLE",,N,Clear or Partly Cloudy,Dry,Daylight,,,45,Vehicle - Pedalcyclist,0,N,Washington,47.64025178028046,-122.30034445104508
Intersection,20TH AVE NW AND NW 57TH ST,2,Injury Collision,Cycles,2,0,1,1,1,0,0,2015-08-01T00:00:00.000Z,8/1/2015 9:28:00 PM,At Intersection (intersection related),11.0,"MOTOR VEHICLE STRUCK MOTOR VEHICLE, FRONT END AT ANGLE",,N,Clear or Partly Cloudy,Dry,Dark - Street Lights On,Y,,45,Vehicle - Pedalcyclist,0,N,Washington,47.670180101805656,-122.38213356000068