addrtype,location,severitycode,severitydesc,collisiontype,personcount,pedcount,pedcylcount,vehcount,injuries,seriousinjuries,fatalities,incdate,incdttm,junctiontype,sdot_colcode,sdot_coldesc,inattentionind,underinfl,weather,roadcond,lightcond,pedrownotgrnt,speeding,st_colcode,st_coldesc,crosswalkkey,hitparkedcar,state,latitude,longitude
Block,NW MARKET ST BETWEEN 28TH AVE NW AND NW 54TH ST,1,Property Damage Only Collision,Cycles,2,0,1,1,0,0,0,2015-07-23T00:00:00.000Z,7/23/2015 12:38:00 PM,Mid-Block (but intersection related),21.0,"MOTOR VEHICLE STRUCK PEDALCYCLIST, REAR END",,N,Clear or Partly Cloudy,Dry,Daylight,,,45,Vehicle - Pedalcyclist,0,N,Washington,47.668651405633405,-122.39368163124784
Block,6TH AVE BETWEEN PINE ST AND OLIVE WAY,2,Injury Collision,Cycles,2,0,1,1,1,0,0,2015-08-18T00:00:00.000Z,8/18/2015 9:37:00 AM,Mid-Block (but intersection related),18.0,"MOTOR VEHICLE STRUCK PEDALCYCLIST, FRONT END AT ANGLE",Y,N,Clear or Partly Cloudy,Dry,Daylight,,,45,Vehicle - Pedalcyclist,0,N,Washington,47.612633293520936,-122.3358274826033
Block,9TH AVE N BETWEEN BROAD E ST AND WESTLAKE AVE N,2,Injury Collision,Sideswipe,2,0,1,1,1,0,0,2015-08-18T00:00:00.000Z,8/18/2015 4:53:00 PM,Mid-Block (but intersection related),18.0,"MOTOR VEHICLE STRUCK PEDALCYCLIST, FRONT END AT ANGLE",,N,Clear or Partly Cloudy,Dry,Daylight,,,11,From same direction - both going straight - both moving - sideswipe,0,N,Washington,47.62628067117701,-122.33967881357802
Block,FREMONT AVE N BETWEEN N 34TH ST AND FREMONT PL N,2,Injury Collision,Cycles,0,0,1,1,1,0,0,2015-08-26T00:00:00.000Z,8/26/2015 7:02:00 PM,Mid-Block (not related to intersection),18.0,"MOTOR VEHICLE STRUCK PEDALCYCLIST, FRONT END AT ANGLE",,N,Clear or Partly Cloudy,Dry,Daylight,,,45,Vehicle - Pedalcyclist,0,N,Washington,47.650009011318424,-122.34979103435668
Block,RUSSELL AVE NW BETWEEN NW IONE PL AND NW CENTRAL PL,2,Injury Collision,Cycles,2,0,1,1,1,0,0,2015-08-25T00:00:00.000Z,8/25/2015 12:15:00 PM,Mid-Block (not related to intersection),18.0,"MOTOR VEHICLE STRUCK PEDALCYCLIST, FRONT END AT ANGLE",Y,N,Clear or Partly Cloudy,Dry,Daylight,Y,,45,Vehicle - Pedalcyclist,0,N,Washington,47.66644024897053,-122.3804752248374
Intersection,1ST AVE AND UNION ST,2,Injury Collision,Cycles,0,0,1,1,1,0,0,2015-09-04T00:00:00.000Z,9/4/2015 9:42:00 PM,At Intersection (intersection related),18.0,"MOTOR VEHICLE STRUCK PEDALCYCLIST, FRONT END AT ANGLE",,N,Clear or Partly Cloudy,Dry,Dark - Street Lights On,,,45,Vehicle - Pedalcyclist,0,N,Washington,47.607828161531245,-122.33910533488405
Intersection,DEXTER AVE N AND HARRISON ST,2b,Serious Injury Collision,Cycles,2,0,1,1,2,1,0,2015-08-14T00:00:00.000Z,8/14/2015 5:25:00 PM,At Intersection (intersection related),18.0,"MOTOR VEHICLE STRUCK PEDALCYCLIST, FRONT END AT ANGLE",,N,Raining,Wet,Daylight,Y,,45,Vehicle - Pedalcyclist,0,N,Washington,47.62205574526417,-122.34237158587831
Block,8TH AVE BETWEEN PINE ST AND OLIVE WAY,2,Injury Collision,Cycles,2,0,1,1,1,0,0,2015-08-06T00:00:00.000Z,8/6/2015 8:50:00 AM,Mid-Block (not related to intersection),11.0,"MOTOR VEHICLE STRUCK MOTOR VEHICLE, FRONT END AT ANGLE",,N,Clear or Partly Cloudy,Dry,Daylight,,,45,Vehicle - Pedalcyclist,0,N,Washington,47.61355908110572,-122.33360568160315
Intersection,15TH AVE NW AND NW 64TH ST,2,Injury Collision,Cycles,1,0,1,0,1,0,0,2015-08-26T00:00:00.000Z,8/26/2015 9:07:00 PM,At Intersection (but not related to intersection),69.0,PEDALCYCLIST OVERTURNED IN ROAD,,N,Clear or Partly Cloudy,Dry,Dark - Street Lights On,,,45,Vehicle - Pedalcyclist,25385,N,Washington,47.6752794870985,-122.37621073469403
Block,SEWARD PARK AVE S BETWEEN S OTHELLO ST AND S FONTANELLE PL,2,Injury Collision,Cycles,2,0,1,1,1,0,0,2015-08-03T00:00:00.000Z,8/3/2015 5:53:00 PM,Mid-Block (not related to intersection),18.0,"MOTOR VEHICLE STRUCK PEDALCYCLIST, FRONT END AT ANGLE",Y,N,Clear or Partly Cloudy,Dry,Daylight,Y,,45,Vehicle - Pedalcyclist,0,N,Washington,47.536227037163364,-122.26727768519275
Block,BEACON AVE S BETWEEN S STEVENS ST AND S HANFORD ST,2,Injury Collision,Cycles,2,0,1,1,1,0,0,2015-08-06T00:00:00.000Z,8/6/2015 5:58:00 PM,Mid-Block (not related to intersection),51.0,PEDALCYCLIST STRUCK MOTOR VEHICLE FRONT END AT ANGLE,,N,Clear or Partly Cloudy,Dry,Daylight,Y,,45,Vehicle - Pedalcyclist,0,N,Washington,47.576073543018104,-122.30951713462116
Block,ALASKAN WAY BETWEEN YESLER WAY AND COLUMBIA ST,1,Property Damage Only Collision,Cycles,1,0,1,0,0,0,0,2015-09-11T00:00:00.000Z,9/11/2015 6:25:00 PM,Mid-Block (not related to intersection),18.0,"MOTOR VEHICLE STRUCK PEDALCYCLIST, FRONT END AT ANGLE",,N,Clear or Partly Cloudy,Dry,Daylight,,,45,Vehicle - Pedalcyclist,0,N,Washington,47.602031397170045,-122.33686381997822
Block,AURORA AVE N BETWEEN N 96TH N ST AND N 97TH ST,2,Injury Collision,Cycles,2,0,1,1,1,0,0,2015-09-16T00:00:00.000Z,9/16/2015 9:29:00 PM,Mid-Block (not related to intersection),18.0,"MOTOR VEHICLE STRUCK PEDALCYCLIST, FRONT END AT ANGLE",,N,Clear or Partly Cloudy,Dry,Dark - Street Lights On,,,45,Vehicle - Pedalcyclist,0,N,Washington,47.699165199339454,-122.34462415290794
Intersection,FREMONT AVE N AND N 34TH ST,2,Injury Collision,Cycles,1,0,1,1,1,0,0,2015-07-28T00:00:00.000Z,7/28/2015 9:25:00 AM,At Intersection (intersection related),18.0,"MOTOR VEHICLE STRUCK PEDALCYCLIST, FRONT END AT ANGLE",,N,Clear or Partly Cloudy,Dry,Daylight,,,45,Vehicle - Pedalcyclist,0,N,Washington,47.64958972852735,-122.34974744884168
Block,DEXTER AVE N BETWEEN LEE ST AND GALER ST,2,Injury Collision,Cycles,2,0,1,1,1,0,0,2015-08-06T00:00:00.000Z,8/6/2015 4:14:00 PM,Driveway Junction,18.0,"MOTOR VEHICLE STRUCK PEDALCYCLIST, FRONT END AT ANGLE",,N,Clear or Partly Cloudy,Dry,Daylight,Y,,45,Vehicle - Pedalcyclist,0,N,Washington,47.63185406627962,-122.34228516459429
Block,AIRPORT WAY S BETWEEN S LUCILE ST AND CORSON AVE S,2,Injury Collision,Cycles,1,0,1,1,2,0,0,2015-07-24T00:00:00.000Z,7/24/2015 11:15:00 PM,Mid-Block (not related to intersection),14.0,"MOTOR VEHICLE STRUCK MOTOR VEHICLE, REAR END",,Y,Clear or Partly Cloudy,Dry,Dark - Street Lights On,,,45,Vehicle - Pedalcyclist,0,N,Washington,47.55272059290873,-122.32037364576564
Intersection,5TH AVE S AND S MAIN ST,2,Injury Collision,Cycles,1,0,1,1,1,0,0,2015-07-16T00:00:00.000Z,7/16/2015 8:06:00 AM,At Intersection (intersection related),18.0,"MOTOR VEHICLE STRUCK PEDALCYCLIST, FRONT END AT ANGLE",,N,Clear or Partly Cloudy,Dry,Daylight,,,45,Vehicle - Pedalcyclist,524799,N,Washington,47.60003407589182,-122.32766333402573
Block,MERIDIAN AVE N BETWEEN N 54TH ST AND N 55TH ST,2,Injury Collision,Cycles,1,0,1,1,1,0,0,2015-08-14T00:00:00.000Z,8/14/2015 6:55:00 PM,Mid-Block (not related to intersection),18.0,"MOTOR VEHICLE STRUCK PEDALCYCLIST, FRONT END AT ANGLE",,N,Raining,Wet,Daylight,,,45,Vehicle - Pedalcyclist,0,N,Washington,47.66831166816171,-122.33366790039076
Intersection,HIGHLAND DR AND WESTLAKE AVE N,2,Injury Collision,Cycles,2,0,1,1,1,0,0,2015-08-23T00:00:00.000Z,8/23/2015 12:33:00 PM,At Intersection (intersection related),18.0,"MOTOR VEHICLE STRUCK PEDALCYCLIST, FRONT END AT ANGLE",,N,Clear or Partly Cloudy,Dry,Daylight,Y,,45,Vehicle - Pedalcyclist,0,N,Washington,47.62971165716965,-122.3410074358488
Intersection,MERCER ST AND TAYLOR AVE N,2b,Serious Injury Collision,Cycles,1,0,1,0,1,1,0,2015-08-15T00:00:00.000Z,8/15/2015 4:00:00 PM,At Intersection (intersection related),18.0,"MOTOR VEHICLE STRUCK PEDALCYCLIST, FRONT END AT ANGLE",,N,Clear or Partly Cloudy,Dry,Daylight,,,45,Vehicle - Pedalcyclist,0,N,Washington,47.624558047947815,-122.34626626345265
Intersection,ROOSEVELT WAY NE AND NE 43RD S ST,2,Injury Collision,Cycles,2,0,1,1,1,0,0,2015-09-11T00:00:00.000Z,9/11/2015 7:45:00 AM,At Intersection (intersection related),18.0,"MOTOR VEHICLE STRUCK PEDALCYCLIST, FRONT END AT ANGLE",Y,N,Clear or Partly Cloudy,Dry,Daylight,,,45,Vehicle - Pedalcyclist,0,N,Washington,47.659455945574386,-122.31775170617126
Intersection,27TH AVE NE AND NE BLAKELEY ST,2,Injury Collision,Cycles,2,0,1,1,1,0,0,2015-09-12T00:00:00.000Z,9/12/2015 2:59:00 PM,At Intersection (intersection related),51.0,PEDALCYCLIST STRUCK MOTOR VEHICLE FRONT END AT ANGLE,,N,Clear or Partly Cloudy,Dry,Daylight,,,45,Vehicle - Pedalcyclist,25947,N,Washington,47.66637296546358,-122.29849642410879
Block,ALASKAN WAY BETWEEN MARION ST AND MADISON ST,2,Injury Collision,Cycles,2,0,1,0,2,0,0,2015-08-08T00:00:00.000Z,8/8/2015 4:45:00 PM,Mid-Block (not related to intersection),68.0,PEDALCYCLIST RAN OFF ROAD - HIT FIXED OBJECT,,N,Overcast,Dry,Daylight,,,45,Vehicle - Pedalcyclist,0,N,Washington,47.60341979032248,-122.33810477858215
Intersection,ROOSEVELT WAY NE AND NE 50TH ST,1,Property Damage Only Collision,Cycles,2,0,1,1,0,0,0,2015-09-23T00:00:00.000Z,9/23/2015 9:45:00 AM,At Intersection (intersection related),0.0,NOT ENOUGH INFORMATION / NOT APPLICABLE,,N,Clear or Partly Cloudy,Unknown,Daylight,,,45,Vehicle - Pedalcyclist,0,N,Washington,47.66493734388379,-122.31740379073635
Intersection,EASTLAKE AVE E AND FUHRMAN AVE E,2,Injury Collision,Cycles,2,0,1,1,1,0,0,2015-08-30T00:00:00.000Z,8/30/2015 4:36:00 PM,At Intersection (intersection related),18.0,"MOTOR VEHICLE STRUCK PEDALCYCLIST, FRONT END AT ANGLE",,N,Clear or Partly Cloudy,Dry,Daylight,Y,,45,Vehicle - Pedalcyclist,0,N,Washington,47.65157827163786,-122.32127525687477
Block,E ROANOKE ST BETWEEN DELMAR DR E AND 11TH AVE E,1,Property Damage Only Collision,Cycles,2,0,1,1,0,0,0,2015-09-09T00:00:00.000Z,9/9/2015 8:15:00 AM,Mid-Block (not related to intersection),18.0,"MOTOR VEHICLE STRUCK PEDALCYCLIST, FRONT END AT ANGLE",,N,Clear or Partly Cloudy,Dry,Daylight,Y,,45,Vehicle - Pedalcyclist,0,N,Washington,47.6431961319333,-122.31867238890172
Block,WEST GREEN LAKE WAY N BETWEEN N 63RD ST AND AURORA AVE N,2,Injury Collision,Cycles,2,0,1,1,1,0,0,2015-09-05T00:00:00.000Z,9/5/2015 4:52:00 PM,Driveway Junction,51.0,PEDALCYCLIST STRUCK MOTOR VEHICLE FRONT END AT ANGLE,,N,Raining,Wet,Daylight,,,45,Vehicle - Pedalcyclist,0,N,Washington,47.67499105977621,-122.34646883301323
Block,29TH AVE E BETWEEN E MADISON E ST AND E ROY W ST,2,Injury Collision,Cycles,1,0,1,1,1,0,0,2015-07-20T00:00:00.000Z,7/20/2015 1:30:00 PM,Mid-Block (not related to intersection),56.0,PEDALCYCLIST STRUCK MOTOR VEHICLE LEFT SIDE SIDESWIPE,,N,Clear or Partly Cloudy,Dry,Daylight,,,45,Vehicle - Pedalcyclist,0,Y,Washington,47.624617123200615,-122.2955289053363
Block,ALASKAN WAY BETWEEN XW BELL ST AND WALL ST,2,Injury Collision,Cycles,2,0,1,1,1,0,0,2015-08-12T00:00:00.000Z,8/12/2015 4:35:00 PM,Mid-Block (not related to intersection),51.0,PEDALCYCLIST STRUCK MOTOR VEHICLE FRONT END AT ANGLE,,N,Clear or Partly Cloudy,Dry,Daylight,,,45,Vehicle - Pedalcyclist,0,N,Washington,47.61218693182577,-122.35002038055764
Block,ALASKAN WAY BETWEEN SENECA ST AND UNIVERSITY ST,2,Injury Collision,Cycles,1,0,1,1,1,0,0,2015-08-10T00:00:00.000Z,8/10/2015 7:41:00 PM,Mid-Block (not related to intersection),55.0,PEDALCYCLIST STRUCK MOTOR VEHICLE RIGHT SIDE SIDESWIPE,,N,Clear or Partly Cloudy,Dry,Daylight,,,45,Vehicle - Pedalcyclist,0,N,Washington,47.60554374787735,-122.34009165149706
Intersection,12TH AVE AND E PIKE ST,2b,Serious Injury Collision,Cycles,3,0,1,1,1,1,0,2015-08-29T00:00:00.000Z,8/29/2015 10:18:00 PM,At Intersection (intersection related),18.0,"MOTOR VEHICLE STRUCK PEDALCYCLIST, FRONT END AT ANGLE",,N,Raining,Wet,Dark - Street Lights On,,,45,Vehicle - Pedalcyclist,0,N,Washington,47.61410376891479,-122.31683584924204
Block,QUEEN ANNE AVE N BETWEEN BOSTON ST AND MCGRAW ST,2,Injury Collision,Cycles,1,0,1,1,1,0,0,2015-07-13T00:00:00.000Z,7/13/2015 3:13:00 PM,,0.0,NOT ENOUGH INFORMATION / NOT APPLICABLE,,N,Clear or Partly Cloudy,Dry,Daylight,,,45,Vehicle - Pedalcyclist,0,N,Washington,47.63898781186282,-122.35691931839376
Block,14TH AVE NW BETWEEN NW LEARY WAY AND NW 49TH ST,1,Property Damage Only Collision,Cycles,2,0,1,1,0,0,0,2015-09-22T00:00:00.000Z,9/22/2015 10:00:00 AM,,0.0,NOT ENOUGH INFORMATION / NOT APPLICABLE,,N,Unknown,Unknown,Daylight,,,45,Vehicle - Pedalcyclist,0,Y,Washington,47.66402504956825,-122.373593478192
Intersection,GILMAN AVE W AND W EMERSON ST,2,Injury Collision,Cycles,4,0,1,3,1,0,0,2015-08-12T00:00:00.000Z,8/12/2015 7:07:00 PM,At Intersection (intersection related),18.0,"MOTOR VEHICLE STRUCK PEDALCYCLIST, FRONT END AT ANGLE",Y,N,Clear or Partly Cloudy,Dry,Daylight,,,45,Vehicle - Pedalcyclist,0,N,Washington,47.65397898107649,-122.3846160787377
Block,AURORA AVE N BETWEEN N 82ND ST AND GREEN LAKE DR N,2,Injury Collision,Cycles,2,0,1,1,1,0,0,2015-06-29T00:00:00.000Z,6/29/2015 8:55:00 PM,Mid-Block (not related to intersection),51.0,PEDALCYCLIST STRUCK MOTOR VEHICLE FRONT END AT ANGLE,,N,Clear or Partly Cloudy,Dry,Dusk,,,45,Vehicle - Pedalcyclist,0,N,Washington,47.6887495545428,-122.34451256056728
Block,WESTLAKE AVE N BETWEEN NEWTON ST AND CROCKETT ST,1,Property Damage Only Collision,Cycles,2,0,1,1,0,0,0,2015-08-15T00:00:00.000Z,8/15/2015 2:40:00 AM,Mid-Block (not related to intersection),18.0,"MOTOR VEHICLE STRUCK PEDALCYCLIST, FRONT END AT ANGLE",,N,Raining,Wet,Dark - Street Lights On,,,45,Vehicle - Pedalcyclist,0,N,Washington,47.63727077554583,-122.3405191628994
Intersection,2ND AVE S AND S JACKSON ST,2,Injury Collision,Cycles,0,0,1,1,1,0,0,2015-09-04T00:00:00.000Z,9/4/2015 3:00:00 PM,At Intersection (intersection related),18.0,"MOTOR VEHICLE STRUCK PEDALCYCLIST, FRONT END AT ANGLE",,N,Clear or Partly Cloudy,Dry,Daylight,,,45,Vehicle - Pedalcyclist,524965,N,Washington,47.59920078505017,-122.33157768635193
Intersection,LINDEN AVE N AND WOODLAND N PL N,2,Injury Collision,Cycles,1,0,1,1,1,0,0,2015-08-06T00:00:00.000Z,8/6/2015 4:45:00 PM,At Intersection (intersection related),18.0,"MOTOR VEHICLE STRUCK PEDALCYCLIST, FRONT END AT ANGLE",,N,Clear or Partly Cloudy,Dry,Daylight,,,45,Vehicle - Pedalcyclist,0,N,Washington,47.67687952020671,-122.347268940346
Intersection,ALBION PL N AND N 34TH ST,2,Injury Collision,Cycles,0,0,1,1,1,0,0,2015-07-08T00:00:00.000Z,7/8/2015 7:07:00 PM,At Intersection (intersection related),18.0,"MOTOR VEHICLE STRUCK PEDALCYCLIST, FRONT END AT ANGLE",,N,Clear or Partly Cloudy,Dry,Dusk,,,45,Vehicle - Pedalcyclist,0,N,Washington,47.64884179332455,-122.34476587493401
Block,11TH AVE NE BETWEEN NE 56TH ST AND NE RAVENNA EB BV,1,Property Damage Only Collision,Cycles,3,0,1,1,0,0,0,2015-08-13T00:00:00.000Z,8/13/2015 5:25:00 PM,Mid-Block (not related to intersection),54.0,PEDALCYCLIST STRUCK MOTOR VEHICLE REAR END,,N,Clear or Partly Cloudy,Dry,Daylight,,,45,Vehicle - Pedalcyclist,0,N,Washington,47.67059462907367,-122.31628657104292
Intersection,57TH AVE S AND S DAWSON ST,2,Injury Collision,Cycles,0,0,1,1,1,0,0,2015-06-30T00:00:00.000Z,6/30/2015 9:49:00 AM,At Intersection (intersection related),18.0,"MOTOR VEHICLE STRUCK PEDALCYCLIST, FRONT END AT ANGLE",,N,Clear or Partly Cloudy,Dry,Daylight,,,45,Vehicle - Pedalcyclist,0,N,Washington,47.55480344393009,-122.26250870975781
Block,NE 125TH ST BETWEEN 15TH AVE NE AND 16TH AVE NE,1,Property Damage Only Collision,Cycles,3,0,1,1,0,0,0,2015-08-19T00:00:00.000Z,8/19/2015 11:00:00 PM,Mid-Block (not related to intersection),51.0,PEDALCYCLIST STRUCK MOTOR VEHICLE FRONT END AT ANGLE,,N,Clear or Partly Cloudy,Unknown,Dark - Street Lights On,,,45,Vehicle - Pedalcyclist,0,N,Washington,47.71940798416835,-122.31200491386154
Intersection,GILMAN AVE W AND W EMERSON PL,2,Injury Collision,Cycles,2,0,1,1,1,0,0,2015-09-11T00:00:00.000Z,9/11/2015 4:53:00 PM,At Intersection (intersection related),18.0,"MOTOR VEHICLE STRUCK PEDALCYCLIST, FRONT END AT ANGLE",,N,Clear or Partly Cloudy,Dry,Daylight,Y,,45,Vehicle - Pedalcyclist,0,N,Washington,47.65587141117039,-122.38647924631675
Block,UNIVERSITY WAY NE BETWEEN NE 45TH ST AND NE 47TH ST,2,Injury Collision,Cycles,2,0,1,1,1,0,0,2015-09-03T00:00:00.000Z,9/3/2015 9:50:00 AM,Mid-Block (not related to intersection),11.0,"MOTOR VEHICLE STRUCK MOTOR VEHICLE, FRONT END AT ANGLE",,N,Clear or Partly Cloudy,Dry,Daylight,,,45,Vehicle - Pedalcyclist,0,N,Washington,47.66217920897607,-122.31311572731876
Intersection,2ND AVE AND JAMES ST,2,Injury Collision,Cycles,2,0,1,1,1,0,0,2015-09-12T00:00:00.000Z,9/12/2015 7:03:00 PM,At Intersection (intersection related),18.0,"MOTOR VEHICLE STRUCK PEDALCYCLIST, FRONT END AT ANGLE",Y,N,Clear or Partly Cloudy,Dry,Dusk,,,45,Vehicle - Pedalcyclist,0,N,Washington,47.602305601181115,-122.33251943988401
Block,VALLEY ST BETWEEN LAKE UNION PARK ACCESS RD AND BOREN AVE N,2,Injury Collision,Cycles,0,0,1,1,1,0,0,2015-07-10T00:00:00.000Z,7/10/2015 5:54:00 AM,Mid-Block (not related to intersection),18.0,"MOTOR VEHICLE STRUCK PEDALCYCLIST, FRONT END AT ANGLE",,N,Clear or Partly Cloudy,Dry,Dawn,,,45,Vehicle - Pedalcyclist,577500,N,Washington,47.625785455819816,-122.3360112743077
Intersection,45TH AVE SW AND SW WILDWOOD PL,2,Injury Collision,Cycles,1,0,1,1,1,0,0,2015-08-02T00:00:00.000Z,8/2/2015 9:47:00 AM,At Intersection (intersection related),51.0,PEDALCYCLIST STRUCK MOTOR VEHICLE FRONT END AT ANGLE,,N,Clear or Partly Cloudy,Dry,Daylight,,,45,Vehicle - Pedalcyclist,0,N,Washington,47.52078703197172,-122.3902215685216
Block,2ND AVE S BETWEEN S JACKSON ST AND S KING ST,2,Injury Collision,Cycles,2,0,1,1,1,0,0,2015-09-03T00:00:00.000Z,9/3/2015 9:42:00 PM,Mid-Block (not related to intersection),18.0,"MOTOR VEHICLE STRUCK PEDALCYCLIST, FRONT END AT ANGLE",,N,Clear or Partly Cloudy,Dry,Dark - Street Lights On,,,45,Vehicle - Pedalcyclist,0,N,Washington,47.5987455864331,-122.33157924927099
Intersection,BEACON ER AVE S AND S MYRTLE ST,2,Injury Collision,Cycles,0,0,2,1,1,0,0,2015-07-12T00:00:00.000Z,7/12/2015 3:38:00 PM,At Intersection (intersection related),51.0,PEDALCYCLIST STRUCK MOTOR VEHICLE FRONT END AT ANGLE,,N,Clear or Partly Cloudy,Dry,Daylight,,,45,Vehicle - Pedalcyclist,0,N,Washington,47.538957783452474,-122.29608148484935
Block,RAINIER AVE S BETWEEN SEWARD PARK AVE S AND 57TH AVE S,2,Injury Collision,Cycles,1,0,1,1,1,0,0,2015-08-18T00:00:00.000Z,8/18/2015 4:10:00 PM,Mid-Block (but intersection related),18.0,"MOTOR VEHICLE STRUCK PEDALCYCLIST, FRONT END AT ANGLE",,N,Clear or Partly Cloudy,Dry,Daylight,,,45,Vehicle - Pedalcyclist,523422,N,Washington,47.520190460978135,-122.26218184347742
Block,12TH AVE BETWEEN E PINE ST AND E OLIVE ST,2,Injury Collision,Cycles,2,0,1,1,1,0,0,2015-08-18T00:00:00.000Z,8/18/2015 5:50:00 PM,Mid-Block (not related to intersection),51.0,PEDALCYCLIST STRUCK MOTOR VEHICLE FRONT END AT ANGLE,Y,N,Clear or Partly Cloudy,Dry,Daylight,,,45,Vehicle - Pedalcyclist,0,N,Washington,47.61584669426279,-122.31686348709144
Block,UNIVERSITY WAY NE BETWEEN NE 45TH ST AND NE 47TH ST,2b,Serious Injury Collision,Cycles,2,1,1,0,2,2,0,2015-09-10T00:00:00.000Z,9/10/2015 4:36:00 PM,Mid-Block (but intersection related),64.0,PEDALCYCLIST STRUCK PEDESTRIAN,,N,Clear or Partly Cloudy,Dry,Daylight,Y,,45,Vehicle - Pedalcyclist,522430,N,Washington,47.66217920897607,-122.31311572731876
Block,ALKI AVE SW BETWEEN 60TH AVE SW AND 61ST AVE SW,2,Injury Collision,Cycles,2,1,1,0,1,0,0,2015-09-06T00:00:00.000Z,9/6/2015 2:15:00 PM,Mid-Block (not related to intersection),64.0,PEDALCYCLIST STRUCK PEDESTRIAN,,N,Overcast,Dry,Daylight,,,45,Vehicle - Pedalcyclist,0,N,Washington,47.57931775871778,-122.40998774264519
Block,HARBOR AVE SW BETWEEN SW FLORIDA ST AND SW HARBOR LN,2b,Serious Injury Collision,Cycles,2,0,1,1,1,1,0,2015-09-04T00:00:00.000Z,9/4/2015 7:08:00 PM,Mid-Block (not related to intersection),54.0,PEDALCYCLIST STRUCK MOTOR VEHICLE REAR END,,N,Clear or Partly Cloudy,Dry,Dusk,,,45,Vehicle - Pedalcyclist,0,N,Washington,47.5790029437641,-122.37260725089169
Intersection,STONE WAY N AND N 38TH ST,2,Injury Collision,Cycles,2,0,1,1,1,0,0,2015-07-02T00:00:00.000Z,7/2/2015 5:35:00 PM,At Intersection (intersection related),18.0,"MOTOR VEHICLE STRUCK PEDALCYCLIST, FRONT END AT ANGLE",,N,Clear or Partly Cloudy,Dry,Daylight,Y,,45,Vehicle - Pedalcyclist,0,N,Washington,47.65270651520957,-122.34257533537043
Intersection,2ND AVE AND UNIVERSITY ST,2,Injury Collision,Cycles,2,0,1,1,1,0,0,2015-09-05T00:00:00.000Z,9/5/2015 4:37:00 PM,At Intersection (intersection related),18.0,"MOTOR VEHICLE STRUCK PEDALCYCLIST, FRONT END AT ANGLE",Y,N,Raining,Wet,Daylight,,,45,Vehicle - Pedalcyclist,0,N,Washington,47.60729905819726,-122.33708679815666
Intersection,3RD AVE AND PINE ST,2,Injury Collision,Cycles,2,0,1,1,1,0,0,2015-08-31T00:00:00.000Z,8/31/2015 4:46:00 PM,At Intersection (intersection related),51.0,PEDALCYCLIST STRUCK MOTOR VEHICLE FRONT END AT ANGLE,,N,Overcast,Dry,Daylight,,,45,Vehicle - Pedalcyclist,0,N,Washington,47.610742951172654,-122.33870150859981
Intersection,BELMONT AVE AND E PINE ST,2,Injury Collision,Cycles,1,0,1,1,1,0,0,2015-10-19T00:00:00.000Z,10/19/2015 1:59:00 PM,At Intersection (intersection related),18.0,"MOTOR VEHICLE STRUCK PEDALCYCLIST, FRONT END AT ANGLE",,N,Clear or Partly Cloudy,Dry,Daylight,,,45,Vehicle - Pedalcyclist,0,N,Washington,47.61522500481614,-122.32447263631508
Block,UNIVERSITY WAY NE BETWEEN NE 52ND ST AND NE 55TH ST,2,Injury Collision,Cycles,1,0,1,1,1,0,0,2015-09-29T00:00:00.000Z,9/29/2015 6:17:00 PM,Mid-Block (not related to intersection),18.0,"MOTOR VEHICLE STRUCK PEDALCYCLIST, FRONT END AT ANGLE",,N,Clear or Partly Cloudy,Dry,Daylight,,,45,Vehicle - Pedalcyclist,0,N,Washington,47.667490163549644,-122.31303423754751
Block,S JACKSON ST BETWEEN 2ND AVE S AND 3RD AVE S,1,Property Damage Only Collision,Cycles,2,0,1,1,0,0,0,2015-11-02T00:00:00.000Z,11/2/2015 8:45:00 AM,,0.0,NOT ENOUGH INFORMATION / NOT APPLICABLE,Y,N,Unknown,Unknown,Unknown,,,45,Vehicle - Pedalcyclist,0,N,Washington,47.59919974365463,-122.33092876817821
Intersection,BROADWAY AND JEFFERSON ST,2,Injury Collision,Cycles,1,0,1,0,1,0,0,2015-10-14T00:00:00.000Z,10/14/2015 8:00:00 AM,At Intersection (intersection related),11.0,"MOTOR VEHICLE STRUCK MOTOR VEHICLE, FRONT END AT ANGLE",,N,Clear or Partly Cloudy,Dry,Daylight,,,45,Vehicle - Pedalcyclist,0,N,Washington,47.606212553418025,-122.32074963260415
Intersection,MELROSE AVE AND E DENNY WAY,2,Injury Collision,Cycles,1,0,1,1,1,0,0,2015-09-13T00:00:00.000Z,9/13/2015 2:22:00 PM,At Intersection (intersection related),18.0,"MOTOR VEHICLE STRUCK PEDALCYCLIST, FRONT END AT ANGLE",,N,Clear or Partly Cloudy,Dry,Daylight,,,45,Vehicle - Pedalcyclist,0,N,Washington,47.61849674070191,-122.32785352358368
Block,STONE WAY N BETWEEN N NORTHLAKE WAY AND N 34TH ST,2,Injury Collision,Cycles,2,0,1,1,1,0,0,2015-10-07T00:00:00.000Z,10/7/2015 4:39:00 PM,Mid-Block (but intersection related),18.0,"MOTOR VEHICLE STRUCK PEDALCYCLIST, FRONT END AT ANGLE",Y,N,Clear or Partly Cloudy,Wet,Daylight,,,45,Vehicle - Pedalcyclist,0,N,Washington,47.6483511025983,-122.34278486670208
Block,12TH AVE S BETWEEN XW S LANE ST AND GOLF DR S,2,Injury Collision,Cycles,2,0,1,1,1,0,0,2015-10-16T00:00:00.000Z,10/16/2015 5:07:00 PM,Mid-Block (not related to intersection),51.0,PEDALCYCLIST STRUCK MOTOR VEHICLE FRONT END AT ANGLE,,Y,Clear or Partly Cloudy,Dry,Daylight,,,45,Vehicle - Pedalcyclist,0,N,Washington,47.595407395172366,-122.31726196997428