addrtype,location,severitycode,severitydesc,collisiontype,personcount,pedcount,pedcylcount,vehcount,injuries,seriousinjuries,fatalities,incdate,incdttm,junctiontype,sdot_colcode,sdot_coldesc,inattentionind,underinfl,weather,roadcond,lightcond,pedrownotgrnt,speeding,st_colcode,st_coldesc,crosswalkkey,hitparkedcar,state,latitude,longitude
Block,ROOSEVELT WAY NE BETWEEN NE 42ND S ST AND NE 42ND N ST,2,Injury Collision,Cycles,2,0,1,1,1,0,0,2015-10-19T00:00:00.000Z,10/19/2015 7:16:00 AM,Driveway Junction,51.0,PEDALCYCLIST STRUCK MOTOR VEHICLE FRONT END AT ANGLE,Y,N,Overcast,Wet,Dark - Street Lights On,Y,,45,Vehicle - Pedalcyclist,0,N,Washington,47.657941757397786,-122.31779112586315
Block,DEXTER AVE N BETWEEN LEE ST AND GALER ST,2,Injury Collision,Cycles,1,0,1,1,1,0,0,2015-09-16T00:00:00.000Z,9/16/2015 6:19:00 AM,Mid-Block (not related to intersection),18.0,"MOTOR VEHICLE STRUCK PEDALCYCLIST, FRONT END AT ANGLE",Y,N,Clear or Partly Cloudy,Dry,Dawn,,,45,Vehicle - Pedalcyclist,0,N,Washington,47.63185406627962,-122.34228516459429
Intersection,20TH AVE SW AND DELRIDGE WAY SW,2,Injury Collision,Cycles,2,0,1,1,1,0,0,2015-09-28T00:00:00.000Z,9/28/2015 7:22:00 PM,At Intersection (intersection related),18.0,"MOTOR VEHICLE STRUCK PEDALCYCLIST, FRONT END AT ANGLE",Y,N,Clear or Partly Cloudy,Dry,Dark - Street Lights On,Y,,45,Vehicle - Pedalcyclist,0,N,Washington,47.5218071064856,-122.35915384720619
Block,GREEN LAKE WAY N BETWEEN N 48TH ST AND STONE AVE N,2,Injury Collision,Cycles,2,0,1,1,1,0,0,2015-09-22T00:00:00.000Z,9/22/2015 8:03:00 AM,Mid-Block (not related to intersection),23.0,"MOTOR VEHICLE STRUCK PEDALCYCLIST, LEFT SIDE SIDESWIPE",,N,,Dry,Daylight,,,45,Vehicle - Pedalcyclist,0,N,Washington,47.66385188603983,-122.34264783537935
Block,N 100TH ST BETWEEN LINDEN AVE N AND AURORA AVE N,2,Injury Collision,Cycles,2,0,1,1,1,0,0,2015-10-01T00:00:00.000Z,10/1/2015 6:15:00 PM,Driveway Junction,18.0,"MOTOR VEHICLE STRUCK PEDALCYCLIST, FRONT END AT ANGLE",,N,Unknown,Unknown,Unknown,,,45,Vehicle - Pedalcyclist,0,N,Washington,47.70143393507981,-122.34599971842172
Block,ROOSEVELT WAY NE BETWEEN NE 43RD N ST AND NE 45TH ST,2,Injury Collision,Cycles,1,0,1,1,1,0,0,2015-10-08T00:00:00.000Z,10/8/2015 10:10:00 AM,Mid-Block (not related to intersection),18.0,"MOTOR VEHICLE STRUCK PEDALCYCLIST, FRONT END AT ANGLE",,N,Clear or Partly Cloudy,Dry,Daylight,,,45,Vehicle - Pedalcyclist,0,N,Washington,47.66057737868581,-122.31772271464912
Intersection,23RD AVE NW AND NW 67TH ST,2,Injury Collision,Cycles,2,0,1,1,1,0,0,2015-11-08T00:00:00.000Z,11/8/2015 10:57:00 AM,At Intersection (intersection related),18.0,"MOTOR VEHICLE STRUCK PEDALCYCLIST, FRONT END AT ANGLE",Y,N,Raining,Wet,Daylight,,,45,Vehicle - Pedalcyclist,0,N,Washington,47.677702337843634,-122.38536098233291
Intersection,HARVARD AVE E AND E ALLISON ST,2,Injury Collision,Cycles,3,0,1,1,1,0,0,2015-10-14T00:00:00.000Z,10/14/2015 9:47:00 AM,At Intersection (intersection related),51.0,PEDALCYCLIST STRUCK MOTOR VEHICLE FRONT END AT ANGLE,,N,Overcast,Dry,Daylight,Y,,45,Vehicle - Pedalcyclist,0,N,Washington,47.64871063977904,-122.32209905685593
Intersection,EASTLAKE AVE E AND E HAMLIN ST,2,Injury Collision,Cycles,2,0,1,1,1,0,0,2015-10-15T00:00:00.000Z,10/15/2015 10:36:00 AM,At Intersection (intersection related),51.0,PEDALCYCLIST STRUCK MOTOR VEHICLE FRONT END AT ANGLE,Y,N,Clear or Partly Cloudy,Dry,Daylight,,,45,Vehicle - Pedalcyclist,524212,N,Washington,47.64562377677432,-122.32587912443786
Intersection,BLANCHARD ST AND WESTERN AVE,1,Property Damage Only Collision,Cycles,2,0,1,1,0,0,0,2015-10-08T00:00:00.000Z,10/8/2015 7:56:00 AM,At Intersection (intersection related),18.0,"MOTOR VEHICLE STRUCK PEDALCYCLIST, FRONT END AT ANGLE",,N,Overcast,Dry,Daylight,Y,,45,Vehicle - Pedalcyclist,0,N,Washington,47.611941607475494,-122.34607236708759
Intersection,FREMONT AVE N AND N 90TH ST,2,Injury Collision,Cycles,1,0,1,1,1,0,0,2015-10-27T00:00:00.000Z,10/27/2015 7:05:00 PM,At Intersection (intersection related),51.0,PEDALCYCLIST STRUCK MOTOR VEHICLE FRONT END AT ANGLE,Y,N,Overcast,Dry,Dark - Street Lights On,,,45,Vehicle - Pedalcyclist,0,N,Washington,47.694201401540184,-122.34995493364224
Block,AURORA AVE N BETWEEN N 100TH ST AND N 101ST ST,2,Injury Collision,Cycles,2,0,1,1,1,0,0,2015-10-19T00:00:00.000Z,10/19/2015 12:37:00 PM,Driveway Junction,18.0,"MOTOR VEHICLE STRUCK PEDALCYCLIST, FRONT END AT ANGLE",,N,Clear or Partly Cloudy,Dry,Daylight,,,45,Vehicle - Pedalcyclist,0,N,Washington,47.7017907382411,-122.34465536396776
Block,JEFFERSON ST BETWEEN 5TH AVE AND 6TH AVE,2,Injury Collision,Cycles,1,0,1,1,1,0,0,2015-09-15T00:00:00.000Z,9/15/2015 6:32:00 AM,Mid-Block (not related to intersection),18.0,"MOTOR VEHICLE STRUCK PEDALCYCLIST, FRONT END AT ANGLE",,N,Clear or Partly Cloudy,Dry,Dawn,,,45,Vehicle - Pedalcyclist,30477,N,Washington,47.60321561145172,-122.32798197642549
Block,HARVARD AVE E BETWEEN HAMLIN ST ON RP AND E SHELBY ST,2,Injury Collision,Cycles,2,0,1,1,1,0,0,2015-09-02T00:00:00.000Z,9/2/2015 2:00:00 PM,Mid-Block (not related to intersection),18.0,"MOTOR VEHICLE STRUCK PEDALCYCLIST, FRONT END AT ANGLE",,N,Clear or Partly Cloudy,Dry,Daylight,,,45,Vehicle - Pedalcyclist,0,N,Washington,47.64626955609253,-122.32210425301237
Intersection,6TH AVE AND STEWART ST,1,Property Damage Only Collision,Cycles,2,0,1,1,0,0,0,2015-10-17T00:00:00.000Z,10/17/2015 8:30:00 PM,At Intersection (intersection related),51.0,PEDALCYCLIST STRUCK MOTOR VEHICLE FRONT END AT ANGLE,,N,Overcast,Wet,Dark - Street Lights On,,,45,Vehicle - Pedalcyclist,0,N,Washington,47.61362233230418,-122.33701461568614
Block,NE 50TH ST BETWEEN 9TH AVE NE AND ROOSEVELT WAY NE,2,Injury Collision,Cycles,2,0,1,1,1,0,0,2015-10-26T00:00:00.000Z,10/26/2015 7:30:00 AM,Mid-Block (but intersection related),51.0,PEDALCYCLIST STRUCK MOTOR VEHICLE FRONT END AT ANGLE,Y,N,Unknown,Unknown,Dawn,,,45,Vehicle - Pedalcyclist,0,N,Washington,47.66494074261525,-122.31792288146464
Intersection,RAINIER AVE S AND SEWARD PARK AVE S,2,Injury Collision,Cycles,1,0,1,1,1,0,0,2015-09-19T00:00:00.000Z,9/19/2015 4:26:00 PM,At Intersection (intersection related),18.0,"MOTOR VEHICLE STRUCK PEDALCYCLIST, FRONT END AT ANGLE",,N,Clear or Partly Cloudy,Dry,Daylight,,,45,Vehicle - Pedalcyclist,0,N,Washington,47.520117012626315,-122.26277739734071
Block,M L KING JR WAY S BETWEEN S PLUM ST AND S HILL ST,2,Injury Collision,Cycles,1,0,1,1,1,0,0,2015-09-19T00:00:00.000Z,9/19/2015 5:00:00 PM,Mid-Block (not related to intersection),18.0,"MOTOR VEHICLE STRUCK PEDALCYCLIST, FRONT END AT ANGLE",,N,Overcast,Dry,Daylight,,,45,Vehicle - Pedalcyclist,0,N,Washington,47.58498800110801,-122.29813430456613
Intersection,1ST AVE AND YESLER WAY,2,Injury Collision,Cycles,2,0,1,1,1,0,0,2015-11-18T00:00:00.000Z,11/18/2015 12:46:00 PM,At Intersection (intersection related),51.0,PEDALCYCLIST STRUCK MOTOR VEHICLE FRONT END AT ANGLE,,N,Overcast,Dry,Daylight,,,45,Vehicle - Pedalcyclist,521019,N,Washington,47.60172233870561,-122.33417859478409
Intersection,38TH AVE S AND S DAKOTA ST,2,Injury Collision,Cycles,2,0,1,1,2,0,0,2015-11-24T00:00:00.000Z,11/24/2015 10:30:00 PM,At Intersection (intersection related),18.0,"MOTOR VEHICLE STRUCK PEDALCYCLIST, FRONT END AT ANGLE",,N,Clear or Partly Cloudy,Dry,Dark - Street Lights On,,,45,Vehicle - Pedalcyclist,0,N,Washington,47.56617722709095,-122.2849971262401
Intersection,BROAD ST AND VALLEY ST,2,Injury Collision,Cycles,2,0,1,1,1,0,0,2015-12-12T00:00:00.000Z,12/12/2015 5:10:00 PM,At Intersection (intersection related),18.0,"MOTOR VEHICLE STRUCK PEDALCYCLIST, FRONT END AT ANGLE",Y,N,Raining,Wet,Dark - Street Lights On,Y,,45,Vehicle - Pedalcyclist,0,N,Washington,47.6257957692013,-122.33863455026258
Block,N 45TH ST BETWEEN DENSMORE W AVE N AND DENSMORE E AVE N,2,Injury Collision,Cycles,0,0,1,1,1,0,0,2015-11-19T00:00:00.000Z,11/19/2015 4:03:00 PM,,0.0,NOT ENOUGH INFORMATION / NOT APPLICABLE,,N,Clear or Partly Cloudy,Dry,Dusk,,,45,Vehicle - Pedalcyclist,0,N,Washington,47.661387058758756,-122.33753150998692
Intersection,LATONA AVE NE AND NE PACIFIC ST,2,Injury Collision,Cycles,5,0,1,1,1,0,0,2015-12-10T00:00:00.000Z,12/10/2015 4:38:00 PM,At Intersection (intersection related),51.0,PEDALCYCLIST STRUCK MOTOR VEHICLE FRONT END AT ANGLE,Y,N,Raining,Wet,Dark - Street Lights On,,,45,Vehicle - Pedalcyclist,576113,N,Washington,47.65488891153886,-122.32570273372149
Intersection,AIRPORT WAY S AND S WALKER N ST,2,Injury Collision,Cycles,1,0,1,1,1,0,0,2016-01-04T00:00:00.000Z,1/4/2016 5:05:00 PM,At Intersection (intersection related),51.0,PEDALCYCLIST STRUCK MOTOR VEHICLE FRONT END AT ANGLE,Y,N,Clear or Partly Cloudy,Dry,Dark - Street Lights On,,,45,Vehicle - Pedalcyclist,31259,N,Washington,47.58397506816061,-122.32139465810205
Block,GREENWOOD AVE N BETWEEN N 134TH ST AND N 136TH ST,2b,Serious Injury Collision,Cycles,3,0,1,1,1,1,0,2015-12-02T00:00:00.000Z,12/2/2015 4:38:00 PM,Driveway Junction,51.0,PEDALCYCLIST STRUCK MOTOR VEHICLE FRONT END AT ANGLE,,N,Clear or Partly Cloudy,Dry,Dusk,,,45,Vehicle - Pedalcyclist,0,N,Washington,47.72731642159794,-122.35555593890369
Block,FREMONT AVE N BETWEEN XW N40 AND N 41ST ST,2,Injury Collision,Cycles,1,0,1,1,1,0,0,2015-11-13T00:00:00.000Z,11/13/2015 8:45:00 AM,Mid-Block (not related to intersection),18.0,"MOTOR VEHICLE STRUCK PEDALCYCLIST, FRONT END AT ANGLE",,N,Raining,Wet,Daylight,,,45,Vehicle - Pedalcyclist,0,N,Washington,47.656032755189116,-122.3499376767741
Intersection,10TH AVE E AND E LYNN ST,2,Injury Collision,Cycles,0,0,1,1,1,0,0,2015-11-06T00:00:00.000Z,11/6/2015 6:40:00 AM,At Intersection (intersection related),18.0,"MOTOR VEHICLE STRUCK PEDALCYCLIST, FRONT END AT ANGLE",,N,Raining,Wet,Dawn,,,45,Vehicle - Pedalcyclist,0,N,Washington,47.639547112800344,-122.3200628709582
Intersection,30TH AVE NE AND BURKE GILMAN TRL,1,Property Damage Only Collision,Cycles,2,0,1,1,0,0,0,2015-12-07T00:00:00.000Z,12/7/2015 6:00:00 PM,At Intersection (intersection related),18.0,"MOTOR VEHICLE STRUCK PEDALCYCLIST, FRONT END AT ANGLE",Y,N,Unknown,Wet,Dark - Street Lights On,,,45,Vehicle - Pedalcyclist,525568,N,Washington,47.66444733589821,-122.29561786302312
Intersection,W BERTONA ST AND W EMERSON ST,2,Injury Collision,Cycles,2,1,1,0,2,0,0,2015-12-09T00:00:00.000Z,12/9/2015 9:36:00 AM,At Intersection (intersection related),24.0,MOTOR VEHCILE STRUCK PEDESTRIAN,Y,N,Overcast,Wet,Daylight,Y,,45,Vehicle - Pedalcyclist,525457,N,Washington,47.65050181703135,-122.363548584495
Intersection,26TH AVE E AND E NEWTON ST,2,Injury Collision,Cycles,2,0,1,1,1,0,0,2015-12-12T00:00:00.000Z,12/12/2015 10:00:00 AM,At Intersection (intersection related),18.0,"MOTOR VEHICLE STRUCK PEDALCYCLIST, FRONT END AT ANGLE",,N,Unknown,Unknown,Daylight,,,45,Vehicle - Pedalcyclist,0,N,Washington,47.637904729569854,-122.2994339990599
Block,OLIVE WAY BETWEEN BOREN AVE AND MINOR AVE,2,Injury Collision,Cycles,0,0,1,1,1,0,0,2015-12-04T00:00:00.000Z,12/4/2015 9:56:00 AM,,0.0,NOT ENOUGH INFORMATION / NOT APPLICABLE,,N,Clear or Partly Cloudy,Dry,Daylight,,,45,Vehicle - Pedalcyclist,523742,N,Washington,47.615681088249744,-122.33017644817845
Intersection,ROOSEVELT WAY NE AND NE 43RD S ST,2,Injury Collision,Cycles,1,0,2,1,1,0,0,2015-12-14T00:00:00.000Z,12/14/2015 2:05:00 PM,At Intersection (intersection related),18.0,"MOTOR VEHICLE STRUCK PEDALCYCLIST, FRONT END AT ANGLE",,N,Clear or Partly Cloudy,Dry,Daylight,,,45,Vehicle - Pedalcyclist,0,N,Washington,47.659455945574386,-122.31775170617126
Block,25TH AVE NE BETWEEN NE 44TH ST AND NE 47TH ST,2,Injury Collision,Cycles,3,0,1,1,1,0,0,2015-12-11T00:00:00.000Z,12/11/2015 5:29:00 PM,Driveway Junction,18.0,"MOTOR VEHICLE STRUCK PEDALCYCLIST, FRONT END AT ANGLE",Y,N,Overcast,Wet,Dark - Street Lights On,,,45,Vehicle - Pedalcyclist,0,N,Washington,47.66188693033185,-122.30090615743002
Intersection,7TH AVE S AND S JACKSON ST,2,Injury Collision,Cycles,3,0,1,1,1,0,0,2015-12-29T00:00:00.000Z,12/29/2015 6:40:00 PM,At Intersection (intersection related),18.0,"MOTOR VEHICLE STRUCK PEDALCYCLIST, FRONT END AT ANGLE",Y,N,Clear or Partly Cloudy,Dry,Dark - Street Lights On,,,45,Vehicle - Pedalcyclist,0,N,Washington,47.59918859651812,-122.32375005348827
Block,LINDEN AVE N BETWEEN N 135TH ST AND N 137TH S ST,1,Property Damage Only Collision,Cycles,1,0,1,1,0,0,0,2015-11-08T00:00:00.000Z,11/8/2015 5:26:00 PM,Mid-Block (not related to intersection),18.0,"MOTOR VEHICLE STRUCK PEDALCYCLIST, FRONT END AT ANGLE",Y,N,Overcast,Dry,Dark - Street Lights On,,,45,Vehicle - Pedalcyclist,0,N,Washington,47.72731435201112,-122.34771899450364
Block,W GOVERNMENT WAY BETWEEN 32ND N AVE W AND 32ND S AVE W,2,Injury Collision,Cycles,2,0,1,1,1,0,0,2015-11-18T00:00:00.000Z,11/18/2015 9:38:00 AM,Mid-Block (not related to intersection),51.0,PEDALCYCLIST STRUCK MOTOR VEHICLE FRONT END AT ANGLE,,N,Clear or Partly Cloudy,Dry,Daylight,Y,,45,Vehicle - Pedalcyclist,0,N,Washington,47.66037121926735,-122.39823985473066
Intersection,5TH AVE NE AND NE 76TH ST,2,Injury Collision,Cycles,0,0,1,1,1,0,0,2015-11-27T00:00:00.000Z,11/27/2015 11:54:00 AM,At Intersection (intersection related),18.0,"MOTOR VEHICLE STRUCK PEDALCYCLIST, FRONT END AT ANGLE",,N,Clear or Partly Cloudy,Dry,Daylight,,,45,Vehicle - Pedalcyclist,0,N,Washington,47.683537847389914,-122.32290725761392
Intersection,18TH AVE S AND S JACKSON ST,2,Injury Collision,Cycles,2,0,1,1,1,0,0,2015-12-10T00:00:00.000Z,12/10/2015 10:45:00 AM,At Intersection (intersection related),11.0,"MOTOR VEHICLE STRUCK MOTOR VEHICLE, FRONT END AT ANGLE",Y,N,Raining,Wet,Daylight,Y,,45,Vehicle - Pedalcyclist,0,N,Washington,47.59923897055192,-122.30896784408894
Intersection,17TH AVE NW AND NW 56TH ST,2,Injury Collision,Cycles,2,0,1,1,1,0,0,2015-12-16T00:00:00.000Z,12/16/2015 7:00:00 AM,At Intersection (intersection related),11.0,"MOTOR VEHICLE STRUCK MOTOR VEHICLE, FRONT END AT ANGLE",Y,N,Overcast,Wet,Dark - Street Lights On,Y,,45,Vehicle - Pedalcyclist,0,N,Washington,47.66944587743437,-122.37888369871757
Block,S JACKSON ST BETWEEN 12TH AVE S AND 14TH AVE S,2,Injury Collision,Cycles,2,0,1,1,1,0,0,2015-11-14T00:00:00.000Z,11/14/2015 11:51:00 AM,Driveway Junction,18.0,"MOTOR VEHICLE STRUCK PEDALCYCLIST, FRONT END AT ANGLE",,N,Raining,Wet,Daylight,Y,,45,Vehicle - Pedalcyclist,0,N,Washington,47.599199519365165,-122.3156820754274
Block,9TH AVE BETWEEN STEWART ST AND VIRGINIA ST,2,Injury Collision,Cycles,0,0,1,1,1,0,0,2015-11-30T00:00:00.000Z,11/30/2015 8:50:00 AM,Mid-Block (but intersection related),21.0,"MOTOR VEHICLE STRUCK PEDALCYCLIST, REAR END",,N,Clear or Partly Cloudy,Dry,Daylight,,,45,Vehicle - Pedalcyclist,0,N,Washington,47.616000037160546,-122.33508453347456
Intersection,FRANKLIN AVE E AND FUHRMAN AVE E,1,Property Damage Only Collision,Cycles,2,0,1,1,0,0,0,2015-12-07T00:00:00.000Z,12/7/2015 6:48:00 AM,At Intersection (intersection related),51.0,PEDALCYCLIST STRUCK MOTOR VEHICLE FRONT END AT ANGLE,,N,Clear or Partly Cloudy,Wet,Dark - Street Lights On,,,45,Vehicle - Pedalcyclist,0,N,Washington,47.650731337333184,-122.32051113320637
Block,UNIVERSITY BR BETWEEN POINT A AND POINT B,2,Injury Collision,Cycles,2,0,2,0,2,0,0,2015-11-25T00:00:00.000Z,11/25/2015 7:36:00 AM,Mid-Block (not related to intersection),69.0,PEDALCYCLIST OVERTURNED IN ROAD,,N,Clear or Partly Cloudy,Ice,Daylight,,,45,Vehicle - Pedalcyclist,0,N,Washington,47.65271931655129,-122.32039379049515
Intersection,RAINIER AVE S AND S CLOVERDALE ST,1,Property Damage Only Collision,Cycles,2,0,1,1,0,0,0,2015-11-15T00:00:00.000Z,11/15/2015 5:01:00 PM,At Intersection (intersection related),0.0,NOT ENOUGH INFORMATION / NOT APPLICABLE,,N,Clear or Partly Cloudy,Dry,Dark - Street Lights On,,,45,Vehicle - Pedalcyclist,523391,N,Washington,47.526170822264845,-122.2699831787599
Intersection,M L KING JR ER WAY S AND S GRAHAM ST,2,Injury Collision,Cycles,0,0,1,1,1,0,0,2015-11-20T00:00:00.000Z,11/20/2015 2:12:00 PM,At Intersection (intersection related),18.0,"MOTOR VEHICLE STRUCK PEDALCYCLIST, FRONT END AT ANGLE",,N,Clear or Partly Cloudy,Dry,Daylight,,,45,Vehicle - Pedalcyclist,524877,N,Washington,47.54605841188942,-122.2854520199367
Block,ELLIOTT AVE W BETWEEN W PROSPECT ST AND W LEE ST,2b,Serious Injury Collision,Cycles,2,0,1,1,1,1,0,2015-12-22T00:00:00.000Z,12/22/2015 11:25:00 PM,Driveway Junction,18.0,"MOTOR VEHICLE STRUCK PEDALCYCLIST, FRONT END AT ANGLE",,N,Overcast,Wet,Dark - Street Lights On,,,45,Vehicle - Pedalcyclist,0,N,Washington,47.62943685135086,-122.37208699106785
Block,12TH AVE BETWEEN E MARION ST AND E SPRING ST,2,Injury Collision,Cycles,1,0,1,1,1,0,0,2015-12-02T00:00:00.000Z,12/2/2015 5:34:00 PM,Mid-Block (not related to intersection),0.0,NOT ENOUGH INFORMATION / NOT APPLICABLE,Y,N,Clear or Partly Cloudy,Dry,Dark - Street Lights On,,,45,Vehicle - Pedalcyclist,0,Y,Washington,47.610977476851616,-122.31677912207249
Block,4TH AVE BETWEEN LENORA ST AND BLANCHARD ST,2,Injury Collision,Cycles,2,0,1,1,1,0,0,2015-11-21T00:00:00.000Z,11/21/2015 4:10:00 PM,Mid-Block (not related to intersection),18.0,"MOTOR VEHICLE STRUCK PEDALCYCLIST, FRONT END AT ANGLE",,N,Clear or Partly Cloudy,Dry,Daylight,Y,,45,Vehicle - Pedalcyclist,0,N,Washington,47.61421489351256,-122.34198208867042
Block,BROADWAY E BETWEEN E REPUBLICAN ST AND E MERCER ST,2,Injury Collision,Cycles,0,0,1,1,1,0,0,2015-11-24T00:00:00.000Z,11/24/2015 6:08:00 PM,Mid-Block (not related to intersection),51.0,PEDALCYCLIST STRUCK MOTOR VEHICLE FRONT END AT ANGLE,,N,Clear or Partly Cloudy,Dry,Dark - Street Lights On,,,45,Vehicle - Pedalcyclist,0,N,Washington,47.62369761164714,-122.32093330374218
Block,15TH AVE E BETWEEN E VALLEY ST AND E ALOHA ST,2,Injury Collision,Cycles,0,0,1,1,1,0,0,2015-11-20T00:00:00.000Z,11/20/2015 6:34:00 PM,Mid-Block (not related to intersection),51.0,PEDALCYCLIST STRUCK MOTOR VEHICLE FRONT END AT ANGLE,,N,Clear or Partly Cloudy,Dry,Dark - Street Lights On,,,45,Vehicle - Pedalcyclist,0,N,Washington,47.626472986186435,-122.31257436641954
Intersection,MELROSE AVE AND PIKE ST,2,Injury Collision,Cycles,4,0,1,1,1,0,0,2015-11-29T00:00:00.000Z,11/29/2015 5:58:00 PM,At Intersection (intersection related),24.0,MOTOR VEHCILE STRUCK PEDESTRIAN,,N,Fog/Smog/Smoke,Wet,Dark - Street Lights On,Y,,45,Vehicle - Pedalcyclist,0,N,Washington,47.613930229686225,-122.32780457563459
Block,5TH AVE BETWEEN STEWART ST AND VIRGINIA ST,2,Injury Collision,Cycles,1,0,1,1,1,0,0,2015-12-15T00:00:00.000Z,12/15/2015 11:49:00 AM,Mid-Block (not related to intersection),0.0,NOT ENOUGH INFORMATION / NOT APPLICABLE,,N,Clear or Partly Cloudy,Dry,Daylight,,,45,Vehicle - Pedalcyclist,0,Y,Washington,47.613341769941634,-122.33852199683822
Intersection,2ND AVE AND STEWART ST,2,Injury Collision,Cycles,0,0,1,1,1,0,0,2015-12-09T00:00:00.000Z,12/9/2015 4:40:00 PM,At Intersection (intersection related),0.0,NOT ENOUGH INFORMATION / NOT APPLICABLE,,N,Overcast,Dry,Dusk,,,45,Vehicle - Pedalcyclist,523012,N,Washington,47.610963948770525,-122.34045213910579
Block,E DENNY WAY BETWEEN 36TH AVE AND 37TH AVE E,1,Property Damage Only Collision,Cycles,2,0,1,1,0,0,0,2015-12-14T00:00:00.000Z,12/14/2015 4:40:00 PM,Mid-Block (not related to intersection),0.0,NOT ENOUGH INFORMATION / NOT APPLICABLE,,N,Unknown,Unknown,Unknown,,,45,Vehicle - Pedalcyclist,0,N,Washington,47.618361553110844,-122.28702125882099
Intersection,5TH AVE NE AND NE 103RD ST,1,Property Damage Only Collision,Cycles,2,0,1,1,0,0,0,2015-12-01T00:00:00.000Z,12/1/2015 12:43:00 PM,At Intersection (intersection related),51.0,PEDALCYCLIST STRUCK MOTOR VEHICLE FRONT END AT ANGLE,,N,Clear or Partly Cloudy,Dry,Daylight,,,45,Vehicle - Pedalcyclist,524651,N,Washington,47.703140321077996,-122.32314837088076
Block,PIKE ST BETWEEN TERRY AVE AND BOREN AVE,2,Injury Collision,Cycles,1,0,1,1,1,0,0,2015-10-26T00:00:00.000Z,10/26/2015 8:59:00 AM,Mid-Block (not related to intersection),18.0,"MOTOR VEHICLE STRUCK PEDALCYCLIST, FRONT END AT ANGLE",,N,Raining,Wet,Daylight,,,45,Vehicle - Pedalcyclist,0,N,Washington,47.61323289747755,-122.32947079020713
Block,DEXTER AVE N BETWEEN GARFIELD S ST AND GARFIELD N ST,2,Injury Collision,Cycles,2,0,1,1,1,0,0,2015-10-13T00:00:00.000Z,10/13/2015 8:24:00 AM,Mid-Block (not related to intersection),18.0,"MOTOR VEHICLE STRUCK PEDALCYCLIST, FRONT END AT ANGLE",,N,Clear or Partly Cloudy,Wet,Daylight,,,45,Vehicle - Pedalcyclist,0,N,Washington,47.63320829761861,-122.34228266624625
Block,15TH AVE S BETWEEN S MASSACHUSETTS ST AND S STATE ST,2,Injury Collision,Cycles,1,0,1,1,1,0,0,2015-07-18T00:00:00.000Z,7/18/2015 1:30:00 PM,Mid-Block (not related to intersection),56.0,PEDALCYCLIST STRUCK MOTOR VEHICLE LEFT SIDE SIDESWIPE,,N,Clear or Partly Cloudy,Dry,Daylight,,,45,Vehicle - Pedalcyclist,0,N,Washington,47.58812301794092,-122.3137819877338
Block,12TH AVE S BETWEEN S CHARLES S ST AND S JUDKINS ST,2,Injury Collision,Cycles,2,0,1,1,1,0,0,2015-09-25T00:00:00.000Z,9/25/2015 7:18:00 PM,Mid-Block (not related to intersection),18.0,"MOTOR VEHICLE STRUCK PEDALCYCLIST, FRONT END AT ANGLE",,N,Unknown,Unknown,Unknown,,,45,Vehicle - Pedalcyclist,0,N,Washington,47.59268800139508,-122.31728076581378
Intersection,3RD AVE N AND ROY ST,2,Injury Collision,Cycles,0,0,1,1,1,0,0,2015-08-22T00:00:00.000Z,8/22/2015 2:00:00 AM,At Intersection (intersection related),18.0,"MOTOR VEHICLE STRUCK PEDALCYCLIST, FRONT END AT ANGLE",,N,Clear or Partly Cloudy,Dry,Dark - Street Lights On,,,45,Vehicle - Pedalcyclist,0,N,Washington,47.62543768990089,-122.35148024976385
Block,EASTLAKE AVE E BETWEEN E BLAINE ST AND E HOWE ST,2,Injury Collision,Cycles,1,0,1,1,1,0,0,2015-10-15T00:00:00.000Z,10/15/2015 9:14:00 AM,Mid-Block (not related to intersection),14.0,"MOTOR VEHICLE STRUCK MOTOR VEHICLE, REAR END",,N,Clear or Partly Cloudy,Dry,Daylight,,Y,45,Vehicle - Pedalcyclist,0,N,Washington,47.635368210544655,-122.32540032998993
Block,E PINE ST BETWEEN 11TH AVE AND 12TH AVE,2,Injury Collision,Cycles,1,0,1,1,1,0,0,2015-10-14T00:00:00.000Z,10/14/2015 1:25:00 PM,Mid-Block (not related to intersection),11.0,"MOTOR VEHICLE STRUCK MOTOR VEHICLE, FRONT END AT ANGLE",,N,Clear or Partly Cloudy,Dry,Daylight,,,45,Vehicle - Pedalcyclist,0,N,Washington,47.61525914921324,-122.31750882190089
Intersection,22ND AVE AND E CHERRY ST,2,Injury Collision,Cycles,0,0,1,1,1,0,0,2015-08-10T00:00:00.000Z,8/10/2015 4:45:00 PM,At Intersection (intersection related),18.0,"MOTOR VEHICLE STRUCK PEDALCYCLIST, FRONT END AT ANGLE",,N,Clear or Partly Cloudy,Dry,Daylight,,,45,Vehicle - Pedalcyclist,0,N,Washington,47.60801107747415,-122.3037215197932