addrtype,location,severitycode,severitydesc,collisiontype,personcount,pedcount,pedcylcount,vehcount,injuries,seriousinjuries,fatalities,incdate,incdttm,junctiontype,sdot_colcode,sdot_coldesc,inattentionind,underinfl,weather,roadcond,lightcond,pedrownotgrnt,speeding,st_colcode,st_coldesc,crosswalkkey,hitparkedcar,state,latitude,longitude
Intersection,16TH AVE S AND S JACKSON ST,2,Injury Collision,Cycles,2,0,1,1,1,0,0,2015-10-20T00:00:00.000Z,10/20/2015 1:44:00 PM,At Intersection (intersection related),11.0,"MOTOR VEHICLE STRUCK MOTOR VEHICLE, FRONT END AT ANGLE",,N,Clear or Partly Cloudy,Dry,Daylight,,,45,Vehicle - Pedalcyclist,0,N,Washington,47.59922459598135,-122.31157742314562
Block,FREMONT AVE N BETWEEN XW N40 AND N 41ST ST,2,Injury Collision,Cycles,1,0,1,1,1,0,0,2015-10-16T00:00:00.000Z,10/16/2015 1:06:00 PM,Mid-Block (not related to intersection),51.0,PEDALCYCLIST STRUCK MOTOR VEHICLE FRONT END AT ANGLE,Y,N,Clear or Partly Cloudy,Dry,Daylight,,,45,Vehicle - Pedalcyclist,0,N,Washington,47.656032755189116,-122.3499376767741
Block,SW AVALON WAY BETWEEN 30TH AVE SW AND SW GENESEE ST,2,Injury Collision,Cycles,1,0,1,1,1,0,0,2015-10-01T00:00:00.000Z,10/1/2015 5:50:00 AM,Mid-Block (not related to intersection),18.0,"MOTOR VEHICLE STRUCK PEDALCYCLIST, FRONT END AT ANGLE",,N,Clear or Partly Cloudy,Dry,Dark - Street Lights On,,,45,Vehicle - Pedalcyclist,0,N,Washington,47.5661385080699,-122.37167070846228
Block,E UNION ST BETWEEN 21ST AVE AND 22ND AVE,2,Injury Collision,Cycles,2,0,1,1,1,0,0,2015-10-06T00:00:00.000Z,10/6/2015 5:52:00 PM,Mid-Block (not related to intersection),18.0,"MOTOR VEHICLE STRUCK PEDALCYCLIST, FRONT END AT ANGLE",Y,N,Clear or Partly Cloudy,Dry,Dusk,Y,,45,Vehicle - Pedalcyclist,0,N,Washington,47.61292718104388,-122.30429445281605
Block,1ST AVE BETWEEN UNIVERSITY ST AND UNION ST,2,Injury Collision,Cycles,2,0,1,1,1,0,0,2015-11-02T00:00:00.000Z,11/2/2015 4:00:00 PM,Mid-Block (not related to intersection),18.0,"MOTOR VEHICLE STRUCK PEDALCYCLIST, FRONT END AT ANGLE",,N,Clear or Partly Cloudy,Wet,Daylight,,,45,Vehicle - Pedalcyclist,0,N,Washington,47.60733042075539,-122.3386501073326
Intersection,35TH AVE NE AND NE 50TH ST,2,Injury Collision,Cycles,1,0,1,1,1,0,0,2015-11-05T00:00:00.000Z,11/5/2015 6:10:00 AM,At Intersection (but not related to intersection),0.0,NOT ENOUGH INFORMATION / NOT APPLICABLE,,N,Overcast,Dry,Dark - No Street Lights,,,45,Vehicle - Pedalcyclist,26231,N,Washington,47.66487480569101,-122.29016470717849
Block,BOREN AVE BETWEEN MADISON ST AND SPRING ST,2,Injury Collision,Cycles,1,0,1,1,1,0,0,2015-10-08T00:00:00.000Z,10/8/2015 8:15:00 AM,Mid-Block (not related to intersection),14.0,"MOTOR VEHICLE STRUCK MOTOR VEHICLE, REAR END",,N,Clear or Partly Cloudy,Wet,Daylight,,,45,Vehicle - Pedalcyclist,0,N,Washington,47.609693728948955,-122.32546429621496
Block,16TH AVE NE BETWEEN LAKE CITY WAY NE AND NE 82ND ST,2,Injury Collision,Cycles,0,0,1,1,1,0,0,2015-07-14T00:00:00.000Z,7/14/2015 1:45:00 PM,Mid-Block (not related to intersection),11.0,"MOTOR VEHICLE STRUCK MOTOR VEHICLE, FRONT END AT ANGLE",,N,Clear or Partly Cloudy,Dry,Daylight,,,45,Vehicle - Pedalcyclist,0,N,Washington,47.6883794456084,-122.31111443121034
Intersection,SYLVAN WAY SW AND SW MORGAN W ST,1,Property Damage Only Collision,Cycles,2,0,1,1,0,0,0,2015-10-27T00:00:00.000Z,10/27/2015 8:00:00 AM,At Intersection (intersection related),18.0,"MOTOR VEHICLE STRUCK PEDALCYCLIST, FRONT END AT ANGLE",,N,Clear or Partly Cloudy,Dry,Daylight,Y,,45,Vehicle - Pedalcyclist,34011,N,Washington,47.54465308196306,-122.37253412750748
Block,RAINIER AVE S BETWEEN S BAYVIEW ST AND S MCCLELLAN ST,2,Injury Collision,Cycles,1,0,1,1,1,0,0,2015-10-28T00:00:00.000Z,10/28/2015 3:45:00 PM,Mid-Block (not related to intersection),18.0,"MOTOR VEHICLE STRUCK PEDALCYCLIST, FRONT END AT ANGLE",,N,Overcast,Wet,Daylight,,,45,Vehicle - Pedalcyclist,0,N,Washington,47.57967346285829,-122.29915965981644
Block,S FIDALGO ST BETWEEN 1ST AVE S AND 2ND AVE S,1,Property Damage Only Collision,Cycles,1,0,1,1,0,0,0,2015-11-06T00:00:00.000Z,11/6/2015 6:58:00 AM,Mid-Block (not related to intersection),18.0,"MOTOR VEHICLE STRUCK PEDALCYCLIST, FRONT END AT ANGLE",,N,Raining,Wet,Dawn,,,45,Vehicle - Pedalcyclist,33041,N,Washington,47.55048187419086,-122.33331954687023
Block,DEXTER AVE N BETWEEN WARD ST AND PROSPECT ST,2,Injury Collision,Cycles,1,0,1,1,1,0,0,2015-08-06T00:00:00.000Z,8/6/2015 6:00:00 PM,Mid-Block (not related to intersection),56.0,PEDALCYCLIST STRUCK MOTOR VEHICLE LEFT SIDE SIDESWIPE,,N,Clear or Partly Cloudy,Dry,Daylight,,,45,Vehicle - Pedalcyclist,0,N,Washington,,
Intersection,EASTLAKE AVE E AND LAKEVIEW BLVD E,2,Injury Collision,Cycles,2,0,1,1,1,0,0,2015-10-25T00:00:00.000Z,10/25/2015 3:56:00 PM,At Intersection (intersection related),51.0,PEDALCYCLIST STRUCK MOTOR VEHICLE FRONT END AT ANGLE,,N,Raining,Wet,Daylight,,,45,Vehicle - Pedalcyclist,0,N,Washington,47.62512051853837,-122.32916667891274
Intersection,1ST AVE AND UNIVERSITY ST,2,Injury Collision,Cycles,0,2,1,0,1,0,0,2015-09-11T00:00:00.000Z,9/11/2015 12:54:00 PM,At Intersection (intersection related),64.0,PEDALCYCLIST STRUCK PEDESTRIAN,,N,Clear or Partly Cloudy,Dry,Daylight,,,45,Vehicle - Pedalcyclist,521104,N,Washington,47.60683500402804,-122.3381970155941
Block,16TH AVE SW BETWEEN SW BARTON ST AND SW CAMBRIDGE ST,2b,Serious Injury Collision,Cycles,3,0,2,1,2,2,0,2015-10-26T00:00:00.000Z,10/26/2015 5:18:00 PM,Mid-Block (not related to intersection),56.0,PEDALCYCLIST STRUCK MOTOR VEHICLE LEFT SIDE SIDESWIPE,,N,Raining,Wet,Daylight,,,45,Vehicle - Pedalcyclist,0,Y,Washington,47.5201155794671,-122.35513461907223
Intersection,GREEN LAKE DR N AND N 80TH ST,2,Injury Collision,Cycles,2,0,1,1,1,0,0,2015-10-27T00:00:00.000Z,10/27/2015 4:04:00 PM,At Intersection (intersection related),51.0,PEDALCYCLIST STRUCK MOTOR VEHICLE FRONT END AT ANGLE,,N,Unknown,,,,,45,Vehicle - Pedalcyclist,0,N,Washington,47.68692953892702,-122.34045581877588
Intersection,20TH AVE NW AND NW 62ND ST,2,Injury Collision,Cycles,2,0,1,1,2,0,0,2015-10-22T00:00:00.000Z,10/22/2015 8:04:00 PM,At Intersection (intersection related),18.0,"MOTOR VEHICLE STRUCK PEDALCYCLIST, FRONT END AT ANGLE",,N,Clear or Partly Cloudy,Dry,Dark - Street Lights On,,,45,Vehicle - Pedalcyclist,0,N,Washington,47.67382729367117,-122.38212731061606
Intersection,2ND AVE AND YESLER WAY,2,Injury Collision,Cycles,1,0,1,1,1,0,0,2015-10-09T00:00:00.000Z,10/9/2015 4:04:00 PM,At Intersection (intersection related),18.0,"MOTOR VEHICLE STRUCK PEDALCYCLIST, FRONT END AT ANGLE",,N,Clear or Partly Cloudy,Dry,Daylight,,,45,Vehicle - Pedalcyclist,0,N,Washington,47.601718703965894,-122.33198350537205
Intersection,BOREN AVE AND OLIVE WAY,2,Injury Collision,Cycles,2,0,1,1,1,0,0,2015-08-14T00:00:00.000Z,8/14/2015 6:00:00 PM,At Intersection (intersection related),18.0,"MOTOR VEHICLE STRUCK PEDALCYCLIST, FRONT END AT ANGLE",,N,Clear or Partly Cloudy,Dry,Daylight,Y,,45,Vehicle - Pedalcyclist,0,N,Washington,47.615449718161365,-122.33072969571377
Intersection,12TH AVE AND E SPRUCE ST,2,Injury Collision,Cycles,2,0,1,1,1,0,0,2015-09-01T00:00:00.000Z,9/1/2015 10:45:00 AM,At Intersection (intersection related),51.0,PEDALCYCLIST STRUCK MOTOR VEHICLE FRONT END AT ANGLE,,N,Raining,Wet,Daylight,,,45,Vehicle - Pedalcyclist,0,N,Washington,47.603514160000714,-122.31678152406286
Intersection,FREMONT AVE N AND FREMONT PL N,1,Property Damage Only Collision,Cycles,2,0,1,1,0,0,0,2015-09-16T00:00:00.000Z,9/16/2015 9:14:00 AM,At Intersection (intersection related),0.0,NOT ENOUGH INFORMATION / NOT APPLICABLE,,N,Clear or Partly Cloudy,Dry,Daylight,,,45,Vehicle - Pedalcyclist,0,N,Washington,47.65043101671818,-122.34983490359792
Intersection,2ND AVE N AND FLORENTIA ST,2,Injury Collision,Cycles,0,0,1,1,1,0,0,2015-08-20T00:00:00.000Z,8/20/2015 6:30:00 PM,At Intersection (intersection related),18.0,"MOTOR VEHICLE STRUCK PEDALCYCLIST, FRONT END AT ANGLE",,N,Clear or Partly Cloudy,Dry,Daylight,,,45,Vehicle - Pedalcyclist,0,N,Washington,47.64688652186862,-122.35342724824606
Intersection,10TH AVE E AND E BOSTON ST,2,Injury Collision,Cycles,0,0,1,1,1,0,0,2015-06-24T00:00:00.000Z,6/24/2015 8:48:00 PM,At Intersection (intersection related),11.0,"MOTOR VEHICLE STRUCK MOTOR VEHICLE, FRONT END AT ANGLE",,N,Clear or Partly Cloudy,Dry,Daylight,,,45,Vehicle - Pedalcyclist,0,N,Washington,47.63840322495143,-122.32007129508058
Intersection,12TH AVE AND E MADISON ST,2,Injury Collision,Cycles,1,0,1,1,1,0,0,2015-06-26T00:00:00.000Z,6/26/2015 11:27:00 PM,At Intersection (intersection related),18.0,"MOTOR VEHICLE STRUCK PEDALCYCLIST, FRONT END AT ANGLE",,N,Clear or Partly Cloudy,Dry,Dark - Street Lights On,,,45,Vehicle - Pedalcyclist,0,N,Washington,47.61288923577013,-122.31673339075188
Block,NE NORTHGATE WAY BETWEEN 3RD AVE NE AND 5TH AVE NE,2,Injury Collision,Cycles,2,0,1,1,1,0,0,2015-09-16T00:00:00.000Z,9/16/2015 1:42:00 PM,Driveway Junction,18.0,"MOTOR VEHICLE STRUCK PEDALCYCLIST, FRONT END AT ANGLE",,N,Clear or Partly Cloudy,Dry,Daylight,,,45,Vehicle - Pedalcyclist,0,N,Washington,47.708602814645396,-122.32461718021729
Block,58TH AVE SW BETWEEN SW SPOKANE W ST AND HILLCREST AVE SW,2,Injury Collision,Cycles,2,0,1,1,1,0,0,2015-08-13T00:00:00.000Z,8/13/2015 2:12:00 PM,Mid-Block (not related to intersection),11.0,"MOTOR VEHICLE STRUCK MOTOR VEHICLE, FRONT END AT ANGLE",,Y,Clear or Partly Cloudy,Dry,Daylight,,,45,Vehicle - Pedalcyclist,0,N,Washington,47.5719854134002,-122.407362202141
Intersection,4TH AVE S AND S MASSACHUSETTS ST,2,Injury Collision,Cycles,3,0,1,1,1,0,0,2015-07-22T00:00:00.000Z,7/22/2015 10:04:00 AM,At Intersection (intersection related),14.0,"MOTOR VEHICLE STRUCK MOTOR VEHICLE, REAR END",Y,N,Clear or Partly Cloudy,Dry,Daylight,,,45,Vehicle - Pedalcyclist,31341,N,Washington,47.58822700712162,-122.32905138779137
Intersection,24TH AVE NW AND NW MARKET ST,2,Injury Collision,Cycles,2,0,1,1,1,0,0,2015-09-26T00:00:00.000Z,9/26/2015 1:40:00 PM,At Intersection (intersection related),18.0,"MOTOR VEHICLE STRUCK PEDALCYCLIST, FRONT END AT ANGLE",Y,N,Clear or Partly Cloudy,Dry,Daylight,,,45,Vehicle - Pedalcyclist,520922,N,Washington,47.66867869278546,-122.38757648636414
Intersection,CLAY ST AND ELLIOTT AVE,2,Injury Collision,Cycles,2,0,1,1,1,0,0,2015-09-20T00:00:00.000Z,9/20/2015 9:15:00 AM,At Intersection (intersection related),51.0,PEDALCYCLIST STRUCK MOTOR VEHICLE FRONT END AT ANGLE,,N,Clear or Partly Cloudy,Dry,Daylight,,,45,Vehicle - Pedalcyclist,0,N,Washington,47.615024764225,-122.35326864619364
Block,BROADWAY BETWEEN E PIKE ST AND E PINE ST,2b,Serious Injury Collision,Cycles,1,0,1,0,1,1,0,2015-08-12T00:00:00.000Z,8/12/2015 8:31:00 AM,Mid-Block (not related to intersection),69.0,PEDALCYCLIST OVERTURNED IN ROAD,,N,Clear or Partly Cloudy,Dry,Daylight,,Y,45,Vehicle - Pedalcyclist,0,N,Washington,47.61465412128639,-122.32078948868036
Block,S SPOKANE NR ST BETWEEN COLORADO AVE S AND 1ST AVE S,2,Injury Collision,Cycles,1,0,1,1,1,0,0,2015-08-13T00:00:00.000Z,8/13/2015 7:56:00 AM,Mid-Block (not related to intersection),18.0,"MOTOR VEHICLE STRUCK PEDALCYCLIST, FRONT END AT ANGLE",,N,Clear or Partly Cloudy,Dry,Daylight,,,45,Vehicle - Pedalcyclist,0,N,Washington,47.571716173992485,-122.33549150570022
Block,N 36TH ST BETWEEN ALBION PL N AND WOODLAND PARK AVE N,2,Injury Collision,Cycles,1,1,1,1,1,0,0,2015-07-10T00:00:00.000Z,7/10/2015 5:45:00 PM,Mid-Block (not related to intersection),54.0,PEDALCYCLIST STRUCK MOTOR VEHICLE REAR END,,N,Overcast,Dry,Daylight,,,45,Vehicle - Pedalcyclist,0,Y,Washington,47.650555861361504,-122.3443861486912
Intersection,54TH AVE NE AND NE 65TH ST,2,Injury Collision,Cycles,0,0,1,1,1,0,0,2015-07-10T00:00:00.000Z,7/10/2015 12:00:00 PM,At Intersection (intersection related),18.0,"MOTOR VEHICLE STRUCK PEDALCYCLIST, FRONT END AT ANGLE",,N,Overcast,Dry,Daylight,,,45,Vehicle - Pedalcyclist,0,N,Washington,47.675752347373866,-122.26956486093442
Intersection,SENECA ST AND SUMMIT AVE,2,Injury Collision,Cycles,2,0,1,1,1,0,0,2015-08-07T00:00:00.000Z,8/7/2015 12:50:00 PM,At Intersection (intersection related),18.0,"MOTOR VEHICLE STRUCK PEDALCYCLIST, FRONT END AT ANGLE",,N,Clear or Partly Cloudy,Dry,Daylight,,,45,Vehicle - Pedalcyclist,0,N,Washington,47.61169433886466,-122.32422347199807
Intersection,1ST AVE W AND W MERCER ST,2,Injury Collision,Cycles,2,1,1,0,1,0,0,2015-08-28T00:00:00.000Z,8/28/2015 7:55:00 AM,At Intersection (intersection related),64.0,PEDALCYCLIST STRUCK PEDESTRIAN,,N,,,,,,45,Vehicle - Pedalcyclist,0,N,Washington,47.62458759053265,-122.35801570977243
Block,THOMAS ST BETWEEN PONTIUS AVE N AND YALE AVE N,1,Property Damage Only Collision,Cycles,2,0,1,1,0,0,0,2015-09-11T00:00:00.000Z,9/11/2015 10:45:00 AM,Mid-Block (not related to intersection),0.0,NOT ENOUGH INFORMATION / NOT APPLICABLE,,N,Unknown,Unknown,Unknown,,,45,Vehicle - Pedalcyclist,0,N,Washington,47.620818687708976,-122.33106562611314
Block,4TH AVE BETWEEN OLIVE WAY AND STEWART ST,2,Injury Collision,Cycles,0,0,1,1,1,0,0,2015-08-18T00:00:00.000Z,8/18/2015 7:55:00 AM,Mid-Block (not related to intersection),18.0,"MOTOR VEHICLE STRUCK PEDALCYCLIST, FRONT END AT ANGLE",,N,Clear or Partly Cloudy,Dry,Daylight,,,45,Vehicle - Pedalcyclist,0,N,Washington,47.61223681554346,-122.33863603313087
Block,LAKE WASHINGTON BLVD E BETWEEN ARBORETUM DR E AND E INTERLAKEN BLVD,2,Injury Collision,Cycles,0,0,1,1,1,0,0,2015-06-24T00:00:00.000Z,6/24/2015 11:33:00 AM,Mid-Block (not related to intersection),23.0,"MOTOR VEHICLE STRUCK PEDALCYCLIST, LEFT SIDE SIDESWIPE",,N,Clear or Partly Cloudy,Dry,Daylight,,,45,Vehicle - Pedalcyclist,0,N,Washington,47.629205173238745,-122.29605706114181
Intersection,STROUD AVE N AND EAST GREEN LAKE DR N,2,Injury Collision,Cycles,2,0,1,1,1,0,0,2015-10-12T00:00:00.000Z,10/12/2015 4:41:00 PM,At Intersection (intersection related),18.0,"MOTOR VEHICLE STRUCK PEDALCYCLIST, FRONT END AT ANGLE",,N,Clear or Partly Cloudy,Dry,Daylight,Y,,45,Vehicle - Pedalcyclist,0,N,Washington,47.685423206302026,-122.33623019403689
Block,ROOSEVELT WAY NE BETWEEN NE 75TH ST AND NE 78TH ST,2,Injury Collision,Cycles,2,0,1,1,1,0,0,2015-10-15T00:00:00.000Z,10/15/2015 8:10:00 AM,Mid-Block (not related to intersection),18.0,"MOTOR VEHICLE STRUCK PEDALCYCLIST, FRONT END AT ANGLE",,N,Clear or Partly Cloudy,Dry,Daylight,Y,,45,Vehicle - Pedalcyclist,0,N,Washington,47.68420039283332,-122.31750869651165
Block,BROADWAY BETWEEN E HOWELL ST AND E DENNY WAY,2,Injury Collision,Cycles,2,0,1,1,1,0,0,2015-09-30T00:00:00.000Z,9/30/2015 10:53:00 AM,Mid-Block (not related to intersection),51.0,PEDALCYCLIST STRUCK MOTOR VEHICLE FRONT END AT ANGLE,,N,Overcast,Dry,Daylight,,,45,Vehicle - Pedalcyclist,0,N,Washington,47.618154047457764,-122.3208451357006
Block,NE CAMPUS EB PY BETWEEN 12TH AVE NE AND BROOKLYN AVE NE,2,Injury Collision,Cycles,2,0,1,1,1,0,0,2015-11-02T00:00:00.000Z,11/2/2015 10:18:00 AM,Mid-Block (not related to intersection),18.0,"MOTOR VEHICLE STRUCK PEDALCYCLIST, FRONT END AT ANGLE",Y,N,Overcast,Wet,Daylight,,,45,Vehicle - Pedalcyclist,27138,N,Washington,47.656006122138436,-122.31500036885672
Intersection,LAKE WASHINGTON BLVD E AND E MADISON ST,2,Injury Collision,Left Turn,1,0,1,1,1,0,0,2015-09-16T00:00:00.000Z,9/16/2015 7:10:00 PM,At Intersection (intersection related),18.0,"MOTOR VEHICLE STRUCK PEDALCYCLIST, FRONT END AT ANGLE",,N,Clear or Partly Cloudy,Dry,Daylight,,,28,From opposite direction - one left turn - one straight,0,N,Washington,47.626017800549825,-122.29244003313448
Intersection,20TH AVE SW AND SW HENDERSON ST,2,Injury Collision,Cycles,2,0,1,1,1,0,0,2015-11-11T00:00:00.000Z,11/11/2015 12:37:00 PM,At Intersection (intersection related),18.0,"MOTOR VEHICLE STRUCK PEDALCYCLIST, FRONT END AT ANGLE",,N,Clear or Partly Cloudy,Dry,Daylight,Y,,45,Vehicle - Pedalcyclist,0,N,Washington,47.52286301618242,-122.35914219849168
Intersection,ROOSEVELT WAY NE AND NE 43RD S ST,2,Injury Collision,Cycles,2,0,1,1,1,0,0,2015-10-30T00:00:00.000Z,10/30/2015 6:30:00 PM,At Intersection (intersection related),18.0,"MOTOR VEHICLE STRUCK PEDALCYCLIST, FRONT END AT ANGLE",,N,Overcast,Dry,Dark - Street Lights On,Y,,45,Vehicle - Pedalcyclist,0,N,Washington,47.659455945574386,-122.31775170617126
Block,14TH AVE S BETWEEN S MAIN ST AND S JACKSON ST,2,Injury Collision,Cycles,1,0,1,1,1,0,0,2015-09-19T00:00:00.000Z,9/19/2015 2:32:00 PM,Mid-Block (not related to intersection),18.0,"MOTOR VEHICLE STRUCK PEDALCYCLIST, FRONT END AT ANGLE",,N,Clear or Partly Cloudy,Dry,Daylight,,,45,Vehicle - Pedalcyclist,0,N,Washington,47.59961185749786,-122.31413390906285
Intersection,BOREN AVE AND MADISON ST,2,Injury Collision,Cycles,2,0,1,1,1,0,0,2015-09-29T00:00:00.000Z,9/29/2015 5:49:00 PM,At Intersection (intersection related),18.0,"MOTOR VEHICLE STRUCK PEDALCYCLIST, FRONT END AT ANGLE",,N,Clear or Partly Cloudy,Dry,Daylight,,,45,Vehicle - Pedalcyclist,0,N,Washington,47.60933797229917,-122.3251390767934
Intersection,15TH AVE NE AND NE 65TH ST,2,Injury Collision,Cycles,2,0,1,1,1,0,0,2015-10-09T00:00:00.000Z,10/9/2015 12:20:00 PM,At Intersection (intersection related),18.0,"MOTOR VEHICLE STRUCK PEDALCYCLIST, FRONT END AT ANGLE",Y,N,Overcast,Wet,Dawn,,,45,Vehicle - Pedalcyclist,0,N,Washington,47.67578344015835,-122.3119297218561
Intersection,DENNY WAY AND STEWART ST,2,Injury Collision,Cycles,2,0,1,1,1,0,0,2015-10-09T00:00:00.000Z,10/9/2015 5:02:00 AM,At Intersection (intersection related),51.0,PEDALCYCLIST STRUCK MOTOR VEHICLE FRONT END AT ANGLE,,N,Clear or Partly Cloudy,Dry,Dawn,,,45,Vehicle - Pedalcyclist,0,N,Washington,47.61849175725489,-122.33072296070412
Intersection,11TH AVE NW AND NW 45TH ST,2,Injury Collision,Cycles,2,0,1,1,1,0,0,2015-10-02T00:00:00.000Z,10/2/2015 12:12:00 PM,At Intersection (intersection related),18.0,"MOTOR VEHICLE STRUCK PEDALCYCLIST, FRONT END AT ANGLE",,N,Overcast,Dry,Daylight,,,45,Vehicle - Pedalcyclist,26711,N,Washington,47.66146941930195,-122.37076944775087
Block,CALIFORNIA AVE SW BETWEEN SW ALASKA ST AND ERSKINE WAY SW,2,Injury Collision,Cycles,2,0,1,1,1,0,0,2015-10-23T00:00:00.000Z,10/23/2015 7:30:00 PM,Mid-Block (not related to intersection),56.0,PEDALCYCLIST STRUCK MOTOR VEHICLE LEFT SIDE SIDESWIPE,Y,N,Clear or Partly Cloudy,Dry,Dusk,,,45,Vehicle - Pedalcyclist,0,N,Washington,47.560216981892694,-122.38680395147087
Block,EASTLAKE AVE E BETWEEN ALOHA ST AND WARD ST,2,Injury Collision,Cycles,2,0,1,1,1,0,0,2015-11-04T00:00:00.000Z,11/4/2015 7:24:00 AM,Mid-Block (not related to intersection),18.0,"MOTOR VEHICLE STRUCK PEDALCYCLIST, FRONT END AT ANGLE",,N,Clear or Partly Cloudy,Dry,Daylight,Y,,45,Vehicle - Pedalcyclist,0,N,Washington,47.627352670046186,-122.32922868861915
Block,S LANDER ST BETWEEN 3RD AVE S AND 4TH AVE S,2,Injury Collision,Cycles,2,0,1,1,1,0,0,2015-11-10T00:00:00.000Z,11/10/2015 12:01:00 PM,Mid-Block (not related to intersection),18.0,"MOTOR VEHICLE STRUCK PEDALCYCLIST, FRONT END AT ANGLE",Y,N,Clear or Partly Cloudy,Dry,Daylight,Y,,45,Vehicle - Pedalcyclist,0,N,Washington,47.579809597278995,-122.32952440717676
Intersection,2ND AVE AND BATTERY ST,2,Injury Collision,Cycles,2,0,1,1,1,0,0,2015-09-20T00:00:00.000Z,9/20/2015 10:06:00 PM,At Intersection (intersection related),18.0,"MOTOR VEHICLE STRUCK PEDALCYCLIST, FRONT END AT ANGLE",,Y,Raining,Wet,Dark - Street Lights On,,,45,Vehicle - Pedalcyclist,522626,N,Washington,47.61480883629855,-122.34695357635496
Intersection,47TH AVE SW AND FAUNTLEROY WAY SW,2,Injury Collision,Cycles,0,0,1,1,1,0,0,2015-09-07T00:00:00.000Z,9/7/2015 2:45:00 PM,At Intersection (intersection related),18.0,"MOTOR VEHICLE STRUCK PEDALCYCLIST, FRONT END AT ANGLE",,N,Clear or Partly Cloudy,Dry,Daylight,,,45,Vehicle - Pedalcyclist,0,N,Washington,47.53580354157462,-122.39257830197597
Block,GREENWOOD AVE N BETWEEN N 67TH ST AND PHINNEY AVE N,1,Property Damage Only Collision,Cycles,2,0,1,1,0,0,0,2015-10-04T00:00:00.000Z,10/4/2015 4:23:00 PM,Mid-Block (not related to intersection),18.0,"MOTOR VEHICLE STRUCK PEDALCYCLIST, FRONT END AT ANGLE",Y,N,Clear or Partly Cloudy,Dry,Daylight,,,45,Vehicle - Pedalcyclist,0,N,Washington,47.67783745400964,-122.35524787294801
Block,UNIVERSITY WAY NE BETWEEN NE 47TH ST AND NE 50TH ST,1,Property Damage Only Collision,Cycles,2,0,1,1,0,0,0,2015-09-28T00:00:00.000Z,9/28/2015 5:30:00 PM,Mid-Block (not related to intersection),54.0,PEDALCYCLIST STRUCK MOTOR VEHICLE REAR END,,N,Unknown,Unknown,Daylight,,,45,Vehicle - Pedalcyclist,0,Y,Washington,47.663994887860014,-122.31308797808485
Intersection,DAYTON AVE N AND N 85TH ST,2,Injury Collision,Cycles,2,0,1,1,1,0,0,2015-10-04T00:00:00.000Z,10/4/2015 12:51:00 PM,At Intersection (intersection related),18.0,"MOTOR VEHICLE STRUCK PEDALCYCLIST, FRONT END AT ANGLE",Y,N,Clear or Partly Cloudy,Dry,Daylight,,,45,Vehicle - Pedalcyclist,524415,N,Washington,47.69058707308702,-122.35260172823605
Intersection,DENNY WAY AND TERRY AVE,2,Injury Collision,Cycles,0,0,1,1,1,0,0,2015-09-01T00:00:00.000Z,9/1/2015 9:49:00 AM,At Intersection (intersection related),18.0,"MOTOR VEHICLE STRUCK PEDALCYCLIST, FRONT END AT ANGLE",,N,Raining,Wet,Daylight,,,45,Vehicle - Pedalcyclist,0,N,Washington,47.61852689284808,-122.33715073001076
Intersection,DEXTER AVE N AND THOMAS ST,2,Injury Collision,Cycles,1,0,1,1,1,0,0,2015-09-23T00:00:00.000Z,9/23/2015 6:03:00 PM,At Intersection (intersection related),18.0,"MOTOR VEHICLE STRUCK PEDALCYCLIST, FRONT END AT ANGLE",,N,Clear or Partly Cloudy,Dry,Daylight,,,45,Vehicle - Pedalcyclist,0,N,Washington,47.620888394604385,-122.34238173081964
Intersection,12TH AVE AND E ALDER ST,1,Property Damage Only Collision,Cycles,1,0,1,1,0,0,0,2015-09-15T00:00:00.000Z,9/15/2015 6:04:00 PM,At Intersection (intersection related),18.0,"MOTOR VEHICLE STRUCK PEDALCYCLIST, FRONT END AT ANGLE",,N,Clear or Partly Cloudy,Dry,Daylight,,,45,Vehicle - Pedalcyclist,0,N,Washington,47.60436038491066,-122.31678113297993
Intersection,1ST AVE NE AND NE NORTHGATE WAY,2,Injury Collision,Cycles,3,0,1,1,1,0,0,2015-12-30T00:00:00.000Z,12/30/2015 3:07:00 PM,At Intersection (intersection related),18.0,"MOTOR VEHICLE STRUCK PEDALCYCLIST, FRONT END AT ANGLE",,N,Clear or Partly Cloudy,Dry,Daylight,,,45,Vehicle - Pedalcyclist,521147,N,Washington,47.708628720354106,-122.32863426558531
Block,SHILSHOLE AVE NW BETWEEN 17TH AVE NW AND NW DOCK PL,2,Injury Collision,Cycles,3,0,1,1,1,0,0,2016-02-11T00:00:00.000Z,2/11/2016 3:30:00 PM,Mid-Block (not related to intersection),51.0,PEDALCYCLIST STRUCK MOTOR VEHICLE FRONT END AT ANGLE,,N,Overcast,Wet,Daylight,,,45,Vehicle - Pedalcyclist,0,N,Washington,47.66299764629993,-122.38055647241009
Intersection,FREMONT AVE N AND N 42ND ST,2,Injury Collision,Cycles,1,0,1,1,1,0,0,2016-01-09T00:00:00.000Z,1/9/2016 7:25:00 AM,At Intersection (intersection related),0.0,NOT ENOUGH INFORMATION / NOT APPLICABLE,,N,Clear or Partly Cloudy,Dry,Dawn,,,45,Vehicle - Pedalcyclist,0,N,Washington,47.65773819543209,-122.34998174016107