addrtype,location,severitycode,severitydesc,collisiontype,personcount,pedcount,pedcylcount,vehcount,injuries,seriousinjuries,fatalities,incdate,incdttm,junctiontype,sdot_colcode,sdot_coldesc,inattentionind,underinfl,weather,roadcond,lightcond,pedrownotgrnt,speeding,st_colcode,st_coldesc,crosswalkkey,hitparkedcar,state,latitude,longitude
Intersection,8TH AVE NE AND NE 65TH ST,2,Injury Collision,Cycles,2,0,1,1,1,0,0,2016-01-18T00:00:00.000Z,1/18/2016 7:35:00 PM,At Intersection (intersection related),18.0,"MOTOR VEHICLE STRUCK PEDALCYCLIST, FRONT END AT ANGLE",Y,N,Raining,Wet,Dark - Street Lights On,,,45,Vehicle - Pedalcyclist,0,N,Washington,47.675852099979366,-122.32005309036181
Intersection,30TH AVE NE AND NE 130TH ST,2,Injury Collision,Cycles,2,0,1,1,1,0,0,2016-01-22T00:00:00.000Z,1/22/2016 1:04:00 PM,At Intersection (intersection related),18.0,"MOTOR VEHICLE STRUCK PEDALCYCLIST, FRONT END AT ANGLE",,N,Clear or Partly Cloudy,Dry,Daylight,,,45,Vehicle - Pedalcyclist,521376,N,Washington,47.72290005079565,-122.29635851818544
Intersection,8TH AVE NW AND NW 58TH ST,1,Property Damage Only Collision,Cycles,2,0,1,1,0,0,0,2016-01-25T00:00:00.000Z,1/25/2016 8:04:00 AM,At Intersection (intersection related),18.0,"MOTOR VEHICLE STRUCK PEDALCYCLIST, FRONT END AT ANGLE",,N,Clear or Partly Cloudy,Dry,Daylight,Y,,45,Vehicle - Pedalcyclist,0,N,Washington,47.670889901639775,-122.36617390620391
Intersection,STONE AVE N AND N 48TH ST,2,Injury Collision,Cycles,2,0,1,1,1,0,0,2015-12-29T00:00:00.000Z,12/29/2015 5:19:00 PM,At Intersection (intersection related),18.0,"MOTOR VEHICLE STRUCK PEDALCYCLIST, FRONT END AT ANGLE",,N,Clear or Partly Cloudy,Dry,Dark - Street Lights On,Y,,45,Vehicle - Pedalcyclist,0,N,Washington,47.66357826817005,-122.34209950907572
Block,N 100TH ST BETWEEN DENSMORE E AVE N AND WALLINGFORD W AVE N,2,Injury Collision,Cycles,1,0,1,1,1,0,0,2016-01-08T00:00:00.000Z,1/8/2016 8:10:00 AM,,0.0,NOT ENOUGH INFORMATION / NOT APPLICABLE,,N,Overcast,Dry,Daylight,,,45,Vehicle - Pedalcyclist,0,N,Washington,47.70141069851517,-122.33702098761586
Intersection,8TH AVE NW AND NW 65TH ST,2,Injury Collision,Cycles,2,0,1,1,1,0,0,2016-02-09T00:00:00.000Z,2/9/2016 7:21:00 AM,At Intersection (intersection related),18.0,"MOTOR VEHICLE STRUCK PEDALCYCLIST, FRONT END AT ANGLE",,N,Clear or Partly Cloudy,Dry,Daylight,,,45,Vehicle - Pedalcyclist,0,N,Washington,47.67598534672824,-122.36602339873885
Intersection,8TH AVE S AND S JACKSON ST,2,Injury Collision,Cycles,2,1,1,0,1,0,0,2016-01-12T00:00:00.000Z,1/12/2016 6:55:00 AM,At Intersection (intersection related),64.0,PEDALCYCLIST STRUCK PEDESTRIAN,,N,Raining,Wet,Dark - Street Lights On,,,45,Vehicle - Pedalcyclist,525067,N,Washington,47.599186130013244,-122.32244469210012
Intersection,AIRPORT WAY S AND S INDUSTRIAL EB WAY,2,Injury Collision,Cycles,1,0,1,1,1,0,0,2016-01-20T00:00:00.000Z,1/20/2016 6:45:00 AM,At Intersection (intersection related),0.0,NOT ENOUGH INFORMATION / NOT APPLICABLE,,N,Clear or Partly Cloudy,Dry,Dark - Street Lights On,,,45,Vehicle - Pedalcyclist,0,N,Washington,47.56451882802431,-122.32279682458305
Block,12TH AVE E BETWEEN E DENNY WAY AND E JOHN ST,2,Injury Collision,Cycles,1,0,1,1,1,0,0,2016-01-28T00:00:00.000Z,1/28/2016 7:06:00 PM,Mid-Block (not related to intersection),51.0,PEDALCYCLIST STRUCK MOTOR VEHICLE FRONT END AT ANGLE,Y,N,Clear or Partly Cloudy,Dry,Dark - Street Lights On,,,45,Vehicle - Pedalcyclist,0,N,Washington,47.619351210060174,-122.31691908441064
Intersection,MONTLAKE BLVD NE AND NE 44TH ST,2,Injury Collision,Cycles,2,0,1,1,1,0,0,2015-10-22T00:00:00.000Z,10/22/2015 10:30:00 AM,At Intersection (intersection related),11.0,"MOTOR VEHICLE STRUCK MOTOR VEHICLE, FRONT END AT ANGLE",,N,Clear or Partly Cloudy,Dry,Daylight,,,45,Vehicle - Pedalcyclist,523133,N,Washington,47.660349577578714,-122.3000095522402
Intersection,FREMONT AVE N AND N 90TH ST,2,Injury Collision,Cycles,1,0,1,1,1,0,0,2015-11-02T00:00:00.000Z,11/2/2015 7:39:00 AM,At Intersection (intersection related),51.0,PEDALCYCLIST STRUCK MOTOR VEHICLE FRONT END AT ANGLE,,N,Raining,Wet,Daylight,,,45,Vehicle - Pedalcyclist,0,N,Washington,47.694201401540184,-122.34995493364224
Intersection,CORLISS AVE N AND N NORTHGATE WAY,2,Injury Collision,Cycles,2,0,1,1,1,0,0,2016-01-29T00:00:00.000Z,1/29/2016 10:45:00 AM,At Intersection (intersection related),0.0,NOT ENOUGH INFORMATION / NOT APPLICABLE,Y,N,Raining,Wet,Daylight,,,45,Vehicle - Pedalcyclist,525659,N,Washington,47.70864592480071,-122.33131365385418
Block,E MADISON ST BETWEEN 29TH E AVE E AND LAKE WASHINGTON BLVD E,2,Injury Collision,Cycles,2,0,1,1,1,0,0,2016-01-15T00:00:00.000Z,1/15/2016 5:32:00 PM,Mid-Block (not related to intersection),51.0,PEDALCYCLIST STRUCK MOTOR VEHICLE FRONT END AT ANGLE,,N,Clear or Partly Cloudy,Wet,Dark - Street Lights On,,,45,Vehicle - Pedalcyclist,0,N,Washington,47.62511058805384,-122.29377870596493
Intersection,8TH AVE NW AND NW 67TH ST,2,Injury Collision,Cycles,2,0,1,1,1,0,0,2016-01-13T00:00:00.000Z,1/13/2016 7:34:00 AM,At Intersection (intersection related),18.0,"MOTOR VEHICLE STRUCK PEDALCYCLIST, FRONT END AT ANGLE",,N,Raining,Wet,Dark - Street Lights On,Y,,45,Vehicle - Pedalcyclist,0,N,Washington,47.67777043515864,-122.36602025560873
Block,FAUNTLEROY WAY SW BETWEEN SW FINDLAY ST AND 39TH S AVE SW,1,Property Damage Only Collision,Cycles,2,0,1,1,0,0,0,2016-02-16T00:00:00.000Z,2/16/2016 8:00:00 AM,Mid-Block (not related to intersection),51.0,PEDALCYCLIST STRUCK MOTOR VEHICLE FRONT END AT ANGLE,,N,Overcast,Dry,Daylight,,,45,Vehicle - Pedalcyclist,0,N,Washington,47.55137620207447,-122.38166224484405
Block,6TH AVE BETWEEN UNION ST AND PIKE ST,2,Injury Collision,Cycles,2,0,1,1,2,0,0,2016-02-12T00:00:00.000Z,2/12/2016 1:54:00 PM,Mid-Block (but intersection related),14.0,"MOTOR VEHICLE STRUCK MOTOR VEHICLE, REAR END",,N,Clear or Partly Cloudy,Dry,Daylight,,,45,Vehicle - Pedalcyclist,0,N,Washington,47.6106447568887,-122.3340093220083
Intersection,15TH AVE AND E MADISON ST,2,Injury Collision,Cycles,1,0,1,1,2,0,0,2016-01-26T00:00:00.000Z,1/26/2016 5:06:00 PM,At Intersection (intersection related),0.0,NOT ENOUGH INFORMATION / NOT APPLICABLE,,N,Overcast,Wet,Dark - Street Lights On,,,45,Vehicle - Pedalcyclist,0,N,Washington,47.61449898544244,-122.31277145484923
Block,8TH AVE BETWEEN VIRGINIA ST AND WESTLAKE AVE,2,Injury Collision,Cycles,2,0,1,1,1,0,0,2016-01-06T00:00:00.000Z,1/6/2016 5:15:00 PM,Mid-Block (not related to intersection),56.0,PEDALCYCLIST STRUCK MOTOR VEHICLE LEFT SIDE SIDESWIPE,,N,Clear or Partly Cloudy,Dry,Dusk,Y,,45,Vehicle - Pedalcyclist,0,N,Washington,47.616104804523424,-122.33724289972757
Intersection,3RD AVE AND VIRGINIA ST,2,Injury Collision,Cycles,2,0,1,1,1,0,0,2016-01-13T00:00:00.000Z,1/13/2016 1:48:00 PM,At Intersection (intersection related),18.0,"MOTOR VEHICLE STRUCK PEDALCYCLIST, FRONT END AT ANGLE",,N,Overcast,Wet,Daylight,,,45,Vehicle - Pedalcyclist,0,N,Washington,47.61239802571792,-122.34089245510886
Intersection,18TH AVE AND E UNION ST,2,Injury Collision,Cycles,2,0,1,1,1,0,0,2016-02-12T00:00:00.000Z,2/12/2016 8:00:00 AM,At Intersection (intersection related),18.0,"MOTOR VEHICLE STRUCK PEDALCYCLIST, FRONT END AT ANGLE",,N,Raining,Wet,Daylight,,,45,Vehicle - Pedalcyclist,520794,N,Washington,47.612901753286074,-122.30886086811044
Intersection,5TH AVE AND PIKE ST,2,Injury Collision,Cycles,2,0,1,1,1,0,0,2016-01-13T00:00:00.000Z,1/13/2016 2:39:00 PM,At Intersection (intersection related),51.0,PEDALCYCLIST STRUCK MOTOR VEHICLE FRONT END AT ANGLE,,N,Overcast,Wet,Daylight,,,45,Vehicle - Pedalcyclist,522108,N,Washington,47.61067790284203,-122.33557402523344
Block,S CLOVERDALE ST BETWEEN 38TH AVE S AND 39TH AVE S,2,Injury Collision,Cycles,2,0,1,1,1,0,0,2016-02-18T00:00:00.000Z,2/18/2016 8:30:00 AM,Mid-Block (not related to intersection),0.0,NOT ENOUGH INFORMATION / NOT APPLICABLE,,N,Overcast,Dry,Daylight,,,45,Vehicle - Pedalcyclist,0,N,Washington,47.52611067480535,-122.28422176579286
Intersection,33RD AVE NE AND NE 130TH ST,2,Injury Collision,Cycles,2,0,1,1,1,0,0,2016-02-01T00:00:00.000Z,2/1/2016 3:37:00 PM,At Intersection (intersection related),0.0,NOT ENOUGH INFORMATION / NOT APPLICABLE,,N,Clear or Partly Cloudy,Dry,Daylight,Y,,45,Vehicle - Pedalcyclist,0,N,Washington,47.722732154073675,-122.29198770461474
Intersection,3RD AVE NW AND NW 55TH ST,2,Injury Collision,Cycles,2,0,1,1,1,0,0,2016-01-28T00:00:00.000Z,1/28/2016 7:52:00 AM,At Intersection (intersection related),18.0,"MOTOR VEHICLE STRUCK PEDALCYCLIST, FRONT END AT ANGLE",,N,Raining,Wet,Daylight,,,45,Vehicle - Pedalcyclist,0,N,Washington,47.66869338024802,-122.36080636053526
Intersection,40TH AVE NE AND BURKE GILMAN TRL,2,Injury Collision,Cycles,1,0,1,1,1,0,0,2016-01-12T00:00:00.000Z,1/12/2016 8:20:00 AM,At Intersection (intersection related),0.0,NOT ENOUGH INFORMATION / NOT APPLICABLE,,N,Overcast,Wet,Daylight,,,45,Vehicle - Pedalcyclist,521972,N,Washington,47.667308443602295,-122.28480764283495
Intersection,MONTLAKE BLVD E AND EAST MONTLAKE PL E,1,Property Damage Only Collision,Cycles,2,0,1,1,0,0,0,2016-01-29T00:00:00.000Z,1/29/2016 7:45:00 PM,At Intersection (intersection related),18.0,"MOTOR VEHICLE STRUCK PEDALCYCLIST, FRONT END AT ANGLE",,N,Unknown,Dry,Dark - Street Lights On,,,45,Vehicle - Pedalcyclist,524103,N,Washington,47.643961271931374,-122.30409754795531
Block,RAINIER AVE S BETWEEN S FOREST ST AND M L KING JR WAY S,2,Injury Collision,Cycles,2,0,1,1,1,0,0,2016-02-13T00:00:00.000Z,2/13/2016 12:42:00 AM,Mid-Block (but intersection related),21.0,"MOTOR VEHICLE STRUCK PEDALCYCLIST, REAR END",,N,Raining,Wet,Dark - Street Lights On,,,45,Vehicle - Pedalcyclist,0,N,Washington,47.57694362644242,-122.29707687085444
Intersection,12TH AVE AND E PINE ST,2,Injury Collision,Cycles,1,0,1,1,1,0,0,2016-02-14T00:00:00.000Z,2/14/2016 3:50:00 PM,At Intersection (intersection related),0.0,NOT ENOUGH INFORMATION / NOT APPLICABLE,,N,Overcast,Dry,Daylight,,,45,Vehicle - Pedalcyclist,0,N,Washington,47.615263932778156,-122.31685416865923
Block,HOWELL ST BETWEEN BOREN AVE AND MINOR AVE,2,Injury Collision,Cycles,3,0,1,1,1,0,0,2016-01-16T00:00:00.000Z,1/16/2016 5:05:00 PM,Mid-Block (not related to intersection),21.0,"MOTOR VEHICLE STRUCK PEDALCYCLIST, REAR END",Y,N,Raining,Wet,Dark - Street Lights Off,,,45,Vehicle - Pedalcyclist,0,N,Washington,47.616505950936705,-122.33099161678236
Block,WESTLAKE EAST RDWY AVE N BETWEEN HIGHLAND DR AND COMSTOCK ST,2b,Serious Injury Collision,Cycles,2,0,1,1,1,1,0,2016-01-18T00:00:00.000Z,1/18/2016 12:53:00 PM,Mid-Block (not related to intersection),18.0,"MOTOR VEHICLE STRUCK PEDALCYCLIST, FRONT END AT ANGLE",Y,N,Clear or Partly Cloudy,Dry,Daylight,,,45,Vehicle - Pedalcyclist,0,N,Washington,47.63026295219018,-122.34074680289525
Block,AIRPORT WAY S BETWEEN S EDMUNDS ST AND AIRPORT WY S VI,2,Injury Collision,Cycles,2,0,1,1,1,0,0,2016-02-09T00:00:00.000Z,2/9/2016 8:34:00 AM,Mid-Block (not related to intersection),18.0,"MOTOR VEHICLE STRUCK PEDALCYCLIST, FRONT END AT ANGLE",,N,Overcast,Dry,Daylight,,,45,Vehicle - Pedalcyclist,0,N,Washington,47.55892134832731,-122.32317369199265
Intersection,HARRISON ST AND WESTLAKE AVE N,1,Property Damage Only Collision,Cycles,2,0,1,1,0,0,0,2016-01-07T00:00:00.000Z,1/7/2016 7:42:00 PM,At Intersection (intersection related),21.0,"MOTOR VEHICLE STRUCK PEDALCYCLIST, REAR END",,N,Overcast,Dry,Dark - Street Lights On,,,45,Vehicle - Pedalcyclist,0,N,Washington,47.6220412354285,-122.3384557066986
Block,PEND OREILLE RD NE BETWEEN BURKE GILMAN TRL AND 25TH AVE NE,2,Injury Collision,Cycles,3,0,1,1,1,0,0,2015-11-12T00:00:00.000Z,11/12/2015 9:55:00 AM,Mid-Block (not related to intersection),14.0,"MOTOR VEHICLE STRUCK MOTOR VEHICLE, REAR END",,N,Overcast,Dry,Daylight,,,45,Vehicle - Pedalcyclist,0,N,Washington,47.66039107927329,-122.3014141710765
Block,E PINE ST BETWEEN 10TH AVE AND 11TH AVE,2,Injury Collision,Cycles,1,0,1,1,1,0,0,2015-12-09T00:00:00.000Z,12/9/2015 9:10:00 AM,Mid-Block (not related to intersection),18.0,"MOTOR VEHICLE STRUCK PEDALCYCLIST, FRONT END AT ANGLE",Y,N,Overcast,Standing Water,Daylight,,,45,Vehicle - Pedalcyclist,0,N,Washington,47.61524975200011,-122.318814476387
Intersection,BEACON ER AVE S AND S MYRTLE ST,2,Injury Collision,Cycles,2,0,1,1,1,0,0,2016-02-07T00:00:00.000Z,2/7/2016 3:57:00 PM,At Intersection (intersection related),18.0,"MOTOR VEHICLE STRUCK PEDALCYCLIST, FRONT END AT ANGLE",,N,Clear or Partly Cloudy,Dry,Daylight,,,45,Vehicle - Pedalcyclist,525576,N,Washington,47.538957783452474,-122.29608148484935
Block,57TH AVE S BETWEEN S HOLLY ST AND DEAD END 1,2,Injury Collision,Cycles,0,0,1,1,1,0,0,2015-12-11T00:00:00.000Z,12/11/2015 7:15:00 AM,,0.0,NOT ENOUGH INFORMATION / NOT APPLICABLE,,N,Unknown,Unknown,Unknown,,,45,Vehicle - Pedalcyclist,0,N,Washington,47.54184271843834,-122.26151841072362
Block,NE NORTHGATE WAY BETWEEN ROOSEVELT WAY NE AND 11TH AVE NE,2,Injury Collision,Cycles,2,0,1,1,1,0,0,2015-11-21T00:00:00.000Z,11/21/2015 2:18:00 PM,Driveway Junction,18.0,"MOTOR VEHICLE STRUCK PEDALCYCLIST, FRONT END AT ANGLE",,N,Clear or Partly Cloudy,Dry,Daylight,,,45,Vehicle - Pedalcyclist,0,N,Washington,47.70855483566597,-122.316879238596
Intersection,GREEN LAKE WAY N AND N 52ND ST,2,Injury Collision,Cycles,2,0,1,1,1,0,0,2015-11-03T00:00:00.000Z,11/3/2015 5:22:00 PM,At Intersection (intersection related),18.0,"MOTOR VEHICLE STRUCK PEDALCYCLIST, FRONT END AT ANGLE",,N,Clear or Partly Cloudy,Dry,Dark - Street Lights On,,,45,Vehicle - Pedalcyclist,0,N,Washington,47.666407174206384,-122.34009052508308
Intersection,M L KING JR WR WAY S AND S MORGAN ST,1,Property Damage Only Collision,Cycles,1,0,1,1,0,0,0,2015-12-23T00:00:00.000Z,12/23/2015 3:32:00 PM,At Intersection (intersection related),51.0,PEDALCYCLIST STRUCK MOTOR VEHICLE FRONT END AT ANGLE,,N,Raining,Wet,Daylight,,,45,Vehicle - Pedalcyclist,525171,N,Washington,47.54426842496061,-122.28476396002534
Block,E PINE ST BETWEEN BELMONT AVE AND BOYLSTON AVE,2,Injury Collision,Cycles,2,0,1,1,1,0,0,2015-12-01T00:00:00.000Z,12/1/2015 11:40:00 AM,Mid-Block (not related to intersection),18.0,"MOTOR VEHICLE STRUCK PEDALCYCLIST, FRONT END AT ANGLE",,N,Clear or Partly Cloudy,Wet,Dawn,,,45,Vehicle - Pedalcyclist,0,N,Washington,47.61522806298954,-122.32394607098915
Block,8TH AVE BETWEEN SENECA ST AND CONVENTION CTR DR,2,Injury Collision,Cycles,3,0,1,1,1,0,0,2015-11-07T00:00:00.000Z,11/7/2015 7:30:00 PM,Mid-Block (not related to intersection),18.0,"MOTOR VEHICLE STRUCK PEDALCYCLIST, FRONT END AT ANGLE",Y,N,Raining,Wet,Dark - Street Lights On,,,45,Vehicle - Pedalcyclist,0,N,Washington,47.61041939240523,-122.33073466286748
Block,BROADWAY BETWEEN XW E OLIVE ST AND E HOWELL ST,2b,Serious Injury Collision,Cycles,2,0,1,1,1,1,0,2015-11-24T00:00:00.000Z,11/24/2015 10:20:00 AM,Mid-Block (not related to intersection),66.0,PEDALCYCLIST STRUCK OBJECT IN ROAD,,N,Overcast,Dry,Daylight,,,45,Vehicle - Pedalcyclist,0,Y,Washington,47.616985936154535,-122.3208264543995
Intersection,20TH AVE AND E UNION ST,2,Injury Collision,Cycles,2,0,1,1,1,0,0,2015-12-11T00:00:00.000Z,12/11/2015 8:10:00 PM,At Intersection (intersection related),18.0,"MOTOR VEHICLE STRUCK PEDALCYCLIST, FRONT END AT ANGLE",,N,Clear or Partly Cloudy,Dry,Dark - Street Lights On,Y,,45,Vehicle - Pedalcyclist,0,N,Washington,47.612909621074635,-122.3062455482968
Block,DEXTER AVE N BETWEEN WARD ST AND PROSPECT ST,2,Injury Collision,Cycles,2,0,1,1,1,0,0,2015-12-11T00:00:00.000Z,12/11/2015 5:37:00 PM,Mid-Block (not related to intersection),18.0,"MOTOR VEHICLE STRUCK PEDALCYCLIST, FRONT END AT ANGLE",,N,Overcast,Dry,Dark - Street Lights Off,,,45,Vehicle - Pedalcyclist,0,N,Washington,,
Intersection,3RD AVE AND VIRGINIA ST,2,Injury Collision,Cycles,2,0,1,1,1,0,0,2015-12-11T00:00:00.000Z,12/11/2015 2:35:00 PM,At Intersection (intersection related),51.0,PEDALCYCLIST STRUCK MOTOR VEHICLE FRONT END AT ANGLE,Y,N,Clear or Partly Cloudy,Dry,Daylight,,,45,Vehicle - Pedalcyclist,0,N,Washington,47.61239802571792,-122.34089245510886
Intersection,2ND AVE W AND W MERCER ST,2b,Serious Injury Collision,Cycles,1,0,1,1,1,1,0,2015-12-18T00:00:00.000Z,12/18/2015 6:24:00 PM,At Intersection (intersection related),18.0,"MOTOR VEHICLE STRUCK PEDALCYCLIST, FRONT END AT ANGLE",,N,Raining,Wet,Dark - Street Lights On,,,45,Vehicle - Pedalcyclist,0,N,Washington,47.624592191257676,-122.35932146065468
Block,MARION ST BETWEEN 2ND AVE AND 3RD AVE,2,Injury Collision,Cycles,2,0,1,1,1,0,0,2015-11-16T00:00:00.000Z,11/16/2015 6:56:00 PM,Driveway Junction,18.0,"MOTOR VEHICLE STRUCK PEDALCYCLIST, FRONT END AT ANGLE",,N,Raining,Wet,Dark - Street Lights On,,,45,Vehicle - Pedalcyclist,0,N,Washington,47.60467777601554,-122.33392354160402
Intersection,AURORA AVE N AND N 107TH S ST,2,Injury Collision,Cycles,2,0,1,1,1,0,0,2015-11-05T00:00:00.000Z,11/5/2015 4:36:00 PM,At Intersection (intersection related),18.0,"MOTOR VEHICLE STRUCK PEDALCYCLIST, FRONT END AT ANGLE",,N,Overcast,Wet,Dark - Street Lights On,,,45,Vehicle - Pedalcyclist,0,N,Washington,47.70654592378493,-122.34471870922391
Intersection,7TH AVE NE AND NE 50TH ST,2,Injury Collision,Cycles,2,0,1,1,2,0,0,2015-11-04T00:00:00.000Z,11/4/2015 12:06:00 PM,At Intersection (intersection related),18.0,"MOTOR VEHICLE STRUCK PEDALCYCLIST, FRONT END AT ANGLE",,N,Clear or Partly Cloudy,Dry,Daylight,,,45,Vehicle - Pedalcyclist,522071,N,Washington,47.66495773124397,-122.32070290379576
Intersection,EAST GREEN LAKE DR N AND NE MAPLE LEAF PL,2,Injury Collision,Cycles,1,0,1,1,1,0,0,2015-12-18T00:00:00.000Z,12/18/2015 5:40:00 PM,At Intersection (intersection related),18.0,"MOTOR VEHICLE STRUCK PEDALCYCLIST, FRONT END AT ANGLE",,N,Raining,Wet,Dark - Street Lights On,,,45,Vehicle - Pedalcyclist,0,N,Washington,47.68071059572977,-122.32613020814442
Block,MINOR AVE BETWEEN OLIVE WAY AND HOWELL ST,1,Property Damage Only Collision,Cycles,3,0,1,2,0,0,0,2015-12-10T00:00:00.000Z,12/10/2015 5:21:00 PM,Driveway Junction,18.0,"MOTOR VEHICLE STRUCK PEDALCYCLIST, FRONT END AT ANGLE",,N,Raining,Wet,Dark - Street Lights On,Y,,45,Vehicle - Pedalcyclist,0,N,Washington,47.61639311388216,-122.33005930516222
Intersection,CORLISS AVE N AND N NORTHGATE WAY,2,Injury Collision,Cycles,2,0,1,1,1,0,0,2016-01-08T00:00:00.000Z,1/8/2016 1:51:00 PM,At Intersection (intersection related),0.0,NOT ENOUGH INFORMATION / NOT APPLICABLE,,N,Clear or Partly Cloudy,Dry,Daylight,,,45,Vehicle - Pedalcyclist,525659,N,Washington,47.70864592480071,-122.33131365385418
Block,AURORA AVE N BETWEEN N 94TH ST AND N 95TH ST,2,Injury Collision,Cycles,2,0,1,1,1,0,0,2015-11-12T00:00:00.000Z,11/12/2015 10:34:00 PM,Mid-Block (not related to intersection),51.0,PEDALCYCLIST STRUCK MOTOR VEHICLE FRONT END AT ANGLE,Y,Y,Raining,Wet,Dark - Street Lights On,,,45,Vehicle - Pedalcyclist,0,N,Washington,47.69744505917882,-122.34460370629814
Intersection,ROOSEVELT WAY NE AND NE 79TH ST,2,Injury Collision,Cycles,2,0,1,1,1,0,0,2016-02-09T00:00:00.000Z,2/9/2016 5:50:00 PM,At Intersection (intersection related),18.0,"MOTOR VEHICLE STRUCK PEDALCYCLIST, FRONT END AT ANGLE",,N,Clear or Partly Cloudy,Dry,Dark - Street Lights On,,,45,Vehicle - Pedalcyclist,0,N,Washington,47.68602148642415,-122.31754013819794
Block,NE 50TH ST BETWEEN THACKERAY PL NE AND LATONA W AVE NE,2,Injury Collision,Cycles,2,0,1,1,1,0,0,2016-01-13T00:00:00.000Z,1/13/2016 5:37:00 PM,Mid-Block (but intersection related),21.0,"MOTOR VEHICLE STRUCK PEDALCYCLIST, REAR END",,N,Raining,Wet,Dark - Street Lights On,,Y,45,Vehicle - Pedalcyclist,0,N,Washington,47.664989158227726,-122.32586892955558
Intersection,M L KING JR WAY AND E OLIVE ST,2,Injury Collision,Angles,1,0,1,1,1,0,0,2015-11-05T00:00:00.000Z,11/5/2015 6:15:00 PM,At Intersection (intersection related),18.0,"MOTOR VEHICLE STRUCK PEDALCYCLIST, FRONT END AT ANGLE",,N,Unknown,Unknown,Dark - Street Lights On,,,10,Entering at angle,0,N,Washington,47.616454639876004,-122.29615557082927
Block,PIKE ST BETWEEN BOREN AVE AND MELROSE AVE,2b,Serious Injury Collision,Sideswipe,9,0,1,6,5,2,0,2016-04-19T00:00:00.000Z,4/19/2016 7:58:00 AM,Mid-Block (not related to intersection),16.0,"MOTOR VEHICLE STRUCK MOTOR VEHICLE, LEFT SIDE SIDESWIPE",,N,Clear or Partly Cloudy,Dry,Daylight,,Y,11,From same direction - both going straight - both moving - sideswipe,0,N,Washington,47.61369730746585,-122.32836055721232
Intersection,7TH AVE AND WESTLAKE AVE,2,Injury Collision,Cycles,2,0,1,1,1,0,0,2016-04-19T00:00:00.000Z,4/19/2016 3:31:00 PM,At Intersection (intersection related),21.0,"MOTOR VEHICLE STRUCK PEDALCYCLIST, REAR END",,N,Clear or Partly Cloudy,Dry,Daylight,,,45,Vehicle - Pedalcyclist,0,N,Washington,47.61528336247898,-122.33783703384042
Intersection,4TH AVE AND JAMES ST,2,Injury Collision,Cycles,0,0,1,1,1,0,0,2016-04-11T00:00:00.000Z,4/11/2016 2:18:00 PM,At Intersection (but not related to intersection),0.0,NOT ENOUGH INFORMATION / NOT APPLICABLE,,N,Clear or Partly Cloudy,Dry,Daylight,,,45,Vehicle - Pedalcyclist,523274,N,Washington,47.60323265391005,-122.33029745925337
Block,25TH AVE NE BETWEEN NE 57TH ST AND NE 60TH ST,2,Injury Collision,Cycles,1,0,1,0,1,0,0,2016-04-13T00:00:00.000Z,4/13/2016 7:56:00 AM,Mid-Block (not related to intersection),18.0,"MOTOR VEHICLE STRUCK PEDALCYCLIST, FRONT END AT ANGLE",,N,Overcast,Dry,Daylight,,,45,Vehicle - Pedalcyclist,0,N,Washington,47.67106742150034,-122.30063285126239
Intersection,DEXTER AVE N AND ROY ST,2,Injury Collision,Cycles,2,0,1,1,1,0,0,2016-04-20T00:00:00.000Z,4/20/2016 5:14:00 PM,At Intersection (intersection related),18.0,"MOTOR VEHICLE STRUCK PEDALCYCLIST, FRONT END AT ANGLE",,N,Clear or Partly Cloudy,Dry,Daylight,,,45,Vehicle - Pedalcyclist,0,N,Washington,47.62540330543746,-122.34234200999266
Intersection,GREENWOOD AVE N AND HOLMAN RD N,2,Injury Collision,Cycles,1,0,1,1,1,0,0,2016-02-20T00:00:00.000Z,2/20/2016 7:01:00 AM,At Intersection (intersection related),18.0,"MOTOR VEHICLE STRUCK PEDALCYCLIST, FRONT END AT ANGLE",,N,Clear or Partly Cloudy,Dry,Daylight,,,45,Vehicle - Pedalcyclist,524097,N,Washington,47.70508354117376,-122.35545274592478
Intersection,16TH AVE W AND W DRAVUS ST,2b,Serious Injury Collision,Cycles,2,0,1,1,1,1,0,2016-03-03T00:00:00.000Z,3/3/2016 1:44:00 PM,At Intersection (intersection related),11.0,"MOTOR VEHICLE STRUCK MOTOR VEHICLE, FRONT END AT ANGLE",,N,Raining,Wet,Daylight,,,45,Vehicle - Pedalcyclist,26470,N,Washington,47.64846703394054,-122.37749847606081
Intersection,12TH AVE AND E SPRUCE ST,2,Injury Collision,Cycles,1,0,1,1,1,0,0,2016-03-17T00:00:00.000Z,3/17/2016 5:08:00 PM,At Intersection (intersection related),0.0,NOT ENOUGH INFORMATION / NOT APPLICABLE,,N,Clear or Partly Cloudy,Dry,Daylight,,,45,Vehicle - Pedalcyclist,0,N,Washington,47.603514160000714,-122.31678152406286