addrtype,location,severitycode,severitydesc,collisiontype,personcount,pedcount,pedcylcount,vehcount,injuries,seriousinjuries,fatalities,incdate,incdttm,junctiontype,sdot_colcode,sdot_coldesc,inattentionind,underinfl,weather,roadcond,lightcond,pedrownotgrnt,speeding,st_colcode,st_coldesc,crosswalkkey,hitparkedcar,state,latitude,longitude
Block,ROOSEVELT WAY NE BETWEEN NE 43RD N ST AND NE 45TH ST,2,Injury Collision,Cycles,2,0,1,1,1,0,0,2016-03-11T00:00:00.000Z,3/11/2016 6:45:00 AM,Mid-Block (not related to intersection),18.0,"MOTOR VEHICLE STRUCK PEDALCYCLIST, FRONT END AT ANGLE",Y,N,Clear or Partly Cloudy,Unknown,Daylight,Y,,45,Vehicle - Pedalcyclist,0,N,Washington,47.66057737868581,-122.31772271464912
Intersection,BROADWAY AND E UNION ST,2b,Serious Injury Collision,Cycles,2,0,1,1,1,1,0,2016-04-02T00:00:00.000Z,4/2/2016 5:42:00 AM,At Intersection (intersection related),18.0,"MOTOR VEHICLE STRUCK PEDALCYCLIST, FRONT END AT ANGLE",,N,Overcast,Dry,Dusk,,,45,Vehicle - Pedalcyclist,0,N,Washington,47.612963362786935,-122.32076237817628
Intersection,ROOSEVELT WAY NE AND NE 43RD N ST,2,Injury Collision,Cycles,1,0,1,0,1,0,0,2016-04-03T00:00:00.000Z,4/3/2016 5:35:00 PM,At Intersection (intersection related),26.0,MOTOR VEHICLE STRUCK OBJECT IN ROAD,,N,Clear or Partly Cloudy,Dry,Daylight,,,45,Vehicle - Pedalcyclist,0,N,Washington,47.65985017335611,-122.31774151068291
Block,GREENWOOD AVE N BETWEEN HOLMAN RD N AND N 107TH ST,1,Property Damage Only Collision,Cycles,1,0,1,1,0,0,0,2016-03-28T00:00:00.000Z,3/28/2016 6:00:00 AM,,0.0,NOT ENOUGH INFORMATION / NOT APPLICABLE,,N,Clear or Partly Cloudy,Dry,Dawn,,,45,Vehicle - Pedalcyclist,0,N,Washington,47.705989802578706,-122.3554596781755
Intersection,12TH AVE AND E JEFFERSON ST,1,Property Damage Only Collision,Cycles,2,0,1,1,0,0,0,2016-02-26T00:00:00.000Z,2/26/2016 10:55:00 PM,At Intersection (intersection related),18.0,"MOTOR VEHICLE STRUCK PEDALCYCLIST, FRONT END AT ANGLE",,N,Raining,Wet,Dark - Street Lights On,,,45,Vehicle - Pedalcyclist,521029,N,Washington,47.606203045254205,-122.316780466471
Block,EASTLAKE AVE E BETWEEN E HAMLIN ST AND E SHELBY ST,2,Injury Collision,Cycles,3,0,1,1,1,0,0,2016-04-21T00:00:00.000Z,4/21/2016 8:09:00 PM,Mid-Block (not related to intersection),11.0,"MOTOR VEHICLE STRUCK MOTOR VEHICLE, FRONT END AT ANGLE",,N,Clear or Partly Cloudy,Dry,Daylight,Y,,45,Vehicle - Pedalcyclist,0,N,Washington,47.646503048118774,-122.32519936846163
Intersection,BEACON WR AVE S AND S COLUMBIAN WAY,2,Injury Collision,Cycles,0,0,1,1,1,0,0,2016-04-19T00:00:00.000Z,4/19/2016 6:01:00 PM,At Intersection (intersection related),0.0,NOT ENOUGH INFORMATION / NOT APPLICABLE,,N,Clear or Partly Cloudy,Dry,Daylight,,,45,Vehicle - Pedalcyclist,0,N,Washington,47.55960793451316,-122.30465568395485
Intersection,MIDVALE AVE N AND N 45TH ST,2,Injury Collision,Cycles,1,0,1,1,1,0,0,2016-04-08T00:00:00.000Z,4/8/2016 9:11:00 AM,At Intersection (intersection related),0.0,NOT ENOUGH INFORMATION / NOT APPLICABLE,Y,N,Clear or Partly Cloudy,Dry,Daylight,,,45,Vehicle - Pedalcyclist,0,N,Washington,47.66138495830811,-122.34377775244364
Intersection,7TH AVE AND OLIVE WAY,1,Property Damage Only Collision,Cycles,2,0,1,1,0,0,0,2016-03-02T00:00:00.000Z,3/2/2016 6:33:00 PM,At Intersection (intersection related),18.0,"MOTOR VEHICLE STRUCK PEDALCYCLIST, FRONT END AT ANGLE",,N,Raining,Wet,Dark - Street Lights On,,,45,Vehicle - Pedalcyclist,522055,N,Washington,47.61359552816046,-122.33517270217888
Intersection,6TH AVE NE AND NE 70TH N ST,2,Injury Collision,Cycles,2,0,1,1,1,0,0,2016-02-15T00:00:00.000Z,2/15/2016 5:16:00 PM,At Intersection (intersection related),18.0,"MOTOR VEHICLE STRUCK PEDALCYCLIST, FRONT END AT ANGLE",,N,Clear or Partly Cloudy,Unknown,Dusk,,,45,Vehicle - Pedalcyclist,0,N,Washington,47.68021033337568,-122.3217575474932
Block,6TH AVE BETWEEN PIKE ST AND PINE ST,2,Injury Collision,Cycles,2,0,1,2,1,0,0,2016-02-29T00:00:00.000Z,2/29/2016 11:23:00 AM,,0.0,NOT ENOUGH INFORMATION / NOT APPLICABLE,,N,Clear or Partly Cloudy,Dry,Daylight,,,45,Vehicle - Pedalcyclist,0,N,Washington,47.611638265254136,-122.334917384009
Intersection,9TH AVE NW AND NW 45TH ST,2,Injury Collision,Cycles,2,0,1,1,1,0,0,2016-04-14T00:00:00.000Z,4/14/2016 8:07:00 PM,At Intersection (intersection related),18.0,"MOTOR VEHICLE STRUCK PEDALCYCLIST, FRONT END AT ANGLE",,N,Overcast,Dry,Dusk,Y,,45,Vehicle - Pedalcyclist,630875,N,Washington,47.661466928808316,-122.36861555357004
Block,BROADWAY BETWEEN HARVARD AVE AND E UNION ST,2,Injury Collision,Cycles,4,0,1,1,1,0,0,2016-04-15T00:00:00.000Z,4/15/2016 8:47:00 PM,Mid-Block (not related to intersection),18.0,"MOTOR VEHICLE STRUCK PEDALCYCLIST, FRONT END AT ANGLE",Y,N,Clear or Partly Cloudy,Dry,Dark - Street Lights On,Y,,45,Vehicle - Pedalcyclist,0,N,Washington,47.612109989989754,-122.32076121797354
Intersection,LATONA AVE NE AND EAST GREEN LAKE DR N,2,Injury Collision,Cycles,2,0,1,1,1,0,0,2016-04-22T00:00:00.000Z,4/22/2016 8:35:00 AM,At Intersection (intersection related),18.0,"MOTOR VEHICLE STRUCK PEDALCYCLIST, FRONT END AT ANGLE",,N,Clear or Partly Cloudy,Dry,Daylight,Y,,45,Vehicle - Pedalcyclist,0,N,Washington,47.68165808077612,-122.32748855205195
Intersection,31ST AVE AND E YESLER WAY,2,Injury Collision,Cycles,2,0,1,1,1,0,0,2016-04-17T00:00:00.000Z,4/17/2016 1:20:00 PM,At Intersection (intersection related),18.0,"MOTOR VEHICLE STRUCK PEDALCYCLIST, FRONT END AT ANGLE",,N,Clear or Partly Cloudy,Dry,Daylight,,,45,Vehicle - Pedalcyclist,0,N,Washington,47.60164758389983,-122.29251724788912
Intersection,12TH AVE AND E YESLER WAY,1,Property Damage Only Collision,Cycles,2,0,1,1,0,0,0,2016-03-04T00:00:00.000Z,3/4/2016 7:18:00 PM,At Intersection (intersection related),51.0,PEDALCYCLIST STRUCK MOTOR VEHICLE FRONT END AT ANGLE,,N,Raining,Wet,Dark - Street Lights On,,,45,Vehicle - Pedalcyclist,0,N,Washington,47.60169336783193,-122.31678189326038
Intersection,RAVENNA PL NE AND NE 55TH ST,1,Property Damage Only Collision,Cycles,2,0,1,1,0,0,0,2016-02-29T00:00:00.000Z,2/29/2016 4:53:00 PM,At Intersection (intersection related),18.0,"MOTOR VEHICLE STRUCK PEDALCYCLIST, FRONT END AT ANGLE",Y,N,Clear or Partly Cloudy,Dry,Daylight,,,45,Vehicle - Pedalcyclist,0,N,Washington,47.66814485434771,-122.30291695391584
Intersection,BOYLSTON AVE AND E PINE ST,2,Injury Collision,Cycles,2,0,1,1,1,0,0,2016-04-16T00:00:00.000Z,4/16/2016 12:15:00 AM,At Intersection (intersection related),18.0,"MOTOR VEHICLE STRUCK PEDALCYCLIST, FRONT END AT ANGLE",Y,N,Clear or Partly Cloudy,Dry,Dark - Street Lights On,Y,,45,Vehicle - Pedalcyclist,0,N,Washington,47.61523114208018,-122.32341547054027
Intersection,8TH AVE NW AND NW 60TH ST,1,Property Damage Only Collision,Cycles,3,0,1,1,0,0,0,2016-04-04T00:00:00.000Z,4/4/2016 2:30:00 PM,At Intersection (intersection related),51.0,PEDALCYCLIST STRUCK MOTOR VEHICLE FRONT END AT ANGLE,,N,Raining,Wet,Daylight,,,45,Vehicle - Pedalcyclist,0,N,Washington,47.672349086987104,-122.36616763326359
Intersection,3RD AVE AND PIKE ST,2,Injury Collision,Cycles,2,0,1,1,1,0,0,2016-03-09T00:00:00.000Z,3/9/2016 1:08:00 PM,At Intersection (intersection related),18.0,"MOTOR VEHICLE STRUCK PEDALCYCLIST, FRONT END AT ANGLE",,N,Raining,Wet,Daylight,,,45,Vehicle - Pedalcyclist,0,N,Washington,47.609749733180806,-122.33779291611958
Block,DELRIDGE WAY SW BETWEEN SW ORCHARD ST AND SYLVAN WAY SW,2,Injury Collision,Cycles,2,0,1,1,1,0,0,2016-03-03T00:00:00.000Z,3/3/2016 6:00:00 AM,Mid-Block (not related to intersection),18.0,"MOTOR VEHICLE STRUCK PEDALCYCLIST, FRONT END AT ANGLE",Y,N,Clear or Partly Cloudy,Wet,Dark - Street Lights On,,,45,Vehicle - Pedalcyclist,0,N,Washington,47.537267213058456,-122.36118562828872
Intersection,24TH AVE E AND E INTERLAKEN BLVD,2,Injury Collision,Cycles,2,0,1,1,1,0,0,2016-02-25T00:00:00.000Z,2/25/2016 5:45:00 PM,At Intersection (intersection related),0.0,NOT ENOUGH INFORMATION / NOT APPLICABLE,,N,Clear or Partly Cloudy,Dry,Dark - Street Lights On,,,45,Vehicle - Pedalcyclist,0,N,Washington,47.634573061441394,-122.30157617824793
Block,BELMONT AVE E BETWEEN BELLEVUE PL E AND BELLEVUE CT E,2b,Serious Injury Collision,Cycles,2,0,1,1,1,1,0,2016-04-12T00:00:00.000Z,4/12/2016 10:00:00 PM,Mid-Block (not related to intersection),21.0,"MOTOR VEHICLE STRUCK PEDALCYCLIST, REAR END",,N,Raining,Wet,Dark - Street Lights On,,,45,Vehicle - Pedalcyclist,0,N,Washington,47.62748306379665,-122.32628884297428
Block,S ORCAS ST BETWEEN M L KING JR WR WAY S AND M L KING JR ER WAY S,2,Injury Collision,Cycles,3,0,1,1,1,0,0,2016-03-31T00:00:00.000Z,3/31/2016 7:00:00 PM,,0.0,NOT ENOUGH INFORMATION / NOT APPLICABLE,,N,Clear or Partly Cloudy,Dry,Daylight,,,45,Vehicle - Pedalcyclist,524997,N,Washington,47.55123685328963,-122.2880105189363
Intersection,DAYTON AVE N AND N 85TH ST,2,Injury Collision,Cycles,1,0,1,1,1,0,0,2016-02-26T00:00:00.000Z,2/26/2016 12:07:00 PM,At Intersection (intersection related),0.0,NOT ENOUGH INFORMATION / NOT APPLICABLE,,N,Clear or Partly Cloudy,Dry,Daylight,,,45,Vehicle - Pedalcyclist,0,N,Washington,47.69058707308702,-122.35260172823605
Block,14TH AVE BETWEEN E UNION ST AND E MADISON ST,1,Property Damage Only Collision,Cycles,1,0,1,1,0,0,0,2016-02-23T00:00:00.000Z,2/23/2016 9:27:00 AM,Mid-Block (not related to intersection),53.0,PEDALCYCLIST STRUCK MOTOR VEHICLE LEFT SIDE AT ANGLE,,N,Clear or Partly Cloudy,Dry,Daylight,,,45,Vehicle - Pedalcyclist,0,Y,Washington,47.61340479497238,-122.3141938399562
Intersection,BOREN AVE AND OLIVE WAY,2,Injury Collision,Cycles,2,0,1,1,1,0,0,2016-03-08T00:00:00.000Z,3/8/2016 7:40:00 AM,At Intersection (intersection related),54.0,PEDALCYCLIST STRUCK MOTOR VEHICLE REAR END,,N,Clear or Partly Cloudy,Dry,Daylight,,,45,Vehicle - Pedalcyclist,0,N,Washington,47.615449718161365,-122.33072969571377
Intersection,BURKE GILMAN TRL AND N NORTHLAKE WAY,2b,Serious Injury Collision,Cycles,2,0,1,1,1,1,0,2016-03-30T00:00:00.000Z,3/30/2016 5:33:00 PM,At Intersection (intersection related),18.0,"MOTOR VEHICLE STRUCK PEDALCYCLIST, FRONT END AT ANGLE",,N,Clear or Partly Cloudy,Dry,Daylight,Y,,45,Vehicle - Pedalcyclist,642417,N,Washington,47.648559131842575,-122.34715935631651
Block,4TH AVE S BETWEEN DIAGONAL AVE S AND COSTCO DR,2,Injury Collision,Cycles,3,0,1,2,1,0,0,2016-03-10T00:00:00.000Z,3/10/2016 3:06:00 PM,Mid-Block (not related to intersection),18.0,"MOTOR VEHICLE STRUCK PEDALCYCLIST, FRONT END AT ANGLE",Y,N,Raining,Wet,Daylight,,,45,Vehicle - Pedalcyclist,32397,N,Washington,47.565965595191486,-122.32939513368952
Block,PINE ST BETWEEN 8TH AVE AND 9TH AVE,1,Property Damage Only Collision,Cycles,0,0,1,1,0,0,0,2016-04-08T00:00:00.000Z,4/8/2016 5:47:00 PM,,0.0,NOT ENOUGH INFORMATION / NOT APPLICABLE,,N,Clear or Partly Cloudy,Dry,Daylight,,,45,Vehicle - Pedalcyclist,0,N,Washington,47.613295215899704,-122.33259897598568
Block,12TH AVE BETWEEN E COLUMBIA ST AND E MARION ST,2,Injury Collision,Cycles,2,0,1,1,1,0,0,2016-04-20T00:00:00.000Z,4/20/2016 8:24:00 AM,Mid-Block (not related to intersection),16.0,"MOTOR VEHICLE STRUCK MOTOR VEHICLE, LEFT SIDE SIDESWIPE",Y,N,Clear or Partly Cloudy,Dry,Daylight,,,45,Vehicle - Pedalcyclist,0,Y,Washington,47.60980943523944,-122.3167796621427
Intersection,12TH AVE AND E MARION ST,2,Injury Collision,Cycles,1,0,1,1,1,0,0,2016-02-29T00:00:00.000Z,2/29/2016 9:27:00 AM,At Intersection (intersection related),18.0,"MOTOR VEHICLE STRUCK PEDALCYCLIST, FRONT END AT ANGLE",,N,Overcast,Dry,Daylight,,,45,Vehicle - Pedalcyclist,0,N,Washington,47.61039501200789,-122.3167793521294
Intersection,30TH AVE NE AND LAKE CITY N WAY NE,2,Injury Collision,Cycles,2,0,1,1,1,0,0,2016-02-19T00:00:00.000Z,2/19/2016 1:04:00 PM,At Intersection (intersection related),18.0,"MOTOR VEHICLE STRUCK PEDALCYCLIST, FRONT END AT ANGLE",Y,N,Raining,Wet,Daylight,,,45,Vehicle - Pedalcyclist,521370,N,Washington,47.71764179974454,-122.29620135863883
Intersection,24TH AVE NW AND NW 63RD ST,2,Injury Collision,Cycles,1,0,1,1,1,0,0,2016-04-02T00:00:00.000Z,4/2/2016 5:51:00 PM,At Intersection (but not related to intersection),0.0,NOT ENOUGH INFORMATION / NOT APPLICABLE,Y,N,Clear or Partly Cloudy,Dry,Daylight,,,45,Vehicle - Pedalcyclist,0,N,Washington,47.67456006770214,-122.38758536584713
Intersection,1ST AVE NW AND NW 84TH ST,1,Property Damage Only Collision,Cycles,2,0,1,1,0,0,0,2016-03-28T00:00:00.000Z,3/28/2016 5:35:00 PM,At Intersection (intersection related),51.0,PEDALCYCLIST STRUCK MOTOR VEHICLE FRONT END AT ANGLE,,N,Clear or Partly Cloudy,Dry,Daylight,,,45,Vehicle - Pedalcyclist,0,N,Washington,47.689835647809346,-122.35797717190167
Intersection,MELROSE AVE AND E DENNY WAY,2,Injury Collision,Cycles,2,0,1,1,1,0,0,2016-03-28T00:00:00.000Z,3/28/2016 8:14:00 AM,At Intersection (intersection related),51.0,PEDALCYCLIST STRUCK MOTOR VEHICLE FRONT END AT ANGLE,,N,Overcast,Wet,Daylight,,,45,Vehicle - Pedalcyclist,0,N,Washington,47.61849674070191,-122.32785352358368
Intersection,48TH AVE SW AND SW HUDSON ST,2,Injury Collision,Cycles,2,0,1,1,1,0,0,2016-04-26T00:00:00.000Z,4/26/2016 5:48:00 PM,At Intersection (intersection related),18.0,"MOTOR VEHICLE STRUCK PEDALCYCLIST, FRONT END AT ANGLE",,N,Overcast,Dry,Daylight,,,45,Vehicle - Pedalcyclist,32855,N,Washington,47.557559930057,-122.39360290296028
Intersection,4TH AVE AND PIKE ST,2,Injury Collision,Cycles,2,0,1,1,1,0,0,2016-03-07T00:00:00.000Z,3/7/2016 4:18:00 PM,At Intersection (but not related to intersection),0.0,NOT ENOUGH INFORMATION / NOT APPLICABLE,,N,Clear or Partly Cloudy,Dry,Daylight,,,45,Vehicle - Pedalcyclist,0,N,Washington,47.61021404171938,-122.33668342822828
Intersection,WALLINGFORD AVE N AND N 34TH ST,2,Injury Collision,Cycles,2,0,1,1,1,0,0,2016-03-08T00:00:00.000Z,3/8/2016 6:16:00 PM,At Intersection (intersection related),21.0,"MOTOR VEHICLE STRUCK PEDALCYCLIST, REAR END",Y,N,Clear or Partly Cloudy,Dry,Dusk,,,45,Vehicle - Pedalcyclist,0,N,Washington,47.648045088916966,-122.33635091585087
Intersection,GREEN LAKE WAY N AND N 52ND ST,2b,Serious Injury Collision,Cycles,2,0,1,1,1,1,0,2016-04-07T00:00:00.000Z,4/7/2016 5:59:00 PM,At Intersection (intersection related),51.0,PEDALCYCLIST STRUCK MOTOR VEHICLE FRONT END AT ANGLE,,N,Clear or Partly Cloudy,Dry,Daylight,,,45,Vehicle - Pedalcyclist,0,N,Washington,47.666407174206384,-122.34009052508308
Intersection,DEWEY PL E AND E HARRISON ST,2,Injury Collision,Cycles,1,0,1,1,1,0,0,2016-03-25T00:00:00.000Z,3/25/2016 11:19:00 AM,At Intersection (intersection related),18.0,"MOTOR VEHICLE STRUCK PEDALCYCLIST, FRONT END AT ANGLE",,N,Clear or Partly Cloudy,Dry,Daylight,,Y,45,Vehicle - Pedalcyclist,0,N,Washington,47.62249919728937,-122.2937526503757
Block,NE 70TH ST BETWEEN 34TH E AVE NE AND 35TH AVE NE,2,Injury Collision,Cycles,2,1,1,0,1,0,0,2016-03-13T00:00:00.000Z,3/13/2016 11:25:00 AM,Mid-Block (not related to intersection),24.0,MOTOR VEHCILE STRUCK PEDESTRIAN,,N,Overcast,Wet,Daylight,,,45,Vehicle - Pedalcyclist,0,N,Washington,47.6794155211471,-122.29091443198223
Block,STEWART ST BETWEEN 8TH AVE AND 9TH AVE,2,Injury Collision,Cycles,2,0,1,1,1,0,0,2016-03-29T00:00:00.000Z,3/29/2016 12:16:00 PM,Mid-Block (not related to intersection),18.0,"MOTOR VEHICLE STRUCK PEDALCYCLIST, FRONT END AT ANGLE",,N,Clear or Partly Cloudy,Dry,Daylight,Y,,45,Vehicle - Pedalcyclist,0,N,Washington,47.6152834716801,-122.33486718071192
Intersection,15TH AVE W AND NICKERSON 15TH RP,2,Injury Collision,Cycles,4,0,1,1,1,0,0,2016-04-25T00:00:00.000Z,4/25/2016 5:51:00 PM,At Intersection (intersection related),18.0,"MOTOR VEHICLE STRUCK PEDALCYCLIST, FRONT END AT ANGLE",,N,Clear or Partly Cloudy,Dry,Daylight,,,45,Vehicle - Pedalcyclist,0,N,Washington,47.65243056684741,-122.37620948636072
Intersection,BURKE GILMAN TRL AND PEND OREILLE RD NE,1,Property Damage Only Collision,Cycles,2,0,1,1,0,0,0,2016-01-21T00:00:00.000Z,1/21/2016 6:55:00 PM,At Intersection (intersection related),18.0,"MOTOR VEHICLE STRUCK PEDALCYCLIST, FRONT END AT ANGLE",,Y,Raining,Wet,Dark - Street Lights On,,,45,Vehicle - Pedalcyclist,0,N,Washington,47.66014928967881,-122.30183456591577
Intersection,1ST AVE S AND S KING ST,2,Injury Collision,Cycles,1,0,1,1,1,0,0,2016-03-31T00:00:00.000Z,3/31/2016 8:51:00 AM,At Intersection (intersection related),18.0,"MOTOR VEHICLE STRUCK PEDALCYCLIST, FRONT END AT ANGLE",Y,N,Clear or Partly Cloudy,Dry,Daylight,,,45,Vehicle - Pedalcyclist,0,N,Washington,47.59829171538482,-122.33419116101669
Intersection,13TH AVE AND E YESLER WAY,2,Injury Collision,Cycles,3,0,1,1,1,0,0,2016-03-02T00:00:00.000Z,3/2/2016 8:50:00 AM,At Intersection (intersection related),18.0,"MOTOR VEHICLE STRUCK PEDALCYCLIST, FRONT END AT ANGLE",,N,Overcast,Dry,Daylight,Y,,45,Vehicle - Pedalcyclist,0,N,Washington,47.601690194545014,-122.31492850004732
Intersection,PIKE ST AND TERRY AVE,2,Injury Collision,Cycles,2,0,1,1,1,0,0,2016-03-09T00:00:00.000Z,3/9/2016 5:03:00 AM,At Intersection (intersection related),18.0,"MOTOR VEHICLE STRUCK PEDALCYCLIST, FRONT END AT ANGLE",Y,N,Overcast,Dry,Dark - Street Lights On,,,45,Vehicle - Pedalcyclist,0,N,Washington,47.61300140916818,-122.33002503075434
Block,GREEN LAKE WAY N BETWEEN N 54TH ST AND N CLOGSTON WAY,2b,Serious Injury Collision,Cycles,3,0,2,1,2,2,0,2016-03-18T00:00:00.000Z,3/18/2016 5:44:00 PM,Mid-Block (not related to intersection),51.0,PEDALCYCLIST STRUCK MOTOR VEHICLE FRONT END AT ANGLE,,N,Clear or Partly Cloudy,Dry,Daylight,,,45,Vehicle - Pedalcyclist,0,N,Washington,47.66810501246597,-122.34007714325467
Block,FREMONT BR BETWEEN 4TH AVE N AND POINT A,2,Injury Collision,Cycles,6,0,1,1,1,0,0,2016-03-23T00:00:00.000Z,3/23/2016 6:00:00 PM,Mid-Block (not related to intersection),21.0,"MOTOR VEHICLE STRUCK PEDALCYCLIST, REAR END",Y,N,Overcast,Wet,Daylight,Y,,45,Vehicle - Pedalcyclist,0,N,Washington,47.6470883454034,-122.34975206855756
Intersection,5TH AVE NE AND NE 100TH ST,2,Injury Collision,Cycles,2,0,1,1,1,0,0,2016-03-30T00:00:00.000Z,3/30/2016 9:25:00 AM,At Intersection (intersection related),0.0,NOT ENOUGH INFORMATION / NOT APPLICABLE,,N,Clear or Partly Cloudy,Dry,Daylight,Y,,45,Vehicle - Pedalcyclist,521910,N,Washington,47.7013247882022,-122.323127221389
Intersection,26TH AVE AND E CHERRY ST,1,Property Damage Only Collision,Cycles,2,0,1,1,0,0,0,2016-03-04T00:00:00.000Z,3/4/2016 7:38:00 AM,At Intersection (intersection related),18.0,"MOTOR VEHICLE STRUCK PEDALCYCLIST, FRONT END AT ANGLE",,N,Clear or Partly Cloudy,Dry,Daylight,,,45,Vehicle - Pedalcyclist,0,N,Washington,47.608001384058454,-122.29886768696522
Intersection,N 36TH ST AND N PACIFIC ST,2,Injury Collision,Cycles,3,0,1,1,1,0,0,2016-04-07T00:00:00.000Z,4/7/2016 5:26:00 PM,At Intersection (intersection related),18.0,"MOTOR VEHICLE STRUCK PEDALCYCLIST, FRONT END AT ANGLE",Y,N,Clear or Partly Cloudy,Dry,Daylight,Y,,45,Vehicle - Pedalcyclist,0,N,Washington,47.65050201505337,-122.33154340410557
Block,STEWART ST BETWEEN DENNY WAY AND YALE AVE N,1,Property Damage Only Collision,Cycles,1,0,1,1,0,0,0,2016-03-30T00:00:00.000Z,3/30/2016 5:55:00 PM,Mid-Block (but intersection related),18.0,"MOTOR VEHICLE STRUCK PEDALCYCLIST, FRONT END AT ANGLE",,N,Clear or Partly Cloudy,Dry,Daylight,,,45,Vehicle - Pedalcyclist,0,N,Washington,47.61860765398297,-122.33056755107937
Intersection,LAKE WASHINGTON BLVD S AND S DEARBORN ST,2,Injury Collision,Cycles,2,0,1,1,1,0,0,2016-05-21T00:00:00.000Z,5/21/2016 3:19:00 PM,At Intersection (intersection related),18.0,"MOTOR VEHICLE STRUCK PEDALCYCLIST, FRONT END AT ANGLE",,N,Clear or Partly Cloudy,Dry,Daylight,Y,,45,Vehicle - Pedalcyclist,0,N,Washington,47.5957488792841,-122.28903666899684
Block,EASTLAKE AVE E BETWEEN E HAMLIN ST AND E SHELBY ST,2,Injury Collision,Cycles,2,0,1,1,1,0,0,2016-06-03T00:00:00.000Z,6/3/2016 6:24:00 AM,Mid-Block (not related to intersection),14.0,"MOTOR VEHICLE STRUCK MOTOR VEHICLE, REAR END",,N,Clear or Partly Cloudy,Dry,Dawn,,,45,Vehicle - Pedalcyclist,0,N,Washington,47.646503048118774,-122.32519936846163
Block,DEXTER AVE N BETWEEN WARD ST AND PROSPECT ST,2,Injury Collision,Cycles,2,0,1,1,1,0,0,2016-06-03T00:00:00.000Z,6/3/2016 7:28:00 AM,Mid-Block (not related to intersection),11.0,"MOTOR VEHICLE STRUCK MOTOR VEHICLE, FRONT END AT ANGLE",Y,N,Clear or Partly Cloudy,Dry,Daylight,,,45,Vehicle - Pedalcyclist,0,N,Washington,,
Block,NE 45TH ST BETWEEN 4TH AVE NE AND 5TH AVE NE,2,Injury Collision,Cycles,3,0,1,1,1,0,0,2016-06-17T00:00:00.000Z,6/17/2016 1:04:00 PM,Mid-Block (not related to intersection),14.0,"MOTOR VEHICLE STRUCK MOTOR VEHICLE, REAR END",,N,Overcast,Dry,Daylight,,,45,Vehicle - Pedalcyclist,0,N,Washington,47.6613360374481,-122.323498379883
Block,E THOMAS ST BETWEEN 14TH W AVE E AND 14TH E AVE E,2,Injury Collision,Cycles,2,0,1,1,1,0,0,2016-05-13T00:00:00.000Z,5/13/2016 6:50:00 AM,Mid-Block (not related to intersection),18.0,"MOTOR VEHICLE STRUCK PEDALCYCLIST, FRONT END AT ANGLE",,N,Clear or Partly Cloudy,Dry,Daylight,,,45,Vehicle - Pedalcyclist,0,N,Washington,47.621121458872175,-122.31451300713819
Intersection,25TH AVE NE AND NE 70TH ST,2,Injury Collision,Cycles,2,0,1,1,1,0,0,2016-05-11T00:00:00.000Z,5/11/2016 1:05:00 PM,At Intersection (intersection related),18.0,"MOTOR VEHICLE STRUCK PEDALCYCLIST, FRONT END AT ANGLE",,N,Clear or Partly Cloudy,Dry,Daylight,,,45,Vehicle - Pedalcyclist,0,N,Washington,47.679409029579496,-122.30066381050648
Block,5TH AVE BETWEEN MADISON ST AND SPRING ST,2,Injury Collision,Cycles,2,1,1,0,1,0,0,2016-06-16T00:00:00.000Z,6/16/2016 12:45:00 PM,Mid-Block (not related to intersection),24.0,MOTOR VEHCILE STRUCK PEDESTRIAN,,N,Clear or Partly Cloudy,Dry,Daylight,,,45,Vehicle - Pedalcyclist,0,N,Washington,47.60690836615426,-122.33212363627943
Intersection,12TH AVE AND E MADISON ST,2,Injury Collision,Cycles,0,0,1,1,1,0,0,2016-04-29T00:00:00.000Z,4/29/2016 3:12:00 PM,At Intersection (intersection related),18.0,"MOTOR VEHICLE STRUCK PEDALCYCLIST, FRONT END AT ANGLE",,N,Clear or Partly Cloudy,Dry,Daylight,,,45,Vehicle - Pedalcyclist,0,N,Washington,47.61288923577013,-122.31673339075188
Block,E YESLER WAY BETWEEN 21ST AVE AND 22ND AVE,2,Injury Collision,Cycles,0,0,1,1,1,0,0,2016-04-20T00:00:00.000Z,4/20/2016 5:23:00 PM,Mid-Block (not related to intersection),18.0,"MOTOR VEHICLE STRUCK PEDALCYCLIST, FRONT END AT ANGLE",,N,Clear or Partly Cloudy,Dry,Daylight,,,45,Vehicle - Pedalcyclist,0,N,Washington,47.60167042342905,-122.3043935088355
Intersection,BOREN AVE AND OLIVE WAY,2,Injury Collision,Cycles,3,0,1,1,1,0,0,2016-06-10T00:00:00.000Z,6/10/2016 11:18:00 PM,At Intersection (intersection related),18.0,"MOTOR VEHICLE STRUCK PEDALCYCLIST, FRONT END AT ANGLE",,N,Clear or Partly Cloudy,Dry,Dark - Street Lights On,,,45,Vehicle - Pedalcyclist,523742,N,Washington,47.615449718161365,-122.33072969571377