addrtype,location,severitycode,severitydesc,collisiontype,personcount,pedcount,pedcylcount,vehcount,injuries,seriousinjuries,fatalities,incdate,incdttm,junctiontype,sdot_colcode,sdot_coldesc,inattentionind,underinfl,weather,roadcond,lightcond,pedrownotgrnt,speeding,st_colcode,st_coldesc,crosswalkkey,hitparkedcar,state,latitude,longitude
Intersection,MONTLAKE BLVD E AND EAST MONTLAKE PL E,2,Injury Collision,Cycles,2,0,1,1,1,0,0,2016-07-17T00:00:00.000Z,7/17/2016 9:45:00 AM,At Intersection (intersection related),18.0,"MOTOR VEHICLE STRUCK PEDALCYCLIST, FRONT END AT ANGLE",,N,Clear or Partly Cloudy,Dry,Daylight,Y,,45,Vehicle - Pedalcyclist,523787,N,Washington,47.643961271931374,-122.30409754795531
Block,3RD AVE BETWEEN COLUMBIA ST AND MARION ST,2,Injury Collision,Cycles,2,1,1,0,2,0,0,2016-08-23T00:00:00.000Z,8/23/2016 4:55:00 PM,Mid-Block (not related to intersection),64.0,PEDALCYCLIST STRUCK PEDESTRIAN,,N,Clear or Partly Cloudy,Dry,Daylight,,,45,Vehicle - Pedalcyclist,0,N,Washington,47.60455266044014,-122.33303932840401
Block,ALASKAN WAY BETWEEN VINE ST AND CLAY ST,2,Injury Collision,Cycles,2,0,1,1,1,0,0,2016-07-27T00:00:00.000Z,7/27/2016 3:30:00 PM,Mid-Block (not related to intersection),21.0,"MOTOR VEHICLE STRUCK PEDALCYCLIST, REAR END",,N,Overcast,Dry,Daylight,,,45,Vehicle - Pedalcyclist,0,N,Washington,47.61388302316643,-122.35309719792409
Block,HARBOR AVE SW BETWEEN FAIRMOUNT AVE SW AND SW BRONSON WAY,1,Property Damage Only Collision,Cycles,2,0,1,1,0,0,0,2016-07-23T00:00:00.000Z,7/23/2016 1:21:00 PM,Mid-Block (not related to intersection),18.0,"MOTOR VEHICLE STRUCK PEDALCYCLIST, FRONT END AT ANGLE",Y,N,Clear or Partly Cloudy,Dry,Daylight,,,45,Vehicle - Pedalcyclist,0,N,Washington,47.58635654911362,-122.37709106587592
Intersection,RAVENNA AVE NE AND NE 98TH ST,2b,Serious Injury Collision,Cycles,4,0,1,1,1,1,0,2016-08-23T00:00:00.000Z,8/23/2016 5:59:00 PM,At Intersection (intersection related),51.0,PEDALCYCLIST STRUCK MOTOR VEHICLE FRONT END AT ANGLE,,N,Clear or Partly Cloudy,Dry,Daylight,Y,,45,Vehicle - Pedalcyclist,0,N,Washington,47.70025636475025,-122.301318151965
Block,12TH AVE BETWEEN E OLIVE ST AND E HOWELL ST,2,Injury Collision,Cycles,2,0,1,1,1,0,0,2016-07-15T00:00:00.000Z,7/15/2016 8:07:00 AM,Mid-Block (not related to intersection),51.0,PEDALCYCLIST STRUCK MOTOR VEHICLE FRONT END AT ANGLE,,N,Clear or Partly Cloudy,Dry,Daylight,,,45,Vehicle - Pedalcyclist,0,N,Washington,47.61701502704043,-122.3168820632538
Intersection,8TH AVE S AND S HENDERSON ST,2,Injury Collision,Cycles,2,0,1,1,1,0,0,2016-07-12T00:00:00.000Z,7/12/2016 4:52:00 PM,At Intersection (intersection related),18.0,"MOTOR VEHICLE STRUCK PEDALCYCLIST, FRONT END AT ANGLE",,N,Clear or Partly Cloudy,Dry,Daylight,,,45,Vehicle - Pedalcyclist,521997,N,Washington,47.52306615282261,-122.32297221634295
Block,6TH AVE BETWEEN JAMES ST AND CHERRY ST,2,Injury Collision,Cycles,2,0,1,1,1,0,0,2016-08-11T00:00:00.000Z,8/11/2016 5:35:00 PM,Driveway Junction,18.0,"MOTOR VEHICLE STRUCK PEDALCYCLIST, FRONT END AT ANGLE",,N,Clear or Partly Cloudy,Dry,Daylight,Y,,45,Vehicle - Pedalcyclist,0,N,Washington,47.60451764055054,-122.32840497592406
Intersection,15TH AVE NW AND NW MARKET ST,2,Injury Collision,Cycles,2,0,1,1,1,0,0,2016-07-21T00:00:00.000Z,7/21/2016 1:32:00 PM,At Intersection (intersection related),51.0,PEDALCYCLIST STRUCK MOTOR VEHICLE FRONT END AT ANGLE,,N,Clear or Partly Cloudy,Dry,Daylight,Y,,45,Vehicle - Pedalcyclist,521266,N,Washington,47.66866690831636,-122.37621447409443
Intersection,15TH AVE S AND BEACON AVE S,1,Property Damage Only Collision,Cycles,2,0,1,1,0,0,0,2016-08-26T00:00:00.000Z,8/26/2016 7:56:00 AM,At Intersection (intersection related),51.0,PEDALCYCLIST STRUCK MOTOR VEHICLE FRONT END AT ANGLE,,N,Clear or Partly Cloudy,Dry,Daylight,Y,,45,Vehicle - Pedalcyclist,0,N,Washington,47.580593219942884,-122.31341202094664
Block,5TH AVE BETWEEN TAYLOR AVE AND DENNY WAY,2,Injury Collision,Cycles,2,0,1,1,1,0,0,2016-08-28T00:00:00.000Z,8/28/2016 12:17:00 PM,Mid-Block (not related to intersection),18.0,"MOTOR VEHICLE STRUCK PEDALCYCLIST, FRONT END AT ANGLE",,N,Clear or Partly Cloudy,Dry,Daylight,,,45,Vehicle - Pedalcyclist,525670,N,Washington,47.618335882985114,-122.34703727309768
Block,W NICKERSON ST BETWEEN QUEEN ANNE AVE N AND W BERTONA ST,2,Injury Collision,Cycles,2,0,1,1,1,0,0,2016-07-20T00:00:00.000Z,7/20/2016 6:11:00 PM,Mid-Block (not related to intersection),51.0,PEDALCYCLIST STRUCK MOTOR VEHICLE FRONT END AT ANGLE,,N,Clear or Partly Cloudy,Dry,Daylight,,,45,Vehicle - Pedalcyclist,0,N,Washington,47.65009985418252,-122.35838332416843
Block,AIRPORT WAY S BETWEEN S INDUSTRIAL EB WAY AND S OREGON ST,1,Property Damage Only Collision,Cycles,2,0,1,1,0,0,0,2016-07-20T00:00:00.000Z,7/20/2016 4:35:00 PM,Mid-Block (not related to intersection),22.0,"MOTOR VEHICLE STRUCK PEDALCYCLIST, RIGHT SIDE SIDESWIPE",,N,Clear or Partly Cloudy,Dry,Daylight,,,45,Vehicle - Pedalcyclist,17558,N,Washington,47.56379196487082,-122.32286846837536
Intersection,4TH AVE S AND S HORTON ST,2,Injury Collision,Cycles,2,0,1,1,1,0,0,2016-07-15T00:00:00.000Z,7/15/2016 11:57:00 AM,At Intersection (intersection related),0.0,NOT ENOUGH INFORMATION / NOT APPLICABLE,Y,N,Clear or Partly Cloudy,Dry,Daylight,,,45,Vehicle - Pedalcyclist,525177,N,Washington,47.5743840464385,-122.32905915103987
Intersection,BOYER AVE E AND E LYNN ST,2,Injury Collision,Cycles,2,0,1,1,1,0,0,2016-07-15T00:00:00.000Z,7/15/2016 4:11:00 PM,At Intersection (intersection related),18.0,"MOTOR VEHICLE STRUCK PEDALCYCLIST, FRONT END AT ANGLE",Y,N,Clear or Partly Cloudy,Dry,Daylight,,,45,Vehicle - Pedalcyclist,0,N,Washington,47.63956179992621,-122.31077139488914
Block,1ST AVE BETWEEN SPRING ST AND SENECA ST,2,Injury Collision,Cycles,3,0,1,1,1,0,0,2016-08-02T00:00:00.000Z,8/2/2016 9:12:00 AM,Driveway Junction,18.0,"MOTOR VEHICLE STRUCK PEDALCYCLIST, FRONT END AT ANGLE",Y,N,Clear or Partly Cloudy,Dry,Daylight,,,45,Vehicle - Pedalcyclist,0,N,Washington,47.6057638630913,-122.33721651811425
Intersection,DEXTER AVE N AND ROY ST,2,Injury Collision,Cycles,2,0,1,1,1,0,0,2016-08-25T00:00:00.000Z,8/25/2016 4:45:00 PM,At Intersection (intersection related),18.0,"MOTOR VEHICLE STRUCK PEDALCYCLIST, FRONT END AT ANGLE",,N,Clear or Partly Cloudy,Dry,Daylight,,,45,Vehicle - Pedalcyclist,523519,N,Washington,47.62540330543746,-122.34234200999266
Intersection,8TH AVE S AND S DEARBORN ST,2b,Serious Injury Collision,Cycles,2,0,1,1,2,1,0,2016-08-16T00:00:00.000Z,8/16/2016 5:13:00 PM,At Intersection (intersection related),51.0,PEDALCYCLIST STRUCK MOTOR VEHICLE FRONT END AT ANGLE,,N,Clear or Partly Cloudy,Dry,Daylight,,,45,Vehicle - Pedalcyclist,0,N,Washington,47.595831166617344,-122.3224586628908
Intersection,24TH AVE NW AND NW 85TH ST,2,Injury Collision,Cycles,1,1,1,0,1,0,0,2016-07-15T00:00:00.000Z,7/15/2016 11:20:00 AM,At Intersection (intersection related),0.0,NOT ENOUGH INFORMATION / NOT APPLICABLE,Y,N,Clear or Partly Cloudy,Ice,Daylight,,,45,Vehicle - Pedalcyclist,520934,N,Washington,47.690575453777285,-122.38759810574602
Intersection,5TH AVE AND MARION ST,2,Injury Collision,Cycles,2,0,1,1,1,0,0,2016-08-26T00:00:00.000Z,8/26/2016 9:38:00 AM,At Intersection (intersection related),24.0,MOTOR VEHCILE STRUCK PEDESTRIAN,,N,Clear or Partly Cloudy,Dry,Daylight,Y,,45,Vehicle - Pedalcyclist,523458,N,Washington,47.605839163376416,-122.33114608141945
Intersection,12TH AVE AND E FIR ST,2,Injury Collision,Cycles,0,0,1,1,1,0,0,2016-08-12T00:00:00.000Z,8/12/2016 5:02:00 PM,At Intersection (intersection related),18.0,"MOTOR VEHICLE STRUCK PEDALCYCLIST, FRONT END AT ANGLE",,N,Clear or Partly Cloudy,Dry,Daylight,,,45,Vehicle - Pedalcyclist,0,N,Washington,47.60268590720001,-122.31678180366168
Intersection,BURKE GILMAN TRL AND NE 65TH ST,2,Injury Collision,Cycles,2,0,1,1,1,0,0,2016-07-19T00:00:00.000Z,7/19/2016 7:57:00 AM,At Intersection (intersection related),18.0,"MOTOR VEHICLE STRUCK PEDALCYCLIST, FRONT END AT ANGLE",,N,Clear or Partly Cloudy,Dry,Daylight,,,45,Vehicle - Pedalcyclist,524265,N,Washington,47.67573704171851,-122.26656513433059
Intersection,DEXTER AVE N AND HAYES ST,2,Injury Collision,Cycles,2,0,1,1,1,0,0,2016-08-02T00:00:00.000Z,8/2/2016 5:13:00 PM,At Intersection (but not related to intersection),16.0,"MOTOR VEHICLE STRUCK MOTOR VEHICLE, LEFT SIDE SIDESWIPE",,N,Clear or Partly Cloudy,Dry,Daylight,,,45,Vehicle - Pedalcyclist,0,N,Washington,47.63396882568906,-122.34228374277664
Block,GREEN LAKE DR N BETWEEN ASHWORTH AVE N AND N 80TH ST,2,Injury Collision,Cycles,2,0,1,1,1,0,0,2016-08-01T00:00:00.000Z,8/1/2016 6:39:00 PM,Mid-Block (not related to intersection),18.0,"MOTOR VEHICLE STRUCK PEDALCYCLIST, FRONT END AT ANGLE",Y,N,Clear or Partly Cloudy,Dry,Daylight,,,45,Vehicle - Pedalcyclist,0,N,Washington,47.68657070503657,-122.33977623742364
Intersection,DEXTER AVE N AND ROY ST,1,Property Damage Only Collision,Cycles,2,0,1,1,0,0,0,2016-08-29T00:00:00.000Z,8/29/2016 6:00:00 PM,At Intersection (intersection related),51.0,PEDALCYCLIST STRUCK MOTOR VEHICLE FRONT END AT ANGLE,,N,Clear or Partly Cloudy,Dry,Daylight,,,45,Vehicle - Pedalcyclist,0,N,Washington,47.62540330543746,-122.34234200999266
Intersection,FREMONT AVE N AND N 105TH ST,2,Injury Collision,Cycles,2,0,1,1,1,0,0,2016-08-11T00:00:00.000Z,8/11/2016 6:09:00 PM,At Intersection (intersection related),18.0,"MOTOR VEHICLE STRUCK PEDALCYCLIST, FRONT END AT ANGLE",,N,Clear or Partly Cloudy,Dry,Daylight,,,45,Vehicle - Pedalcyclist,0,N,Washington,47.705067504175936,-122.35007343561877
Intersection,50TH AVE S AND S GENESEE ST,2,Injury Collision,Cycles,2,0,1,1,1,0,0,2016-08-22T00:00:00.000Z,8/22/2016 6:19:00 PM,At Intersection (intersection related),18.0,"MOTOR VEHICLE STRUCK PEDALCYCLIST, FRONT END AT ANGLE",,N,Clear or Partly Cloudy,Dry,Daylight,,,45,Vehicle - Pedalcyclist,0,N,Washington,47.56411286784696,-122.27072668661025
Block,ALASKAN WAY BETWEEN MADISON ST AND SPRING ST,2,Injury Collision,Cycles,3,0,1,1,1,0,0,2016-07-09T00:00:00.000Z,7/9/2016 1:58:00 PM,Mid-Block (not related to intersection),56.0,PEDALCYCLIST STRUCK MOTOR VEHICLE LEFT SIDE SIDESWIPE,,N,Clear or Partly Cloudy,Dry,Daylight,,,45,Vehicle - Pedalcyclist,0,N,Washington,47.604133364412405,-122.33875643522472
Intersection,4TH AVE S AND S ROYAL BROUGHAM WAY,2,Injury Collision,Cycles,2,0,1,1,1,0,0,2016-08-18T00:00:00.000Z,8/18/2016 2:45:00 PM,At Intersection (intersection related),18.0,"MOTOR VEHICLE STRUCK PEDALCYCLIST, FRONT END AT ANGLE",,N,Clear or Partly Cloudy,Dry,Daylight,,,45,Vehicle - Pedalcyclist,0,N,Washington,47.59239438319531,-122.3290487435002
Intersection,15TH AVE S AND S LUCILE ST,2,Injury Collision,Cycles,2,0,1,1,1,0,0,2016-07-27T00:00:00.000Z,7/27/2016 7:48:00 AM,At Intersection (intersection related),18.0,"MOTOR VEHICLE STRUCK PEDALCYCLIST, FRONT END AT ANGLE",,N,Clear or Partly Cloudy,Dry,Daylight,,,45,Vehicle - Pedalcyclist,0,N,Washington,47.55344267569375,-122.31347288252485
Block,DEXTER AVE N BETWEEN MERCER ST AND BROAD ST,2,Injury Collision,Cycles,2,0,1,1,1,0,0,2016-08-04T00:00:00.000Z,8/4/2016 10:08:00 AM,Driveway Junction,18.0,"MOTOR VEHICLE STRUCK PEDALCYCLIST, FRONT END AT ANGLE",Y,N,Clear or Partly Cloudy,Dry,Daylight,,,45,Vehicle - Pedalcyclist,0,N,Washington,47.62469271251876,-122.34234357202969
Intersection,16TH AVE AND E UNION ST,2,Injury Collision,Cycles,2,0,1,1,1,0,0,2016-08-31T00:00:00.000Z,8/31/2016 8:39:00 AM,At Intersection (intersection related),18.0,"MOTOR VEHICLE STRUCK PEDALCYCLIST, FRONT END AT ANGLE",Y,N,Overcast,Dry,Daylight,,,45,Vehicle - Pedalcyclist,0,N,Washington,47.61290842591277,-122.31147435446465
Block,DENNY WAY BETWEEN DEXTER AVE AND 8TH AVE,1,Property Damage Only Collision,Cycles,3,0,1,1,0,0,0,2016-07-10T00:00:00.000Z,7/10/2016 6:04:00 PM,Mid-Block (but intersection related),54.0,PEDALCYCLIST STRUCK MOTOR VEHICLE REAR END,,N,Clear or Partly Cloudy,Dry,Daylight,,,45,Vehicle - Pedalcyclist,0,N,Washington,47.618548427258574,-122.3418890892544
Intersection,6TH AVE AND YESLER WAY,2,Injury Collision,Cycles,2,0,1,1,1,0,0,2016-08-11T00:00:00.000Z,8/11/2016 6:40:00 PM,At Intersection (intersection related),11.0,"MOTOR VEHICLE STRUCK MOTOR VEHICLE, FRONT END AT ANGLE",,N,Clear or Partly Cloudy,Dry,Daylight,,,45,Vehicle - Pedalcyclist,0,N,Washington,47.60170997000567,-122.3263508260635
Block,RAINIER AVE S BETWEEN S HENDERSON ST AND S DIRECTOR N ST,2,Injury Collision,Cycles,2,0,1,1,1,0,0,2016-09-30T00:00:00.000Z,9/30/2016 4:33:00 PM,Mid-Block (not related to intersection),18.0,"MOTOR VEHICLE STRUCK PEDALCYCLIST, FRONT END AT ANGLE",,N,Clear or Partly Cloudy,Dry,Daylight,,,45,Vehicle - Pedalcyclist,0,N,Washington,47.522817006578855,-122.26998786888404
Block,22ND AVE NW BETWEEN NW MARKET ST AND NW 56TH ST,2,Injury Collision,Cycles,2,0,1,1,1,0,0,2016-10-30T00:00:00.000Z,10/30/2016 4:48:00 PM,Driveway Junction,18.0,"MOTOR VEHICLE STRUCK PEDALCYCLIST, FRONT END AT ANGLE",,N,Raining,Wet,Daylight,,,45,Vehicle - Pedalcyclist,0,N,Washington,47.669064900334504,-122.38474408530531
Intersection,STONE WAY N AND N 35TH ST,2,Injury Collision,Cycles,1,0,1,1,1,0,0,2016-09-21T00:00:00.000Z,9/21/2016 9:07:00 AM,At Intersection (intersection related),18.0,"MOTOR VEHICLE STRUCK PEDALCYCLIST, FRONT END AT ANGLE",Y,N,Overcast,Dry,Daylight,,,45,Vehicle - Pedalcyclist,0,N,Washington,47.64941986653472,-122.34273258653992
Block,PINE ST BETWEEN 4TH AVE AND 5TH AVE,1,Property Damage Only Collision,Cycles,1,0,1,1,0,0,0,2016-09-20T00:00:00.000Z,9/20/2016 9:10:00 AM,Mid-Block (but intersection related),21.0,"MOTOR VEHICLE STRUCK PEDALCYCLIST, REAR END",,N,Clear or Partly Cloudy,Dry,Daylight,,,45,Vehicle - Pedalcyclist,0,N,Washington,47.61143896130045,-122.33703968049414
Intersection,YUKON AVE S AND S HENDERSON ST,2,Injury Collision,Cycles,2,0,1,1,1,0,0,2016-10-06T00:00:00.000Z,10/6/2016 2:39:00 PM,At Intersection (intersection related),18.0,"MOTOR VEHICLE STRUCK PEDALCYCLIST, FRONT END AT ANGLE",,N,Overcast,Dry,Daylight,,,45,Vehicle - Pedalcyclist,35272,N,Washington,47.52331405315757,-122.27702724855892
Intersection,1ST AVE S AND EAST MARGINAL WAY S,2,Injury Collision,Cycles,2,0,1,1,1,0,0,2016-09-16T00:00:00.000Z,9/16/2016 1:30:00 AM,At Intersection (intersection related),14.0,"MOTOR VEHICLE STRUCK MOTOR VEHICLE, REAR END",Y,N,Raining,Dry,Dark - Street Lights On,,,45,Vehicle - Pedalcyclist,0,N,Washington,47.548271383321065,-122.33430913225881
Intersection,35TH AVE SW AND SW BARTON ST,2,Injury Collision,Cycles,4,0,1,1,1,0,0,2016-10-29T00:00:00.000Z,10/29/2016 4:00:00 PM,At Intersection (intersection related),18.0,"MOTOR VEHICLE STRUCK PEDALCYCLIST, FRONT END AT ANGLE",Y,N,Clear or Partly Cloudy,Dry,Daylight,,,45,Vehicle - Pedalcyclist,0,N,Washington,47.52107001424565,-122.3767614922706
Intersection,10TH AVE NW AND NW 127TH ST,2,Injury Collision,Cycles,1,0,1,1,1,0,0,2016-10-13T00:00:00.000Z,10/13/2016 1:33:00 PM,At Intersection (intersection related),18.0,"MOTOR VEHICLE STRUCK PEDALCYCLIST, FRONT END AT ANGLE",,N,Raining,Wet,Daylight,,,45,Vehicle - Pedalcyclist,0,N,Washington,47.72149545367225,-122.36904599155851
Block,HARBOR AVE SW BETWEEN SW MARYLAND PL AND CALIFORNIA WAY SW,2b,Serious Injury Collision,Cycles,2,0,1,1,1,1,0,2016-09-14T00:00:00.000Z,9/14/2016 6:45:00 PM,Mid-Block (not related to intersection),51.0,PEDALCYCLIST STRUCK MOTOR VEHICLE FRONT END AT ANGLE,,N,Unknown,Unknown,Unknown,,,45,Vehicle - Pedalcyclist,0,N,Washington,47.59131555343195,-122.38237552698149
Block,1ST AVE NE BETWEEN NE 95TH ST AND NE 100TH ST,3,Fatality Collision,Cycles,2,0,1,1,0,0,1,2016-09-21T00:00:00.000Z,9/21/2016 4:20:00 PM,Mid-Block (not related to intersection),18.0,"MOTOR VEHICLE STRUCK PEDALCYCLIST, FRONT END AT ANGLE",,Y,Clear or Partly Cloudy,Dry,Daylight,,,45,Vehicle - Pedalcyclist,0,N,Washington,47.69954623642285,-122.32847784245764
Block,DEXTER AVE N BETWEEN 4TH S AVE N AND WESTLAKE AVE N,2,Injury Collision,Cycles,3,0,1,1,1,0,0,2016-09-27T00:00:00.000Z,9/27/2016 6:31:00 PM,Mid-Block (not related to intersection),18.0,"MOTOR VEHICLE STRUCK PEDALCYCLIST, FRONT END AT ANGLE",,N,Clear or Partly Cloudy,Dry,Dusk,,,45,Vehicle - Pedalcyclist,0,N,Washington,47.64591625975207,-122.34965185886637
Block,ROOSEVELT WAY NE BETWEEN NE 108TH ST AND NE NORTHGATE WAY,2,Injury Collision,Cycles,2,0,1,1,1,0,0,2016-08-16T00:00:00.000Z,8/16/2016 5:00:00 PM,Driveway Junction,18.0,"MOTOR VEHICLE STRUCK PEDALCYCLIST, FRONT END AT ANGLE",,N,Clear or Partly Cloudy,Dry,Daylight,Y,,45,Vehicle - Pedalcyclist,0,N,Washington,47.70810451493028,-122.31784561950045
Intersection,23RD AVE AND E YESLER WAY,2,Injury Collision,Cycles,1,0,1,1,1,0,0,2016-09-13T00:00:00.000Z,9/13/2016 6:10:00 PM,At Intersection (intersection related),18.0,"MOTOR VEHICLE STRUCK PEDALCYCLIST, FRONT END AT ANGLE",,N,Clear or Partly Cloudy,Dry,Daylight,,,45,Vehicle - Pedalcyclist,0,N,Washington,47.60166729869864,-122.30233880190495
Intersection,1ST AVE W AND W GALER E ST,2,Injury Collision,Cycles,2,0,1,1,1,0,0,2016-09-16T00:00:00.000Z,9/16/2016 12:08:00 PM,At Intersection (intersection related),11.0,"MOTOR VEHICLE STRUCK MOTOR VEHICLE, FRONT END AT ANGLE",,N,Clear or Partly Cloudy,Dry,Daylight,,,45,Vehicle - Pedalcyclist,0,N,Washington,47.632317795786456,-122.35788616710708
Intersection,FREMONT AVE N AND N 43RD S ST,2,Injury Collision,Cycles,0,0,1,0,1,0,0,2016-11-03T00:00:00.000Z,11/3/2016 10:27:00 AM,At Intersection (intersection related),18.0,"MOTOR VEHICLE STRUCK PEDALCYCLIST, FRONT END AT ANGLE",,N,Clear or Partly Cloudy,Wet,Daylight,,,45,Vehicle - Pedalcyclist,0,N,Washington,47.658954143545415,-122.35001327915371
Intersection,1ST AVE N AND THOMAS ST,2,Injury Collision,Cycles,2,0,1,1,1,0,0,2016-09-18T00:00:00.000Z,9/18/2016 5:42:00 PM,At Intersection (intersection related),18.0,"MOTOR VEHICLE STRUCK PEDALCYCLIST, FRONT END AT ANGLE",,N,Clear or Partly Cloudy,Dry,Daylight,,,45,Vehicle - Pedalcyclist,0,N,Washington,47.6209357054431,-122.35543382493293
Intersection,47TH AVE SW AND SW GENESEE ST,2,Injury Collision,Cycles,3,0,1,1,1,0,0,2016-10-20T00:00:00.000Z,10/20/2016 7:40:00 AM,At Intersection (intersection related),18.0,"MOTOR VEHICLE STRUCK PEDALCYCLIST, FRONT END AT ANGLE",,N,Raining,Wet,Dawn,,,45,Vehicle - Pedalcyclist,0,N,Washington,47.56476428969453,-122.39214789841321
Block,LAKE WASHINGTON BLVD BETWEEN E TERRACE ST AND E JEFFERSON ST,2,Injury Collision,Cycles,0,0,1,0,1,0,0,2016-09-14T00:00:00.000Z,9/14/2016 12:50:00 PM,Mid-Block (but intersection related),66.0,PEDALCYCLIST STRUCK OBJECT IN ROAD,,N,Unknown,Unknown,Daylight,,,45,Vehicle - Pedalcyclist,0,N,Washington,47.605276946308095,-122.28350343522449
Intersection,TROLL AVE N AND N 34TH ST,2,Injury Collision,Cycles,3,0,1,1,1,0,0,2016-08-26T00:00:00.000Z,8/26/2016 5:26:00 PM,At Intersection (intersection related),18.0,"MOTOR VEHICLE STRUCK PEDALCYCLIST, FRONT END AT ANGLE",Y,N,Clear or Partly Cloudy,Dry,Daylight,,,45,Vehicle - Pedalcyclist,0,N,Washington,47.64924012162934,-122.34741874332344
Block,N 50TH ST BETWEEN PHINNEY E AVE N AND DAYTON AVE N,2,Injury Collision,Cycles,3,0,1,2,1,0,0,2016-10-10T00:00:00.000Z,10/10/2016 9:00:00 AM,Mid-Block (not related to intersection),14.0,"MOTOR VEHICLE STRUCK MOTOR VEHICLE, REAR END",Y,N,Clear or Partly Cloudy,Dry,Dawn,Y,,45,Vehicle - Pedalcyclist,0,N,Washington,47.66501850081254,-122.35333735105206
Intersection,8TH AVE NW AND NW 45TH ST,2,Injury Collision,Cycles,2,0,1,1,1,0,0,2016-11-18T00:00:00.000Z,11/18/2016 11:49:00 PM,At Intersection (intersection related),51.0,PEDALCYCLIST STRUCK MOTOR VEHICLE FRONT END AT ANGLE,Y,N,Overcast,Dry,Dark - Street Lights On,,,45,Vehicle - Pedalcyclist,0,N,Washington,47.66146109807314,-122.36617373625165
Block,E MADISON ST BETWEEN 39TH AVE E AND MCGILVRA S BV E,1,Property Damage Only Collision,Cycles,2,0,1,1,0,0,0,2016-10-07T00:00:00.000Z,10/7/2016 5:20:00 PM,Mid-Block (not related to intersection),18.0,"MOTOR VEHICLE STRUCK PEDALCYCLIST, FRONT END AT ANGLE",,N,Clear or Partly Cloudy,Dry,Daylight,,,45,Vehicle - Pedalcyclist,0,N,Washington,47.632996073005934,-122.28213287037116
Intersection,ALASKAN WAY S AND S MAIN ST,2,Injury Collision,Cycles,2,0,1,1,1,0,0,2016-09-12T00:00:00.000Z,9/12/2016 5:29:00 PM,At Intersection (intersection related),18.0,"MOTOR VEHICLE STRUCK PEDALCYCLIST, FRONT END AT ANGLE",,N,Clear or Partly Cloudy,Dry,Daylight,Y,,45,Vehicle - Pedalcyclist,0,N,Washington,47.60004611083184,-122.33591076464307
Block,STEWART ST BETWEEN MINOR AVE AND YALE AVE,2,Injury Collision,Cycles,2,0,1,1,1,0,0,2016-09-19T00:00:00.000Z,9/19/2016 6:45:00 PM,Mid-Block (not related to intersection),18.0,"MOTOR VEHICLE STRUCK PEDALCYCLIST, FRONT END AT ANGLE",,N,Clear or Partly Cloudy,Dry,Dusk,Y,,45,Vehicle - Pedalcyclist,0,N,Washington,47.61794061906912,-122.33143031493555
Block,JAMES ST BETWEEN YESLER WAY AND 2ND AVE,2,Injury Collision,Cycles,3,0,1,1,1,0,0,2016-10-25T00:00:00.000Z,10/25/2016 5:23:00 PM,Mid-Block (but intersection related),11.0,"MOTOR VEHICLE STRUCK MOTOR VEHICLE, FRONT END AT ANGLE",Y,N,Clear or Partly Cloudy,Dry,Daylight,,,45,Vehicle - Pedalcyclist,0,N,Washington,47.602015334685184,-122.33321300673904
Block,LAKE WASHINGTON BLVD BETWEEN MADRONA DR AND E OLIVE LN,2,Injury Collision,Cycles,1,0,1,1,1,0,0,2016-09-22T00:00:00.000Z,9/22/2016 12:50:00 PM,Mid-Block (not related to intersection),18.0,"MOTOR VEHICLE STRUCK PEDALCYCLIST, FRONT END AT ANGLE",,N,Clear or Partly Cloudy,Dry,Daylight,,,45,Vehicle - Pedalcyclist,0,N,Washington,47.61427162614298,-122.28165071955047
Intersection,ADMIRAL AVALON RP AND SW ADMIRAL WAY,2,Injury Collision,Cycles,2,0,1,1,1,0,0,2016-09-20T00:00:00.000Z,9/20/2016 2:55:00 PM,At Intersection (but not related to intersection),18.0,"MOTOR VEHICLE STRUCK PEDALCYCLIST, FRONT END AT ANGLE",Y,N,Clear or Partly Cloudy,Dry,Daylight,,,45,Vehicle - Pedalcyclist,0,N,Washington,47.57147661645102,-122.37131991732576
Intersection,BROADWAY AND E UNION ST,2,Injury Collision,Cycles,1,0,1,1,1,0,0,2016-09-12T00:00:00.000Z,9/12/2016 12:45:00 PM,At Intersection (intersection related),18.0,"MOTOR VEHICLE STRUCK PEDALCYCLIST, FRONT END AT ANGLE",Y,N,Clear or Partly Cloudy,Dry,Daylight,,,45,Vehicle - Pedalcyclist,0,N,Washington,47.612963362786935,-122.32076237817628
Intersection,15TH AVE NW AND NW 80TH ST,2,Injury Collision,Cycles,2,0,1,1,1,0,0,2016-09-12T00:00:00.000Z,9/12/2016 4:37:00 PM,At Intersection (intersection related),18.0,"MOTOR VEHICLE STRUCK PEDALCYCLIST, FRONT END AT ANGLE",,N,Clear or Partly Cloudy,Dry,Daylight,,,45,Vehicle - Pedalcyclist,0,N,Washington,47.6868781307594,-122.37679291618136
Intersection,STONE WAY N AND N 35TH ST,2,Injury Collision,Left Turn,1,0,1,1,1,0,0,2016-10-03T00:00:00.000Z,10/3/2016 6:07:00 PM,At Intersection (intersection related),18.0,"MOTOR VEHICLE STRUCK PEDALCYCLIST, FRONT END AT ANGLE",Y,N,Clear or Partly Cloudy,Dry,Daylight,,,28,From opposite direction - one left turn - one straight,0,N,Washington,47.64941986653472,-122.34273258653992