addrtype,location,severitycode,severitydesc,collisiontype,personcount,pedcount,pedcylcount,vehcount,injuries,seriousinjuries,fatalities,incdate,incdttm,junctiontype,sdot_colcode,sdot_coldesc,inattentionind,underinfl,weather,roadcond,lightcond,pedrownotgrnt,speeding,st_colcode,st_coldesc,crosswalkkey,hitparkedcar,state,latitude,longitude
Intersection,9TH AVE N AND MERCER SR ST,2b,Serious Injury Collision,Cycles,2,0,1,1,1,1,0,2016-09-23T00:00:00.000Z,9/23/2016 8:20:00 AM,At Intersection (intersection related),18.0,"MOTOR VEHICLE STRUCK PEDALCYCLIST, FRONT END AT ANGLE",Y,N,Overcast,Dry,Daylight,,,45,Vehicle - Pedalcyclist,523120,N,Washington,47.62454415652432,-122.33974058588238
Intersection,S HOLGATE BR AND S HOLGATE ST,2,Injury Collision,Cycles,1,0,1,1,1,0,0,2016-10-18T00:00:00.000Z,10/18/2016 7:01:00 AM,At Intersection (intersection related),18.0,"MOTOR VEHICLE STRUCK PEDALCYCLIST, FRONT END AT ANGLE",,N,Raining,Wet,Dawn,,,45,Vehicle - Pedalcyclist,0,N,Washington,47.58610116848607,-122.32350057816507
Block,BROADWAY BETWEEN E PIKE ST AND E PINE ST,2,Injury Collision,Cycles,1,0,1,1,1,0,0,2016-10-06T00:00:00.000Z,10/6/2016 4:18:00 PM,Driveway Junction,18.0,"MOTOR VEHICLE STRUCK PEDALCYCLIST, FRONT END AT ANGLE",,N,Overcast,Wet,Daylight,,,45,Vehicle - Pedalcyclist,0,N,Washington,47.61465412128639,-122.32078948868036
Block,4TH AVE S BETWEEN S MASSACHUSETTS ST AND S HOLGATE ST,2,Injury Collision,Cycles,3,0,1,1,1,0,0,2016-09-13T00:00:00.000Z,9/13/2016 1:53:00 PM,Driveway Junction,24.0,MOTOR VEHCILE STRUCK PEDESTRIAN,,N,Clear or Partly Cloudy,Dry,Daylight,Y,,45,Vehicle - Pedalcyclist,0,N,Washington,47.58719993157639,-122.32905681848263
Intersection,20TH AVE AND E MADISON ST,2,Injury Collision,Cycles,2,0,1,1,1,0,0,2016-09-28T00:00:00.000Z,9/28/2016 10:55:00 AM,At Intersection (intersection related),11.0,"MOTOR VEHICLE STRUCK MOTOR VEHICLE, FRONT END AT ANGLE",,N,Clear or Partly Cloudy,Dry,Daylight,,,45,Vehicle - Pedalcyclist,0,N,Washington,47.617263315915444,-122.3061364414528
Block,BROADWAY BETWEEN E PINE ST AND XW E OLIVE ST,2,Injury Collision,Cycles,1,0,1,0,1,0,0,2016-09-08T00:00:00.000Z,9/8/2016 7:45:00 AM,Mid-Block (not related to intersection),26.0,MOTOR VEHICLE STRUCK OBJECT IN ROAD,,N,Overcast,Wet,Daylight,,,45,Vehicle - Pedalcyclist,0,N,Washington,47.61581794679922,-122.32080786644516
Intersection,MAYNARD AVE S AND S DEARBORN ST,2,Injury Collision,Cycles,2,0,1,1,1,0,0,2016-09-12T00:00:00.000Z,9/12/2016 5:19:00 PM,At Intersection (intersection related),51.0,PEDALCYCLIST STRUCK MOTOR VEHICLE FRONT END AT ANGLE,Y,N,Clear or Partly Cloudy,Dry,Daylight,,,45,Vehicle - Pedalcyclist,524920,N,Washington,47.595835342589986,-122.32506845117202
Block,12TH AVE BETWEEN E REMINGTON CT AND E JEFFERSON ST,2,Injury Collision,Cycles,1,0,1,1,1,0,0,2016-11-08T00:00:00.000Z,11/8/2016 5:34:00 PM,Driveway Junction,18.0,"MOTOR VEHICLE STRUCK PEDALCYCLIST, FRONT END AT ANGLE",Y,N,Clear or Partly Cloudy,Dry,Dusk,,,45,Vehicle - Pedalcyclist,0,N,Washington,47.60588380033929,-122.31678057657798
Block,N NORTHGATE WAY BETWEEN CORLISS AVE N AND 1ST AVE NE,2,Injury Collision,Cycles,2,0,1,1,1,0,0,2016-10-24T00:00:00.000Z,10/24/2016 10:53:00 AM,Mid-Block (not related to intersection),18.0,"MOTOR VEHICLE STRUCK PEDALCYCLIST, FRONT END AT ANGLE",,N,Clear or Partly Cloudy,Dry,Daylight,,,45,Vehicle - Pedalcyclist,0,N,Washington,47.70863744809575,-122.32997598594513
Intersection,AURORA AVE N AND N 91ST ST,2,Injury Collision,Cycles,2,0,1,1,1,0,0,2016-11-23T00:00:00.000Z,11/23/2016 12:07:00 PM,At Intersection (intersection related),18.0,"MOTOR VEHICLE STRUCK PEDALCYCLIST, FRONT END AT ANGLE",,N,Overcast,Dry,Daylight,,,45,Vehicle - Pedalcyclist,0,N,Washington,47.694910256543295,-122.34457358072152
Intersection,SUMMIT AVE AND E PINE ST,2,Injury Collision,Cycles,2,1,1,0,1,0,0,2017-01-22T00:00:00.000Z,1/22/2017 1:30:00 PM,At Intersection (intersection related),64.0,PEDALCYCLIST STRUCK PEDESTRIAN,,N,Overcast,Wet,Daylight,,,45,Vehicle - Pedalcyclist,631183,N,Washington,47.615218748198224,-122.32552884050469
Block,E UNION ST BETWEEN 21ST AVE AND 22ND AVE,2,Injury Collision,Cycles,2,0,1,1,1,0,0,2017-01-02T00:00:00.000Z,1/2/2017 5:38:00 PM,Mid-Block (not related to intersection),18.0,"MOTOR VEHICLE STRUCK PEDALCYCLIST, FRONT END AT ANGLE",,N,Clear or Partly Cloudy,Dry,Dark - Street Lights On,Y,,45,Vehicle - Pedalcyclist,0,N,Washington,47.61292718104388,-122.30429445281605
Intersection,15TH AVE NE AND NE PACIFIC ST,2,Injury Collision,Cycles,2,0,1,1,1,0,0,2016-10-18T00:00:00.000Z,10/18/2016 10:45:00 AM,At Intersection (intersection related),18.0,"MOTOR VEHICLE STRUCK PEDALCYCLIST, FRONT END AT ANGLE",Y,N,Clear or Partly Cloudy,Dry,Daylight,Y,,45,Vehicle - Pedalcyclist,520838,N,Washington,47.65297596413605,-122.31246414473328
Intersection,BURKE GILMAN TRL AND NE 70TH ST,1,Property Damage Only Collision,Cycles,2,0,1,1,0,0,0,2016-10-29T00:00:00.000Z,10/29/2016 5:45:00 PM,At Intersection (intersection related),18.0,"MOTOR VEHICLE STRUCK PEDALCYCLIST, FRONT END AT ANGLE",,N,Other,Unknown,Dusk,,,45,Vehicle - Pedalcyclist,524581,N,Washington,47.67937219886514,-122.2653146199442
Intersection,STEWART ST AND WESTLAKE AVE,2,Injury Collision,Cycles,2,0,1,1,1,0,0,2016-10-11T00:00:00.000Z,10/11/2016 3:00:00 PM,At Intersection (intersection related),18.0,"MOTOR VEHICLE STRUCK PEDALCYCLIST, FRONT END AT ANGLE",,N,Clear or Partly Cloudy,Dry,Daylight,,,45,Vehicle - Pedalcyclist,0,N,Washington,47.61330060878619,-122.33743123383476
Block,1ST AVE BETWEEN PIKE ST AND PINE ST,1,Property Damage Only Collision,Cycles,2,0,1,1,0,0,0,2016-08-12T00:00:00.000Z,8/12/2016 1:24:00 PM,Mid-Block (not related to intersection),18.0,"MOTOR VEHICLE STRUCK PEDALCYCLIST, FRONT END AT ANGLE",Y,N,Clear or Partly Cloudy,Dry,Daylight,,,45,Vehicle - Pedalcyclist,0,N,Washington,47.609316432758405,-122.3404666674587
Block,GREENWOOD AVE N BETWEEN N 85TH ST AND N 87TH ST,2,Injury Collision,Cycles,2,0,1,1,1,0,0,2016-08-30T00:00:00.000Z,8/30/2016 12:40:00 PM,Mid-Block (not related to intersection),23.0,"MOTOR VEHICLE STRUCK PEDALCYCLIST, LEFT SIDE SIDESWIPE",,N,Clear or Partly Cloudy,Dry,Daylight,,,45,Vehicle - Pedalcyclist,0,N,Washington,47.69150543506142,-122.35530634648184
Intersection,LEARY WAY NW AND NW BOWDOIN N PL,2b,Serious Injury Collision,Cycles,2,0,1,1,1,1,0,2016-10-13T00:00:00.000Z,10/13/2016 8:00:00 AM,At Intersection (intersection related),18.0,"MOTOR VEHICLE STRUCK PEDALCYCLIST, FRONT END AT ANGLE",,N,Raining,Wet,Daylight,Y,,45,Vehicle - Pedalcyclist,0,N,Washington,47.65518843114464,-122.36107153858542
Block,8TH AVE NW BETWEEN NW 87TH ST AND NW 88TH ST,2,Injury Collision,Cycles,2,0,1,1,1,0,0,2016-08-19T00:00:00.000Z,8/19/2016 1:00:00 PM,Mid-Block (not related to intersection),51.0,PEDALCYCLIST STRUCK MOTOR VEHICLE FRONT END AT ANGLE,,N,Unknown,Unknown,Daylight,,,45,Vehicle - Pedalcyclist,0,N,Washington,47.692445546543844,-122.36600335306822
Block,NE 55TH ST BETWEEN 45TH AVE NE AND NE TULANE PL,2b,Serious Injury Collision,Cycles,2,1,1,0,1,1,0,2016-09-16T00:00:00.000Z,9/16/2016 7:55:00 PM,Mid-Block (not related to intersection),64.0,PEDALCYCLIST STRUCK PEDESTRIAN,,N,Clear or Partly Cloudy,Dry,Dark - Street Lights On,,,45,Vehicle - Pedalcyclist,0,N,Washington,47.669158867794415,-122.27861440897614
Intersection,6TH AVE NW AND NW 85TH ST,2,Injury Collision,Cycles,3,0,1,1,1,0,0,2016-09-19T00:00:00.000Z,9/19/2016 3:20:00 PM,At Intersection (intersection related),18.0,"MOTOR VEHICLE STRUCK PEDALCYCLIST, FRONT END AT ANGLE",,N,Clear or Partly Cloudy,Dry,Daylight,,Y,45,Vehicle - Pedalcyclist,37182,N,Washington,47.69064043603715,-122.36332043234323
Block,RAINIER AVE S BETWEEN S COLLEGE N ST AND S COLLEGE S ST,2,Injury Collision,Cycles,1,0,1,1,1,0,0,2016-09-29T00:00:00.000Z,9/29/2016 6:27:00 PM,Driveway Junction,18.0,"MOTOR VEHICLE STRUCK PEDALCYCLIST, FRONT END AT ANGLE",,N,Clear or Partly Cloudy,Dry,Daylight,Y,,45,Vehicle - Pedalcyclist,0,N,Washington,47.5829553356958,-122.30166480087208
Block,S HENDERSON ST BETWEEN RAINIER AVE S AND 53RD AVE S,1,Property Damage Only Collision,Cycles,2,0,1,1,0,0,0,2016-09-14T00:00:00.000Z,9/14/2016 7:42:00 AM,Driveway Junction,18.0,"MOTOR VEHICLE STRUCK PEDALCYCLIST, FRONT END AT ANGLE",,N,Clear or Partly Cloudy,Dry,Daylight,,,45,Vehicle - Pedalcyclist,0,N,Washington,47.52330258244626,-122.26816089597729
Intersection,3RD AVE W AND W CREMONA ST,2,Injury Collision,Cycles,1,0,1,1,1,0,0,2016-09-30T00:00:00.000Z,9/30/2016 1:26:00 PM,At Intersection (intersection related),18.0,"MOTOR VEHICLE STRUCK PEDALCYCLIST, FRONT END AT ANGLE",,N,Clear or Partly Cloudy,Dry,Daylight,,,45,Vehicle - Pedalcyclist,0,N,Washington,47.64954528855837,-122.3608825936056
Block,ELLIOTT AVE W BETWEEN W GALER ST FLYOVER AND W GALER ST,2b,Serious Injury Collision,Cycles,2,0,1,1,1,1,0,2016-10-17T00:00:00.000Z,10/17/2016 5:31:00 PM,Mid-Block (not related to intersection),11.0,"MOTOR VEHICLE STRUCK MOTOR VEHICLE, FRONT END AT ANGLE",Y,N,Clear or Partly Cloudy,Dry,Daylight,,,45,Vehicle - Pedalcyclist,0,N,Washington,47.631861623343255,-122.37515622851562
Intersection,5TH AVE AND WALL ST,2,Injury Collision,Cycles,2,1,1,0,1,0,0,2016-08-31T00:00:00.000Z,8/31/2016 11:31:00 AM,At Intersection (intersection related),64.0,PEDALCYCLIST STRUCK PEDESTRIAN,,N,Overcast,Dry,Daylight,Y,,45,Vehicle - Pedalcyclist,523884,N,Washington,47.61735578424798,-122.34531173833929
Intersection,PHINNEY AVE N AND N 65TH ST,2,Injury Collision,Cycles,2,0,1,1,1,0,0,2016-10-04T00:00:00.000Z,10/4/2016 6:55:00 PM,At Intersection (intersection related),51.0,PEDALCYCLIST STRUCK MOTOR VEHICLE FRONT END AT ANGLE,Y,N,Raining,Wet,Dark - Street Lights On,Y,,45,Vehicle - Pedalcyclist,0,N,Washington,47.67602257015706,-122.3543532189687
Block,TAYLOR AVE N BETWEEN ALOHA ST AND WARD PL,2,Injury Collision,Cycles,2,0,1,1,1,0,0,2016-08-11T00:00:00.000Z,8/11/2016 9:07:00 PM,Mid-Block (not related to intersection),21.0,"MOTOR VEHICLE STRUCK PEDALCYCLIST, REAR END",,N,Clear or Partly Cloudy,Dry,Dark - Street Lights On,,Y,45,Vehicle - Pedalcyclist,0,N,Washington,47.627274834324105,-122.3462437216086
Block,20TH AVE NE BETWEEN NE 50TH ST AND NE 52ND ST,2,Injury Collision,Cycles,2,0,1,1,1,0,0,2016-08-29T00:00:00.000Z,8/29/2016 5:43:00 PM,Driveway Junction,18.0,"MOTOR VEHICLE STRUCK PEDALCYCLIST, FRONT END AT ANGLE",Y,N,Clear or Partly Cloudy,Dry,Daylight,,,45,Vehicle - Pedalcyclist,0,N,Washington,47.665638791822616,-122.30650234744063
Intersection,12TH AVE AND E DENNY WAY,2,Injury Collision,Cycles,2,0,1,1,1,0,0,2016-09-17T00:00:00.000Z,9/17/2016 11:37:00 PM,At Intersection (intersection related),18.0,"MOTOR VEHICLE STRUCK PEDALCYCLIST, FRONT END AT ANGLE",,Y,Raining,Wet,Dark - Street Lights On,,,45,Vehicle - Pedalcyclist,0,N,Washington,47.618768448662394,-122.31690986984665
Block,6TH AVE BETWEEN WESTLAKE AVE AND VIRGINIA ST,2,Injury Collision,Cycles,1,0,1,1,1,0,0,2016-09-22T00:00:00.000Z,9/22/2016 7:59:00 PM,Mid-Block (not related to intersection),51.0,PEDALCYCLIST STRUCK MOTOR VEHICLE FRONT END AT ANGLE,,N,Clear or Partly Cloudy,Dry,Dark - Street Lights On,,,45,Vehicle - Pedalcyclist,0,N,Washington,47.61416828954279,-122.33793725023146
Block,BROADWAY BETWEEN MARION ST AND MADISON ST,1,Property Damage Only Collision,Cycles,2,0,1,1,0,0,0,2016-08-14T00:00:00.000Z,8/14/2016 6:54:00 PM,Driveway Junction,18.0,"MOTOR VEHICLE STRUCK PEDALCYCLIST, FRONT END AT ANGLE",,N,Clear or Partly Cloudy,Dry,Daylight,,,45,Vehicle - Pedalcyclist,0,N,Washington,47.610675068237384,-122.3207593142374
Intersection,3RD AVE NW AND NW 90TH ST,2,Injury Collision,Cycles,3,0,1,1,1,0,0,2016-10-04T00:00:00.000Z,10/4/2016 7:36:00 PM,At Intersection (intersection related),18.0,"MOTOR VEHICLE STRUCK PEDALCYCLIST, FRONT END AT ANGLE",,N,Raining,Wet,Dark - Street Lights On,Y,,45,Vehicle - Pedalcyclist,0,N,Washington,47.69423862139911,-122.36067667376949
Intersection,THORNDYKE AVE W AND THORNDYKE PL W,2,Injury Collision,Cycles,2,0,1,1,1,0,0,2016-10-11T00:00:00.000Z,10/11/2016 11:27:00 AM,At Intersection (intersection related),51.0,PEDALCYCLIST STRUCK MOTOR VEHICLE FRONT END AT ANGLE,,N,Clear or Partly Cloudy,Dry,Daylight,,,45,Vehicle - Pedalcyclist,0,N,Washington,47.639350811659156,-122.3872530121332
Block,DEXTER AVE N BETWEEN PROSPECT ST AND HIGHLAND DR,2,Injury Collision,Cycles,2,1,1,0,1,0,0,2016-08-24T00:00:00.000Z,8/24/2016 8:12:00 AM,,0.0,NOT ENOUGH INFORMATION / NOT APPLICABLE,Y,N,Clear or Partly Cloudy,Dry,Daylight,,,45,Vehicle - Pedalcyclist,0,N,Washington,47.6293040134432,-122.34230734794379
Block,N 80TH ST BETWEEN DAYTON AVE N AND FREMONT AVE N,2,Injury Collision,Cycles,3,0,1,1,1,0,0,2016-09-10T00:00:00.000Z,9/10/2016 9:45:00 AM,Mid-Block (not related to intersection),18.0,"MOTOR VEHICLE STRUCK PEDALCYCLIST, FRONT END AT ANGLE",Y,N,Clear or Partly Cloudy,Dry,Daylight,,,45,Vehicle - Pedalcyclist,0,N,Washington,47.68693981343847,-122.35125477592287
Block,AURORA AVE N BETWEEN N NORTHGATE WAY AND N 107TH S ST,2,Injury Collision,Cycles,2,0,1,1,1,0,0,2016-10-07T00:00:00.000Z,10/7/2016 1:41:00 PM,Driveway Junction,18.0,"MOTOR VEHICLE STRUCK PEDALCYCLIST, FRONT END AT ANGLE",,N,Clear or Partly Cloudy,Dry,Daylight,,,45,Vehicle - Pedalcyclist,0,N,Washington,47.70579719971895,-122.34470639687115
Intersection,GREEN LAKE DR N AND STONE AVE N,2,Injury Collision,Cycles,2,0,1,1,1,0,0,2016-09-05T00:00:00.000Z,9/5/2016 4:37:00 PM,At Intersection (intersection related),21.0,"MOTOR VEHICLE STRUCK PEDALCYCLIST, REAR END",Y,N,Overcast,Dry,Daylight,,,45,Vehicle - Pedalcyclist,0,N,Washington,47.68765671001114,-122.34180961706612
Intersection,30TH AVE NE AND LAKE CITY N WAY NE,1,Property Damage Only Collision,Cycles,2,0,1,1,0,0,0,2016-09-02T00:00:00.000Z,9/2/2016 5:57:00 AM,At Intersection (intersection related),23.0,"MOTOR VEHICLE STRUCK PEDALCYCLIST, LEFT SIDE SIDESWIPE",,N,Overcast,Dry,Dawn,,,45,Vehicle - Pedalcyclist,521370,N,Washington,47.71764179974454,-122.29620135863883
Alley,,2,Injury Collision,Cycles,3,0,1,1,1,0,0,2016-09-29T00:00:00.000Z,9/29/2016 3:11:00 PM,,0.0,NOT ENOUGH INFORMATION / NOT APPLICABLE,,N,Clear or Partly Cloudy,Dry,Daylight,,,45,Vehicle - Pedalcyclist,0,N,Washington,,
Block,DEXTER AVE N BETWEEN WARD ST AND PROSPECT ST,2b,Serious Injury Collision,Cycles,2,0,1,1,1,1,0,2016-08-30T00:00:00.000Z,8/30/2016 5:52:00 PM,Mid-Block (not related to intersection),18.0,"MOTOR VEHICLE STRUCK PEDALCYCLIST, FRONT END AT ANGLE",,N,Clear or Partly Cloudy,Dry,Daylight,Y,,45,Vehicle - Pedalcyclist,0,N,Washington,,
Block,DENNY WAY BETWEEN 3RD AVE AND BROAD ST,2,Injury Collision,Cycles,2,0,1,1,1,0,0,2016-08-20T00:00:00.000Z,8/20/2016 10:31:00 PM,Mid-Block (not related to intersection),14.0,"MOTOR VEHICLE STRUCK MOTOR VEHICLE, REAR END",Y,N,Clear or Partly Cloudy,Dry,Dark - Street Lights On,,,45,Vehicle - Pedalcyclist,0,N,Washington,47.618584169680815,-122.35085970969001
Block,15TH AVE W BETWEEN W BERTONA ST AND W RUFFNER ST,2,Injury Collision,Cycles,1,0,1,0,1,0,0,2016-09-09T00:00:00.000Z,9/9/2016 9:10:00 PM,Mid-Block (not related to intersection),26.0,MOTOR VEHICLE STRUCK OBJECT IN ROAD,,N,Clear or Partly Cloudy,Dry,Daylight,,,45,Vehicle - Pedalcyclist,0,N,Washington,47.651253136359216,-122.37625597968008
Intersection,MERIDIAN AVE N AND N NORTHLAKE WAY,2,Injury Collision,Cycles,2,0,1,1,1,0,0,2016-09-22T00:00:00.000Z,9/22/2016 7:45:00 AM,At Intersection (intersection related),18.0,"MOTOR VEHICLE STRUCK PEDALCYCLIST, FRONT END AT ANGLE",,N,Clear or Partly Cloudy,Dry,Daylight,,,45,Vehicle - Pedalcyclist,630857,N,Washington,47.64686730963511,-122.33392663488449
Intersection,EASTERN AVE N AND N 45TH ST,2,Injury Collision,Cycles,2,0,1,1,1,0,0,2016-09-20T00:00:00.000Z,9/20/2016 4:45:00 PM,At Intersection (intersection related),18.0,"MOTOR VEHICLE STRUCK PEDALCYCLIST, FRONT END AT ANGLE",,N,Clear or Partly Cloudy,Dry,Daylight,,,45,Vehicle - Pedalcyclist,0,N,Washington,47.66136334713843,-122.32896932550615
Intersection,26TH AVE AND E JEFFERSON ST,2,Injury Collision,Cycles,2,0,1,1,1,0,0,2016-10-24T00:00:00.000Z,10/24/2016 5:48:00 PM,At Intersection (intersection related),18.0,"MOTOR VEHICLE STRUCK PEDALCYCLIST, FRONT END AT ANGLE",,N,Overcast,Wet,Dusk,,,45,Vehicle - Pedalcyclist,0,N,Washington,47.606173782100925,-122.29889651142857
Block,PINE ST BETWEEN MINOR AVE AND MELROSE AVE,2,Injury Collision,Cycles,3,0,1,1,1,0,0,2016-10-14T00:00:00.000Z,10/14/2016 9:11:00 AM,Driveway Junction,18.0,"MOTOR VEHICLE STRUCK PEDALCYCLIST, FRONT END AT ANGLE",,N,Raining,Wet,Daylight,,,45,Vehicle - Pedalcyclist,0,N,Washington,47.615080654580574,-122.3283108768688
Intersection,1ST AVE S AND S WASHINGTON ST,2,Injury Collision,Cycles,1,0,1,1,1,0,0,2016-11-04T00:00:00.000Z,11/4/2016 11:56:00 AM,At Intersection (intersection related),18.0,"MOTOR VEHICLE STRUCK PEDALCYCLIST, FRONT END AT ANGLE",,N,Clear or Partly Cloudy,Dry,Daylight,,,45,Vehicle - Pedalcyclist,0,N,Washington,47.600883183760786,-122.334181526414
Block,S ROYAL BROUGHAM WAY BETWEEN ALASKAN WAY S AND ALASKAN E RDWY WAY S,2,Injury Collision,Cycles,2,0,1,1,1,0,0,2016-08-15T00:00:00.000Z,8/15/2016 1:10:00 PM,Mid-Block (not related to intersection),51.0,PEDALCYCLIST STRUCK MOTOR VEHICLE FRONT END AT ANGLE,,N,Clear or Partly Cloudy,Dry,Daylight,,,45,Vehicle - Pedalcyclist,0,N,Washington,,
Intersection,54TH AVE S AND S GRATTAN W ST,2,Injury Collision,Cycles,1,0,1,1,1,0,0,2016-09-22T00:00:00.000Z,9/22/2016 5:42:00 PM,At Intersection (but not related to intersection),18.0,"MOTOR VEHICLE STRUCK PEDALCYCLIST, FRONT END AT ANGLE",,N,Clear or Partly Cloudy,Dry,Daylight,,,45,Vehicle - Pedalcyclist,0,N,Washington,47.52851273099393,-122.26519552813022
Intersection,15TH AVE NE AND NE PACIFIC ST,2,Injury Collision,Cycles,2,0,1,1,1,0,0,2016-08-16T00:00:00.000Z,8/16/2016 5:27:00 AM,At Intersection (intersection related),51.0,PEDALCYCLIST STRUCK MOTOR VEHICLE FRONT END AT ANGLE,Y,N,Clear or Partly Cloudy,Dry,Dark - Street Lights On,,,45,Vehicle - Pedalcyclist,520838,N,Washington,47.65297596413605,-122.31246414473328
Intersection,BEACON ER AVE S AND CHEASTY BLVD S,2,Injury Collision,Cycles,2,0,1,1,1,0,0,2016-10-19T00:00:00.000Z,10/19/2016 8:28:00 AM,At Intersection (intersection related),18.0,"MOTOR VEHICLE STRUCK PEDALCYCLIST, FRONT END AT ANGLE",Y,N,Overcast,Wet,Daylight,Y,,45,Vehicle - Pedalcyclist,0,N,Washington,47.56120845583779,-122.30485933260609
Intersection,14TH AVE AND E MADISON ST,2,Injury Collision,Cycles,1,0,1,1,1,0,0,2016-10-07T00:00:00.000Z,10/7/2016 2:35:00 PM,At Intersection (intersection related),18.0,"MOTOR VEHICLE STRUCK PEDALCYCLIST, FRONT END AT ANGLE",Y,N,Clear or Partly Cloudy,Dry,Daylight,,,45,Vehicle - Pedalcyclist,0,N,Washington,47.61389492311546,-122.3142204342128
Block,NE 125TH ST BETWEEN ROOSEVELT N WAY NE AND NE 125TH SR ST,2,Injury Collision,Cycles,1,0,1,1,1,0,0,2016-09-21T00:00:00.000Z,9/21/2016 8:00:00 AM,Mid-Block (but intersection related),18.0,"MOTOR VEHICLE STRUCK PEDALCYCLIST, FRONT END AT ANGLE",,N,Clear or Partly Cloudy,Dry,Daylight,,,45,Vehicle - Pedalcyclist,0,N,Washington,47.7196591664223,-122.3179127008392
Intersection,FREMONT AVE N AND N 41ST ST,2,Injury Collision,Cycles,4,0,1,1,1,0,0,2016-09-06T00:00:00.000Z,9/6/2016 3:58:00 PM,At Intersection (intersection related),18.0,"MOTOR VEHICLE STRUCK PEDALCYCLIST, FRONT END AT ANGLE",Y,N,Clear or Partly Cloudy,Dry,Daylight,,,45,Vehicle - Pedalcyclist,0,N,Washington,47.65666292389746,-122.34994844056598
Intersection,15TH AVE S AND S NEVADA ST,2,Injury Collision,Cycles,2,0,1,1,1,0,0,2016-09-30T00:00:00.000Z,9/30/2016 4:15:00 PM,At Intersection (intersection related),18.0,"MOTOR VEHICLE STRUCK PEDALCYCLIST, FRONT END AT ANGLE",Y,N,Clear or Partly Cloudy,Dry,Daylight,,,45,Vehicle - Pedalcyclist,32298,N,Washington,47.5653211831742,-122.31349054317933
Intersection,RAINIER AVE S AND S WALKER ST,1,Property Damage Only Collision,Cycles,2,0,1,1,0,0,0,2016-10-26T00:00:00.000Z,10/26/2016 4:53:00 PM,At Intersection (intersection related),18.0,"MOTOR VEHICLE STRUCK PEDALCYCLIST, FRONT END AT ANGLE",,N,Raining,Wet,Daylight,Y,,45,Vehicle - Pedalcyclist,31563,N,Washington,47.583656396396215,-122.30219857807688
Block,BELL ST BETWEEN 6TH AVE AND 7TH AVE,1,Property Damage Only Collision,Cycles,2,0,1,1,0,0,0,2016-10-06T00:00:00.000Z,10/6/2016 5:20:00 PM,Mid-Block (not related to intersection),0.0,NOT ENOUGH INFORMATION / NOT APPLICABLE,,N,Overcast,Dry,Daylight,,,45,Vehicle - Pedalcyclist,0,Y,Washington,47.617029556732334,-122.34178552386508
Block,15TH AVE E BETWEEN E HARRISON S ST AND E HARRISON N ST,1,Property Damage Only Collision,Cycles,2,0,1,1,0,0,0,2016-08-18T00:00:00.000Z,8/18/2016 4:00:00 PM,Mid-Block (not related to intersection),0.0,NOT ENOUGH INFORMATION / NOT APPLICABLE,,N,Clear or Partly Cloudy,Dry,Daylight,,,45,Vehicle - Pedalcyclist,0,N,Washington,47.62201610504006,-122.31264321774141
Intersection,6TH AVE AND UNIVERSITY ST,2,Injury Collision,Cycles,4,0,1,1,1,0,0,2016-09-22T00:00:00.000Z,9/22/2016 1:43:00 PM,At Intersection (intersection related),18.0,"MOTOR VEHICLE STRUCK PEDALCYCLIST, FRONT END AT ANGLE",,N,Clear or Partly Cloudy,Dry,Daylight,,,45,Vehicle - Pedalcyclist,0,N,Washington,47.60916022051629,-122.33264019500679
Intersection,25TH AVE SW AND SW BARTON ST,2,Injury Collision,Cycles,2,0,1,1,1,0,0,2016-09-03T00:00:00.000Z,9/3/2016 1:20:00 PM,At Intersection (intersection related),21.0,"MOTOR VEHICLE STRUCK PEDALCYCLIST, REAR END",,N,Clear or Partly Cloudy,Dry,Daylight,,,45,Vehicle - Pedalcyclist,0,N,Washington,47.521023292388975,-122.36454783752541
Intersection,HARVARD AVE AND E PIKE ST,1,Property Damage Only Collision,Cycles,2,0,1,1,0,0,0,2016-09-21T00:00:00.000Z,9/21/2016 12:43:00 PM,At Intersection (intersection related),18.0,"MOTOR VEHICLE STRUCK PEDALCYCLIST, FRONT END AT ANGLE",Y,N,Clear or Partly Cloudy,Dry,Daylight,Y,,45,Vehicle - Pedalcyclist,521655,N,Washington,47.614066196262954,-122.3221109248895
Block,39TH AVE S BETWEEN S OTHELLO ST AND S HOLLY PARK DR,2,Injury Collision,Cycles,3,0,1,1,1,0,0,2016-09-16T00:00:00.000Z,9/16/2016 7:26:00 PM,Mid-Block (not related to intersection),51.0,PEDALCYCLIST STRUCK MOTOR VEHICLE FRONT END AT ANGLE,,N,Overcast,Dry,Dusk,,,45,Vehicle - Pedalcyclist,0,N,Washington,47.53661587515489,-122.28338389662073
Intersection,13TH AVE W AND W NICKERSON ST,1,Property Damage Only Collision,Cycles,2,0,1,1,0,0,0,2016-09-28T00:00:00.000Z,9/28/2016 6:55:00 AM,At Intersection (intersection related),11.0,"MOTOR VEHICLE STRUCK MOTOR VEHICLE, FRONT END AT ANGLE",,N,Clear or Partly Cloudy,Dry,Daylight,,,45,Vehicle - Pedalcyclist,0,N,Washington,47.655513663979775,-122.37361083650083