addrtype,location,severitycode,severitydesc,collisiontype,personcount,pedcount,pedcylcount,vehcount,injuries,seriousinjuries,fatalities,incdate,incdttm,junctiontype,sdot_colcode,sdot_coldesc,inattentionind,underinfl,weather,roadcond,lightcond,pedrownotgrnt,speeding,st_colcode,st_coldesc,crosswalkkey,hitparkedcar,state,latitude,longitude
Intersection,2ND AV ET S AND S MAIN ST,2b,Serious Injury Collision,Cycles,2,0,1,1,1,1,0,2016-11-03T00:00:00.000Z,11/3/2016 6:54:00 PM,At Intersection (intersection related),18.0,"MOTOR VEHICLE STRUCK PEDALCYCLIST, FRONT END AT ANGLE",Y,N,Clear or Partly Cloudy,Dry,Dark - Street Lights On,,,45,Vehicle - Pedalcyclist,0,N,Washington,47.59999131452629,-122.33034244703664
Intersection,N 36TH ST AND N PACIFIC ST,2,Injury Collision,Cycles,2,0,1,1,1,0,0,2016-10-05T00:00:00.000Z,10/5/2016 5:00:00 PM,At Intersection (intersection related),18.0,"MOTOR VEHICLE STRUCK PEDALCYCLIST, FRONT END AT ANGLE",,N,Clear or Partly Cloudy,Dry,Daylight,,,45,Vehicle - Pedalcyclist,27273,N,Washington,47.65050201505337,-122.33154340410557
Block,ALKI AVE SW BETWEEN 56TH AVE SW AND 57TH AVE SW,2,Injury Collision,Cycles,2,0,1,1,1,0,0,2016-09-10T00:00:00.000Z,9/10/2016 6:01:00 PM,Mid-Block (not related to intersection),51.0,PEDALCYCLIST STRUCK MOTOR VEHICLE FRONT END AT ANGLE,,N,Clear or Partly Cloudy,Dry,Daylight,Y,,45,Vehicle - Pedalcyclist,0,N,Washington,47.581545883806925,-122.40458025711386
Intersection,EAST MARGINAL WAY S AND S HORTON ST,2,Injury Collision,Cycles,1,0,1,1,1,0,0,2016-11-15T00:00:00.000Z,11/15/2016 10:28:00 AM,At Intersection (intersection related),51.0,PEDALCYCLIST STRUCK MOTOR VEHICLE FRONT END AT ANGLE,,N,Clear or Partly Cloudy,Wet,Daylight,,,45,Vehicle - Pedalcyclist,0,N,Washington,47.5743884399963,-122.33993395817413
Block,BROOKLYN AVE NE BETWEEN NE PACIFIC ST AND NE 40TH ST,2,Injury Collision,Cycles,2,0,1,1,1,0,0,2016-10-19T00:00:00.000Z,10/19/2016 6:07:00 PM,Mid-Block (not related to intersection),18.0,"MOTOR VEHICLE STRUCK PEDALCYCLIST, FRONT END AT ANGLE",Y,N,Overcast,Wet,Dusk,Y,,45,Vehicle - Pedalcyclist,525567,N,Washington,47.65448187130049,-122.31446453691488
Intersection,JAMES ST AND MINOR AVE,2,Injury Collision,Cycles,2,0,1,1,1,0,0,2017-01-25T00:00:00.000Z,1/25/2017 7:45:00 AM,At Intersection (intersection related),18.0,"MOTOR VEHICLE STRUCK PEDALCYCLIST, FRONT END AT ANGLE",,N,Clear or Partly Cloudy,Dry,Daylight,,,45,Vehicle - Pedalcyclist,29813,N,Washington,47.606947338731956,-122.32142075995584
Block,LAKE WASHINGTON BLVD E BETWEEN E ROANOKE ST AND E LAKE WASHINGTON BLVD,2,Injury Collision,Cycles,2,0,1,1,1,0,0,2016-12-06T00:00:00.000Z,12/6/2016 4:45:00 PM,Mid-Block (not related to intersection),18.0,"MOTOR VEHICLE STRUCK PEDALCYCLIST, FRONT END AT ANGLE",,N,Overcast,Wet,Dark - Street Lights On,,,45,Vehicle - Pedalcyclist,28347,N,Washington,47.64366929208425,-122.29883427293227
Block,BROOKLYN AVE NE BETWEEN NE PACIFIC ST AND NE 40TH ST,2,Injury Collision,Cycles,2,0,1,1,1,0,0,2016-10-11T00:00:00.000Z,10/11/2016 8:44:00 AM,Mid-Block (not related to intersection),18.0,"MOTOR VEHICLE STRUCK PEDALCYCLIST, FRONT END AT ANGLE",,N,Clear or Partly Cloudy,Dry,Daylight,,,45,Vehicle - Pedalcyclist,525567,N,Washington,47.65448187130049,-122.31446453691488
Block,BROADWAY BETWEEN HARVARD AVE AND E UNION ST,2,Injury Collision,Cycles,2,0,1,1,1,0,0,2016-11-29T00:00:00.000Z,11/29/2016 8:31:00 PM,Driveway Junction,18.0,"MOTOR VEHICLE STRUCK PEDALCYCLIST, FRONT END AT ANGLE",Y,N,Clear or Partly Cloudy,Dry,Dark - Street Lights Off,,,45,Vehicle - Pedalcyclist,0,N,Washington,47.612109989989754,-122.32076121797354
Block,2ND AVE BETWEEN UNION ST AND PIKE ST,2,Injury Collision,Cycles,2,0,1,1,1,0,0,2016-11-15T00:00:00.000Z,11/15/2016 7:25:00 PM,Driveway Junction,18.0,"MOTOR VEHICLE STRUCK PEDALCYCLIST, FRONT END AT ANGLE",,N,Raining,Wet,Dark - Street Lights On,,,45,Vehicle - Pedalcyclist,0,N,Washington,47.60878749220817,-122.33844845839597
Intersection,SUMMIT AVE AND E PINE ST,2,Injury Collision,Cycles,2,0,1,1,1,0,0,2016-10-23T00:00:00.000Z,10/23/2016 10:08:00 AM,At Intersection (intersection related),51.0,PEDALCYCLIST STRUCK MOTOR VEHICLE FRONT END AT ANGLE,,N,Clear or Partly Cloudy,Wet,Daylight,,,45,Vehicle - Pedalcyclist,0,N,Washington,47.615218748198224,-122.32552884050469
Block,E PIKE ST BETWEEN BROADWAY AND 10TH AVE,2b,Serious Injury Collision,Cycles,2,0,1,1,1,1,0,2016-12-08T00:00:00.000Z,12/8/2016 1:11:00 PM,Mid-Block (not related to intersection),21.0,"MOTOR VEHICLE STRUCK PEDALCYCLIST, REAR END",Y,N,Clear or Partly Cloudy,Dry,Daylight,,Y,45,Vehicle - Pedalcyclist,0,N,Washington,47.61408040185108,-122.32011559554822
Intersection,BROADWAY AND E UNION ST,2,Injury Collision,Cycles,2,0,1,1,1,0,0,2016-12-12T00:00:00.000Z,12/12/2016 5:32:00 PM,At Intersection (intersection related),18.0,"MOTOR VEHICLE STRUCK PEDALCYCLIST, FRONT END AT ANGLE",,N,Clear or Partly Cloudy,Dry,Dark - Street Lights On,,,45,Vehicle - Pedalcyclist,0,N,Washington,47.612963362786935,-122.32076237817628
Intersection,15TH AVE S AND S DAWSON ST,2,Injury Collision,Cycles,2,0,1,1,1,0,0,2017-01-13T00:00:00.000Z,1/13/2017 3:12:00 PM,At Intersection (intersection related),18.0,"MOTOR VEHICLE STRUCK PEDALCYCLIST, FRONT END AT ANGLE",,N,Clear or Partly Cloudy,Dry,Daylight,,,45,Vehicle - Pedalcyclist,0,N,Washington,47.55562640900472,-122.31345642889244
Block,S GRAHAM ST BETWEEN 33RD AVE S AND M L KING JR WR WAY S,3,Fatality Collision,Cycles,2,0,1,1,0,0,1,2017-01-13T00:00:00.000Z,1/13/2017 3:07:00 PM,Mid-Block (not related to intersection),18.0,"MOTOR VEHICLE STRUCK PEDALCYCLIST, FRONT END AT ANGLE",,N,Clear or Partly Cloudy,Dry,Daylight,,,45,Vehicle - Pedalcyclist,0,N,Washington,47.54608599198856,-122.28796085636688
Block,ROOSEVELT WAY NE BETWEEN NE 43RD N ST AND NE 45TH ST,2,Injury Collision,Cycles,2,0,1,1,1,0,0,2016-11-11T00:00:00.000Z,11/11/2016 8:30:00 AM,Driveway Junction,51.0,PEDALCYCLIST STRUCK MOTOR VEHICLE FRONT END AT ANGLE,,N,Overcast,Wet,Daylight,Y,,45,Vehicle - Pedalcyclist,0,N,Washington,47.66057737868581,-122.31772271464912
Intersection,BROADWAY AND E UNION ST,2,Injury Collision,Cycles,2,0,1,1,1,0,0,2016-12-17T00:00:00.000Z,12/17/2016 5:31:00 PM,At Intersection (intersection related),18.0,"MOTOR VEHICLE STRUCK PEDALCYCLIST, FRONT END AT ANGLE",Y,N,Clear or Partly Cloudy,Dry,Dark - Street Lights On,,,45,Vehicle - Pedalcyclist,0,N,Washington,47.612963362786935,-122.32076237817628
Block,1ST AVE S BETWEEN S FIDALGO ST AND EAST MARGINAL WAY S,2,Injury Collision,Cycles,2,0,1,1,1,0,0,2016-12-05T00:00:00.000Z,12/5/2016 8:04:00 AM,Driveway Junction,18.0,"MOTOR VEHICLE STRUCK PEDALCYCLIST, FRONT END AT ANGLE",,N,Snowing,Snow/Slush,Daylight,,,45,Vehicle - Pedalcyclist,0,N,Washington,47.54937951385586,-122.33421214998212
Block,RAINIER AVE S BETWEEN 21ST S AVE S AND S GRAND ST,2,Injury Collision,Cycles,2,0,1,1,1,0,0,2016-12-14T00:00:00.000Z,12/14/2016 7:04:00 AM,Mid-Block (not related to intersection),18.0,"MOTOR VEHICLE STRUCK PEDALCYCLIST, FRONT END AT ANGLE",,N,Clear or Partly Cloudy,Dry,Dawn,,,45,Vehicle - Pedalcyclist,0,N,Washington,47.58715198163226,-122.30484864923531
Block,ALASKAN WAY BETWEEN WALL ST AND VINE ST,2,Injury Collision,Cycles,2,0,1,1,1,0,0,2016-11-07T00:00:00.000Z,11/7/2016 10:08:00 AM,Mid-Block (not related to intersection),24.0,MOTOR VEHCILE STRUCK PEDESTRIAN,,N,Overcast,Dry,Daylight,,,45,Vehicle - Pedalcyclist,0,N,Washington,47.61307324584881,-122.3516778473316
Block,SPRING ST BETWEEN 3RD AVE AND 4TH AVE,2,Injury Collision,Cycles,2,0,1,1,1,0,0,2016-11-07T00:00:00.000Z,11/7/2016 9:51:00 AM,Driveway Junction,18.0,"MOTOR VEHICLE STRUCK PEDALCYCLIST, FRONT END AT ANGLE",,N,Clear or Partly Cloudy,Dry,Daylight,,,45,Vehicle - Pedalcyclist,0,N,Washington,47.60656860386803,-122.3341185076125
Block,NE 45TH ST BETWEEN 1ST AVE NE AND 2ND AVE NE,2,Injury Collision,Cycles,2,0,1,1,1,0,0,2016-12-02T00:00:00.000Z,12/2/2016 5:55:00 PM,Mid-Block (not related to intersection),18.0,"MOTOR VEHICLE STRUCK PEDALCYCLIST, FRONT END AT ANGLE",,N,Overcast,Wet,Dusk,Y,,45,Vehicle - Pedalcyclist,0,N,Washington,47.66135727672546,-122.32775751125796
Block,NE 65TH ST BETWEEN 9TH AVE NE AND ROOSEVELT WAY NE,2,Injury Collision,Cycles,2,0,1,1,1,0,0,2017-01-14T00:00:00.000Z,1/14/2017 8:30:00 AM,Mid-Block (not related to intersection),18.0,"MOTOR VEHICLE STRUCK PEDALCYCLIST, FRONT END AT ANGLE",,N,Clear or Partly Cloudy,Dry,Daylight,,,45,Vehicle - Pedalcyclist,0,N,Washington,47.67583507040801,-122.31803427057515
Block,24TH AVE NW BETWEEN NW 57TH ST AND NW 58TH ST,2,Injury Collision,Cycles,1,0,1,1,1,0,0,2016-10-11T00:00:00.000Z,10/11/2016 8:22:00 AM,Mid-Block (not related to intersection),18.0,"MOTOR VEHICLE STRUCK PEDALCYCLIST, FRONT END AT ANGLE",Y,N,Clear or Partly Cloudy,Dry,Daylight,,,45,Vehicle - Pedalcyclist,0,N,Washington,47.6705503343435,-122.38758734448228
Block,EASTLAKE AVE E BETWEEN DENNY LOWER WAY AND STEWART ST,2,Injury Collision,Cycles,2,0,1,1,1,0,0,2017-01-04T00:00:00.000Z,1/4/2017 5:34:00 PM,Mid-Block (not related to intersection),18.0,"MOTOR VEHICLE STRUCK PEDALCYCLIST, FRONT END AT ANGLE",,N,Overcast,Dry,Dusk,,,45,Vehicle - Pedalcyclist,0,N,Washington,47.61912336575451,-122.32913154981293
Block,MERIDIAN AVE N BETWEEN COLLEGE WAY N AND N 105TH ST,2,Injury Collision,Cycles,2,0,1,1,1,0,0,2016-11-08T00:00:00.000Z,11/8/2016 4:51:00 PM,Driveway Junction,51.0,PEDALCYCLIST STRUCK MOTOR VEHICLE FRONT END AT ANGLE,,N,Clear or Partly Cloudy,Dry,Dark - Street Lights On,Y,,45,Vehicle - Pedalcyclist,0,N,Washington,47.704126583827325,-122.33391632446457
Intersection,EASTLAKE AVE E AND E HAMLIN ST,2,Injury Collision,Cycles,1,0,1,1,1,0,0,2016-10-24T00:00:00.000Z,10/24/2016 11:20:00 AM,At Intersection (intersection related),18.0,"MOTOR VEHICLE STRUCK PEDALCYCLIST, FRONT END AT ANGLE",,N,Clear or Partly Cloudy,Dry,Daylight,,,45,Vehicle - Pedalcyclist,0,N,Washington,47.64562377677432,-122.32587912443786
Block,ROOSEVELT WAY NE BETWEEN NE 42ND S ST AND NE 42ND N ST,2,Injury Collision,Cycles,2,0,1,1,1,0,0,2016-12-07T00:00:00.000Z,12/7/2016 8:12:00 AM,Mid-Block (not related to intersection),18.0,"MOTOR VEHICLE STRUCK PEDALCYCLIST, FRONT END AT ANGLE",,N,Clear or Partly Cloudy,Dry,Daylight,Y,,45,Vehicle - Pedalcyclist,0,N,Washington,47.657941757397786,-122.31779112586315
Block,1ST AVE BETWEEN PINE ST AND STEWART ST,2,Injury Collision,Cycles,3,0,1,1,1,0,0,2016-11-12T00:00:00.000Z,11/12/2016 4:03:00 PM,Mid-Block (not related to intersection),55.0,PEDALCYCLIST STRUCK MOTOR VEHICLE RIGHT SIDE SIDESWIPE,,N,Blowing Sand or Dirt or Snow,Dry,Daylight,Y,,45,Vehicle - Pedalcyclist,0,N,Washington,47.61004331471344,-122.3411316788394
Block,JAMES ST BETWEEN YESLER WAY AND 2ND AVE,1,Property Damage Only Collision,Cycles,2,0,1,1,0,0,0,2016-12-20T00:00:00.000Z,12/20/2016 1:49:00 PM,Driveway Junction,18.0,"MOTOR VEHICLE STRUCK PEDALCYCLIST, FRONT END AT ANGLE",Y,N,Clear or Partly Cloudy,Dry,Daylight,,,45,Vehicle - Pedalcyclist,0,N,Washington,47.602015334685184,-122.33321300673904
Block,HARBOR AVE SW BETWEEN SW HARBOR LN AND SW SPOKANE NR ST,1,Property Damage Only Collision,Cycles,2,0,1,1,0,0,0,2016-11-22T00:00:00.000Z,11/22/2016 1:41:00 PM,Driveway Junction,18.0,"MOTOR VEHICLE STRUCK PEDALCYCLIST, FRONT END AT ANGLE",,N,Overcast,Dry,Daylight,Y,,45,Vehicle - Pedalcyclist,0,N,Washington,47.574311358678244,-122.37093230938636
Intersection,BOYLSTON AVE AND E PINE ST,2,Injury Collision,Cycles,2,0,1,1,1,0,0,2016-11-03T00:00:00.000Z,11/3/2016 3:00:00 PM,At Intersection (intersection related),18.0,"MOTOR VEHICLE STRUCK PEDALCYCLIST, FRONT END AT ANGLE",Y,N,Clear or Partly Cloudy,Dry,Daylight,Y,Y,45,Vehicle - Pedalcyclist,0,N,Washington,47.61523114208018,-122.32341547054027
Block,12TH AVE BETWEEN E CHERRY ST AND E COLUMBIA ST,2b,Serious Injury Collision,Cycles,2,0,1,1,1,1,0,2016-11-29T00:00:00.000Z,11/29/2016 5:17:00 PM,Mid-Block (not related to intersection),18.0,"MOTOR VEHICLE STRUCK PEDALCYCLIST, FRONT END AT ANGLE",Y,N,Clear or Partly Cloudy,Dry,Dark - Street Lights On,,,45,Vehicle - Pedalcyclist,0,N,Washington,47.608641318892914,-122.31677994237629
Intersection,FREMONT AVE N AND N 34TH ST,2,Injury Collision,Cycles,2,0,1,1,1,0,0,2016-12-04T00:00:00.000Z,12/4/2016 8:33:00 PM,At Intersection (intersection related),18.0,"MOTOR VEHICLE STRUCK PEDALCYCLIST, FRONT END AT ANGLE",,Y,Clear or Partly Cloudy,Dry,Dark - Street Lights On,Y,,45,Vehicle - Pedalcyclist,522963,N,Washington,47.64958972852735,-122.34974744884168
Block,SW AVALON WAY BETWEEN 35TH AVE SW AND 36TH AVE SW,2b,Serious Injury Collision,Cycles,2,0,1,1,1,1,0,2016-12-14T00:00:00.000Z,12/14/2016 7:45:00 PM,Mid-Block (not related to intersection),18.0,"MOTOR VEHICLE STRUCK PEDALCYCLIST, FRONT END AT ANGLE",,N,Clear or Partly Cloudy,Dry,Dark - Street Lights On,,,45,Vehicle - Pedalcyclist,0,N,Washington,47.56407686722886,-122.37681737425206
Intersection,4TH AVE NE AND NE 40TH ST,2,Injury Collision,Cycles,2,0,1,1,1,0,0,2016-12-01T00:00:00.000Z,12/1/2016 4:08:00 PM,At Intersection (intersection related),18.0,"MOTOR VEHICLE STRUCK PEDALCYCLIST, FRONT END AT ANGLE",,N,Clear or Partly Cloudy,Dry,Dusk,,,45,Vehicle - Pedalcyclist,0,N,Washington,47.65552862348527,-122.32456396660027
Block,12TH AVE NE BETWEEN NE 50TH ST AND NE 52ND ST,2,Injury Collision,Cycles,2,0,1,1,1,0,0,2016-12-02T00:00:00.000Z,12/2/2016 3:00:00 PM,Mid-Block (but intersection related),18.0,"MOTOR VEHICLE STRUCK PEDALCYCLIST, FRONT END AT ANGLE",Y,N,Raining,Wet,Daylight,,,45,Vehicle - Pedalcyclist,0,N,Washington,47.6656799590487,-122.31522863720501
Block,20TH AVE BETWEEN E YESLER WAY AND E FIR ST,1,Property Damage Only Collision,Cycles,2,0,1,1,0,0,0,2016-12-28T00:00:00.000Z,12/28/2016 2:34:00 PM,Driveway Junction,18.0,"MOTOR VEHICLE STRUCK PEDALCYCLIST, FRONT END AT ANGLE",,N,Overcast,Dry,Daylight,,,45,Vehicle - Pedalcyclist,0,N,Washington,47.602172282056436,-122.30635073726036
Intersection,21ST AVE SW AND SW GRAHAM ST,2,Injury Collision,Cycles,2,0,1,1,1,0,0,2016-12-26T00:00:00.000Z,12/26/2016 12:31:00 PM,At Intersection (intersection related),18.0,"MOTOR VEHICLE STRUCK PEDALCYCLIST, FRONT END AT ANGLE",,N,Clear or Partly Cloudy,Dry,Daylight,,,45,Vehicle - Pedalcyclist,0,N,Washington,47.54652951380952,-122.35972030191499
Intersection,STONE WAY N AND N 35TH ST,2,Injury Collision,Cycles,1,0,1,1,1,0,0,2016-11-18T00:00:00.000Z,11/18/2016 7:33:00 AM,At Intersection (intersection related),11.0,"MOTOR VEHICLE STRUCK MOTOR VEHICLE, FRONT END AT ANGLE",,N,Overcast,Dry,Daylight,,,45,Vehicle - Pedalcyclist,0,N,Washington,47.64941986653472,-122.34273258653992
Block,2ND AVE BETWEEN MADISON ST AND SPRING ST,2,Injury Collision,Cycles,4,0,1,1,1,0,0,2016-11-18T00:00:00.000Z,11/18/2016 3:57:00 PM,Mid-Block (but intersection related),11.0,"MOTOR VEHICLE STRUCK MOTOR VEHICLE, FRONT END AT ANGLE",,N,Clear or Partly Cloudy,Dry,Daylight,,,45,Vehicle - Pedalcyclist,0,N,Washington,47.605514808021844,-122.33545443353614
Intersection,EASTLAKE AVE E AND E HAMLIN ST,1,Property Damage Only Collision,Cycles,2,0,1,1,0,0,0,2016-11-28T00:00:00.000Z,11/28/2016 5:25:00 PM,At Intersection (intersection related),18.0,"MOTOR VEHICLE STRUCK PEDALCYCLIST, FRONT END AT ANGLE",,N,Clear or Partly Cloudy,Dry,Daylight,Y,,45,Vehicle - Pedalcyclist,0,N,Washington,47.64562377677432,-122.32587912443786
Block,SYLVAN WAY SW BETWEEN SW ORCHARD ST AND DELRIDGE WAY SW,2,Injury Collision,Cycles,2,0,1,1,1,0,0,2016-11-03T00:00:00.000Z,11/3/2016 9:25:00 PM,Mid-Block (but intersection related),18.0,"MOTOR VEHICLE STRUCK PEDALCYCLIST, FRONT END AT ANGLE",,N,Clear or Partly Cloudy,Dry,Dark - Street Lights On,,,45,Vehicle - Pedalcyclist,0,N,Washington,47.53700896425054,-122.36189442608271
Block,MONTLAKE BLVD NE BETWEEN NE 44TH ST AND NE 45TH ST RP,1,Property Damage Only Collision,Cycles,2,0,1,1,0,0,0,2016-11-19T00:00:00.000Z,11/19/2016 5:06:00 PM,Mid-Block (not related to intersection),14.0,"MOTOR VEHICLE STRUCK MOTOR VEHICLE, REAR END",Y,N,Overcast,Wet,Dark - Street Lights On,,,45,Vehicle - Pedalcyclist,0,N,Washington,47.66052130134828,-122.29974828654976
Intersection,15TH AVE NW AND NW 57TH ST,1,Property Damage Only Collision,Cycles,2,0,1,1,0,0,0,2016-12-23T00:00:00.000Z,12/23/2016 1:07:00 PM,At Intersection (intersection related),51.0,PEDALCYCLIST STRUCK MOTOR VEHICLE FRONT END AT ANGLE,Y,N,Raining,Wet,Daylight,,,45,Vehicle - Pedalcyclist,25404,N,Washington,47.670171431707715,-122.37621311003001
Intersection,BOREN AVE AND PINE ST,2,Injury Collision,Cycles,1,0,1,1,1,0,0,2017-01-04T00:00:00.000Z,1/4/2017 10:00:00 AM,At Intersection (intersection related),18.0,"MOTOR VEHICLE STRUCK PEDALCYCLIST, FRONT END AT ANGLE",,N,Clear or Partly Cloudy,Dry,Daylight,,,45,Vehicle - Pedalcyclist,0,N,Washington,47.614457242057235,-122.3298224327749
Intersection,BROADWAY AND JEFFERSON ST,2,Injury Collision,Cycles,2,0,1,1,1,0,0,2016-12-07T00:00:00.000Z,12/7/2016 6:25:00 PM,At Intersection (intersection related),18.0,"MOTOR VEHICLE STRUCK PEDALCYCLIST, FRONT END AT ANGLE",,N,Clear or Partly Cloudy,Dry,Dark - Street Lights On,,,45,Vehicle - Pedalcyclist,0,N,Washington,47.606212553418025,-122.32074963260415
Intersection,FAUNTLEROY WAY SW AND SW RAYMOND ST,2b,Serious Injury Collision,Cycles,2,0,1,1,1,1,0,2017-01-27T00:00:00.000Z,1/27/2017 6:54:00 AM,At Intersection (intersection related),18.0,"MOTOR VEHICLE STRUCK PEDALCYCLIST, FRONT END AT ANGLE",Y,N,Clear or Partly Cloudy,Dry,Dark - Street Lights On,,,45,Vehicle - Pedalcyclist,0,N,Washington,47.54843867637444,-122.38308272184457
Block,63RD AVE SW BETWEEN SW ADMIRAL WAY AND SW HINDS ST,2,Injury Collision,Cycles,2,0,1,1,1,0,0,2017-02-02T00:00:00.000Z,2/2/2017 8:33:00 AM,Mid-Block (not related to intersection),16.0,"MOTOR VEHICLE STRUCK MOTOR VEHICLE, LEFT SIDE SIDESWIPE",,N,Overcast,Dry,Dawn,Y,,45,Vehicle - Pedalcyclist,0,N,Washington,47.57504091256007,-122.41337698761551
Intersection,DEXTER AVE N AND THOMAS ST,1,Property Damage Only Collision,Cycles,2,0,1,1,0,0,0,2017-02-22T00:00:00.000Z,2/22/2017 6:56:00 AM,At Intersection (intersection related),18.0,"MOTOR VEHICLE STRUCK PEDALCYCLIST, FRONT END AT ANGLE",,N,Overcast,Wet,Daylight,Y,,45,Vehicle - Pedalcyclist,0,N,Washington,47.620888394604385,-122.34238173081964
Intersection,9TH AVE AND JAMES ST,2,Injury Collision,Cycles,2,0,1,1,1,0,0,2017-02-01T00:00:00.000Z,2/1/2017 8:10:00 PM,At Intersection (intersection related),11.0,"MOTOR VEHICLE STRUCK MOTOR VEHICLE, FRONT END AT ANGLE",,N,Clear or Partly Cloudy,Dry,Dark - Street Lights On,,,45,Vehicle - Pedalcyclist,522296,N,Washington,47.605554697881686,-122.32474925212239
Block,UNIVERSITY WAY NE BETWEEN NE 47TH ST AND NE 50TH ST,2,Injury Collision,Cycles,0,0,1,1,1,0,0,2017-03-07T00:00:00.000Z,3/7/2017 7:03:00 PM,Mid-Block (not related to intersection),51.0,PEDALCYCLIST STRUCK MOTOR VEHICLE FRONT END AT ANGLE,,N,Unknown,Wet,Dark - Street Lights On,,,45,Vehicle - Pedalcyclist,0,N,Washington,47.663994887860014,-122.31308797808485
Block,N NORTHLAKE WAY BETWEEN MERIDIAN AVE N AND CORLISS AVE N,2,Injury Collision,Cycles,2,0,1,1,1,0,0,2016-12-16T00:00:00.000Z,12/16/2016 6:05:00 PM,Mid-Block (but intersection related),51.0,PEDALCYCLIST STRUCK MOTOR VEHICLE FRONT END AT ANGLE,,N,Clear or Partly Cloudy,Dry,Dark - Street Lights On,,,45,Vehicle - Pedalcyclist,664366,N,Washington,47.64829499911149,-122.33249479267565
Intersection,32ND AVE NW AND NW MARKET ST,2b,Serious Injury Collision,Cycles,3,0,1,1,1,1,0,2017-02-12T00:00:00.000Z,2/12/2017 1:31:00 PM,At Intersection (intersection related),11.0,"MOTOR VEHICLE STRUCK MOTOR VEHICLE, FRONT END AT ANGLE",,N,Clear or Partly Cloudy,Dry,Daylight,,,45,Vehicle - Pedalcyclist,0,N,Washington,47.668624178790324,-122.39831785354728
Block,24TH AVE E BETWEEN E INTERLAKEN BLVD AND BOYER AVE E,2,Injury Collision,Cycles,1,0,1,1,1,0,0,2017-03-09T00:00:00.000Z,3/9/2017 3:53:00 PM,Mid-Block (but intersection related),54.0,PEDALCYCLIST STRUCK MOTOR VEHICLE REAR END,,N,Raining,Wet,Daylight,,,45,Vehicle - Pedalcyclist,0,N,Washington,47.634907255408976,-122.30157079839987
Intersection,NE 65TH ST AND NE RAVENNA WB BV,2,Injury Collision,Cycles,2,0,1,1,1,0,0,2017-03-22T00:00:00.000Z,3/22/2017 4:24:00 PM,At Intersection (intersection related),18.0,"MOTOR VEHICLE STRUCK PEDALCYCLIST, FRONT END AT ANGLE",,N,Clear or Partly Cloudy,Dry,Daylight,Y,,45,Vehicle - Pedalcyclist,0,N,Washington,47.675867077400255,-122.32185222518152
Block,S DEARBORN ST BETWEEN 7TH AVE S AND 8TH AVE S,2,Injury Collision,Cycles,2,0,1,1,1,0,0,2017-01-26T00:00:00.000Z,1/26/2017 2:53:00 PM,Mid-Block (not related to intersection),18.0,"MOTOR VEHICLE STRUCK PEDALCYCLIST, FRONT END AT ANGLE",Y,N,Clear or Partly Cloudy,Dry,Daylight,,,45,Vehicle - Pedalcyclist,0,N,Washington,47.59583224035126,-122.32311316690009
Intersection,2ND AVE NE AND NE 45TH ST,2,Injury Collision,Cycles,2,0,1,1,1,0,0,2017-01-31T00:00:00.000Z,1/31/2017 6:55:00 AM,At Intersection (intersection related),18.0,"MOTOR VEHICLE STRUCK PEDALCYCLIST, FRONT END AT ANGLE",,N,Clear or Partly Cloudy,Dry,Dark - Street Lights On,Y,,45,Vehicle - Pedalcyclist,0,N,Washington,47.661354746959546,-122.32725022505704
Block,DEXTER AVE N BETWEEN ALOHA ST AND WARD ST,1,Property Damage Only Collision,Cycles,1,0,1,1,0,0,0,2016-12-14T00:00:00.000Z,12/14/2016 6:17:00 PM,Mid-Block (not related to intersection),18.0,"MOTOR VEHICLE STRUCK PEDALCYCLIST, FRONT END AT ANGLE",,N,Clear or Partly Cloudy,Dry,Dark - No Street Lights,,,45,Vehicle - Pedalcyclist,0,N,Washington,47.62757212737837,-122.34232274984501
Intersection,EASTLAKE AVE E AND FUHRMAN AVE E,2,Injury Collision,Cycles,2,0,1,1,1,0,0,2017-01-20T00:00:00.000Z,1/20/2017 4:50:00 PM,At Intersection (intersection related),0.0,NOT ENOUGH INFORMATION / NOT APPLICABLE,,N,Clear or Partly Cloudy,Dry,Daylight,Y,,45,Vehicle - Pedalcyclist,0,N,Washington,47.65157827163786,-122.32127525687477
Intersection,BURKE GILMAN TRL AND NE 65TH ST,2,Injury Collision,Cycles,2,0,1,1,1,0,0,2017-03-02T00:00:00.000Z,3/2/2017 2:15:00 PM,At Intersection (intersection related),18.0,"MOTOR VEHICLE STRUCK PEDALCYCLIST, FRONT END AT ANGLE",Y,N,Clear or Partly Cloudy,Dry,Daylight,,,45,Vehicle - Pedalcyclist,524265,N,Washington,47.67573704171851,-122.26656513433059
Intersection,2ND AVE AND COLUMBIA ST,2,Injury Collision,Cycles,2,0,1,1,1,0,0,2017-03-14T00:00:00.000Z,3/14/2017 8:46:00 AM,At Intersection (intersection related),18.0,"MOTOR VEHICLE STRUCK PEDALCYCLIST, FRONT END AT ANGLE",,N,Overcast,Wet,Daylight,,,45,Vehicle - Pedalcyclist,0,N,Washington,47.603732792609094,-122.33382457188871
Block,E MADISON ST BETWEEN 29TH W AVE E AND 29TH E AVE E,2,Injury Collision,Cycles,2,0,1,1,1,0,0,2017-03-05T00:00:00.000Z,3/5/2017 11:45:00 AM,Driveway Junction,18.0,"MOTOR VEHICLE STRUCK PEDALCYCLIST, FRONT END AT ANGLE",,N,Clear or Partly Cloudy,Dry,Daylight,,,45,Vehicle - Pedalcyclist,0,N,Washington,47.62408056298298,-122.29529900921669