addrtype,location,severitycode,severitydesc,collisiontype,personcount,pedcount,pedcylcount,vehcount,injuries,seriousinjuries,fatalities,incdate,incdttm,junctiontype,sdot_colcode,sdot_coldesc,inattentionind,underinfl,weather,roadcond,lightcond,pedrownotgrnt,speeding,st_colcode,st_coldesc,crosswalkkey,hitparkedcar,state,latitude,longitude
Intersection,STONE WAY N AND N 49TH ST,2,Injury Collision,Cycles,2,0,1,1,1,0,0,2017-02-24T00:00:00.000Z,2/24/2017 7:20:00 AM,At Intersection (intersection related),18.0,"MOTOR VEHICLE STRUCK PEDALCYCLIST, FRONT END AT ANGLE",Y,N,Clear or Partly Cloudy,Dry,Daylight,,,45,Vehicle - Pedalcyclist,0,N,Washington,47.66428986783398,-122.34068746740265
Block,LINDEN AVE N BETWEEN N 141ST ST AND N 143RD ST,2,Injury Collision,Cycles,2,0,1,1,1,0,0,2017-01-30T00:00:00.000Z,1/30/2017 4:12:00 PM,Driveway Junction,18.0,"MOTOR VEHICLE STRUCK PEDALCYCLIST, FRONT END AT ANGLE",,N,Overcast,Dry,Dusk,,,45,Vehicle - Pedalcyclist,0,N,Washington,47.73167559791372,-122.34777181346277
Intersection,DENSMORE AVE N AND N NORTHLAKE WAY,2,Injury Collision,Cycles,2,0,1,1,1,0,0,2017-03-24T00:00:00.000Z,3/24/2017 5:17:00 PM,At Intersection (intersection related),18.0,"MOTOR VEHICLE STRUCK PEDALCYCLIST, FRONT END AT ANGLE",,N,Raining,Wet,Daylight,,,45,Vehicle - Pedalcyclist,664365,N,Washington,47.64688448077725,-122.33755585653577
Intersection,20TH AVE NW AND BALLARD AVE NW,2,Injury Collision,Cycles,2,0,1,1,1,0,0,2017-02-11T00:00:00.000Z,2/11/2017 10:17:00 PM,At Intersection (intersection related),26.0,MOTOR VEHICLE STRUCK OBJECT IN ROAD,Y,Y,Clear or Partly Cloudy,Dry,Dark - Street Lights On,,,45,Vehicle - Pedalcyclist,0,N,Washington,47.66550550720068,-122.3821335847835
Block,EASTLAKE AVE E BETWEEN E EDGAR ST AND E HAMLIN ST,2,Injury Collision,Cycles,0,0,1,1,1,0,0,2017-03-13T00:00:00.000Z,3/13/2017 9:06:00 AM,Mid-Block (not related to intersection),18.0,"MOTOR VEHICLE STRUCK PEDALCYCLIST, FRONT END AT ANGLE",,N,Raining,Wet,Daylight,,,45,Vehicle - Pedalcyclist,0,N,Washington,47.6450571288391,-122.32588091448656
Block,E HOWELL ST BETWEEN SUMMIT E AVE AND BELMONT AVE,2,Injury Collision,Cycles,2,0,1,1,1,0,0,2016-12-13T00:00:00.000Z,12/13/2016 7:51:00 PM,Mid-Block (not related to intersection),51.0,PEDALCYCLIST STRUCK MOTOR VEHICLE FRONT END AT ANGLE,,N,Clear or Partly Cloudy,Dry,Dark - Street Lights On,,,45,Vehicle - Pedalcyclist,0,N,Washington,47.61774366778097,-122.32489831528679
Intersection,AIRPORT WAY S AND S LUCILE ST,2,Injury Collision,Cycles,2,0,1,1,1,0,0,2017-03-02T00:00:00.000Z,3/2/2017 4:25:00 PM,At Intersection (intersection related),18.0,"MOTOR VEHICLE STRUCK PEDALCYCLIST, FRONT END AT ANGLE",,N,Raining,Wet,Daylight,Y,,45,Vehicle - Pedalcyclist,522395,N,Washington,47.553351023694255,-122.32100440462942
Intersection,RAINIER AVE S AND S CLOVERDALE ST,2,Injury Collision,Cycles,2,0,1,1,1,0,0,2017-03-16T00:00:00.000Z,3/16/2017 7:58:00 AM,At Intersection (intersection related),18.0,"MOTOR VEHICLE STRUCK PEDALCYCLIST, FRONT END AT ANGLE",,N,Clear or Partly Cloudy,Dry,Daylight,Y,,45,Vehicle - Pedalcyclist,523391,N,Washington,47.526170822264845,-122.2699831787599
Intersection,M L KING JR WAY AND E HOWELL ST,2,Injury Collision,Cycles,2,1,1,0,2,0,0,2017-02-13T00:00:00.000Z,2/13/2017 8:08:00 AM,At Intersection (intersection related),64.0,PEDALCYCLIST STRUCK PEDESTRIAN,Y,N,Clear or Partly Cloudy,Dry,Daylight,Y,,45,Vehicle - Pedalcyclist,29983,N,Washington,47.617622596332396,-122.29614231388635
Intersection,BOREN AVE AND JAMES ST,2,Injury Collision,Cycles,2,0,1,1,1,0,0,2017-03-09T00:00:00.000Z,3/9/2017 7:40:00 PM,At Intersection (intersection related),18.0,"MOTOR VEHICLE STRUCK PEDALCYCLIST, FRONT END AT ANGLE",,N,Raining,Wet,Dark - Street Lights On,,,45,Vehicle - Pedalcyclist,523285,N,Washington,47.606483486107436,-122.32252969517752
Block,FREMONT AVE N BETWEEN XW N40 AND N 41ST ST,1,Property Damage Only Collision,Cycles,2,0,1,1,0,0,0,2017-01-04T00:00:00.000Z,1/4/2017 7:52:00 AM,Mid-Block (not related to intersection),18.0,"MOTOR VEHICLE STRUCK PEDALCYCLIST, FRONT END AT ANGLE",,N,Clear or Partly Cloudy,Dry,Daylight,Y,,45,Vehicle - Pedalcyclist,0,N,Washington,47.656032755189116,-122.3499376767741
Intersection,MELROSE AVE AND PINE ST,2,Injury Collision,Cycles,3,0,1,1,1,0,0,2017-02-14T00:00:00.000Z,2/14/2017 7:51:00 PM,At Intersection (intersection related),11.0,"MOTOR VEHICLE STRUCK MOTOR VEHICLE, FRONT END AT ANGLE",,N,Raining,Wet,Dark - Street Lights On,,,45,Vehicle - Pedalcyclist,0,N,Washington,47.61523842026632,-122.32790375541016
Intersection,BROADWAY AND E COLUMBIA ST,2,Injury Collision,Cycles,2,0,1,1,1,0,0,2017-03-06T00:00:00.000Z,3/6/2017 9:00:00 AM,At Intersection (intersection related),18.0,"MOTOR VEHICLE STRUCK PEDALCYCLIST, FRONT END AT ANGLE",Y,N,Raining,Wet,Daylight,Y,,45,Vehicle - Pedalcyclist,0,N,Washington,47.609241498848476,-122.32075677222286
Intersection,6TH AVE NE AND NE 70TH N ST,2,Injury Collision,Cycles,2,0,1,1,1,0,0,2017-03-10T00:00:00.000Z,3/10/2017 3:43:00 PM,At Intersection (intersection related),18.0,"MOTOR VEHICLE STRUCK PEDALCYCLIST, FRONT END AT ANGLE",Y,N,Overcast,Dry,Daylight,,,45,Vehicle - Pedalcyclist,0,N,Washington,47.68021033337568,-122.3217575474932
Block,15TH AVE BETWEEN E HOWELL ST AND E DENNY WAY,2,Injury Collision,Cycles,0,0,1,1,1,0,0,2017-01-26T00:00:00.000Z,1/26/2017 4:09:00 PM,Mid-Block (not related to intersection),51.0,PEDALCYCLIST STRUCK MOTOR VEHICLE FRONT END AT ANGLE,,N,Clear or Partly Cloudy,Dry,Daylight,,,45,Vehicle - Pedalcyclist,0,N,Washington,47.61807484097965,-122.31274940294986
Intersection,30TH AVE AND E YESLER WAY,2,Injury Collision,Cycles,2,0,1,1,1,0,0,2017-03-02T00:00:00.000Z,3/2/2017 7:25:00 PM,At Intersection (intersection related),18.0,"MOTOR VEHICLE STRUCK PEDALCYCLIST, FRONT END AT ANGLE",,N,Unknown,Wet,Dark - Street Lights On,,,45,Vehicle - Pedalcyclist,0,N,Washington,47.60164976992071,-122.29373538218294
Intersection,BROOKLYN AVE NE AND BURKE GILMAN TRL,2,Injury Collision,Cycles,2,0,1,1,1,0,0,2017-04-06T00:00:00.000Z,4/6/2017 10:17:00 AM,At Intersection (intersection related),18.0,"MOTOR VEHICLE STRUCK PEDALCYCLIST, FRONT END AT ANGLE",,N,Raining,Wet,Daylight,,,45,Vehicle - Pedalcyclist,525567,N,Washington,47.654209093695,-122.31447179623804
Block,N 45TH ST BETWEEN EASTERN AVE N AND 1ST AVE NE,2,Injury Collision,Cycles,2,0,1,1,1,0,0,2017-04-27T00:00:00.000Z,4/27/2017 7:10:00 PM,Driveway Junction,18.0,"MOTOR VEHICLE STRUCK PEDALCYCLIST, FRONT END AT ANGLE",,N,Clear or Partly Cloudy,Dry,Daylight,,,45,Vehicle - Pedalcyclist,0,N,Washington,47.66136150858871,-122.32861705409445
Intersection,8TH AVE NW AND NW MARKET ST,2,Injury Collision,Cycles,2,0,1,1,1,0,0,2017-05-03T00:00:00.000Z,5/3/2017 4:34:00 PM,At Intersection (intersection related),18.0,"MOTOR VEHICLE STRUCK PEDALCYCLIST, FRONT END AT ANGLE",,N,Clear or Partly Cloudy,Dry,Daylight,,,45,Vehicle - Pedalcyclist,0,N,Washington,47.66865338587625,-122.36617795185973
Intersection,EASTLAKE AVE E AND E BLAINE ST,2,Injury Collision,Cycles,2,0,1,1,1,0,0,2017-05-08T00:00:00.000Z,5/8/2017 1:45:00 PM,At Intersection (intersection related),18.0,"MOTOR VEHICLE STRUCK PEDALCYCLIST, FRONT END AT ANGLE",Y,N,Clear or Partly Cloudy,Dry,Daylight,Y,,45,Vehicle - Pedalcyclist,0,N,Washington,47.634865924174825,-122.32521590559557
Block,WESTLAKE AVE N BETWEEN REPUBLICAN ST AND MERCER SR ST,2,Injury Collision,Cycles,2,0,1,1,1,0,0,2017-03-30T00:00:00.000Z,3/30/2017 5:39:00 PM,Driveway Junction,18.0,"MOTOR VEHICLE STRUCK PEDALCYCLIST, FRONT END AT ANGLE",,N,Clear or Partly Cloudy,Dry,Daylight,Y,,45,Vehicle - Pedalcyclist,0,N,Washington,47.62387939010155,-122.33844085207542
Intersection,VIRGINIA ST AND WESTERN AVE,2,Injury Collision,Cycles,2,0,1,1,1,0,0,2017-05-09T00:00:00.000Z,5/9/2017 5:34:00 PM,At Intersection (intersection related),18.0,"MOTOR VEHICLE STRUCK PEDALCYCLIST, FRONT END AT ANGLE",,N,Clear or Partly Cloudy,Dry,Daylight,,,45,Vehicle - Pedalcyclist,523759,N,Washington,47.610320542261206,-122.34363652384948
Block,ALASKAN WAY BETWEEN SPRING ST AND SENECA ST,2,Injury Collision,Cycles,3,0,1,1,1,0,0,2017-03-30T00:00:00.000Z,3/30/2017 12:16:00 PM,Driveway Junction,18.0,"MOTOR VEHICLE STRUCK PEDALCYCLIST, FRONT END AT ANGLE",Y,N,Clear or Partly Cloudy,Dry,Daylight,,,45,Vehicle - Pedalcyclist,0,N,Washington,47.60483193302114,-122.33943063840178
Intersection,FREMONT AVE N AND N 34TH ST,2,Injury Collision,Cycles,0,0,1,1,1,0,0,2017-01-31T00:00:00.000Z,1/31/2017 8:37:00 AM,At Intersection (intersection related),18.0,"MOTOR VEHICLE STRUCK PEDALCYCLIST, FRONT END AT ANGLE",,N,Clear or Partly Cloudy,Dry,Daylight,,,45,Vehicle - Pedalcyclist,0,N,Washington,47.64958972852735,-122.34974744884168
Block,NW 82ND ST BETWEEN 1ST AVE NW AND 3RD AVE NW,2,Injury Collision,Cycles,2,0,1,1,1,0,0,2017-05-09T00:00:00.000Z,5/9/2017 5:39:00 PM,Driveway Junction,18.0,"MOTOR VEHICLE STRUCK PEDALCYCLIST, FRONT END AT ANGLE",,N,Clear or Partly Cloudy,Dry,Daylight,,,45,Vehicle - Pedalcyclist,0,N,Washington,47.68838793107656,-122.35931006219087
Block,24TH AVE NW BETWEEN NW 65TH ST AND NW 67TH ST,2,Injury Collision,Cycles,0,0,1,1,1,0,0,2017-01-25T00:00:00.000Z,1/25/2017 8:25:00 AM,Driveway Junction,18.0,"MOTOR VEHICLE STRUCK PEDALCYCLIST, FRONT END AT ANGLE",,N,Overcast,Dry,Daylight,,,45,Vehicle - Pedalcyclist,0,N,Washington,47.67682199204268,-122.38755975361408
Intersection,12TH AVE S AND S MAIN ST,2,Injury Collision,Cycles,2,0,1,1,1,0,0,2017-04-24T00:00:00.000Z,4/24/2017 8:26:00 AM,At Intersection (intersection related),18.0,"MOTOR VEHICLE STRUCK PEDALCYCLIST, FRONT END AT ANGLE",Y,N,Overcast,Wet,Daylight,,,45,Vehicle - Pedalcyclist,0,N,Washington,47.60001455845403,-122.31722977712835
Block,LAKESIDE AVE S BETWEEN E YESLER WAY AND S LESCHI PL,2,Injury Collision,Cycles,3,0,1,1,1,0,0,2017-05-16T00:00:00.000Z,5/16/2017 11:10:00 AM,Mid-Block (not related to intersection),18.0,"MOTOR VEHICLE STRUCK PEDALCYCLIST, FRONT END AT ANGLE",,N,Clear or Partly Cloudy,Dry,Daylight,Y,,45,Vehicle - Pedalcyclist,0,N,Washington,47.60062883817975,-122.28571351067009
Intersection,LINDEN AVE N AND N 141ST ST,1,Property Damage Only Collision,Cycles,2,0,1,1,0,0,0,2017-05-09T00:00:00.000Z,5/9/2017 4:32:00 PM,At Intersection (intersection related),18.0,"MOTOR VEHICLE STRUCK PEDALCYCLIST, FRONT END AT ANGLE",,N,Clear or Partly Cloudy,Dry,Daylight,Y,,45,Vehicle - Pedalcyclist,0,N,Washington,47.73103975084276,-122.34776411242555
Block,3RD AVE S BETWEEN S ROYAL BROUGHAM WAY BR AND S HOLGATE ST,2,Injury Collision,Cycles,3,0,1,1,1,0,0,2017-05-08T00:00:00.000Z,5/8/2017 7:47:00 PM,Mid-Block (not related to intersection),51.0,PEDALCYCLIST STRUCK MOTOR VEHICLE FRONT END AT ANGLE,,N,Clear or Partly Cloudy,Dry,Daylight,,,45,Vehicle - Pedalcyclist,0,N,Washington,47.588920999429476,-122.3299882773448
Block,E PIKE ST BETWEEN BROADWAY AND 10TH AVE,2,Injury Collision,Cycles,2,0,1,1,1,0,0,2017-04-25T00:00:00.000Z,4/25/2017 5:38:00 PM,Mid-Block (but intersection related),21.0,"MOTOR VEHICLE STRUCK PEDALCYCLIST, REAR END",,N,Clear or Partly Cloudy,Dry,Daylight,,,45,Vehicle - Pedalcyclist,0,N,Washington,47.61408040185108,-122.32011559554822
Intersection,8TH AVE NW AND NW 51ST ST,2,Injury Collision,Cycles,2,0,1,1,1,0,0,2017-05-15T00:00:00.000Z,5/15/2017 6:04:00 PM,At Intersection (intersection related),18.0,"MOTOR VEHICLE STRUCK PEDALCYCLIST, FRONT END AT ANGLE",,N,Raining,Wet,Daylight,Y,,45,Vehicle - Pedalcyclist,0,N,Washington,47.66569151233039,-122.36618578694714
Intersection,BROOKLYN AVE NE AND BURKE GILMAN TRL,2,Injury Collision,Cycles,2,0,1,1,1,0,0,2017-02-27T00:00:00.000Z,2/27/2017 4:14:00 PM,At Intersection (intersection related),18.0,"MOTOR VEHICLE STRUCK PEDALCYCLIST, FRONT END AT ANGLE",,N,Raining,Wet,Daylight,,,45,Vehicle - Pedalcyclist,525567,N,Washington,47.654209093695,-122.31447179623804
Block,M L KING JR WAY BETWEEN E PINE ST AND E OLIVE ST,2,Injury Collision,Cycles,2,0,1,1,1,0,0,2017-04-11T00:00:00.000Z,4/11/2017 11:48:00 AM,Mid-Block (not related to intersection),18.0,"MOTOR VEHICLE STRUCK PEDALCYCLIST, FRONT END AT ANGLE",,N,Clear or Partly Cloudy,Dry,Daylight,,,45,Vehicle - Pedalcyclist,0,N,Washington,47.61586929930332,-122.29616221475777
Intersection,STEWART ST AND YALE AVE N,2,Injury Collision,Cycles,2,0,1,1,1,0,0,2017-04-12T00:00:00.000Z,4/12/2017 6:15:00 AM,At Intersection (intersection related),18.0,"MOTOR VEHICLE STRUCK PEDALCYCLIST, FRONT END AT ANGLE",Y,N,Raining,Wet,Dawn,,,45,Vehicle - Pedalcyclist,0,N,Washington,47.61872749008836,-122.33041260400068
Intersection,M L KING JR ER WAY S AND S TRENTON ST,2,Injury Collision,Cycles,2,0,1,1,1,0,0,2017-05-17T00:00:00.000Z,5/17/2017 7:50:00 AM,At Intersection (intersection related),18.0,"MOTOR VEHICLE STRUCK PEDALCYCLIST, FRONT END AT ANGLE",,N,Clear or Partly Cloudy,Dry,Daylight,,,45,Vehicle - Pedalcyclist,0,N,Washington,47.52426379331626,-122.2787018932438
Intersection,2ND AVE AND SPRING ST,1,Property Damage Only Collision,Cycles,2,0,1,1,0,0,0,2017-05-04T00:00:00.000Z,5/4/2017 5:19:00 PM,At Intersection (intersection related),18.0,"MOTOR VEHICLE STRUCK PEDALCYCLIST, FRONT END AT ANGLE",,N,Raining,Wet,Daylight,,,45,Vehicle - Pedalcyclist,0,N,Washington,47.60587261716152,-122.33578172373925
Block,8TH AVE NW BETWEEN NW 65TH ST AND NW 67TH ST,2,Injury Collision,Cycles,0,0,1,1,1,0,0,2017-02-14T00:00:00.000Z,2/14/2017 7:40:00 AM,Mid-Block (not related to intersection),18.0,"MOTOR VEHICLE STRUCK PEDALCYCLIST, FRONT END AT ANGLE",,N,Clear or Partly Cloudy,Dry,Daylight,,,45,Vehicle - Pedalcyclist,0,N,Washington,47.67687652210623,-122.36602182970276
Intersection,10TH AVE NW AND NW 73RD ST,2,Injury Collision,Cycles,0,0,1,1,1,0,0,2017-02-14T00:00:00.000Z,2/14/2017 8:20:00 AM,At Intersection (intersection related),18.0,"MOTOR VEHICLE STRUCK PEDALCYCLIST, FRONT END AT ANGLE",,N,Clear or Partly Cloudy,Dry,Daylight,,,45,Vehicle - Pedalcyclist,0,N,Washington,47.68143919248086,-122.36938674765273
Intersection,BOREN AVE AND MARION ST,2b,Serious Injury Collision,Cycles,3,0,1,1,1,1,0,2017-03-09T00:00:00.000Z,3/9/2017 6:17:00 AM,At Intersection (intersection related),51.0,PEDALCYCLIST STRUCK MOTOR VEHICLE FRONT END AT ANGLE,,N,Overcast,Wet,Dawn,,,45,Vehicle - Pedalcyclist,522230,N,Washington,47.608624480816815,-122.32448699772151
Intersection,STROUD AVE N AND EAST GREEN LAKE DR N,2b,Serious Injury Collision,Cycles,3,0,1,1,1,1,0,2017-03-08T00:00:00.000Z,3/8/2017 7:30:00 AM,At Intersection (intersection related),18.0,"MOTOR VEHICLE STRUCK PEDALCYCLIST, FRONT END AT ANGLE",,N,Clear or Partly Cloudy,Dry,Daylight,,,45,Vehicle - Pedalcyclist,0,N,Washington,47.685423206302026,-122.33623019403689
Intersection,MONTLAKE BLVD E AND EAST MONTLAKE PL E,1,Property Damage Only Collision,Cycles,2,0,1,1,0,0,0,2016-12-18T00:00:00.000Z,12/18/2016 4:00:00 PM,At Intersection (intersection related),0.0,NOT ENOUGH INFORMATION / NOT APPLICABLE,Y,N,Clear or Partly Cloudy,Dry,Daylight,,,45,Vehicle - Pedalcyclist,523787,N,Washington,47.643961271931374,-122.30409754795531
Block,8TH AVE BETWEEN VIRGINIA ST AND WESTLAKE AVE,2,Injury Collision,Cycles,2,0,1,1,1,0,0,2017-04-10T00:00:00.000Z,4/10/2017 8:10:00 AM,Driveway Junction,18.0,"MOTOR VEHICLE STRUCK PEDALCYCLIST, FRONT END AT ANGLE",,N,Clear or Partly Cloudy,Dry,Daylight,,,45,Vehicle - Pedalcyclist,0,N,Washington,47.616104804523424,-122.33724289972757
Block,WESTERN AVE BETWEEN UNION ST AND PIKE ST,2,Injury Collision,Cycles,2,0,1,1,1,0,0,2017-04-13T00:00:00.000Z,4/13/2017 5:18:00 PM,Driveway Junction,18.0,"MOTOR VEHICLE STRUCK PEDALCYCLIST, FRONT END AT ANGLE",,N,Clear or Partly Cloudy,Dry,Daylight,Y,,45,Vehicle - Pedalcyclist,0,N,Washington,47.60785918363553,-122.34066884673305
Intersection,1ST AVE NE AND NE 40TH ST,2,Injury Collision,Cycles,2,0,1,1,1,0,0,2017-04-26T00:00:00.000Z,4/26/2017 7:19:00 AM,At Intersection (intersection related),51.0,PEDALCYCLIST STRUCK MOTOR VEHICLE FRONT END AT ANGLE,,N,Clear or Partly Cloudy,Dry,Daylight,,,45,Vehicle - Pedalcyclist,0,N,Washington,47.65554999543247,-122.32787799675722
Intersection,1ST AVE S AND S BRANDON ST,2,Injury Collision,Cycles,0,0,1,1,1,0,0,2017-03-17T00:00:00.000Z,3/17/2017 4:50:00 AM,At Intersection (intersection related),18.0,"MOTOR VEHICLE STRUCK PEDALCYCLIST, FRONT END AT ANGLE",,N,Clear or Partly Cloudy,Dry,Dark - Street Lights On,,,45,Vehicle - Pedalcyclist,0,N,Washington,47.55416618326297,-122.33421517698929
Intersection,MIDVALE AVE N AND N 50TH ST,2,Injury Collision,Cycles,2,0,1,1,1,0,0,2017-05-05T00:00:00.000Z,5/5/2017 8:50:00 AM,At Intersection (intersection related),18.0,"MOTOR VEHICLE STRUCK PEDALCYCLIST, FRONT END AT ANGLE",,N,Clear or Partly Cloudy,Dry,Daylight,,,45,Vehicle - Pedalcyclist,0,N,Washington,47.665002383881685,-122.34373593684109
Intersection,RAINIER AVE S AND S ALASKA ST,1,Property Damage Only Collision,Cycles,0,0,1,1,0,0,0,2017-03-05T00:00:00.000Z,3/5/2017 8:55:00 PM,At Intersection (intersection related),18.0,"MOTOR VEHICLE STRUCK PEDALCYCLIST, FRONT END AT ANGLE",,N,Clear or Partly Cloudy,Dry,Dark - Street Lights On,,,45,Vehicle - Pedalcyclist,524851,N,Washington,47.56074767642744,-122.28702675972046
Block,BLANCHARD ST BETWEEN 6TH AVE AND 7TH AVE,1,Property Damage Only Collision,Cycles,2,0,1,1,0,0,0,2017-04-26T00:00:00.000Z,4/26/2017 12:45:00 PM,Driveway Junction,18.0,"MOTOR VEHICLE STRUCK PEDALCYCLIST, FRONT END AT ANGLE",,N,Raining,Wet,Daylight,,,45,Vehicle - Pedalcyclist,0,N,Washington,47.61626113346893,-122.34048633261186
Intersection,WOODLAWN AVE NE AND NE 71ST ST,2,Injury Collision,Cycles,0,0,1,1,1,0,0,2017-01-03T00:00:00.000Z,1/3/2017 3:00:00 PM,At Intersection (intersection related),18.0,"MOTOR VEHICLE STRUCK PEDALCYCLIST, FRONT END AT ANGLE",,N,Clear or Partly Cloudy,Dry,Daylight,,,45,Vehicle - Pedalcyclist,524584,N,Washington,47.67979893814184,-122.32453975280428
Intersection,RAINIER AVE S AND S ALASKA ST,1,Property Damage Only Collision,Cycles,2,0,1,1,0,0,0,2017-05-02T00:00:00.000Z,5/2/2017 6:38:00 PM,At Intersection (intersection related),18.0,"MOTOR VEHICLE STRUCK PEDALCYCLIST, FRONT END AT ANGLE",,N,Raining,Wet,Daylight,,,45,Vehicle - Pedalcyclist,0,N,Washington,47.56074767642744,-122.28702675972046
Block,EAST MARGINAL WAY S BETWEEN S SPOKANE NR ST AND S SPOKANE SR ST,2,Injury Collision,Cycles,2,0,1,1,1,0,0,2017-05-13T00:00:00.000Z,5/13/2017 6:58:00 AM,Mid-Block (not related to intersection),21.0,"MOTOR VEHICLE STRUCK PEDALCYCLIST, REAR END",,N,Clear or Partly Cloudy,Dry,Dawn,,,45,Vehicle - Pedalcyclist,0,N,Washington,47.571515594412155,-122.3396742566678
Intersection,8TH AVE NW AND NW 57TH ST,2,Injury Collision,Cycles,2,0,1,1,1,0,0,2017-04-03T00:00:00.000Z,4/3/2017 8:47:00 AM,At Intersection (intersection related),18.0,"MOTOR VEHICLE STRUCK PEDALCYCLIST, FRONT END AT ANGLE",Y,N,Clear or Partly Cloudy,Dry,Daylight,,,45,Vehicle - Pedalcyclist,0,N,Washington,47.670160232225406,-122.3661743964576
Intersection,PHINNEY AVE N AND N 63RD ST,2,Injury Collision,Cycles,0,0,1,1,1,0,0,2017-01-19T00:00:00.000Z,1/19/2017 6:35:00 PM,At Intersection (intersection related),18.0,"MOTOR VEHICLE STRUCK PEDALCYCLIST, FRONT END AT ANGLE",,N,Overcast,Wet,Dark - Street Lights On,,,45,Vehicle - Pedalcyclist,0,N,Washington,47.67457015624763,-122.35436180878479
Block,DELRIDGE WAY SW BETWEEN CROFT PL SW AND SW MYRTLE ST,2,Injury Collision,Cycles,2,0,1,1,1,0,0,2017-05-15T00:00:00.000Z,5/15/2017 4:24:00 PM,Mid-Block (not related to intersection),18.0,"MOTOR VEHICLE STRUCK PEDALCYCLIST, FRONT END AT ANGLE",,N,Raining,Wet,Daylight,,,45,Vehicle - Pedalcyclist,0,N,Washington,47.53984522626678,-122.36084642433677
Block,30TH AVE BETWEEN E CHERRY ST AND E ARLINGTON PL,2,Injury Collision,Cycles,2,0,1,1,1,0,0,2017-06-09T00:00:00.000Z,6/9/2017 4:08:00 PM,Driveway Junction,18.0,"MOTOR VEHICLE STRUCK PEDALCYCLIST, FRONT END AT ANGLE",,N,Clear or Partly Cloudy,Dry,Daylight,,,45,Vehicle - Pedalcyclist,0,N,Washington,47.60823329181037,-122.293652883218
Intersection,MELROSE AVE AND PINE ST,2,Injury Collision,Cycles,2,0,1,1,1,0,0,2017-06-02T00:00:00.000Z,6/2/2017 5:00:00 PM,At Intersection (but not related to intersection),18.0,"MOTOR VEHICLE STRUCK PEDALCYCLIST, FRONT END AT ANGLE",Y,N,Clear or Partly Cloudy,Dry,Daylight,Y,,45,Vehicle - Pedalcyclist,0,N,Washington,47.61523842026632,-122.32790375541016
Intersection,LEARY WAY NW AND NW 39TH ST,2,Injury Collision,Cycles,2,0,1,1,1,0,0,2017-06-10T00:00:00.000Z,6/10/2017 7:41:00 PM,At Intersection (intersection related),18.0,"MOTOR VEHICLE STRUCK PEDALCYCLIST, FRONT END AT ANGLE",Y,N,Clear or Partly Cloudy,Dry,Daylight,,,45,Vehicle - Pedalcyclist,523085,N,Washington,47.65414586409272,-122.3600631614177
Intersection,12TH AVE E AND E ALOHA ST,2,Injury Collision,Cycles,2,0,1,1,1,0,0,2017-06-09T00:00:00.000Z,6/9/2017 2:04:00 PM,At Intersection (intersection related),18.0,"MOTOR VEHICLE STRUCK PEDALCYCLIST, FRONT END AT ANGLE",,N,Clear or Partly Cloudy,Dry,Daylight,,,45,Vehicle - Pedalcyclist,521068,N,Washington,47.626525223371104,-122.31680615285272
Intersection,EASTLAKE AVE E AND E EDGAR ST,2,Injury Collision,Cycles,2,0,1,1,1,0,0,2017-06-15T00:00:00.000Z,6/15/2017 5:02:00 PM,At Intersection (intersection related),18.0,"MOTOR VEHICLE STRUCK PEDALCYCLIST, FRONT END AT ANGLE",,N,Raining,Wet,Dusk,,,45,Vehicle - Pedalcyclist,0,N,Washington,47.644493218271954,-122.32588269581478
Intersection,EASTLAKE AVE E AND E EDGAR ST,2,Injury Collision,Cycles,2,0,1,1,1,0,0,2017-05-20T00:00:00.000Z,5/20/2017 6:15:00 PM,At Intersection (but not related to intersection),18.0,"MOTOR VEHICLE STRUCK PEDALCYCLIST, FRONT END AT ANGLE",,N,Clear or Partly Cloudy,Dry,Daylight,Y,,45,Vehicle - Pedalcyclist,0,N,Washington,47.644493218271954,-122.32588269581478
Block,ROOSEVELT WAY NE BETWEEN NE 42ND S ST AND NE 42ND N ST,2,Injury Collision,Cycles,2,0,1,1,1,0,0,2017-05-25T00:00:00.000Z,5/25/2017 10:00:00 AM,Mid-Block (not related to intersection),18.0,"MOTOR VEHICLE STRUCK PEDALCYCLIST, FRONT END AT ANGLE",,N,Clear or Partly Cloudy,Dry,Daylight,Y,,45,Vehicle - Pedalcyclist,0,N,Washington,47.657941757397786,-122.31779112586315
Intersection,1ST AVE S AND S HORTON ST,2,Injury Collision,Cycles,2,0,1,1,1,0,0,2017-05-24T00:00:00.000Z,5/24/2017 9:28:00 AM,At Intersection (intersection related),18.0,"MOTOR VEHICLE STRUCK PEDALCYCLIST, FRONT END AT ANGLE",,N,Clear or Partly Cloudy,Dry,Daylight,,,45,Vehicle - Pedalcyclist,525175,N,Washington,47.574385578579324,-122.334203660664
Block,W EMERSON ST BETWEEN EMERSON TURN RD AND SHIP CANAL TRL,2b,Serious Injury Collision,Cycles,2,0,1,1,1,1,0,2017-07-11T00:00:00.000Z,7/11/2017 6:05:00 PM,Mid-Block (not related to intersection),18.0,"MOTOR VEHICLE STRUCK PEDALCYCLIST, FRONT END AT ANGLE",,N,Clear or Partly Cloudy,Dry,Daylight,,,45,Vehicle - Pedalcyclist,0,N,Washington,47.65398838470345,-122.3789245563546