addrtype,location,severitycode,severitydesc,collisiontype,personcount,pedcount,pedcylcount,vehcount,injuries,seriousinjuries,fatalities,incdate,incdttm,junctiontype,sdot_colcode,sdot_coldesc,inattentionind,underinfl,weather,roadcond,lightcond,pedrownotgrnt,speeding,st_colcode,st_coldesc,crosswalkkey,hitparkedcar,state,latitude,longitude
Intersection,8TH AVE NW AND NW 75TH ST,2,Injury Collision,Cycles,2,0,1,1,1,0,0,2017-06-18T00:00:00.000Z,6/18/2017 12:56:00 PM,At Intersection (intersection related),18.0,"MOTOR VEHICLE STRUCK PEDALCYCLIST, FRONT END AT ANGLE",,N,Clear or Partly Cloudy,Wet,Daylight,Y,,45,Vehicle - Pedalcyclist,521398,N,Washington,47.683262977692095,-122.36601034300597
Block,10TH AVE E BETWEEN E MERCER ST AND E ROY E ST,2,Injury Collision,Cycles,2,0,1,1,1,0,0,2017-07-27T00:00:00.000Z,7/27/2017 11:29:00 AM,Driveway Junction,18.0,"MOTOR VEHICLE STRUCK PEDALCYCLIST, FRONT END AT ANGLE",,N,Overcast,Dry,Daylight,,,45,Vehicle - Pedalcyclist,0,N,Washington,47.62481549424578,-122.31988089529504
Intersection,24TH AVE NW AND NW 58TH ST,1,Property Damage Only Collision,Cycles,4,0,1,1,0,0,0,2017-07-08T00:00:00.000Z,7/8/2017 10:17:00 AM,At Intersection (intersection related),18.0,"MOTOR VEHICLE STRUCK PEDALCYCLIST, FRONT END AT ANGLE",Y,N,Clear or Partly Cloudy,Dry,Daylight,,,45,Vehicle - Pedalcyclist,0,N,Washington,47.670916205125216,-122.38758736922723
Block,SW BRADFORD ST BETWEEN 42ND AVE SW AND CALIFORNIA AVE SW,2,Injury Collision,Cycles,2,0,1,1,1,0,0,2017-05-14T00:00:00.000Z,5/14/2017 6:45:00 PM,Driveway Junction,18.0,"MOTOR VEHICLE STRUCK PEDALCYCLIST, FRONT END AT ANGLE",,N,Clear or Partly Cloudy,Dry,Daylight,,,45,Vehicle - Pedalcyclist,0,N,Washington,47.569279741811066,-122.38610595845027
Block,7TH AVE BETWEEN BLANCHARD ST AND BELL ST,1,Property Damage Only Collision,Cycles,2,0,1,1,0,0,0,2017-05-25T00:00:00.000Z,5/25/2017 7:07:00 PM,Mid-Block (not related to intersection),21.0,"MOTOR VEHICLE STRUCK PEDALCYCLIST, REAR END",,N,Clear or Partly Cloudy,Dry,Daylight,,,45,Vehicle - Pedalcyclist,0,N,Washington,47.61697788331389,-122.34070296090364
Intersection,SUMMIT AVE AND E PINE ST,2,Injury Collision,Cycles,3,0,1,1,1,0,0,2017-05-24T00:00:00.000Z,5/24/2017 4:24:00 PM,At Intersection (intersection related),18.0,"MOTOR VEHICLE STRUCK PEDALCYCLIST, FRONT END AT ANGLE",,N,Overcast,Dry,Daylight,,,45,Vehicle - Pedalcyclist,0,N,Washington,47.615218748198224,-122.32552884050469
Intersection,BROOKLYN AVE NE AND BURKE GILMAN TRL,2,Injury Collision,Cycles,2,0,1,1,1,0,0,2017-06-09T00:00:00.000Z,6/9/2017 3:45:00 PM,At Intersection (intersection related),18.0,"MOTOR VEHICLE STRUCK PEDALCYCLIST, FRONT END AT ANGLE",,N,Clear or Partly Cloudy,Dry,Daylight,,,45,Vehicle - Pedalcyclist,525567,N,Washington,47.654209093695,-122.31447179623804
Block,BALLARD AVE NW BETWEEN 22ND AVE NW AND NW MARKET ST,2,Injury Collision,Cycles,2,0,1,1,1,0,0,2017-07-21T00:00:00.000Z,7/21/2017 4:51:00 PM,Mid-Block (not related to intersection),54.0,PEDALCYCLIST STRUCK MOTOR VEHICLE REAR END,,N,Clear or Partly Cloudy,Dry,Daylight,,,45,Vehicle - Pedalcyclist,0,N,Washington,47.66813983389346,-122.3855784362713
Intersection,11TH CR AVE SW AND SW SPOKANE ST,2,Injury Collision,Cycles,2,0,1,1,1,0,0,2017-05-25T00:00:00.000Z,5/25/2017 2:10:00 PM,At Intersection (intersection related),18.0,"MOTOR VEHICLE STRUCK PEDALCYCLIST, FRONT END AT ANGLE",,N,Clear or Partly Cloudy,Dry,Daylight,,,45,Vehicle - Pedalcyclist,525438,N,Washington,47.57141301795942,-122.3488003873795
Intersection,9TH AVE N AND MERCER NR ST,2,Injury Collision,Cycles,2,0,1,1,1,0,0,2017-07-07T00:00:00.000Z,7/7/2017 3:49:00 PM,At Intersection (but not related to intersection),18.0,"MOTOR VEHICLE STRUCK PEDALCYCLIST, FRONT END AT ANGLE",,N,Clear or Partly Cloudy,Dry,Daylight,,,45,Vehicle - Pedalcyclist,522444,N,Washington,47.624686861637095,-122.33974146117541
Intersection,16TH AVE AND E YESLER WAY,2,Injury Collision,Cycles,3,0,1,1,1,0,0,2017-06-22T00:00:00.000Z,6/22/2017 7:51:00 AM,At Intersection (intersection related),18.0,"MOTOR VEHICLE STRUCK PEDALCYCLIST, FRONT END AT ANGLE",,N,Clear or Partly Cloudy,Dry,Daylight,,,45,Vehicle - Pedalcyclist,0,N,Washington,47.601682762896054,-122.3115690628753
Block,13TH AVE W BETWEEN W NICKERSON ST AND SHIP CANAL TRL,2,Injury Collision,Cycles,2,0,1,1,1,0,0,2017-07-06T00:00:00.000Z,7/6/2017 8:27:00 AM,Mid-Block (not related to intersection),18.0,"MOTOR VEHICLE STRUCK PEDALCYCLIST, FRONT END AT ANGLE",Y,N,Clear or Partly Cloudy,Dry,Daylight,,,45,Vehicle - Pedalcyclist,642408,N,Washington,47.65582048058162,-122.37357502649034
Intersection,ELLIOTT AVE AND WALL ST,2,Injury Collision,Cycles,4,0,1,1,1,0,0,2017-06-25T00:00:00.000Z,6/25/2017 5:07:00 PM,At Intersection (intersection related),51.0,PEDALCYCLIST STRUCK MOTOR VEHICLE FRONT END AT ANGLE,,N,Clear or Partly Cloudy,Dry,Daylight,,,45,Vehicle - Pedalcyclist,523791,N,Washington,47.61336696327822,-122.35046554669461
Block,40TH AVE NE BETWEEN NE 52ND PL AND NE 55TH ST,2,Injury Collision,Cycles,2,0,1,1,1,0,0,2017-06-05T00:00:00.000Z,6/5/2017 1:33:00 PM,Mid-Block (not related to intersection),14.0,"MOTOR VEHICLE STRUCK MOTOR VEHICLE, REAR END",,N,Clear or Partly Cloudy,Dry,Daylight,,,45,Vehicle - Pedalcyclist,521972,N,Washington,47.667988675798426,-122.28481801710464
Block,BROOKLYN AVE NE BETWEEN NE PACIFIC ST AND NE 40TH ST,2,Injury Collision,Cycles,2,0,1,1,1,0,0,2017-04-04T00:00:00.000Z,4/4/2017 1:14:00 PM,Mid-Block (not related to intersection),18.0,"MOTOR VEHICLE STRUCK PEDALCYCLIST, FRONT END AT ANGLE",,N,Overcast,Dry,Daylight,Y,,45,Vehicle - Pedalcyclist,525567,N,Washington,47.65448187130049,-122.31446453691488
Intersection,AURORA AVE N AND N 117TH PL,2,Injury Collision,Cycles,0,0,1,1,1,0,0,2017-06-27T00:00:00.000Z,6/27/2017 11:38:00 PM,At Intersection (intersection related),18.0,"MOTOR VEHICLE STRUCK PEDALCYCLIST, FRONT END AT ANGLE",,N,Clear or Partly Cloudy,Dry,Dark - Street Lights On,,,45,Vehicle - Pedalcyclist,614262,N,Washington,47.71477675389059,-122.34485254918008
Block,16TH AVE SW BETWEEN SW OTHELLO ST AND SW WEBSTER ST,2,Injury Collision,Cycles,2,0,1,1,1,0,0,2017-07-02T00:00:00.000Z,7/2/2017 10:21:00 AM,Mid-Block (not related to intersection),54.0,PEDALCYCLIST STRUCK MOTOR VEHICLE REAR END,Y,N,Clear or Partly Cloudy,Dry,Daylight,,Y,45,Vehicle - Pedalcyclist,0,N,Washington,47.53640146272308,-122.35501140180605
Intersection,10TH AVE E AND E REPUBLICAN ST,2,Injury Collision,Cycles,2,0,1,1,1,0,0,2017-05-23T00:00:00.000Z,5/23/2017 5:25:00 PM,At Intersection (intersection related),18.0,"MOTOR VEHICLE STRUCK PEDALCYCLIST, FRONT END AT ANGLE",,N,Clear or Partly Cloudy,Dry,Daylight,Y,,45,Vehicle - Pedalcyclist,0,N,Washington,47.62312549904914,-122.31990663340707
Block,NW MARKET ST BETWEEN LEARY AVE NW AND BALLARD AVE NW,1,Property Damage Only Collision,Cycles,2,0,1,1,0,0,0,2017-05-25T00:00:00.000Z,5/25/2017 10:46:00 AM,Mid-Block (but intersection related),21.0,"MOTOR VEHICLE STRUCK PEDALCYCLIST, REAR END",Y,N,Clear or Partly Cloudy,Dry,Daylight,,,45,Vehicle - Pedalcyclist,0,N,Washington,47.668679179532575,-122.38555473991005
Intersection,9TH AVE N AND MERCER NR ST,2b,Serious Injury Collision,Cycles,2,0,2,0,1,1,0,2017-05-17T00:00:00.000Z,5/17/2017 1:53:00 PM,At Intersection (intersection related),18.0,"MOTOR VEHICLE STRUCK PEDALCYCLIST, FRONT END AT ANGLE",Y,N,Clear or Partly Cloudy,Dry,Daylight,,,45,Vehicle - Pedalcyclist,0,N,Washington,47.624686861637095,-122.33974146117541
Intersection,22ND AVE AND E YESLER WAY,1,Property Damage Only Collision,Cycles,2,0,1,1,0,0,0,2017-05-24T00:00:00.000Z,5/24/2017 5:13:00 PM,At Intersection (intersection related),11.0,"MOTOR VEHICLE STRUCK MOTOR VEHICLE, FRONT END AT ANGLE",,N,Clear or Partly Cloudy,Dry,Daylight,,,45,Vehicle - Pedalcyclist,0,N,Washington,47.601669275826524,-122.3037389353695
Intersection,RAINIER AVE S AND S COLLEGE N ST,2,Injury Collision,Cycles,3,0,1,1,1,0,0,2017-06-27T00:00:00.000Z,6/27/2017 9:24:00 PM,At Intersection (intersection related),18.0,"MOTOR VEHICLE STRUCK PEDALCYCLIST, FRONT END AT ANGLE",,N,Clear or Partly Cloudy,Dry,Dusk,Y,,45,Vehicle - Pedalcyclist,0,N,Washington,47.58314526350266,-122.30180965097306
Block,12TH AVE BETWEEN E PIKE ST AND E PINE ST,2,Injury Collision,Cycles,4,0,1,1,1,0,0,2017-04-04T00:00:00.000Z,4/4/2017 5:45:00 PM,Mid-Block (not related to intersection),14.0,"MOTOR VEHICLE STRUCK MOTOR VEHICLE, REAR END",,N,Clear or Partly Cloudy,Dry,Daylight,,,45,Vehicle - Pedalcyclist,0,N,Washington,47.61468248267776,-122.31684498722672
Intersection,2ND AVE AND MARION ST,2,Injury Collision,Cycles,2,0,1,1,1,0,0,2017-04-06T00:00:00.000Z,4/6/2017 2:29:00 PM,At Intersection (intersection related),18.0,"MOTOR VEHICLE STRUCK PEDALCYCLIST, FRONT END AT ANGLE",,N,Clear or Partly Cloudy,Dry,Daylight,,,45,Vehicle - Pedalcyclist,0,N,Washington,47.604446464596656,-122.33447723507861
Block,ROOSEVELT WAY NE BETWEEN NE 42ND N ST AND NE 43RD S ST,2,Injury Collision,Cycles,2,0,1,1,1,0,0,2017-04-04T00:00:00.000Z,4/4/2017 8:54:00 AM,Mid-Block (not related to intersection),18.0,"MOTOR VEHICLE STRUCK PEDALCYCLIST, FRONT END AT ANGLE",,N,Clear or Partly Cloudy,Dry,Daylight,,,45,Vehicle - Pedalcyclist,0,N,Washington,47.65891124921488,-122.31776595018732
Intersection,6TH AVE S AND S DEARBORN ST,1,Property Damage Only Collision,Cycles,2,0,1,1,0,0,0,2017-06-21T00:00:00.000Z,6/21/2017 8:15:00 PM,At Intersection (intersection related),18.0,"MOTOR VEHICLE STRUCK PEDALCYCLIST, FRONT END AT ANGLE",Y,N,Overcast,Dry,Daylight,Y,,45,Vehicle - Pedalcyclist,0,N,Washington,47.595837273375686,-122.32637379821077
Block,LINDEN AVE N BETWEEN N 130TH ST AND N 135TH ST,2,Injury Collision,Cycles,2,0,1,1,1,0,0,2017-06-06T00:00:00.000Z,6/6/2017 4:39:00 PM,Mid-Block (not related to intersection),14.0,"MOTOR VEHICLE STRUCK MOTOR VEHICLE, REAR END",,N,Clear or Partly Cloudy,Dry,Daylight,,,45,Vehicle - Pedalcyclist,0,N,Washington,47.725037475206186,-122.34793329661959
Block,EASTLAKE AVE E BETWEEN HARVARD AVE E AND FUHRMAN AVE E,2,Injury Collision,Cycles,3,0,1,1,1,0,0,2017-06-27T00:00:00.000Z,6/27/2017 8:37:00 AM,Mid-Block (not related to intersection),18.0,"MOTOR VEHICLE STRUCK PEDALCYCLIST, FRONT END AT ANGLE",Y,N,Clear or Partly Cloudy,Dry,Daylight,Y,,45,Vehicle - Pedalcyclist,0,N,Washington,47.65104751116883,-122.32168580219019
Block,10TH AVE E BETWEEN E ROY W ST AND E ALOHA ST,2,Injury Collision,Cycles,2,0,1,1,1,0,0,2017-06-27T00:00:00.000Z,6/27/2017 6:40:00 AM,Mid-Block (not related to intersection),22.0,"MOTOR VEHICLE STRUCK PEDALCYCLIST, RIGHT SIDE SIDESWIPE",,N,Clear or Partly Cloudy,Dry,Daylight,Y,,45,Vehicle - Pedalcyclist,0,N,Washington,47.62614319916937,-122.32022303785999
Intersection,BOREN AVE N AND MERCER SR ST,2,Injury Collision,Cycles,2,0,1,1,1,0,0,2017-05-18T00:00:00.000Z,5/18/2017 7:11:00 PM,At Intersection (intersection related),51.0,PEDALCYCLIST STRUCK MOTOR VEHICLE FRONT END AT ANGLE,,N,Clear or Partly Cloudy,Dry,Daylight,,,45,Vehicle - Pedalcyclist,28762,N,Washington,47.62454274661636,-122.33582712520592
Intersection,RAINIER AVE S AND S HUDSON ST,2,Injury Collision,Cycles,2,0,1,1,1,0,0,2017-06-24T00:00:00.000Z,6/24/2017 2:55:00 PM,At Intersection (intersection related),24.0,MOTOR VEHCILE STRUCK PEDESTRIAN,,N,Clear or Partly Cloudy,Dry,Daylight,Y,,45,Vehicle - Pedalcyclist,524819,N,Washington,47.55704111941164,-122.28462952944362
Intersection,15TH AVE NE AND NE PACIFIC ST,2,Injury Collision,Cycles,2,0,1,1,1,0,0,2017-05-19T00:00:00.000Z,5/19/2017 8:13:00 AM,At Intersection (intersection related),18.0,"MOTOR VEHICLE STRUCK PEDALCYCLIST, FRONT END AT ANGLE",Y,N,Clear or Partly Cloudy,Dry,Daylight,,,45,Vehicle - Pedalcyclist,520838,N,Washington,47.65297596413605,-122.31246414473328
Block,10TH AVE E BETWEEN E HOWE ST AND E NEWTON ST,2,Injury Collision,Cycles,3,0,1,1,1,0,0,2017-07-02T00:00:00.000Z,7/2/2017 3:13:00 PM,Mid-Block (not related to intersection),18.0,"MOTOR VEHICLE STRUCK PEDALCYCLIST, FRONT END AT ANGLE",Y,N,Clear or Partly Cloudy,Dry,Daylight,,,45,Vehicle - Pedalcyclist,0,N,Washington,47.63658093812421,-122.32008467858843
Intersection,RENTON AVE S AND S HENDERSON ST,1,Property Damage Only Collision,Cycles,2,0,1,1,0,0,0,2017-06-10T00:00:00.000Z,6/10/2017 7:07:00 PM,At Intersection (intersection related),18.0,"MOTOR VEHICLE STRUCK PEDALCYCLIST, FRONT END AT ANGLE",,N,Clear or Partly Cloudy,Dry,Daylight,,,45,Vehicle - Pedalcyclist,523202,N,Washington,47.52331233900897,-122.2764032545482
Block,SEWARD PARK AVE S BETWEEN S BRIGHTON ST AND S WILLOW ST,2,Injury Collision,Cycles,2,0,1,1,1,0,0,2017-04-18T00:00:00.000Z,4/18/2017 5:23:00 PM,Mid-Block (not related to intersection),18.0,"MOTOR VEHICLE STRUCK PEDALCYCLIST, FRONT END AT ANGLE",,N,Clear or Partly Cloudy,Dry,Daylight,Y,,45,Vehicle - Pedalcyclist,0,N,Washington,47.5411293510041,-122.26553440332931
Block,STEWART ST BETWEEN 1ST AVE AND 2ND AVE,2,Injury Collision,Cycles,4,0,1,2,1,0,0,2017-06-22T00:00:00.000Z,6/22/2017 9:45:00 AM,Mid-Block (not related to intersection),51.0,PEDALCYCLIST STRUCK MOTOR VEHICLE FRONT END AT ANGLE,,N,Clear or Partly Cloudy,Dry,Daylight,,,45,Vehicle - Pedalcyclist,0,N,Washington,47.6106182855641,-122.34089908985037
Intersection,HARVARD AVE AND E PIKE ST,2,Injury Collision,Cycles,2,0,1,1,1,0,0,2017-07-02T00:00:00.000Z,7/2/2017 12:26:00 AM,At Intersection (intersection related),51.0,PEDALCYCLIST STRUCK MOTOR VEHICLE FRONT END AT ANGLE,,N,Clear or Partly Cloudy,Dry,Dark - Street Lights On,,,45,Vehicle - Pedalcyclist,0,N,Washington,47.614066196262954,-122.3221109248895
Block,S THISTLE ST BETWEEN 39TH AVE S AND 42ND AVE S,2,Injury Collision,Cycles,2,0,1,1,1,0,0,2017-05-21T00:00:00.000Z,5/21/2017 2:30:00 PM,Mid-Block (but intersection related),51.0,PEDALCYCLIST STRUCK MOTOR VEHICLE FRONT END AT ANGLE,,N,Clear or Partly Cloudy,Dry,Daylight,,,45,Vehicle - Pedalcyclist,35245,N,Washington,47.52786787847805,-122.28226702846601
Intersection,8TH AVE NW AND NW 43RD S ST,2,Injury Collision,Cycles,2,0,1,1,1,0,0,2017-05-09T00:00:00.000Z,5/9/2017 8:05:00 AM,At Intersection (but not related to intersection),18.0,"MOTOR VEHICLE STRUCK PEDALCYCLIST, FRONT END AT ANGLE",Y,N,Clear or Partly Cloudy,Dry,Daylight,Y,,45,Vehicle - Pedalcyclist,521319,N,Washington,47.658939002069424,-122.36611199553177
Intersection,LINDEN AVE N AND N 137TH N ST,2,Injury Collision,Cycles,2,0,1,1,1,0,0,2017-07-11T00:00:00.000Z,7/11/2017 5:15:00 PM,At Intersection (intersection related),18.0,"MOTOR VEHICLE STRUCK PEDALCYCLIST, FRONT END AT ANGLE",,N,Clear or Partly Cloudy,Dry,Daylight,,,45,Vehicle - Pedalcyclist,0,N,Washington,47.72867902421571,-122.34773552041293
Block,15TH AVE E BETWEEN E GARFIELD ST AND E OLIN S PL,2,Injury Collision,Cycles,2,0,1,1,1,0,0,2017-03-31T00:00:00.000Z,3/31/2017 1:00:00 PM,Mid-Block (not related to intersection),18.0,"MOTOR VEHICLE STRUCK PEDALCYCLIST, FRONT END AT ANGLE",,N,Clear or Partly Cloudy,Dry,Daylight,,,45,Vehicle - Pedalcyclist,0,N,Washington,47.63434386189089,-122.31282513803123
Intersection,1ST AVE S AND S HORTON ST,2,Injury Collision,Cycles,2,0,1,1,1,0,0,2017-05-31T00:00:00.000Z,5/31/2017 11:34:00 PM,At Intersection (intersection related),11.0,"MOTOR VEHICLE STRUCK MOTOR VEHICLE, FRONT END AT ANGLE",,N,Raining,Wet,Dark - Street Lights On,,,45,Vehicle - Pedalcyclist,525175,N,Washington,47.574385578579324,-122.334203660664
Intersection,15TH AVE W AND GILMAN DR W,2,Injury Collision,Cycles,2,0,1,1,1,0,0,2017-06-21T00:00:00.000Z,6/21/2017 7:00:00 PM,At Intersection (intersection related),18.0,"MOTOR VEHICLE STRUCK PEDALCYCLIST, FRONT END AT ANGLE",Y,N,Clear or Partly Cloudy,Dry,Daylight,Y,,45,Vehicle - Pedalcyclist,0,N,Washington,47.64244869188374,-122.37616751163235
Intersection,2ND AVE N AND ROY ST,2,Injury Collision,Cycles,3,0,1,1,1,0,0,2017-06-01T00:00:00.000Z,6/1/2017 5:49:00 PM,At Intersection (intersection related),18.0,"MOTOR VEHICLE STRUCK PEDALCYCLIST, FRONT END AT ANGLE",,N,Clear or Partly Cloudy,Dry,Daylight,Y,,45,Vehicle - Pedalcyclist,0,N,Washington,47.62544254726684,-122.35278492710351
Block,N 45TH ST BETWEEN WOODLAWN W AVE N AND WOODLAWN E AVE N,2,Injury Collision,Cycles,3,0,1,1,1,0,0,2017-05-31T00:00:00.000Z,5/31/2017 8:05:00 PM,Mid-Block (not related to intersection),18.0,"MOTOR VEHICLE STRUCK PEDALCYCLIST, FRONT END AT ANGLE",Y,N,Clear or Partly Cloudy,Dry,Daylight,Y,,45,Vehicle - Pedalcyclist,0,N,Washington,47.66138609010249,-122.33886205837824
Block,NW MARKET ST BETWEEN 28TH AVE NW AND NW 54TH ST,2,Injury Collision,Cycles,6,0,1,1,1,0,0,2017-07-31T00:00:00.000Z,7/31/2017 12:52:00 PM,Mid-Block (not related to intersection),18.0,"MOTOR VEHICLE STRUCK PEDALCYCLIST, FRONT END AT ANGLE",Y,N,Clear or Partly Cloudy,Dry,Daylight,,,45,Vehicle - Pedalcyclist,0,N,Washington,47.668651405633405,-122.39368163124784
Intersection,16TH AVE S AND S JACKSON ST,2,Injury Collision,Cycles,2,0,1,1,1,0,0,2017-06-06T00:00:00.000Z,6/6/2017 8:40:00 AM,At Intersection (intersection related),18.0,"MOTOR VEHICLE STRUCK PEDALCYCLIST, FRONT END AT ANGLE",,N,Clear or Partly Cloudy,Dry,Daylight,,,45,Vehicle - Pedalcyclist,0,N,Washington,47.59922459598135,-122.31157742314562
Intersection,23RD AVE S AND S COLLEGE ST,2,Injury Collision,Cycles,2,0,1,1,1,0,0,2017-07-13T00:00:00.000Z,7/13/2017 4:54:00 PM,At Intersection (intersection related),18.0,"MOTOR VEHICLE STRUCK PEDALCYCLIST, FRONT END AT ANGLE",,N,Clear or Partly Cloudy,Dry,Daylight,,,45,Vehicle - Pedalcyclist,0,N,Washington,47.582945680349596,-122.30295409478278
Intersection,13TH AVE AND E PINE ST,2,Injury Collision,Cycles,2,0,1,1,1,0,0,2017-05-17T00:00:00.000Z,5/17/2017 8:10:00 AM,At Intersection (intersection related),18.0,"MOTOR VEHICLE STRUCK PEDALCYCLIST, FRONT END AT ANGLE",,N,Clear or Partly Cloudy,Dry,Daylight,,,45,Vehicle - Pedalcyclist,0,N,Washington,47.61527286521951,-122.31554858495258
Intersection,ROOSEVELT WAY NE AND NE 82ND S ST,2,Injury Collision,Cycles,2,0,1,1,1,0,0,2017-07-13T00:00:00.000Z,7/13/2017 10:48:00 AM,At Intersection (intersection related),18.0,"MOTOR VEHICLE STRUCK PEDALCYCLIST, FRONT END AT ANGLE",,N,Clear or Partly Cloudy,Dry,Daylight,,,45,Vehicle - Pedalcyclist,0,N,Washington,47.68819818568218,-122.31757853306028
Intersection,FAIRVIEW AVE N AND JOHN ST,2,Injury Collision,Cycles,2,0,1,1,1,0,0,2017-05-12T00:00:00.000Z,5/12/2017 1:11:00 PM,At Intersection (intersection related),18.0,"MOTOR VEHICLE STRUCK PEDALCYCLIST, FRONT END AT ANGLE",,N,Clear or Partly Cloudy,Dry,Daylight,,,45,Vehicle - Pedalcyclist,522952,N,Washington,47.619664803218214,-122.334260944897
Intersection,30TH AVE NE AND NE 125TH ST,2,Injury Collision,Cycles,2,0,1,1,1,0,0,2017-05-23T00:00:00.000Z,5/23/2017 7:05:00 AM,At Intersection (intersection related),18.0,"MOTOR VEHICLE STRUCK PEDALCYCLIST, FRONT END AT ANGLE",,N,Clear or Partly Cloudy,Dry,Daylight,,,45,Vehicle - Pedalcyclist,521371,N,Washington,47.71928489101692,-122.29631399597628
Intersection,14TH AVE NW AND NW 51ST ST,2,Injury Collision,Cycles,3,0,1,1,1,0,0,2017-06-11T00:00:00.000Z,6/11/2017 3:00:00 PM,At Intersection (intersection related),18.0,"MOTOR VEHICLE STRUCK PEDALCYCLIST, FRONT END AT ANGLE",,N,Clear or Partly Cloudy,Dry,Daylight,,,45,Vehicle - Pedalcyclist,0,N,Washington,47.66570139118975,-122.37359168025992
Block,1ST AVE S BETWEEN S ATLANTIC ST AND S MASSACHUSETTS ST,2,Injury Collision,Cycles,2,0,1,1,1,0,0,2017-05-28T00:00:00.000Z,5/28/2017 9:38:00 AM,Mid-Block (not related to intersection),18.0,"MOTOR VEHICLE STRUCK PEDALCYCLIST, FRONT END AT ANGLE",,N,Clear or Partly Cloudy,Dry,Daylight,,,45,Vehicle - Pedalcyclist,0,N,Washington,47.589271745362,-122.33419604869542
Block,12TH AVE BETWEEN E MADISON ST AND E PIKE ST,2b,Serious Injury Collision,Cycles,5,0,1,2,1,1,0,2017-07-31T00:00:00.000Z,7/31/2017 6:39:00 PM,Mid-Block (not related to intersection),51.0,PEDALCYCLIST STRUCK MOTOR VEHICLE FRONT END AT ANGLE,,N,Clear or Partly Cloudy,Dry,Daylight,,,45,Vehicle - Pedalcyclist,0,N,Washington,47.61349513768653,-122.3167845041913
Block,S DEARBORN ST BETWEEN 13TH AVE S AND CORWIN PL S,2,Injury Collision,Cycles,2,0,1,1,1,0,0,2017-06-13T00:00:00.000Z,6/13/2017 12:33:00 PM,Mid-Block (not related to intersection),18.0,"MOTOR VEHICLE STRUCK PEDALCYCLIST, FRONT END AT ANGLE",Y,N,Clear or Partly Cloudy,Dry,Daylight,,,45,Vehicle - Pedalcyclist,0,N,Washington,47.59581845683624,-122.31500518823336
Intersection,MERIDIAN AVE N AND N 117TH ST,2,Injury Collision,Cycles,4,0,1,1,1,0,0,2017-05-07T00:00:00.000Z,5/7/2017 4:43:00 PM,At Intersection (intersection related),18.0,"MOTOR VEHICLE STRUCK PEDALCYCLIST, FRONT END AT ANGLE",,N,Clear or Partly Cloudy,Dry,Daylight,,,45,Vehicle - Pedalcyclist,0,N,Washington,47.714104744699014,-122.3340850568556
Intersection,ROOSEVELT WAY NE AND NE 40TH ALLEY ST,2,Injury Collision,Cycles,2,0,1,1,1,0,0,2017-05-31T00:00:00.000Z,5/31/2017 9:13:00 AM,At Intersection (intersection related),18.0,"MOTOR VEHICLE STRUCK PEDALCYCLIST, FRONT END AT ANGLE",,N,Clear or Partly Cloudy,Dry,Daylight,,,45,Vehicle - Pedalcyclist,0,N,Washington,47.656301849276886,-122.3178342374609
Intersection,19TH AVE NE AND NE 65TH ST,2b,Serious Injury Collision,Cycles,2,0,1,1,1,1,0,2017-06-11T00:00:00.000Z,6/11/2017 4:25:00 PM,At Intersection (intersection related),18.0,"MOTOR VEHICLE STRUCK PEDALCYCLIST, FRONT END AT ANGLE",Y,N,Clear or Partly Cloudy,Dry,Daylight,,,45,Vehicle - Pedalcyclist,0,N,Washington,47.67577953589112,-122.30764278748006
Intersection,30TH AVE NE AND NE 107TH ST,2,Injury Collision,Cycles,2,0,1,1,1,0,0,2017-05-05T00:00:00.000Z,5/5/2017 8:42:00 AM,At Intersection (intersection related),18.0,"MOTOR VEHICLE STRUCK PEDALCYCLIST, FRONT END AT ANGLE",Y,N,Raining,Wet,Daylight,Y,,45,Vehicle - Pedalcyclist,0,N,Washington,47.70668669722771,-122.29623337798898
Intersection,LAKE WASHINGTON BLVD S AND LAKESIDE AVE S,1,Property Damage Only Collision,Cycles,4,0,1,1,0,0,0,2017-07-08T00:00:00.000Z,7/8/2017 4:55:00 PM,At Intersection (intersection related),21.0,"MOTOR VEHICLE STRUCK PEDALCYCLIST, REAR END",Y,N,Clear or Partly Cloudy,Dry,Daylight,,,45,Vehicle - Pedalcyclist,0,N,Washington,47.58555072319786,-122.28751468129299
Block,HARBOR AVE SW BETWEEN SW MARYLAND PL AND CALIFORNIA WAY SW,2,Injury Collision,Cycles,2,0,1,1,1,0,0,2017-05-20T00:00:00.000Z,5/20/2017 1:53:00 PM,Mid-Block (not related to intersection),18.0,"MOTOR VEHICLE STRUCK PEDALCYCLIST, FRONT END AT ANGLE",Y,N,Clear or Partly Cloudy,Dry,Daylight,,,45,Vehicle - Pedalcyclist,0,N,Washington,47.59131555343195,-122.38237552698149
Intersection,15TH AVE NW AND NW 80TH ST,2,Injury Collision,Cycles,2,0,1,1,1,0,0,2017-05-31T00:00:00.000Z,5/31/2017 6:21:00 PM,At Intersection (intersection related),18.0,"MOTOR VEHICLE STRUCK PEDALCYCLIST, FRONT END AT ANGLE",,N,Clear or Partly Cloudy,Dry,Daylight,Y,,45,Vehicle - Pedalcyclist,521279,N,Washington,47.6868781307594,-122.37679291618136