addrtype,location,severitycode,severitydesc,collisiontype,personcount,pedcount,pedcylcount,vehcount,injuries,seriousinjuries,fatalities,incdate,incdttm,junctiontype,sdot_colcode,sdot_coldesc,inattentionind,underinfl,weather,roadcond,lightcond,pedrownotgrnt,speeding,st_colcode,st_coldesc,crosswalkkey,hitparkedcar,state,latitude,longitude
Block,ELLIOTT AVE W BETWEEN W HARRISON ST AND 6TH AVE W,2,Injury Collision,Cycles,2,0,1,1,1,0,0,2017-05-23T00:00:00.000Z,5/23/2017 4:21:00 PM,Mid-Block (not related to intersection),11.0,"MOTOR VEHICLE STRUCK MOTOR VEHICLE, FRONT END AT ANGLE",Y,N,Clear or Partly Cloudy,Dry,Daylight,,,45,Vehicle - Pedalcyclist,0,N,Washington,47.62291346932213,-122.36362334802976
Intersection,8TH AVE NW AND NW 49TH ST,2,Injury Collision,Cycles,2,0,1,1,1,0,0,2017-06-11T00:00:00.000Z,6/11/2017 5:54:00 PM,At Intersection (intersection related),18.0,"MOTOR VEHICLE STRUCK PEDALCYCLIST, FRONT END AT ANGLE",Y,Y,Clear or Partly Cloudy,Dry,Daylight,,,45,Vehicle - Pedalcyclist,0,N,Washington,47.664380693427496,-122.36618929611313
Intersection,18TH AVE S AND S MAIN ST,2,Injury Collision,Cycles,2,0,1,1,1,0,0,2017-05-29T00:00:00.000Z,5/29/2017 9:22:00 PM,At Intersection (intersection related),18.0,"MOTOR VEHICLE STRUCK PEDALCYCLIST, FRONT END AT ANGLE",Y,N,Clear or Partly Cloudy,Dry,Dark - Street Lights On,,,45,Vehicle - Pedalcyclist,0,N,Washington,47.60000082781293,-122.30896599248973
Intersection,INTERLAKE AVE N AND N 46TH ST,2,Injury Collision,Cycles,2,0,1,1,1,0,0,2017-06-07T00:00:00.000Z,6/7/2017 8:25:00 PM,At Intersection (intersection related),18.0,"MOTOR VEHICLE STRUCK PEDALCYCLIST, FRONT END AT ANGLE",,N,Clear or Partly Cloudy,Dry,Daylight,,,45,Vehicle - Pedalcyclist,0,N,Washington,47.66212565262868,-122.34065440719402
Intersection,HIGHLAND PARK WAY SW AND SW HOLDEN N ST,2,Injury Collision,Cycles,2,0,1,1,1,0,0,2017-07-13T00:00:00.000Z,7/13/2017 3:41:00 PM,At Intersection (intersection related),51.0,PEDALCYCLIST STRUCK MOTOR VEHICLE FRONT END AT ANGLE,Y,N,Clear or Partly Cloudy,Dry,Daylight,,,45,Vehicle - Pedalcyclist,0,N,Washington,47.534077845871,-122.34707012884978
Block,BROOKLYN AVE NE BETWEEN NE 47TH ST AND NE 50TH ST,2,Injury Collision,Cycles,2,0,1,1,1,0,0,2017-07-13T00:00:00.000Z,7/13/2017 8:08:00 PM,Mid-Block (not related to intersection),18.0,"MOTOR VEHICLE STRUCK PEDALCYCLIST, FRONT END AT ANGLE",,N,Clear or Partly Cloudy,Dry,Daylight,,,45,Vehicle - Pedalcyclist,0,N,Washington,47.664002692326775,-122.3142240753684
Intersection,PHINNEY AVE N AND N 50TH E ST,2,Injury Collision,Cycles,2,0,1,1,1,0,0,2017-07-14T00:00:00.000Z,7/14/2017 5:29:00 PM,At Intersection (intersection related),18.0,"MOTOR VEHICLE STRUCK PEDALCYCLIST, FRONT END AT ANGLE",,N,Clear or Partly Cloudy,Dry,Daylight,Y,,45,Vehicle - Pedalcyclist,0,N,Washington,47.66501938046141,-122.35395996421312
Intersection,CORLISS AVE N AND N NORTHLAKE WAY,2,Injury Collision,Cycles,2,0,1,1,1,0,0,2017-07-21T00:00:00.000Z,7/21/2017 4:05:00 PM,At Intersection (intersection related),51.0,PEDALCYCLIST STRUCK MOTOR VEHICLE FRONT END AT ANGLE,,N,Overcast,Dry,Daylight,,,45,Vehicle - Pedalcyclist,0,N,Washington,47.64990530011343,-122.33132877408684
Intersection,MERCER ST AND TAYLOR AVE N,1,Property Damage Only Collision,Cycles,2,0,1,1,0,0,0,2017-07-28T00:00:00.000Z,7/28/2017 9:23:00 PM,At Intersection (intersection related),18.0,"MOTOR VEHICLE STRUCK PEDALCYCLIST, FRONT END AT ANGLE",,N,Clear or Partly Cloudy,Dry,Dark - Street Lights On,,,45,Vehicle - Pedalcyclist,0,N,Washington,47.624558047947815,-122.34626626345265
Intersection,ASHWORTH AVE N AND N 130TH ST,2,Injury Collision,Cycles,3,0,1,1,1,0,0,2017-07-02T00:00:00.000Z,7/2/2017 5:46:00 PM,At Intersection (but not related to intersection),18.0,"MOTOR VEHICLE STRUCK PEDALCYCLIST, FRONT END AT ANGLE",,N,Clear or Partly Cloudy,Dry,Daylight,,,45,Vehicle - Pedalcyclist,35763,N,Washington,47.72320983383675,-122.33958301413216
Intersection,9TH AVE N AND JOHN ST,2,Injury Collision,Cycles,2,0,1,1,1,0,0,2017-07-27T00:00:00.000Z,7/27/2017 9:03:00 AM,At Intersection (intersection related),18.0,"MOTOR VEHICLE STRUCK PEDALCYCLIST, FRONT END AT ANGLE",,N,Other,Wet,Daylight,,,45,Vehicle - Pedalcyclist,0,N,Washington,47.61971048397088,-122.33977842897876
Block,ALASKAN WAY BETWEEN SPRING ST AND SENECA ST,1,Property Damage Only Collision,Cycles,3,0,1,1,0,0,0,2017-07-07T00:00:00.000Z,7/7/2017 3:55:00 PM,Mid-Block (not related to intersection),18.0,"MOTOR VEHICLE STRUCK PEDALCYCLIST, FRONT END AT ANGLE",,N,Clear or Partly Cloudy,Dry,Daylight,,,45,Vehicle - Pedalcyclist,0,N,Washington,47.60483193302114,-122.33943063840178
Intersection,4TH AVE AND COLUMBIA ST,2,Injury Collision,Cycles,2,0,1,1,1,0,0,2017-07-11T00:00:00.000Z,7/11/2017 6:03:00 PM,At Intersection (intersection related),51.0,PEDALCYCLIST STRUCK MOTOR VEHICLE FRONT END AT ANGLE,,N,Clear or Partly Cloudy,Dry,Daylight,,Y,45,Vehicle - Pedalcyclist,0,N,Washington,47.604661558350756,-122.33160430850334
Block,EASTLAKE AVE E BETWEEN E HOWE ST AND E NEWTON ST,2,Injury Collision,Cycles,0,0,1,1,1,0,0,2017-08-29T00:00:00.000Z,8/29/2017 9:26:00 AM,Mid-Block (not related to intersection),51.0,PEDALCYCLIST STRUCK MOTOR VEHICLE FRONT END AT ANGLE,,N,Clear or Partly Cloudy,Dry,Daylight,,,45,Vehicle - Pedalcyclist,0,N,Washington,47.63631850995383,-122.32574173733272
Intersection,42ND AVE SW AND SW ALASKA ST,2,Injury Collision,Cycles,0,0,1,1,1,0,0,2017-09-01T00:00:00.000Z,9/1/2017 5:42:00 PM,At Intersection (intersection related),51.0,PEDALCYCLIST STRUCK MOTOR VEHICLE FRONT END AT ANGLE,,N,Clear or Partly Cloudy,Dry,Daylight,,,45,Vehicle - Pedalcyclist,0,N,Washington,47.56107185198776,-122.38545807825716
Block,PINE ST BETWEEN 6TH AVE AND 7TH AVE,2,Injury Collision,Cycles,2,0,1,1,1,0,0,2017-07-13T00:00:00.000Z,7/13/2017,Mid-Block (not related to intersection),18.0,"MOTOR VEHICLE STRUCK PEDALCYCLIST, FRONT END AT ANGLE",Y,N,Clear or Partly Cloudy,Dry,Unknown,,,45,Vehicle - Pedalcyclist,0,N,Washington,47.612367731730366,-122.33481948997095
Block,BLANCHARD ST BETWEEN 6TH AVE AND 7TH AVE,2,Injury Collision,Cycles,2,0,1,1,1,0,0,2017-07-18T00:00:00.000Z,7/18/2017 4:49:00 PM,Driveway Junction,18.0,"MOTOR VEHICLE STRUCK PEDALCYCLIST, FRONT END AT ANGLE",,Y,Clear or Partly Cloudy,Dry,Daylight,,,45,Vehicle - Pedalcyclist,0,N,Washington,47.61626113346893,-122.34048633261186
Block,RAINIER AVE S BETWEEN 25TH AVE S AND S BAYVIEW ST,2,Injury Collision,Cycles,2,0,1,1,1,0,0,2017-07-07T00:00:00.000Z,7/7/2017 4:38:00 PM,Mid-Block (not related to intersection),54.0,PEDALCYCLIST STRUCK MOTOR VEHICLE REAR END,,N,Clear or Partly Cloudy,Dry,Daylight,,,45,Vehicle - Pedalcyclist,0,N,Washington,47.58111956227043,-122.30026239758854
Block,EASTLAKE AVE E BETWEEN PROSPECT ST AND E NELSON PL,2b,Serious Injury Collision,Cycles,2,0,1,1,1,1,0,2017-07-27T00:00:00.000Z,7/27/2017 2:06:00 PM,Driveway Junction,51.0,PEDALCYCLIST STRUCK MOTOR VEHICLE FRONT END AT ANGLE,,N,Clear or Partly Cloudy,Dry,Daylight,Y,,45,Vehicle - Pedalcyclist,0,N,Washington,47.629653976115854,-122.32861177955971
Intersection,WOODLAWN AVE NE AND NE RAVENNA WB BV,2,Injury Collision,Cycles,2,0,1,1,1,0,0,2017-06-26T00:00:00.000Z,6/26/2017 11:51:00 AM,At Intersection (intersection related),18.0,"MOTOR VEHICLE STRUCK PEDALCYCLIST, FRONT END AT ANGLE",,N,Clear or Partly Cloudy,Dry,Daylight,Y,,45,Vehicle - Pedalcyclist,524023,N,Washington,47.6790278637767,-122.3248283985514
Intersection,WESTERN AVE AND YESLER WAY,2,Injury Collision,Cycles,2,0,1,1,1,0,0,2017-08-09T00:00:00.000Z,8/9/2017 8:53:00 AM,At Intersection (intersection related),18.0,"MOTOR VEHICLE STRUCK PEDALCYCLIST, FRONT END AT ANGLE",,N,Clear or Partly Cloudy,Dry,Daylight,,,45,Vehicle - Pedalcyclist,0,N,Washington,47.60172225521305,-122.33554940658436
Intersection,M L KING JR WR WAY S AND S WEBSTER ST,2,Injury Collision,Cycles,0,0,1,1,1,0,0,2017-09-04T00:00:00.000Z,9/4/2017 7:48:00 PM,At Intersection (intersection related),18.0,"MOTOR VEHICLE STRUCK PEDALCYCLIST, FRONT END AT ANGLE",,N,Clear or Partly Cloudy,Dry,Daylight,,,45,Vehicle - Pedalcyclist,614258,N,Washington,47.53540480223526,-122.28084640061873
Intersection,35TH AVE SW AND SW CLOVERDALE S ST,2,Injury Collision,Cycles,2,0,1,1,1,0,0,2017-09-16T00:00:00.000Z,9/16/2017 12:47:00 AM,At Intersection (intersection related),18.0,"MOTOR VEHICLE STRUCK PEDALCYCLIST, FRONT END AT ANGLE",,N,Clear or Partly Cloudy,Dry,Dark - Street Lights On,,,45,Vehicle - Pedalcyclist,0,N,Washington,47.526100248725996,-122.37663628265456
Intersection,RAVENNA AVE NE AND NE 70TH ST,2,Injury Collision,Cycles,0,0,1,1,1,0,0,2017-09-09T00:00:00.000Z,9/9/2017 6:00:00 AM,At Intersection (intersection related),18.0,"MOTOR VEHICLE STRUCK PEDALCYCLIST, FRONT END AT ANGLE",,N,Clear or Partly Cloudy,Dry,Dark - Street Lights Off,,,45,Vehicle - Pedalcyclist,0,N,Washington,47.679410387385,-122.30390184814851
Intersection,LAKE WASHINGTON BLVD S AND S JACKSON ST,1,Property Damage Only Collision,Cycles,2,0,1,1,0,0,0,2017-07-08T00:00:00.000Z,7/8/2017 5:33:00 PM,At Intersection (intersection related),51.0,PEDALCYCLIST STRUCK MOTOR VEHICLE FRONT END AT ANGLE,,N,Clear or Partly Cloudy,Dry,Daylight,,,45,Vehicle - Pedalcyclist,0,N,Washington,47.59915369330607,-122.28861904154682
Block,2ND AVE BETWEEN PIKE ST AND PINE ST,2,Injury Collision,Cycles,0,0,1,1,1,0,0,2017-08-15T00:00:00.000Z,8/15/2017 6:06:00 AM,Driveway Junction,18.0,"MOTOR VEHICLE STRUCK PEDALCYCLIST, FRONT END AT ANGLE",,N,Clear or Partly Cloudy,Dry,Dawn,,,45,Vehicle - Pedalcyclist,0,N,Washington,47.609780570210454,-122.33935700687486
Intersection,INTERLAKE AVE N AND N 88TH ST,2,Injury Collision,Cycles,3,0,1,2,1,0,0,2017-07-06T00:00:00.000Z,7/6/2017 6:41:00 PM,At Intersection (intersection related),18.0,"MOTOR VEHICLE STRUCK PEDALCYCLIST, FRONT END AT ANGLE",Y,N,Clear or Partly Cloudy,Dry,Daylight,,,45,Vehicle - Pedalcyclist,0,N,Washington,47.692348808646095,-122.34023947727002
Block,EASTLAKE AVE E BETWEEN HARVARD AVE E AND FUHRMAN AVE E,2,Injury Collision,Cycles,2,0,1,1,1,0,0,2017-07-11T00:00:00.000Z,7/11/2017 3:26:00 PM,Mid-Block (not related to intersection),18.0,"MOTOR VEHICLE STRUCK PEDALCYCLIST, FRONT END AT ANGLE",,N,Clear or Partly Cloudy,Dry,Daylight,,,45,Vehicle - Pedalcyclist,0,N,Washington,47.65104751116883,-122.32168580219019
Intersection,5TH AVE AND PIKE ST,2,Injury Collision,Cycles,2,0,1,1,1,0,0,2017-07-14T00:00:00.000Z,7/14/2017 11:22:00 PM,At Intersection (intersection related),51.0,PEDALCYCLIST STRUCK MOTOR VEHICLE FRONT END AT ANGLE,Y,N,Clear or Partly Cloudy,Dry,Dark - Street Lights On,,,45,Vehicle - Pedalcyclist,522108,N,Washington,47.61067790284203,-122.33557402523344
Intersection,8TH AVE NW AND NW 65TH ST,2,Injury Collision,Cycles,2,0,1,1,1,0,0,2017-06-23T00:00:00.000Z,6/23/2017 11:05:00 AM,At Intersection (intersection related),18.0,"MOTOR VEHICLE STRUCK PEDALCYCLIST, FRONT END AT ANGLE",,N,Clear or Partly Cloudy,Dry,Daylight,,,45,Vehicle - Pedalcyclist,0,N,Washington,47.67598534672824,-122.36602339873885
Intersection,RUSSELL AVE NW AND NW IONE PL,2,Injury Collision,Cycles,2,0,1,1,1,0,0,2017-08-02T00:00:00.000Z,8/2/2017 11:35:00 AM,At Intersection (intersection related),18.0,"MOTOR VEHICLE STRUCK PEDALCYCLIST, FRONT END AT ANGLE",,N,Clear or Partly Cloudy,Dry,Daylight,,,45,Vehicle - Pedalcyclist,0,N,Washington,47.66608436064281,-122.3800557217358
Intersection,ALASKAN E RDWY WAY AND UNIVERSITY ST,2,Injury Collision,Cycles,2,0,1,1,1,0,0,2017-07-21T00:00:00.000Z,7/21/2017 12:13:00 PM,At Intersection (intersection related),18.0,"MOTOR VEHICLE STRUCK PEDALCYCLIST, FRONT END AT ANGLE",,N,Clear or Partly Cloudy,Dry,Daylight,,,45,Vehicle - Pedalcyclist,0,N,Washington,47.6060650580094,-122.34003711468316
Block,N NORTHLAKE WAY BETWEEN DENSMORE AVE N AND BURKE AVE N,2,Injury Collision,Cycles,2,0,1,1,1,0,0,2017-08-05T00:00:00.000Z,8/5/2017 12:50:00 PM,Mid-Block (not related to intersection),51.0,PEDALCYCLIST STRUCK MOTOR VEHICLE FRONT END AT ANGLE,Y,N,Clear or Partly Cloudy,Dry,Daylight,,,45,Vehicle - Pedalcyclist,0,N,Washington,47.646878834640596,-122.336364331816
Intersection,24TH AVE E AND E MILLER ST,2b,Serious Injury Collision,Cycles,2,0,1,1,1,1,0,2017-07-07T00:00:00.000Z,7/7/2017 5:49:00 PM,At Intersection (intersection related),18.0,"MOTOR VEHICLE STRUCK PEDALCYCLIST, FRONT END AT ANGLE",,N,Clear or Partly Cloudy,Dry,Daylight,,,45,Vehicle - Pedalcyclist,0,N,Washington,47.6417180299231,-122.30205864553413
Intersection,BURKE AVE N AND N NORTHLAKE WAY,2,Injury Collision,Cycles,0,0,1,1,1,0,0,2017-08-31T00:00:00.000Z,8/31/2017 10:18:00 AM,At Intersection (intersection related),51.0,PEDALCYCLIST STRUCK MOTOR VEHICLE FRONT END AT ANGLE,,N,Raining,Wet,Daylight,,,45,Vehicle - Pedalcyclist,522489,N,Washington,47.64687291252812,-122.3351687568724
Intersection,12TH AVE AND E YESLER WAY,2,Injury Collision,Cycles,0,0,1,1,1,0,0,2017-08-30T00:00:00.000Z,8/30/2017 6:20:00 PM,At Intersection (intersection related),51.0,PEDALCYCLIST STRUCK MOTOR VEHICLE FRONT END AT ANGLE,,N,Clear or Partly Cloudy,Dry,Daylight,,,45,Vehicle - Pedalcyclist,0,N,Washington,47.60169336783193,-122.31678189326038
Intersection,12TH AVE AND E SPRUCE ST,2,Injury Collision,Cycles,2,0,1,1,1,0,0,2017-07-18T00:00:00.000Z,7/18/2017 7:05:00 AM,At Intersection (intersection related),18.0,"MOTOR VEHICLE STRUCK PEDALCYCLIST, FRONT END AT ANGLE",,N,Clear or Partly Cloudy,Dry,Daylight,,,45,Vehicle - Pedalcyclist,0,N,Washington,47.603514160000714,-122.31678152406286
Intersection,E BLAINE ST AND E MADISON ST,2,Injury Collision,Cycles,0,0,1,1,1,0,0,2017-09-03T00:00:00.000Z,9/3/2017 8:05:00 PM,At Intersection (intersection related),18.0,"MOTOR VEHICLE STRUCK PEDALCYCLIST, FRONT END AT ANGLE",,N,Clear or Partly Cloudy,Dry,Dark - Street Lights On,,,45,Vehicle - Pedalcyclist,524081,N,Washington,47.63452936681397,-122.2798598030169
Intersection,9TH AVE N AND WESTLAKE AVE N,2,Injury Collision,Cycles,0,0,1,1,1,0,0,2017-09-10T00:00:00.000Z,9/10/2017 7:50:00 AM,At Intersection (intersection related),51.0,PEDALCYCLIST STRUCK MOTOR VEHICLE FRONT END AT ANGLE,,N,Clear or Partly Cloudy,Dry,Daylight,,,45,Vehicle - Pedalcyclist,699738,N,Washington,47.62717089523204,-122.33962236268913
Intersection,STONE WAY N AND N 49TH ST,2,Injury Collision,Cycles,0,0,1,1,1,0,0,2017-09-12T00:00:00.000Z,9/12/2017 5:50:00 PM,At Intersection (intersection related),51.0,PEDALCYCLIST STRUCK MOTOR VEHICLE FRONT END AT ANGLE,,N,Clear or Partly Cloudy,Dry,Daylight,,,45,Vehicle - Pedalcyclist,0,N,Washington,47.66428986783398,-122.34068746740265
Intersection,EASTLAKE AVE NE AND UNIVERSITY BR,2,Injury Collision,Cycles,0,0,1,1,1,0,0,2017-09-11T00:00:00.000Z,9/11/2017 8:49:00 AM,At Intersection (intersection related),18.0,"MOTOR VEHICLE STRUCK PEDALCYCLIST, FRONT END AT ANGLE",,N,Clear or Partly Cloudy,Dry,Daylight,,,45,Vehicle - Pedalcyclist,0,N,Washington,47.655470827396094,-122.31826624936394
Intersection,DAYTON AVE N AND N 44TH ST,2,Injury Collision,Cycles,2,0,1,1,1,0,0,2017-04-27T00:00:00.000Z,4/27/2017 6:38:00 PM,At Intersection (intersection related),18.0,"MOTOR VEHICLE STRUCK PEDALCYCLIST, FRONT END AT ANGLE",,N,Overcast,Dry,Dusk,,,45,Vehicle - Pedalcyclist,0,N,Washington,47.66021856534781,-122.35206374157022
Intersection,ALASKAN E RDWY WAY AND UNIVERSITY ST,2,Injury Collision,Cycles,2,0,1,1,2,0,0,2017-07-28T00:00:00.000Z,7/28/2017 5:18:00 PM,At Intersection (intersection related),51.0,PEDALCYCLIST STRUCK MOTOR VEHICLE FRONT END AT ANGLE,,N,Clear or Partly Cloudy,Dry,Daylight,,,45,Vehicle - Pedalcyclist,0,N,Washington,47.6060650580094,-122.34003711468316
Intersection,44TH AVE NE AND NE 50TH ST,2,Injury Collision,Cycles,0,0,1,1,1,0,0,2017-09-10T00:00:00.000Z,9/10/2017 7:01:00 AM,At Intersection (intersection related),18.0,"MOTOR VEHICLE STRUCK PEDALCYCLIST, FRONT END AT ANGLE",,N,Clear or Partly Cloudy,Dry,Dawn,,,45,Vehicle - Pedalcyclist,0,N,Washington,47.66489532316177,-122.28048475643831
Intersection,HARVARD AVE E AND E GWINN PL,2,Injury Collision,Cycles,0,0,1,1,1,0,0,2017-08-30T00:00:00.000Z,8/30/2017 6:44:00 PM,At Intersection (intersection related),11.0,"MOTOR VEHICLE STRUCK MOTOR VEHICLE, FRONT END AT ANGLE",,N,Clear or Partly Cloudy,Dry,Daylight,,,45,Vehicle - Pedalcyclist,0,N,Washington,47.647826773456174,-122.32210082793414
Block,15TH AVE NE BETWEEN NE 130TH ST AND NE BROCKMAN S PL,2,Injury Collision,Cycles,2,0,1,1,1,0,0,2017-07-18T00:00:00.000Z,7/18/2017 10:42:00 PM,Mid-Block (not related to intersection),21.0,"MOTOR VEHICLE STRUCK PEDALCYCLIST, REAR END",,N,Clear or Partly Cloudy,Dry,Dark - Street Lights On,,,45,Vehicle - Pedalcyclist,0,N,Washington,47.723512677905596,-122.31266171422263
Block,DENSMORE AVE N BETWEEN N 125TH ST AND N 128TH ST,2,Injury Collision,Cycles,0,0,1,1,1,0,0,2017-09-20T00:00:00.000Z,9/20/2017 6:52:00 PM,Mid-Block (not related to intersection),51.0,PEDALCYCLIST STRUCK MOTOR VEHICLE FRONT END AT ANGLE,,N,Overcast,Dry,Dusk,,,45,Vehicle - Pedalcyclist,0,N,Washington,47.72079177407018,-122.3379816399534
Intersection,M L KING JR WAY S AND S JACKSON ST,2,Injury Collision,Cycles,0,0,1,1,1,0,0,2017-08-25T00:00:00.000Z,8/25/2017 10:00:00 PM,At Intersection (intersection related),18.0,"MOTOR VEHICLE STRUCK PEDALCYCLIST, FRONT END AT ANGLE",,N,Clear or Partly Cloudy,Dry,Dark - Street Lights On,,,45,Vehicle - Pedalcyclist,0,N,Washington,47.59923283954921,-122.2974146826288
Block,ROOSEVELT WAY NE BETWEEN NE 65TH ST AND NE 66TH ST,1,Property Damage Only Collision,Cycles,0,0,1,1,0,0,0,2017-09-03T00:00:00.000Z,9/3/2017 4:23:00 PM,Mid-Block (not related to intersection),0.0,NOT ENOUGH INFORMATION / NOT APPLICABLE,,N,Clear or Partly Cloudy,Dry,Daylight,,,45,Vehicle - Pedalcyclist,0,Y,Washington,47.676190496456115,-122.31736819960587
Block,DELRIDGE WAY SW BETWEEN PUGET BLVD SW AND SW BRANDON ST,2,Injury Collision,Cycles,0,0,1,1,2,0,0,2017-09-02T00:00:00.000Z,9/2/2017 9:50:00 PM,Driveway Junction,51.0,PEDALCYCLIST STRUCK MOTOR VEHICLE FRONT END AT ANGLE,,N,Clear or Partly Cloudy,Dry,Dark - Street Lights On,,,45,Vehicle - Pedalcyclist,0,N,Washington,47.554484383780746,-122.36295369926235
Intersection,LINDEN AVE N AND N 141ST ST,1,Property Damage Only Collision,Cycles,0,0,1,1,0,0,0,2017-09-03T00:00:00.000Z,9/3/2017 8:03:00 AM,At Intersection (but not related to intersection),18.0,"MOTOR VEHICLE STRUCK PEDALCYCLIST, FRONT END AT ANGLE",,N,Clear or Partly Cloudy,Dry,Daylight,,,45,Vehicle - Pedalcyclist,0,N,Washington,47.73103975084276,-122.34776411242555
Intersection,MERIDIAN AVE N AND N 145TH ST,2,Injury Collision,Angles,5,0,1,3,1,0,0,2017-06-21T00:00:00.000Z,6/21/2017 5:21:00 PM,At Intersection (intersection related),11.0,"MOTOR VEHICLE STRUCK MOTOR VEHICLE, FRONT END AT ANGLE",,N,Clear or Partly Cloudy,Dry,Daylight,,,10,Entering at angle,0,N,Washington,47.73413650138539,-122.3342759432768
Intersection,4TH AVE S AND S HINDS ST,2,Injury Collision,Cycles,2,0,1,1,1,0,0,2017-07-21T00:00:00.000Z,7/21/2017 7:00:00 PM,At Intersection (intersection related),18.0,"MOTOR VEHICLE STRUCK PEDALCYCLIST, FRONT END AT ANGLE",Y,Y,Clear or Partly Cloudy,Dry,Daylight,,,45,Vehicle - Pedalcyclist,32337,N,Washington,47.57369852160964,-122.329060197222
Intersection,EASTERN AVE N AND N 45TH ST,2,Injury Collision,Cycles,2,0,1,1,1,0,0,2017-07-12T00:00:00.000Z,7/12/2017 7:11:00 PM,At Intersection (intersection related),51.0,PEDALCYCLIST STRUCK MOTOR VEHICLE FRONT END AT ANGLE,,N,Clear or Partly Cloudy,Dry,Daylight,,,45,Vehicle - Pedalcyclist,0,N,Washington,47.66136334713843,-122.32896932550615
Intersection,9TH AVE NW AND NW 92ND ST,2,Injury Collision,Cycles,0,0,1,1,1,0,0,2017-08-24T00:00:00.000Z,8/24/2017 4:54:00 PM,At Intersection (intersection related),18.0,"MOTOR VEHICLE STRUCK PEDALCYCLIST, FRONT END AT ANGLE",,N,Clear or Partly Cloudy,Dry,Daylight,,,45,Vehicle - Pedalcyclist,0,N,Washington,47.69606375353467,-122.3687158452772
Block,RAINIER AVE S BETWEEN S KEPPLER ST AND S PILGRIM ST,2,Injury Collision,Cycles,2,0,1,1,1,0,0,2017-07-30T00:00:00.000Z,7/30/2017 5:00:00 PM,Mid-Block (not related to intersection),11.0,"MOTOR VEHICLE STRUCK MOTOR VEHICLE, FRONT END AT ANGLE",,Y,Clear or Partly Cloudy,Dry,Daylight,,,45,Vehicle - Pedalcyclist,0,N,Washington,47.51716332808214,-122.25471588238248
Intersection,MAYNARD AVE S AND S DEARBORN ST,2,Injury Collision,Cycles,0,0,1,1,1,0,0,2017-09-13T00:00:00.000Z,9/13/2017 8:20:00 AM,At Intersection (intersection related),18.0,"MOTOR VEHICLE STRUCK PEDALCYCLIST, FRONT END AT ANGLE",,N,Clear or Partly Cloudy,Dry,Daylight,,,45,Vehicle - Pedalcyclist,0,N,Washington,47.595835342589986,-122.32506845117202
Block,4TH AVE BETWEEN COLUMBIA ST AND MARION ST,1,Property Damage Only Collision,Cycles,0,0,1,1,0,0,0,2017-09-05T00:00:00.000Z,9/5/2017 12:43:00 PM,Mid-Block (but intersection related),51.0,PEDALCYCLIST STRUCK MOTOR VEHICLE FRONT END AT ANGLE,,N,Clear or Partly Cloudy,Dry,Daylight,,,45,Vehicle - Pedalcyclist,0,N,Washington,47.6050167415146,-122.33192936758915
Intersection,15TH AVE NW AND NW 60TH ST,2,Injury Collision,Cycles,0,0,1,1,1,0,0,2017-08-15T00:00:00.000Z,8/15/2017 2:25:00 PM,At Intersection (intersection related),18.0,"MOTOR VEHICLE STRUCK PEDALCYCLIST, FRONT END AT ANGLE",,N,Clear or Partly Cloudy,Dry,Daylight,,,45,Vehicle - Pedalcyclist,524984,N,Washington,47.672359665866395,-122.37621111924558
Intersection,4TH AVE S AND S JACKSON ST,2,Injury Collision,Cycles,2,0,1,1,1,0,0,2017-06-14T00:00:00.000Z,6/14/2017 10:48:00 AM,At Intersection (but not related to intersection),11.0,"MOTOR VEHICLE STRUCK MOTOR VEHICLE, FRONT END AT ANGLE",,N,Unknown,Unknown,Unknown,,,45,Vehicle - Pedalcyclist,0,N,Washington,47.59919688966549,-122.32896751464877
Intersection,8TH AVE NW AND NW 58TH ST,2,Injury Collision,Cycles,0,0,1,1,1,0,0,2017-08-24T00:00:00.000Z,8/24/2017 8:43:00 AM,At Intersection (intersection related),51.0,PEDALCYCLIST STRUCK MOTOR VEHICLE FRONT END AT ANGLE,,N,Clear or Partly Cloudy,Dry,Daylight,,,45,Vehicle - Pedalcyclist,0,N,Washington,47.670889901639775,-122.36617390620391
Block,SW ANDOVER ST BETWEEN DELRIDGE WAY SW AND 26TH AVE SW,2,Injury Collision,Cycles,0,0,1,1,1,0,0,2017-08-17T00:00:00.000Z,8/17/2017 6:56:00 AM,Mid-Block (but intersection related),21.0,"MOTOR VEHICLE STRUCK PEDALCYCLIST, REAR END",,N,Clear or Partly Cloudy,Dry,Daylight,,,45,Vehicle - Pedalcyclist,0,N,Washington,47.56834594585089,-122.36435375116524
Block,GREENWOOD AVE N BETWEEN N 72ND N ST AND N 73RD ST,2,Injury Collision,Cycles,0,0,1,1,1,0,0,2017-08-23T00:00:00.000Z,8/23/2017 5:09:00 PM,Mid-Block (not related to intersection),56.0,PEDALCYCLIST STRUCK MOTOR VEHICLE LEFT SIDE SIDESWIPE,,N,Clear or Partly Cloudy,Dry,Daylight,,,45,Vehicle - Pedalcyclist,0,N,Washington,47.68142808898432,-122.3553052298968