addrtype,location,severitycode,severitydesc,collisiontype,personcount,pedcount,pedcylcount,vehcount,injuries,seriousinjuries,fatalities,incdate,incdttm,junctiontype,sdot_colcode,sdot_coldesc,inattentionind,underinfl,weather,roadcond,lightcond,pedrownotgrnt,speeding,st_colcode,st_coldesc,crosswalkkey,hitparkedcar,state,latitude,longitude
Block,12TH AVE BETWEEN E SPRUCE ST AND E ALDER ST,2,Injury Collision,Cycles,0,0,1,1,1,0,0,2017-09-13T00:00:00.000Z,9/13/2017 10:47:00 PM,Mid-Block (not related to intersection),18.0,"MOTOR VEHICLE STRUCK PEDALCYCLIST, FRONT END AT ANGLE",,N,Clear or Partly Cloudy,Dry,Dark - Street Lights On,,,45,Vehicle - Pedalcyclist,0,N,Washington,47.60393590750514,-122.31678132905456
Intersection,OCCIDENTAL AVE S AND S MASSACHUSETTS ST,2,Injury Collision,Cycles,0,0,1,1,1,0,0,2017-09-19T00:00:00.000Z,9/19/2017 10:59:00 PM,At Intersection (intersection related),51.0,PEDALCYCLIST STRUCK MOTOR VEHICLE FRONT END AT ANGLE,,N,Raining,Wet,Dark - Street Lights On,,,45,Vehicle - Pedalcyclist,0,N,Washington,47.58822836097146,-122.33326437063845
Intersection,15TH AVE NE AND NE PACIFIC ST,1,Property Damage Only Collision,Cycles,0,0,1,1,0,0,0,2017-08-15T00:00:00.000Z,8/15/2017 8:19:00 PM,At Intersection (intersection related),18.0,"MOTOR VEHICLE STRUCK PEDALCYCLIST, FRONT END AT ANGLE",,N,Clear or Partly Cloudy,Dry,Dusk,,,45,Vehicle - Pedalcyclist,520838,N,Washington,47.65297596413605,-122.31246414473328
Intersection,12TH AVE AND E ALDER ST,2,Injury Collision,Cycles,2,0,1,1,1,0,0,2017-08-14T00:00:00.000Z,8/14/2017 8:26:00 AM,At Intersection (intersection related),18.0,"MOTOR VEHICLE STRUCK PEDALCYCLIST, FRONT END AT ANGLE",Y,N,Clear or Partly Cloudy,Dry,Daylight,,,45,Vehicle - Pedalcyclist,0,N,Washington,47.60436038491066,-122.31678113297993
Intersection,MERCER SR ST AND TERRY AVE N,2,Injury Collision,Cycles,0,0,1,1,1,0,0,2017-08-25T00:00:00.000Z,8/25/2017 2:35:00 PM,At Intersection (intersection related),18.0,"MOTOR VEHICLE STRUCK PEDALCYCLIST, FRONT END AT ANGLE",,N,Clear or Partly Cloudy,Dry,Daylight,,,45,Vehicle - Pedalcyclist,699723,N,Washington,47.62454774379114,-122.3371315345054
Intersection,CALIFORNIA AVE SW AND SW SEATTLE ST,2,Injury Collision,Cycles,0,0,1,1,1,0,0,2017-08-23T00:00:00.000Z,8/23/2017 5:42:00 PM,At Intersection (intersection related),51.0,PEDALCYCLIST STRUCK MOTOR VEHICLE FRONT END AT ANGLE,,N,Clear or Partly Cloudy,Dry,Daylight,,,45,Vehicle - Pedalcyclist,0,N,Washington,47.58932074201179,-122.38623103396549
Block,HARBOR AVE SW BETWEEN FAIRMOUNT AVE SW AND SW BRONSON WAY,2,Injury Collision,Cycles,0,0,1,1,1,0,0,2017-08-27T00:00:00.000Z,8/27/2017 7:25:00 PM,Driveway Junction,18.0,"MOTOR VEHICLE STRUCK PEDALCYCLIST, FRONT END AT ANGLE",,N,Clear or Partly Cloudy,Dry,Daylight,,,45,Vehicle - Pedalcyclist,0,N,Washington,47.58635654911362,-122.37709106587592
Block,PALATINE AVE N BETWEEN N 90TH ST AND N 92ND ST,1,Property Damage Only Collision,Cycles,2,0,1,1,0,0,0,2017-07-17T00:00:00.000Z,7/17/2017 4:57:00 PM,Mid-Block (not related to intersection),54.0,PEDALCYCLIST STRUCK MOTOR VEHICLE REAR END,Y,N,Clear or Partly Cloudy,Dry,Daylight,,,45,Vehicle - Pedalcyclist,0,N,Washington,47.695125876065035,-122.35668898031756
Block,PALATINE AVE N BETWEEN N 87TH ST AND N 90TH ST,1,Property Damage Only Collision,Cycles,2,0,1,1,0,0,0,2017-07-17T00:00:00.000Z,7/17/2017 4:57:00 PM,Mid-Block (not related to intersection),21.0,"MOTOR VEHICLE STRUCK PEDALCYCLIST, REAR END",Y,N,Clear or Partly Cloudy,Dry,Daylight,,,45,Vehicle - Pedalcyclist,0,Y,Washington,47.693322857589706,-122.35667023245442
Intersection,14TH AVE NW AND NW 59TH ST,2,Injury Collision,Cycles,2,0,1,1,1,0,0,2017-07-26T00:00:00.000Z,7/26/2017 6:46:00 PM,At Intersection (intersection related),51.0,PEDALCYCLIST STRUCK MOTOR VEHICLE FRONT END AT ANGLE,,N,Clear or Partly Cloudy,Dry,Daylight,,,45,Vehicle - Pedalcyclist,0,N,Washington,47.67162888650733,-122.37358091659584
Block,S DEARBORN ST BETWEEN 7TH AVE S AND 8TH AVE S,2,Injury Collision,Cycles,0,0,1,1,1,0,0,2017-09-11T00:00:00.000Z,9/11/2017 8:06:00 AM,Driveway Junction,18.0,"MOTOR VEHICLE STRUCK PEDALCYCLIST, FRONT END AT ANGLE",,N,Clear or Partly Cloudy,Dry,Daylight,,,45,Vehicle - Pedalcyclist,0,N,Washington,47.59583224035126,-122.32311316690009
Block,S HENDERSON ST BETWEEN RENTON AVE S AND 46TH AVE S,2,Injury Collision,Cycles,2,0,1,1,1,0,0,2017-06-17T00:00:00.000Z,6/17/2017 5:33:00 PM,Mid-Block (not related to intersection),18.0,"MOTOR VEHICLE STRUCK PEDALCYCLIST, FRONT END AT ANGLE",,N,Clear or Partly Cloudy,Dry,Daylight,,,45,Vehicle - Pedalcyclist,0,N,Washington,47.52331186411855,-122.27532477403706
Intersection,EVANSTON AVE N AND N 48TH ST,2,Injury Collision,Cycles,0,0,1,1,1,0,0,2017-08-17T00:00:00.000Z,8/17/2017 9:13:00 AM,At Intersection (intersection related),18.0,"MOTOR VEHICLE STRUCK PEDALCYCLIST, FRONT END AT ANGLE",,N,Clear or Partly Cloudy,Dry,Daylight,,,45,Vehicle - Pedalcyclist,0,N,Washington,47.663589896788594,-122.35147299823099
Block,34TH AVE S BETWEEN S SPOKANE ST AND S CHARLESTOWN ST,2,Injury Collision,Cycles,3,0,1,1,1,0,0,2017-08-04T00:00:00.000Z,8/4/2017 3:46:00 PM,Mid-Block (not related to intersection),18.0,"MOTOR VEHICLE STRUCK PEDALCYCLIST, FRONT END AT ANGLE",,N,Clear or Partly Cloudy,Dry,Daylight,,,45,Vehicle - Pedalcyclist,0,N,Washington,47.5706763291962,-122.28993776247215
Intersection,12TH AVE AND E FIR ST,2,Injury Collision,Cycles,2,0,1,1,1,0,0,2017-07-07T00:00:00.000Z,7/7/2017 5:36:00 PM,At Intersection (intersection related),18.0,"MOTOR VEHICLE STRUCK PEDALCYCLIST, FRONT END AT ANGLE",Y,N,Clear or Partly Cloudy,Dry,Daylight,,,45,Vehicle - Pedalcyclist,0,N,Washington,47.60268590720001,-122.31678180366168
Block,UNIVERSITY WAY NE BETWEEN NE CAMPUS WB PY AND NE 41ST ST,2,Injury Collision,Cycles,0,0,1,1,1,0,0,2017-08-15T00:00:00.000Z,8/15/2017 9:50:00 AM,Mid-Block (not related to intersection),18.0,"MOTOR VEHICLE STRUCK PEDALCYCLIST, FRONT END AT ANGLE",,N,Clear or Partly Cloudy,Dry,Daylight,,,45,Vehicle - Pedalcyclist,0,N,Washington,47.65652344664521,-122.3132541598248
Block,DEXTER AVE N BETWEEN REPUBLICAN ST AND MERCER ST,2,Injury Collision,Cycles,3,0,1,1,1,0,0,2017-06-29T00:00:00.000Z,6/29/2017 3:47:00 PM,Mid-Block (but intersection related),11.0,"MOTOR VEHICLE STRUCK MOTOR VEHICLE, FRONT END AT ANGLE",,N,Clear or Partly Cloudy,Dry,Daylight,,,45,Vehicle - Pedalcyclist,0,N,Washington,47.62388537142114,-122.34235544630623
Intersection,23RD AVE NE AND NE 125TH ST,2,Injury Collision,Cycles,0,0,1,1,1,0,0,2017-10-03T00:00:00.000Z,10/3/2017 8:26:00 AM,At Intersection (intersection related),18.0,"MOTOR VEHICLE STRUCK PEDALCYCLIST, FRONT END AT ANGLE",,N,Clear or Partly Cloudy,Dry,Daylight,,,45,Vehicle - Pedalcyclist,0,N,Washington,47.71934073050613,-122.30456827054334
Block,ROOSEVELT WAY NE BETWEEN NE 42ND N ST AND NE 43RD S ST,2,Injury Collision,Cycles,4,0,1,1,1,0,0,2017-10-24T00:00:00.000Z,10/24/2017 12:00:00 PM,Mid-Block (not related to intersection),18.0,"MOTOR VEHICLE STRUCK PEDALCYCLIST, FRONT END AT ANGLE",,N,Clear or Partly Cloudy,Dry,Daylight,,,45,Vehicle - Pedalcyclist,0,N,Washington,47.65891124921488,-122.31776595018732
Block,E PINE ST BETWEEN BELMONT AVE AND BOYLSTON AVE,2,Injury Collision,Cycles,0,0,1,1,1,0,0,2017-09-29T00:00:00.000Z,9/29/2017 10:10:00 PM,Mid-Block (not related to intersection),56.0,PEDALCYCLIST STRUCK MOTOR VEHICLE LEFT SIDE SIDESWIPE,,N,Clear or Partly Cloudy,Dry,Dark - Street Lights On,,,45,Vehicle - Pedalcyclist,0,N,Washington,47.61522806298954,-122.32394607098915
Block,PIKE ST BETWEEN BOREN AVE AND MELROSE AVE,2,Injury Collision,Cycles,0,0,1,1,1,0,0,2017-09-26T00:00:00.000Z,9/26/2017 9:19:00 AM,Mid-Block (not related to intersection),51.0,PEDALCYCLIST STRUCK MOTOR VEHICLE FRONT END AT ANGLE,,N,Clear or Partly Cloudy,Dry,Daylight,,,45,Vehicle - Pedalcyclist,0,N,Washington,47.61369730746585,-122.32836055721232
Intersection,20TH AVE NE AND NE 75TH ST,2,Injury Collision,Cycles,3,0,1,1,1,0,0,2017-10-30T00:00:00.000Z,10/30/2017 12:26:00 PM,At Intersection (intersection related),18.0,"MOTOR VEHICLE STRUCK PEDALCYCLIST, FRONT END AT ANGLE",,N,Clear or Partly Cloudy,Dry,Daylight,Y,,45,Vehicle - Pedalcyclist,0,N,Washington,47.68304696269502,-122.30668856294176
Block,DEXTER AVE N BETWEEN HAYES ST AND HOWE ST,2,Injury Collision,Cycles,0,0,1,1,1,0,0,2017-10-09T00:00:00.000Z,10/9/2017 7:08:00 PM,Mid-Block (not related to intersection),51.0,PEDALCYCLIST STRUCK MOTOR VEHICLE FRONT END AT ANGLE,,N,Clear or Partly Cloudy,Dry,Dusk,,,45,Vehicle - Pedalcyclist,0,N,Washington,47.63498698711708,-122.34228517989065
Block,PINE ST BETWEEN 6TH AVE AND 7TH AVE,2,Injury Collision,Cycles,2,0,1,1,1,0,0,2017-10-09T00:00:00.000Z,10/9/2017 8:48:00 AM,Mid-Block (not related to intersection),54.0,PEDALCYCLIST STRUCK MOTOR VEHICLE REAR END,,N,Clear or Partly Cloudy,Dry,Daylight,,,45,Vehicle - Pedalcyclist,0,N,Washington,47.612367731730366,-122.33481948997095
Intersection,7TH AVE NE AND NE 50TH ST,2,Injury Collision,Cycles,2,0,1,1,1,0,0,2017-09-05T00:00:00.000Z,9/5/2017 3:53:00 PM,At Intersection (intersection related),18.0,"MOTOR VEHICLE STRUCK PEDALCYCLIST, FRONT END AT ANGLE",,N,Clear or Partly Cloudy,Dry,Daylight,,,45,Vehicle - Pedalcyclist,25786,N,Washington,47.66495773124397,-122.32070290379576
Intersection,6TH AVE S AND S JACKSON ST,2,Injury Collision,Cycles,0,0,1,1,1,0,0,2017-05-02T00:00:00.000Z,5/2/2017 6:34:00 AM,At Intersection (intersection related),18.0,"MOTOR VEHICLE STRUCK PEDALCYCLIST, FRONT END AT ANGLE",,N,Clear or Partly Cloudy,Dry,Daylight,,,45,Vehicle - Pedalcyclist,521928,N,Washington,47.599192755772975,-122.32636052429419
Block,23RD AVE NE BETWEEN NE 65TH ST AND NE 68TH ST,2,Injury Collision,Cycles,0,0,2,1,1,0,0,2017-08-18T00:00:00.000Z,8/18/2017 11:44:00 AM,Mid-Block (not related to intersection),61.0,PEDALCYCLIST STRUCK PEDALCYCLIST REAR END,,N,Clear or Partly Cloudy,Dry,Daylight,,,45,Vehicle - Pedalcyclist,0,N,Washington,47.676696631042134,-122.30276418260416
Intersection,DENNY WAY AND VIRGINIA ST,1,Property Damage Only Collision,Cycles,0,0,1,1,0,0,0,2017-09-27T00:00:00.000Z,9/27/2017 5:29:00 PM,At Intersection (intersection related),51.0,PEDALCYCLIST STRUCK MOTOR VEHICLE FRONT END AT ANGLE,,N,Clear or Partly Cloudy,Dry,Daylight,,,45,Vehicle - Pedalcyclist,0,N,Washington,47.618513153946715,-122.33297304443207
Intersection,BOREN AVE AND COLUMBIA ST,2,Injury Collision,Cycles,2,0,1,1,1,0,0,2017-10-16T00:00:00.000Z,10/16/2017 4:09:00 PM,At Intersection (intersection related),18.0,"MOTOR VEHICLE STRUCK PEDALCYCLIST, FRONT END AT ANGLE",Y,N,Clear or Partly Cloudy,Dry,Daylight,,,45,Vehicle - Pedalcyclist,29940,N,Washington,47.60791097730286,-122.3238344972247
Block,DEXTER AVE N BETWEEN ALOHA ST AND WARD ST,2,Injury Collision,Cycles,0,0,1,1,1,0,0,2017-08-21T00:00:00.000Z,8/21/2017 8:50:00 AM,Mid-Block (not related to intersection),18.0,"MOTOR VEHICLE STRUCK PEDALCYCLIST, FRONT END AT ANGLE",,N,Clear or Partly Cloudy,Dry,Daylight,,,45,Vehicle - Pedalcyclist,0,N,Washington,47.62757212737837,-122.34232274984501
Intersection,STONE WAY N AND N 43RD ST,2,Injury Collision,Cycles,0,0,1,1,1,0,0,2017-09-28T00:00:00.000Z,9/28/2017 9:38:00 AM,At Intersection (intersection related),18.0,"MOTOR VEHICLE STRUCK PEDALCYCLIST, FRONT END AT ANGLE",,N,Clear or Partly Cloudy,Dry,Daylight,,,45,Vehicle - Pedalcyclist,0,N,Washington,47.65918322610462,-122.34225641658415
Block,18TH AVE BETWEEN E PINE ST AND E MADISON ST,2,Injury Collision,Cycles,0,0,1,1,1,0,0,2017-09-25T00:00:00.000Z,9/25/2017 11:50:00 PM,Mid-Block (not related to intersection),18.0,"MOTOR VEHICLE STRUCK PEDALCYCLIST, FRONT END AT ANGLE",,N,Clear or Partly Cloudy,Dry,Dark - Street Lights On,,,45,Vehicle - Pedalcyclist,0,N,Washington,47.615701808406456,-122.30884483801545
Intersection,BROADWAY AND E UNION ST,2,Injury Collision,Cycles,0,0,1,1,1,0,0,2017-09-21T00:00:00.000Z,9/21/2017 5:08:00 PM,At Intersection (intersection related),51.0,PEDALCYCLIST STRUCK MOTOR VEHICLE FRONT END AT ANGLE,,N,Clear or Partly Cloudy,Dry,Daylight,,,45,Vehicle - Pedalcyclist,0,N,Washington,47.612963362786935,-122.32076237817628
Intersection,ROOSEVELT WAY NE AND NE 43RD S ST,1,Property Damage Only Collision,Cycles,0,0,1,1,0,0,0,2017-10-13T00:00:00.000Z,10/13/2017 4:15:00 PM,At Intersection (intersection related),51.0,PEDALCYCLIST STRUCK MOTOR VEHICLE FRONT END AT ANGLE,,N,Clear or Partly Cloudy,Dry,Daylight,,,45,Vehicle - Pedalcyclist,0,N,Washington,47.659455945574386,-122.31775170617126
Block,FREMONT AVE N BETWEEN N 36TH ST AND N 38TH ST,2,Injury Collision,Cycles,2,0,1,1,1,0,0,2017-10-24T00:00:00.000Z,10/24/2017 8:56:00 AM,Mid-Block (not related to intersection),51.0,PEDALCYCLIST STRUCK MOTOR VEHICLE FRONT END AT ANGLE,Y,N,Clear or Partly Cloudy,Dry,Daylight,,,45,Vehicle - Pedalcyclist,0,N,Washington,47.65203780745402,-122.34992726918408
Intersection,8TH AVE AND PINE ST,2,Injury Collision,Cycles,0,0,1,1,1,0,0,2017-09-15T00:00:00.000Z,9/15/2017 10:47:00 AM,At Intersection (intersection related),18.0,"MOTOR VEHICLE STRUCK PEDALCYCLIST, FRONT END AT ANGLE",,N,Clear or Partly Cloudy,Dry,Daylight,,,45,Vehicle - Pedalcyclist,523151,N,Washington,47.613063934912205,-122.33315264134188
Intersection,ROOSEVELT WAY NE AND NE 43RD S ST,1,Property Damage Only Collision,Cycles,0,0,1,1,0,0,0,2017-10-13T00:00:00.000Z,10/13/2017 4:15:00 PM,At Intersection (intersection related),51.0,PEDALCYCLIST STRUCK MOTOR VEHICLE FRONT END AT ANGLE,,N,Clear or Partly Cloudy,Dry,Daylight,,,45,Vehicle - Pedalcyclist,0,N,Washington,47.659455945574386,-122.31775170617126
Intersection,PHINNEY AVE N AND N 63RD ST,1,Property Damage Only Collision,Cycles,0,0,1,1,0,0,0,2017-09-09T00:00:00.000Z,9/9/2017 9:14:00 AM,At Intersection (intersection related),51.0,PEDALCYCLIST STRUCK MOTOR VEHICLE FRONT END AT ANGLE,,N,Overcast,Dry,Daylight,,,45,Vehicle - Pedalcyclist,25588,N,Washington,47.67457015624763,-122.35436180878479
Block,DEXTER AVE N BETWEEN HAYES ST AND HOWE ST,2,Injury Collision,Cycles,2,0,1,1,1,0,0,2017-06-21T00:00:00.000Z,6/21/2017 10:35:00 AM,Mid-Block (not related to intersection),18.0,"MOTOR VEHICLE STRUCK PEDALCYCLIST, FRONT END AT ANGLE",Y,N,Clear or Partly Cloudy,Dry,Daylight,,,45,Vehicle - Pedalcyclist,0,N,Washington,47.63498698711708,-122.34228517989065
Intersection,2ND AVE AND CHERRY ST,2,Injury Collision,Cycles,0,0,1,1,1,0,0,2017-08-22T00:00:00.000Z,8/22/2017 2:25:00 PM,At Intersection (intersection related),18.0,"MOTOR VEHICLE STRUCK PEDALCYCLIST, FRONT END AT ANGLE",,N,Clear or Partly Cloudy,Dry,Daylight,,,45,Vehicle - Pedalcyclist,0,N,Washington,47.60301939344011,-122.33317224593478
Intersection,8TH AVE NW AND LEARY WAY NW,2,Injury Collision,Cycles,3,0,1,2,1,0,0,2017-08-07T00:00:00.000Z,8/7/2017 8:10:00 AM,At Intersection (intersection related),18.0,"MOTOR VEHICLE STRUCK PEDALCYCLIST, FRONT END AT ANGLE",Y,N,Overcast,Dry,Daylight,,,45,Vehicle - Pedalcyclist,0,N,Washington,47.66048197757597,-122.36619104839524
Block,MADRONA DR BETWEEN NEWPORT WAY AND GRAND AVE,2,Injury Collision,Cycles,0,0,1,1,1,0,0,2017-08-23T00:00:00.000Z,8/23/2017 4:41:00 PM,Driveway Junction,51.0,PEDALCYCLIST STRUCK MOTOR VEHICLE FRONT END AT ANGLE,,N,Clear or Partly Cloudy,Dry,Daylight,,,45,Vehicle - Pedalcyclist,0,N,Washington,47.61478761785062,-122.2835769143622
Block,EASTLAKE AVE E BETWEEN E BLAINE ST AND E HOWE ST,2,Injury Collision,Cycles,0,0,1,1,2,0,0,2017-08-23T00:00:00.000Z,8/23/2017 8:40:00 AM,Mid-Block (not related to intersection),18.0,"MOTOR VEHICLE STRUCK PEDALCYCLIST, FRONT END AT ANGLE",,N,Clear or Partly Cloudy,Dry,Daylight,,,45,Vehicle - Pedalcyclist,0,N,Washington,47.635368210544655,-122.32540032998993
Block,WESTLAKE AVE BETWEEN LENORA ST AND BLANCHARD ST,2,Injury Collision,Cycles,2,0,1,1,1,0,0,2017-07-31T00:00:00.000Z,7/31/2017 6:34:00 AM,Mid-Block (not related to intersection),56.0,PEDALCYCLIST STRUCK MOTOR VEHICLE LEFT SIDE SIDESWIPE,,N,Clear or Partly Cloudy,Dry,Daylight,,,45,Vehicle - Pedalcyclist,0,N,Washington,47.61711592377154,-122.33813620138706
Intersection,AURORA AVE N AND N 94TH ST,1,Property Damage Only Collision,Cycles,2,0,1,1,0,0,0,2017-07-24T00:00:00.000Z,7/24/2017 12:27:00 PM,At Intersection (intersection related),18.0,"MOTOR VEHICLE STRUCK PEDALCYCLIST, FRONT END AT ANGLE",,N,Clear or Partly Cloudy,Dry,Daylight,,,45,Vehicle - Pedalcyclist,37326,N,Washington,47.69708410048683,-122.3445994151498
Intersection,FREMONT AVE N AND N 34TH ST,2,Injury Collision,Cycles,2,0,1,1,1,0,0,2017-06-28T00:00:00.000Z,6/28/2017 7:50:00 AM,At Intersection (intersection related),18.0,"MOTOR VEHICLE STRUCK PEDALCYCLIST, FRONT END AT ANGLE",Y,N,Clear or Partly Cloudy,Dry,Daylight,,,45,Vehicle - Pedalcyclist,522963,N,Washington,47.64958972852735,-122.34974744884168
Intersection,18TH AVE SW AND SW MYRTLE ST,2,Injury Collision,Cycles,0,0,1,1,1,0,0,2017-09-22T00:00:00.000Z,9/22/2017 4:03:00 PM,At Intersection (intersection related),18.0,"MOTOR VEHICLE STRUCK PEDALCYCLIST, FRONT END AT ANGLE",,N,Clear or Partly Cloudy,Dry,Daylight,,,45,Vehicle - Pedalcyclist,0,N,Washington,47.539130619409924,-122.35725928452814
Intersection,BROADWAY AND E PIKE ST,2,Injury Collision,Cycles,2,1,1,0,1,0,0,2017-09-21T00:00:00.000Z,9/21/2017 3:51:00 PM,At Intersection (intersection related),64.0,PEDALCYCLIST STRUCK PEDESTRIAN,,N,Clear or Partly Cloudy,Dry,Daylight,,,45,Vehicle - Pedalcyclist,522256,N,Washington,47.614075666770745,-122.32078036743833
Intersection,FLORENTIA ST AND WARREN AVE N,2,Injury Collision,Cycles,2,0,1,1,1,0,0,2017-06-27T00:00:00.000Z,6/27/2017 3:50:00 PM,At Intersection (intersection related),18.0,"MOTOR VEHICLE STRUCK PEDALCYCLIST, FRONT END AT ANGLE",,N,Clear or Partly Cloudy,Dry,Daylight,,,45,Vehicle - Pedalcyclist,0,N,Washington,47.646888113787796,-122.35450291817516
Intersection,20TH AVE W AND W DRAVUS ST,2,Injury Collision,Cycles,2,0,1,1,1,0,0,2017-08-01T00:00:00.000Z,8/1/2017 1:38:00 PM,At Intersection (intersection related),18.0,"MOTOR VEHICLE STRUCK PEDALCYCLIST, FRONT END AT ANGLE",,N,Clear or Partly Cloudy,Dry,Daylight,,,45,Vehicle - Pedalcyclist,0,N,Washington,47.6484578658654,-122.38198155974949
Intersection,BROAD ST AND WESTERN AVE,2,Injury Collision,Cycles,3,0,1,1,1,0,0,2017-08-09T00:00:00.000Z,8/9/2017 5:35:00 PM,At Intersection (intersection related),18.0,"MOTOR VEHICLE STRUCK PEDALCYCLIST, FRONT END AT ANGLE",,N,Clear or Partly Cloudy,Dry,Daylight,Y,,45,Vehicle - Pedalcyclist,0,N,Washington,47.61625303951012,-122.35336560256823
Block,S ADAMS ST BETWEEN 29TH AVE S AND M L KING JR WR WAY S,2,Injury Collision,Cycles,0,0,1,1,1,0,0,2017-08-28T00:00:00.000Z,8/28/2017 2:46:00 PM,Driveway Junction,18.0,"MOTOR VEHICLE STRUCK PEDALCYCLIST, FRONT END AT ANGLE",,N,Clear or Partly Cloudy,Dry,Daylight,,,45,Vehicle - Pedalcyclist,0,N,Washington,47.565010113154194,-122.29674067873749
Intersection,GREEN LAKE DR N AND N 80TH ST,2,Injury Collision,Cycles,2,0,1,1,1,0,0,2017-07-11T00:00:00.000Z,7/11/2017 7:30:00 PM,At Intersection (intersection related),18.0,"MOTOR VEHICLE STRUCK PEDALCYCLIST, FRONT END AT ANGLE",,N,Clear or Partly Cloudy,Dry,Daylight,Y,,45,Vehicle - Pedalcyclist,0,N,Washington,47.68692953892702,-122.34045581877588
Intersection,22ND AVE AND E UNION ST,2,Injury Collision,Cycles,0,0,1,1,1,0,0,2017-08-24T00:00:00.000Z,8/24/2017 6:30:00 PM,At Intersection (intersection related),51.0,PEDALCYCLIST STRUCK MOTOR VEHICLE FRONT END AT ANGLE,,N,Clear or Partly Cloudy,Dry,Daylight,,,45,Vehicle - Pedalcyclist,0,N,Washington,47.61293310447872,-122.30363535135231
Block,BROADWAY BETWEEN E UNION ST AND E PIKE ST,2,Injury Collision,Cycles,3,0,1,1,1,0,0,2017-07-09T00:00:00.000Z,7/9/2017 7:05:00 PM,Mid-Block (not related to intersection),18.0,"MOTOR VEHICLE STRUCK PEDALCYCLIST, FRONT END AT ANGLE",Y,N,Clear or Partly Cloudy,Dry,Daylight,,,45,Vehicle - Pedalcyclist,0,N,Washington,47.61351814837144,-122.32077135051792
Intersection,BOREN AVE AND STEWART ST,2,Injury Collision,Cycles,2,0,1,1,1,0,0,2017-08-09T00:00:00.000Z,8/9/2017 8:18:00 PM,At Intersection (intersection related),18.0,"MOTOR VEHICLE STRUCK PEDALCYCLIST, FRONT END AT ANGLE",,N,Clear or Partly Cloudy,Dry,Dusk,,,45,Vehicle - Pedalcyclist,522453,N,Washington,47.61694494292703,-122.33271816489223
Intersection,E JOHN ST AND E JOHN SR ST,2,Injury Collision,Cycles,2,0,1,1,1,0,0,2017-06-30T00:00:00.000Z,6/30/2017 12:19:00 PM,At Intersection (intersection related),18.0,"MOTOR VEHICLE STRUCK PEDALCYCLIST, FRONT END AT ANGLE",,N,Clear or Partly Cloudy,Dry,Daylight,,,45,Vehicle - Pedalcyclist,0,N,Washington,47.61996233732768,-122.31350375001631
Intersection,7TH AVE AND PINE ST,2,Injury Collision,Cycles,4,0,1,1,1,0,0,2017-07-10T00:00:00.000Z,7/10/2017 12:25:00 AM,At Intersection (intersection related),51.0,PEDALCYCLIST STRUCK MOTOR VEHICLE FRONT END AT ANGLE,Y,N,Clear or Partly Cloudy,Dry,Dark - Street Lights On,,,45,Vehicle - Pedalcyclist,522054,N,Washington,47.61260043834794,-122.33426239963751
Intersection,30TH AVE AND E HOWELL ST,2b,Serious Injury Collision,Cycles,0,0,1,1,1,1,0,2017-08-31T00:00:00.000Z,8/31/2017 11:53:00 AM,At Intersection (intersection related),18.0,"MOTOR VEHICLE STRUCK PEDALCYCLIST, FRONT END AT ANGLE",,N,Clear or Partly Cloudy,Wet,Daylight,,,45,Vehicle - Pedalcyclist,0,N,Washington,47.617608598098116,-122.29353212305193
Block,UNIVERSITY WAY NE BETWEEN NE 41ST ST AND NE 42ND ST,2,Injury Collision,Cycles,2,0,1,1,1,0,0,2017-08-10T00:00:00.000Z,8/10/2017 1:14:00 PM,Mid-Block (not related to intersection),18.0,"MOTOR VEHICLE STRUCK PEDALCYCLIST, FRONT END AT ANGLE",,N,Clear or Partly Cloudy,Dry,Daylight,,,45,Vehicle - Pedalcyclist,0,N,Washington,47.657573166293204,-122.31322662429108
Block,LINDEN AVE N BETWEEN N 130TH ST AND N 135TH ST,2,Injury Collision,Cycles,0,0,1,1,1,0,0,2017-09-14T00:00:00.000Z,9/14/2017 8:03:00 PM,Driveway Junction,51.0,PEDALCYCLIST STRUCK MOTOR VEHICLE FRONT END AT ANGLE,,N,Clear or Partly Cloudy,Dry,Dusk,,,45,Vehicle - Pedalcyclist,0,N,Washington,47.725037475206186,-122.34793329661959
Intersection,26TH AVE E AND E WARD ST,2,Injury Collision,Cycles,2,0,1,1,1,0,0,2017-08-14T00:00:00.000Z,8/14/2017 6:35:00 PM,At Intersection (intersection related),18.0,"MOTOR VEHICLE STRUCK PEDALCYCLIST, FRONT END AT ANGLE",,N,Clear or Partly Cloudy,Dry,Daylight,Y,,45,Vehicle - Pedalcyclist,0,N,Washington,47.62740667085575,-122.29871915162536
Intersection,ALASKAN E RDWY WAY S AND S WASHINGTON ST,2b,Serious Injury Collision,Cycles,2,0,1,1,1,1,0,2017-07-14T00:00:00.000Z,7/14/2017 9:49:00 AM,At Intersection (intersection related),18.0,"MOTOR VEHICLE STRUCK PEDALCYCLIST, FRONT END AT ANGLE",,N,Clear or Partly Cloudy,Dry,Daylight,,,45,Vehicle - Pedalcyclist,522619,N,Washington,47.60088588282752,-122.33552594482715