addrtype,location,severitycode,severitydesc,collisiontype,personcount,pedcount,pedcylcount,vehcount,injuries,seriousinjuries,fatalities,incdate,incdttm,junctiontype,sdot_colcode,sdot_coldesc,inattentionind,underinfl,weather,roadcond,lightcond,pedrownotgrnt,speeding,st_colcode,st_coldesc,crosswalkkey,hitparkedcar,state,latitude,longitude
Intersection,1ST AVE AND BELL ST,1,Property Damage Only Collision,Cycles,2,0,1,1,0,0,0,2017-07-19T00:00:00.000Z,7/19/2017 4:06:00 PM,At Intersection (intersection related),18.0,"MOTOR VEHICLE STRUCK PEDALCYCLIST, FRONT END AT ANGLE",,N,Clear or Partly Cloudy,Dry,Daylight,,,45,Vehicle - Pedalcyclist,521118,N,Washington,47.61337516768777,-122.34651295746208
Intersection,SW LANDER PL AND SW LANDER ST,2,Injury Collision,Cycles,2,0,1,1,1,0,0,2017-08-03T00:00:00.000Z,8/3/2017 7:13:00 AM,At Intersection (intersection related),69.0,PEDALCYCLIST OVERTURNED IN ROAD,,N,Clear or Partly Cloudy,Dry,Dawn,,,45,Vehicle - Pedalcyclist,0,N,Washington,47.57909439356412,-122.40294278954948
Intersection,ROOSEVELT WAY NE AND NE 40TH ALLEY ST,2,Injury Collision,Cycles,3,0,1,1,1,0,0,2017-08-11T00:00:00.000Z,8/11/2017 6:25:00 AM,At Intersection (intersection related),18.0,"MOTOR VEHICLE STRUCK PEDALCYCLIST, FRONT END AT ANGLE",Y,N,Clear or Partly Cloudy,Dry,Daylight,,,45,Vehicle - Pedalcyclist,0,N,Washington,47.656301849276886,-122.3178342374609
Block,WEST GREEN LAKE WAY N BETWEEN GREEN LAKE TURN RD AND N 63RD ST,2,Injury Collision,Cycles,3,0,1,1,1,0,0,2017-06-21T00:00:00.000Z,6/21/2017 6:02:00 PM,Mid-Block (not related to intersection),18.0,"MOTOR VEHICLE STRUCK PEDALCYCLIST, FRONT END AT ANGLE",,N,Clear or Partly Cloudy,Dry,Daylight,,,45,Vehicle - Pedalcyclist,0,N,Washington,47.67152758285863,-122.34368645665613
Block,BOREN AVE BETWEEN UNIVERSITY ST AND UNION ST,1,Property Damage Only Collision,Cycles,0,0,1,1,0,0,0,2017-09-19T00:00:00.000Z,9/19/2017 3:48:00 PM,Mid-Block (not related to intersection),18.0,"MOTOR VEHICLE STRUCK PEDALCYCLIST, FRONT END AT ANGLE",,N,Raining,Wet,Daylight,,,45,Vehicle - Pedalcyclist,0,N,Washington,47.61197450255637,-122.32754983366905
Intersection,FAIRVIEW AVE N AND MERCER ST,2,Injury Collision,Cycles,2,0,1,1,1,0,0,2017-07-26T00:00:00.000Z,7/26/2017 7:46:00 AM,At Intersection (intersection related),51.0,PEDALCYCLIST STRUCK MOTOR VEHICLE FRONT END AT ANGLE,Y,N,Clear or Partly Cloudy,Dry,Daylight,,,45,Vehicle - Pedalcyclist,523123,N,Washington,47.62469377702693,-122.33428796866355
Intersection,DEXTER AVE N AND ALOHA ST,2,Injury Collision,Cycles,2,0,1,1,1,0,0,2017-07-24T00:00:00.000Z,7/24/2017 5:56:00 PM,At Intersection (intersection related),51.0,PEDALCYCLIST STRUCK MOTOR VEHICLE FRONT END AT ANGLE,,N,Clear or Partly Cloudy,Dry,Daylight,,,45,Vehicle - Pedalcyclist,0,N,Washington,47.627138383473216,-122.34232660384295
Intersection,ELLIOTT AVE W AND W GALER ST FLYOVER,2,Injury Collision,Cycles,3,0,1,1,1,0,0,2017-07-23T00:00:00.000Z,7/23/2017 5:46:00 PM,At Intersection (intersection related),51.0,PEDALCYCLIST STRUCK MOTOR VEHICLE FRONT END AT ANGLE,Y,N,Clear or Partly Cloudy,Dry,Daylight,Y,,45,Vehicle - Pedalcyclist,0,N,Washington,47.63147291759157,-122.37466289619232
Intersection,2ND AVE AND SPRING ST,2,Injury Collision,Cycles,2,0,1,1,1,0,0,2017-04-06T00:00:00.000Z,4/6/2017 5:12:00 PM,At Intersection (intersection related),18.0,"MOTOR VEHICLE STRUCK PEDALCYCLIST, FRONT END AT ANGLE",,N,Clear or Partly Cloudy,Dry,Daylight,,,45,Vehicle - Pedalcyclist,0,N,Washington,47.60587261716152,-122.33578172373925
Block,ROOSEVELT WAY NE BETWEEN NE 85TH ST AND NE 86TH ST,2,Injury Collision,Cycles,0,0,1,1,1,0,0,2017-09-16T00:00:00.000Z,9/16/2017 8:42:00 AM,Mid-Block (not related to intersection),56.0,PEDALCYCLIST STRUCK MOTOR VEHICLE LEFT SIDE SIDESWIPE,,N,Clear or Partly Cloudy,Dry,Daylight,,,45,Vehicle - Pedalcyclist,0,N,Washington,47.69082302964612,-122.31761384218872
Block,BEACON AVE S BETWEEN S STEVENS ST AND S HANFORD ST,2,Injury Collision,Cycles,3,0,1,1,1,0,0,2017-07-15T00:00:00.000Z,7/15/2017 5:26:00 PM,Mid-Block (not related to intersection),56.0,PEDALCYCLIST STRUCK MOTOR VEHICLE LEFT SIDE SIDESWIPE,,N,Clear or Partly Cloudy,Dry,Daylight,,,45,Vehicle - Pedalcyclist,0,N,Washington,47.576073543018104,-122.30951713462116
Block,S BAYVIEW ST BETWEEN RAINIER AVE S AND ML KING JR S WAY S,2b,Serious Injury Collision,Cycles,2,0,1,1,1,1,0,2017-07-14T00:00:00.000Z,7/14/2017 6:14:00 PM,Mid-Block (not related to intersection),18.0,"MOTOR VEHICLE STRUCK PEDALCYCLIST, FRONT END AT ANGLE",Y,N,Clear or Partly Cloudy,Dry,Daylight,,,45,Vehicle - Pedalcyclist,0,N,Washington,47.580984223860284,-122.2985332571255
Block,STONE WAY N BETWEEN N 36TH ST AND N 38TH ST,2b,Serious Injury Collision,Cycles,0,0,1,1,1,1,0,2017-09-12T00:00:00.000Z,9/12/2017 11:47:00 AM,Mid-Block (not related to intersection),26.0,MOTOR VEHICLE STRUCK OBJECT IN ROAD,,N,Clear or Partly Cloudy,Dry,Daylight,,,45,Vehicle - Pedalcyclist,0,N,Washington,47.65161865080639,-122.34262691436464
Intersection,25TH AVE S AND S WALKER ST,2,Injury Collision,Cycles,2,0,1,1,1,0,0,2017-07-06T00:00:00.000Z,7/6/2017 12:16:00 PM,At Intersection (intersection related),18.0,"MOTOR VEHICLE STRUCK PEDALCYCLIST, FRONT END AT ANGLE",,N,Clear or Partly Cloudy,Dry,Daylight,,,45,Vehicle - Pedalcyclist,31452,N,Washington,47.583647239976024,-122.30033375757328
Block,EASTLAKE AVE E BETWEEN E LYNN ST AND E LOUISA ST,2,Injury Collision,Cycles,0,1,1,0,2,0,0,2017-10-04T00:00:00.000Z,10/4/2017 9:14:00 AM,Mid-Block (not related to intersection),64.0,PEDALCYCLIST STRUCK PEDESTRIAN,,N,Clear or Partly Cloudy,Dry,Daylight,,,45,Vehicle - Pedalcyclist,0,N,Washington,47.64087739090343,-122.32588991601541
Intersection,12TH AVE AND E YESLER WAY,2,Injury Collision,Cycles,2,0,1,1,1,0,0,2017-06-23T00:00:00.000Z,6/23/2017 4:35:00 PM,At Intersection (intersection related),18.0,"MOTOR VEHICLE STRUCK PEDALCYCLIST, FRONT END AT ANGLE",,N,Clear or Partly Cloudy,Dry,Daylight,,,45,Vehicle - Pedalcyclist,0,N,Washington,47.60169336783193,-122.31678189326038
Intersection,DELRIDGE WAY SW AND SW ORCHARD ST,2,Injury Collision,Cycles,0,0,1,1,1,0,0,2017-09-21T00:00:00.000Z,9/21/2017 3:32:00 PM,At Intersection (intersection related),18.0,"MOTOR VEHICLE STRUCK PEDALCYCLIST, FRONT END AT ANGLE",,N,Clear or Partly Cloudy,Dry,Daylight,,,45,Vehicle - Pedalcyclist,525434,N,Washington,47.537954166593686,-122.361091865746
Intersection,AURORA AVE N AND N 46 UPPER ST,2,Injury Collision,Cycles,2,0,1,1,1,0,0,2017-11-01T00:00:00.000Z,11/1/2017 9:00:00 AM,At Intersection (intersection related),18.0,"MOTOR VEHICLE STRUCK PEDALCYCLIST, FRONT END AT ANGLE",Y,N,Clear or Partly Cloudy,Wet,Daylight,,,45,Vehicle - Pedalcyclist,0,N,Washington,47.662131126067926,-122.34733543926531
Block,ALASKAN WAY BETWEEN CLAY ST AND BROAD ST,2,Injury Collision,Cycles,0,0,1,1,1,0,0,2017-10-05T00:00:00.000Z,10/5/2017 7:02:00 PM,Driveway Junction,51.0,PEDALCYCLIST STRUCK MOTOR VEHICLE FRONT END AT ANGLE,,N,Clear or Partly Cloudy,Dry,Dusk,,,45,Vehicle - Pedalcyclist,0,N,Washington,47.61471048394695,-122.35449693472601
Intersection,LINDEN AVE N AND N 135TH ST,2,Injury Collision,Cycles,2,0,1,1,1,0,0,2017-10-27T00:00:00.000Z,10/27/2017 5:05:00 PM,At Intersection (intersection related),18.0,"MOTOR VEHICLE STRUCK PEDALCYCLIST, FRONT END AT ANGLE",,N,Clear or Partly Cloudy,Dry,Daylight,,,45,Vehicle - Pedalcyclist,0,N,Washington,47.726861271071044,-122.34771350764008
Block,2ND AV ET S BETWEEN S JACKSON ST AND S MAIN ST,2,Injury Collision,Cycles,3,0,1,1,1,0,0,2017-10-27T00:00:00.000Z,10/27/2017 3:56:00 PM,Mid-Block (not related to intersection),18.0,"MOTOR VEHICLE STRUCK PEDALCYCLIST, FRONT END AT ANGLE",,Y,Clear or Partly Cloudy,Dry,Daylight,,,45,Vehicle - Pedalcyclist,0,N,Washington,47.59959343580528,-122.3300094981593
Block,ELLIOTT AVE W BETWEEN W MERCER ST AND W MERCER PL,2,Injury Collision,Cycles,2,0,1,1,1,0,0,2017-10-24T00:00:00.000Z,10/24/2017 1:12:00 PM,Mid-Block (not related to intersection),18.0,"MOTOR VEHICLE STRUCK PEDALCYCLIST, FRONT END AT ANGLE",Y,N,Clear or Partly Cloudy,Dry,Daylight,,,45,Vehicle - Pedalcyclist,0,N,Washington,47.62559164233637,-122.36702219782462
Block,CORSON AVE S BETWEEN S EDDY ST AND S WARSAW ST,1,Property Damage Only Collision,Cycles,0,0,1,1,0,0,0,2017-09-27T00:00:00.000Z,9/27/2017 4:15:00 PM,Mid-Block (not related to intersection),51.0,PEDALCYCLIST STRUCK MOTOR VEHICLE FRONT END AT ANGLE,,N,Clear or Partly Cloudy,Dry,Daylight,,,45,Vehicle - Pedalcyclist,0,N,Washington,47.545225039179925,-122.32217397765257
Block,E MADISON ST BETWEEN 29TH E AVE E AND LAKE WASHINGTON BLVD E,2,Injury Collision,Cycles,0,0,1,1,1,0,0,2017-10-11T00:00:00.000Z,10/11/2017 1:08:00 PM,Mid-Block (not related to intersection),11.0,"MOTOR VEHICLE STRUCK MOTOR VEHICLE, FRONT END AT ANGLE",,N,Clear or Partly Cloudy,Dry,Daylight,,,45,Vehicle - Pedalcyclist,0,N,Washington,47.62511058805384,-122.29377870596493
Intersection,SUMMIT AVE AND E PINE ST,2,Injury Collision,Cycles,0,0,1,1,1,0,0,2017-10-11T00:00:00.000Z,10/11/2017 8:47:00 AM,At Intersection (intersection related),18.0,"MOTOR VEHICLE STRUCK PEDALCYCLIST, FRONT END AT ANGLE",,N,Overcast,Dry,Daylight,,,45,Vehicle - Pedalcyclist,0,N,Washington,47.615218748198224,-122.32552884050469
Intersection,DEXTER AVE N AND ROY ST,2,Injury Collision,Cycles,2,0,1,1,1,0,0,2017-11-29T00:00:00.000Z,11/29/2017 6:15:00 PM,At Intersection (intersection related),51.0,PEDALCYCLIST STRUCK MOTOR VEHICLE FRONT END AT ANGLE,,N,Overcast,Wet,Dark - Street Lights On,,,45,Vehicle - Pedalcyclist,0,N,Washington,47.62540330543746,-122.34234200999266
Intersection,40TH AVE NE AND BURKE GILMAN TRL,2,Injury Collision,Cycles,2,0,1,1,1,0,0,2017-11-25T00:00:00.000Z,11/25/2017 9:58:00 AM,At Intersection (intersection related),18.0,"MOTOR VEHICLE STRUCK PEDALCYCLIST, FRONT END AT ANGLE",,N,Overcast,Dry,Daylight,,,45,Vehicle - Pedalcyclist,521972,N,Washington,47.667308443602295,-122.28480764283495
Block,2ND AVE BETWEEN PIKE ST AND PINE ST,2,Injury Collision,Cycles,2,0,1,1,1,0,0,2017-12-06T00:00:00.000Z,12/6/2017 2:46:00 PM,Mid-Block (not related to intersection),18.0,"MOTOR VEHICLE STRUCK PEDALCYCLIST, FRONT END AT ANGLE",,N,Clear or Partly Cloudy,Dry,Daylight,Y,,45,Vehicle - Pedalcyclist,0,N,Washington,47.609780570210454,-122.33935700687486
Intersection,THACKERAY PL NE AND NE 45TH ST,2,Injury Collision,Cycles,2,0,1,1,1,0,0,2017-11-10T00:00:00.000Z,11/10/2017 9:44:00 AM,At Intersection (intersection related),18.0,"MOTOR VEHICLE STRUCK PEDALCYCLIST, FRONT END AT ANGLE",Y,N,Clear or Partly Cloudy,Dry,Daylight,Y,,45,Vehicle - Pedalcyclist,524678,N,Washington,47.66134940346185,-122.32617895782892
Intersection,M L KING JR ER WAY S AND S EDMUNDS ST,2,Injury Collision,Cycles,2,0,1,1,1,0,0,2017-10-25T00:00:00.000Z,10/25/2017 2:51:00 PM,At Intersection (intersection related),18.0,"MOTOR VEHICLE STRUCK PEDALCYCLIST, FRONT END AT ANGLE",,N,Overcast,Dry,Daylight,Y,,45,Vehicle - Pedalcyclist,544863,N,Washington,47.55867406484904,-122.2919146325012
Block,ROOSEVELT WAY NE BETWEEN NE 43RD N ST AND NE 45TH ST,2,Injury Collision,Cycles,2,0,1,1,1,0,0,2017-12-05T00:00:00.000Z,12/5/2017 6:59:00 AM,Driveway Junction,18.0,"MOTOR VEHICLE STRUCK PEDALCYCLIST, FRONT END AT ANGLE",Y,N,Clear or Partly Cloudy,Dry,Dawn,Y,,45,Vehicle - Pedalcyclist,0,N,Washington,47.66057737868581,-122.31772271464912
Block,E YESLER WAY BETWEEN 13TH AVE AND 14TH AVE,2,Injury Collision,Cycles,2,0,1,1,1,0,0,2017-11-07T00:00:00.000Z,11/7/2017 5:10:00 PM,Driveway Junction,51.0,PEDALCYCLIST STRUCK MOTOR VEHICLE FRONT END AT ANGLE,,N,Overcast,Wet,Dusk,,,45,Vehicle - Pedalcyclist,0,N,Washington,47.60168948017069,-122.31454723000608
Intersection,1ST AVE S AND S ATLANTIC ST,2,Injury Collision,Cycles,2,0,1,1,1,0,0,2017-12-09T00:00:00.000Z,12/9/2017 10:40:00 AM,At Intersection (intersection related),18.0,"MOTOR VEHICLE STRUCK PEDALCYCLIST, FRONT END AT ANGLE",,N,Clear or Partly Cloudy,Wet,Daylight,Y,,45,Vehicle - Pedalcyclist,605830,N,Washington,47.59031216424016,-122.33419545314449
Block,EASTLAKE AVE E BETWEEN E ROANOKE ST AND E EDGAR ST,2,Injury Collision,Cycles,3,0,1,1,1,0,0,2017-11-17T00:00:00.000Z,11/17/2017 8:28:00 PM,Mid-Block (not related to intersection),51.0,PEDALCYCLIST STRUCK MOTOR VEHICLE FRONT END AT ANGLE,,N,Overcast,Dry,Dark - Street Lights On,,,45,Vehicle - Pedalcyclist,0,N,Washington,47.64384056209097,-122.3258847582635
Block,9TH AVE N BETWEEN JOHN ST AND THOMAS ST,2,Injury Collision,Cycles,2,0,1,1,1,0,0,2017-12-08T00:00:00.000Z,12/8/2017 3:15:00 PM,Mid-Block (not related to intersection),51.0,PEDALCYCLIST STRUCK MOTOR VEHICLE FRONT END AT ANGLE,,N,Clear or Partly Cloudy,Dry,Daylight,,,45,Vehicle - Pedalcyclist,0,N,Washington,47.62029333909964,-122.33977366243909
Block,4TH AVE BETWEEN PIKE ST AND PINE ST,1,Property Damage Only Collision,Cycles,2,0,1,1,0,0,0,2017-12-07T00:00:00.000Z,12/7/2017 6:36:00 AM,Mid-Block (not related to intersection),18.0,"MOTOR VEHICLE STRUCK PEDALCYCLIST, FRONT END AT ANGLE",,N,Clear or Partly Cloudy,Dry,Dark - Street Lights On,,,45,Vehicle - Pedalcyclist,0,N,Washington,47.610709437771796,-122.33713689285065
Intersection,ALASKAN WAY AND MADISON ST,2,Injury Collision,Cycles,3,0,1,1,1,0,0,2017-11-28T00:00:00.000Z,11/28/2017 9:17:00 AM,At Intersection (intersection related),51.0,PEDALCYCLIST STRUCK MOTOR VEHICLE FRONT END AT ANGLE,,N,Raining,Wet,Daylight,Y,,45,Vehicle - Pedalcyclist,523626,N,Washington,47.603781344663716,-122.33842408956005
Block,1ST AVE S BETWEEN RAILROAD S WAY S AND S ROYAL BROUGHAM WAY,2,Injury Collision,Cycles,2,0,1,1,1,0,0,2017-12-12T00:00:00.000Z,12/12/2017 8:15:00 AM,Mid-Block (not related to intersection),51.0,PEDALCYCLIST STRUCK MOTOR VEHICLE FRONT END AT ANGLE,,N,Clear or Partly Cloudy,Dry,Daylight,,,45,Vehicle - Pedalcyclist,0,N,Washington,47.594039730514666,-122.3341922762974
Block,MONTLAKE BLVD NE BETWEEN NE PACIFIC PL AND 25TH AVE NE,2,Injury Collision,Cycles,2,0,1,1,1,0,0,2017-11-30T00:00:00.000Z,11/30/2017 6:21:00 AM,Mid-Block (not related to intersection),14.0,"MOTOR VEHICLE STRUCK MOTOR VEHICLE, REAR END",Y,N,Raining,Wet,Dark - Street Lights On,,,45,Vehicle - Pedalcyclist,0,N,Washington,47.65499388374814,-122.30232943749151
Block,RENTON AVE S BETWEEN 43RD AVE S AND S CHICAGO ST,2,Injury Collision,Cycles,2,0,1,1,1,0,0,2017-12-07T00:00:00.000Z,12/7/2017 5:12:00 PM,Mid-Block (not related to intersection),18.0,"MOTOR VEHICLE STRUCK PEDALCYCLIST, FRONT END AT ANGLE",Y,N,Overcast,Dry,Dusk,,,45,Vehicle - Pedalcyclist,0,N,Washington,47.53293555458309,-122.27870467267833
Block,ASHWORTH AVE N BETWEEN N 130TH ST AND N 131ST ST,1,Property Damage Only Collision,Cycles,2,0,1,1,0,0,0,2017-12-08T00:00:00.000Z,12/8/2017 8:45:00 AM,Mid-Block (not related to intersection),18.0,"MOTOR VEHICLE STRUCK PEDALCYCLIST, FRONT END AT ANGLE",,N,Clear or Partly Cloudy,Dry,Daylight,,,45,Vehicle - Pedalcyclist,0,N,Washington,47.72368565352994,-122.33958612420223
Intersection,EAST GREEN LAKE DR N AND NE RAVENNA EB BV,2,Injury Collision,Cycles,2,0,1,1,1,0,0,2017-11-04T00:00:00.000Z,11/4/2017 2:03:00 PM,At Intersection (intersection related),18.0,"MOTOR VEHICLE STRUCK PEDALCYCLIST, FRONT END AT ANGLE",,N,Raining,Wet,Daylight,Y,,45,Vehicle - Pedalcyclist,524088,N,Washington,47.67981701513979,-122.32571289789236
Block,E UNION ST BETWEEN 18TH AVE AND 19TH AVE,2,Injury Collision,Cycles,2,0,1,1,1,0,0,2017-11-16T00:00:00.000Z,11/16/2017 8:30:00 PM,Driveway Junction,18.0,"MOTOR VEHICLE STRUCK PEDALCYCLIST, FRONT END AT ANGLE",,N,Overcast,Dry,Dark - Street Lights On,,,45,Vehicle - Pedalcyclist,0,N,Washington,47.61290001791205,-122.30818486615324
Intersection,2ND AVE AND SENECA ST,2,Injury Collision,Cycles,2,0,1,1,1,0,0,2017-09-27T00:00:00.000Z,9/27/2017 3:50:00 PM,At Intersection (intersection related),18.0,"MOTOR VEHICLE STRUCK PEDALCYCLIST, FRONT END AT ANGLE",Y,N,Clear or Partly Cloudy,Dry,Daylight,,,45,Vehicle - Pedalcyclist,0,N,Washington,47.60658579056506,-122.33643418779378
Block,NW 80TH ST BETWEEN JONES AVE NW AND 24TH AVE NW,2,Injury Collision,Cycles,3,0,1,2,1,0,0,2017-12-09T00:00:00.000Z,12/9/2017 3:58:00 PM,Mid-Block (not related to intersection),54.0,PEDALCYCLIST STRUCK MOTOR VEHICLE REAR END,,N,Clear or Partly Cloudy,Dry,Daylight,,,45,Vehicle - Pedalcyclist,0,N,Washington,47.68680684109421,-122.38703049547695
Intersection,ROOSEVELT WAY NE AND NE 66TH ST,2,Injury Collision,Cycles,2,0,1,1,1,0,0,2017-10-19T00:00:00.000Z,10/19/2017 8:42:00 AM,At Intersection (intersection related),51.0,PEDALCYCLIST STRUCK MOTOR VEHICLE FRONT END AT ANGLE,Y,N,Raining,Wet,Daylight,,,45,Vehicle - Pedalcyclist,0,N,Washington,47.67655440134596,-122.31737321600777
Intersection,DAYTON AVE N AND N 50TH ST,2,Injury Collision,Cycles,0,0,1,1,1,0,0,2017-08-16T00:00:00.000Z,8/16/2017 3:45:00 PM,At Intersection (intersection related),18.0,"MOTOR VEHICLE STRUCK PEDALCYCLIST, FRONT END AT ANGLE",,N,Clear or Partly Cloudy,Dry,Daylight,,,45,Vehicle - Pedalcyclist,0,N,Washington,47.66501761202214,-122.35271069500199
Intersection,3RD AVE AND PIKE ST,2,Injury Collision,Cycles,2,1,1,0,1,0,0,2017-10-27T00:00:00.000Z,10/27/2017 3:39:00 PM,At Intersection (intersection related),64.0,PEDALCYCLIST STRUCK PEDESTRIAN,,N,Clear or Partly Cloudy,Dry,Daylight,,,45,Vehicle - Pedalcyclist,523695,N,Washington,47.609749733180806,-122.33779291611958
Block,2ND AV ET S BETWEEN S MAIN ST AND S WASHINGTON ST,1,Property Damage Only Collision,Cycles,0,0,1,1,0,0,0,2017-10-02T00:00:00.000Z,10/2/2017 7:45:00 PM,Mid-Block (but intersection related),54.0,PEDALCYCLIST STRUCK MOTOR VEHICLE REAR END,,N,Clear or Partly Cloudy,Dry,Dark - Street Lights On,,,45,Vehicle - Pedalcyclist,0,N,Washington,47.600433765628175,-122.33077753415087
Block,AIRPORT WAY S BETWEEN S LUCILE ST AND CORSON AVE S,2,Injury Collision,Cycles,0,0,1,1,1,0,0,2017-10-12T00:00:00.000Z,10/12/2017 8:17:00 PM,Driveway Junction,51.0,PEDALCYCLIST STRUCK MOTOR VEHICLE FRONT END AT ANGLE,,N,Raining,Wet,Dark - No Street Lights,,,45,Vehicle - Pedalcyclist,0,N,Washington,47.55272059290873,-122.32037364576564
Block,UNIVERSITY WAY NE BETWEEN NE PACIFIC ST AND NE 40TH ST,2,Injury Collision,Cycles,3,0,1,1,1,0,0,2017-10-11T00:00:00.000Z,10/11/2017 10:30:00 AM,Driveway Junction,51.0,PEDALCYCLIST STRUCK MOTOR VEHICLE FRONT END AT ANGLE,Y,N,Clear or Partly Cloudy,Dry,Daylight,,,45,Vehicle - Pedalcyclist,0,N,Washington,47.65437521414231,-122.31331041430636
Block,SW SPOKANE NR ST BETWEEN 11TH AVE SW AND SW SPOKANE SR ST,2,Injury Collision,Cycles,2,0,1,1,1,0,0,2017-10-16T00:00:00.000Z,10/16/2017 4:30:00 PM,Mid-Block (not related to intersection),18.0,"MOTOR VEHICLE STRUCK PEDALCYCLIST, FRONT END AT ANGLE",,N,Clear or Partly Cloudy,Dry,Daylight,,,45,Vehicle - Pedalcyclist,0,N,Washington,47.571671135661575,-122.35002234542648
Intersection,M L KING JR ER WAY S AND S WILLOW ST,2,Injury Collision,Cycles,0,0,1,1,1,0,0,2017-09-30T00:00:00.000Z,9/30/2017 6:13:00 PM,At Intersection (intersection related),18.0,"MOTOR VEHICLE STRUCK PEDALCYCLIST, FRONT END AT ANGLE",,N,Clear or Partly Cloudy,Dry,Daylight,,,45,Vehicle - Pedalcyclist,0,N,Washington,47.54068004472562,-122.28287140706692
Intersection,AIRPORT WAY S AND CORSON AVE S,2,Injury Collision,Cycles,0,0,1,1,1,0,0,2017-08-21T00:00:00.000Z,8/21/2017 7:00:00 AM,At Intersection (intersection related),18.0,"MOTOR VEHICLE STRUCK PEDALCYCLIST, FRONT END AT ANGLE",,N,Clear or Partly Cloudy,Dry,Daylight,,,45,Vehicle - Pedalcyclist,0,N,Washington,47.55208187898924,-122.3197539937272
Block,PINE ST BETWEEN 6TH AVE AND 7TH AVE,2,Injury Collision,Cycles,2,0,1,1,1,0,0,2017-10-27T00:00:00.000Z,10/27/2017 10:20:00 AM,Mid-Block (not related to intersection),54.0,PEDALCYCLIST STRUCK MOTOR VEHICLE REAR END,Y,N,Clear or Partly Cloudy,Dry,Daylight,,,45,Vehicle - Pedalcyclist,0,N,Washington,47.612367731730366,-122.33481948997095
Block,SEWARD PARK AVE S BETWEEN S CLOVERDALE ST AND WABASH AVE S,2,Injury Collision,Cycles,2,0,1,1,1,0,0,2017-10-26T00:00:00.000Z,10/26/2017 1:39:00 PM,Mid-Block (not related to intersection),66.0,PEDALCYCLIST STRUCK OBJECT IN ROAD,,N,Clear or Partly Cloudy,Dry,Daylight,,,45,Vehicle - Pedalcyclist,0,N,Washington,47.52615458944452,-122.26478989716524
Intersection,BELLEVUE AVE AND E PINE ST,2,Injury Collision,Cycles,0,0,1,1,1,0,0,2017-08-26T00:00:00.000Z,8/26/2017 2:50:00 PM,At Intersection (intersection related),18.0,"MOTOR VEHICLE STRUCK PEDALCYCLIST, FRONT END AT ANGLE",,N,Clear or Partly Cloudy,Dry,Daylight,,,45,Vehicle - Pedalcyclist,0,N,Washington,47.61521815296026,-122.32680418837404
Block,ROOSEVELT WAY NE BETWEEN NE 42ND N ST AND NE 43RD S ST,2,Injury Collision,Cycles,0,0,1,1,1,0,0,2017-08-29T00:00:00.000Z,8/29/2017 6:35:00 AM,Mid-Block (not related to intersection),11.0,"MOTOR VEHICLE STRUCK MOTOR VEHICLE, FRONT END AT ANGLE",,N,Clear or Partly Cloudy,Dry,Daylight,,,45,Vehicle - Pedalcyclist,0,N,Washington,47.65891124921488,-122.31776595018732
Block,S SPOKANE NR ST BETWEEN EAST MARGINAL ER WAY S AND COLORADO AVE S,2,Injury Collision,Cycles,0,0,1,1,1,0,0,2017-08-31T00:00:00.000Z,8/31/2017 8:39:00 AM,Mid-Block (not related to intersection),18.0,"MOTOR VEHICLE STRUCK PEDALCYCLIST, FRONT END AT ANGLE",,N,Clear or Partly Cloudy,Wet,Daylight,,,45,Vehicle - Pedalcyclist,0,N,Washington,47.57171669653552,-122.33812644845017
Block,ELLIOTT AVE W BETWEEN W THOMAS N ST AND 4TH AVE W,1,Property Damage Only Collision,Cycles,0,0,1,1,0,0,0,2017-10-05T00:00:00.000Z,10/5/2017 10:05:00 AM,Mid-Block (not related to intersection),21.0,"MOTOR VEHICLE STRUCK PEDALCYCLIST, REAR END",,N,Clear or Partly Cloudy,Dry,Daylight,,,45,Vehicle - Pedalcyclist,0,N,Washington,47.62126590980359,-122.36164981001585
Intersection,M L KING JR ER WAY S AND S OREGON ST,2,Injury Collision,Cycles,0,0,1,1,1,0,0,2017-09-06T00:00:00.000Z,9/6/2017 6:53:00 PM,At Intersection (intersection related),18.0,"MOTOR VEHICLE STRUCK PEDALCYCLIST, FRONT END AT ANGLE",,N,Clear or Partly Cloudy,Dry,Daylight,,,45,Vehicle - Pedalcyclist,544850,N,Washington,47.56289788806238,-122.29455093529944
Intersection,1ST AVE S AND S SPOKANE SR ST,2b,Serious Injury Collision,Cycles,0,0,1,1,1,1,0,2017-10-10T00:00:00.000Z,10/10/2017 2:43:00 PM,At Intersection (intersection related),18.0,"MOTOR VEHICLE STRUCK PEDALCYCLIST, FRONT END AT ANGLE",,N,Clear or Partly Cloudy,Dry,Daylight,,,45,Vehicle - Pedalcyclist,525374,N,Washington,47.57139257467391,-122.33419371666699
Intersection,24TH AVE E AND E MCGRAW ST,2b,Serious Injury Collision,Cycles,0,0,1,1,1,1,0,2017-10-15T00:00:00.000Z,10/15/2017 3:33:00 PM,At Intersection (intersection related),18.0,"MOTOR VEHICLE STRUCK PEDALCYCLIST, FRONT END AT ANGLE",,N,Clear or Partly Cloudy,Dry,Daylight,,,45,Vehicle - Pedalcyclist,0,N,Washington,47.640258722636574,-122.30207232882908
Intersection,12TH AVE E AND E HARRISON ST,2,Injury Collision,Cycles,2,0,1,1,1,0,0,2017-10-25T00:00:00.000Z,10/25/2017 7:02:00 AM,At Intersection (intersection related),21.0,"MOTOR VEHICLE STRUCK PEDALCYCLIST, REAR END",,N,Clear or Partly Cloudy,Dry,Dark - Street Lights On,,,45,Vehicle - Pedalcyclist,0,N,Washington,47.621965767769645,-122.31677300152704