addrtype,location,severitycode,severitydesc,collisiontype,personcount,pedcount,pedcylcount,vehcount,injuries,seriousinjuries,fatalities,incdate,incdttm,junctiontype,sdot_colcode,sdot_coldesc,inattentionind,underinfl,weather,roadcond,lightcond,pedrownotgrnt,speeding,st_colcode,st_coldesc,crosswalkkey,hitparkedcar,state,latitude,longitude
Intersection,3RD AVE AND SPRING ST,2,Injury Collision,Cycles,3,0,1,1,1,0,0,2017-10-30T00:00:00.000Z,10/30/2017 5:23:00 PM,At Intersection (intersection related),18.0,"MOTOR VEHICLE STRUCK PEDALCYCLIST, FRONT END AT ANGLE",,N,Clear or Partly Cloudy,Dry,Daylight,,,45,Vehicle - Pedalcyclist,523604,N,Washington,47.606337354361294,-122.33467152671992
Intersection,ROOSEVELT WAY NE AND NE 40TH ALLEY ST,2,Injury Collision,Cycles,0,0,1,1,1,0,0,2017-09-21T00:00:00.000Z,9/21/2017 7:54:00 AM,At Intersection (intersection related),18.0,"MOTOR VEHICLE STRUCK PEDALCYCLIST, FRONT END AT ANGLE",,N,Clear or Partly Cloudy,Dry,Daylight,,,45,Vehicle - Pedalcyclist,0,N,Washington,47.656301849276886,-122.3178342374609
Intersection,DEARBORN ST OFF RP AND S DEARBORN ST,2,Injury Collision,Cycles,0,0,1,1,1,0,0,2017-09-13T00:00:00.000Z,9/13/2017 5:09:00 PM,At Intersection (intersection related),18.0,"MOTOR VEHICLE STRUCK PEDALCYCLIST, FRONT END AT ANGLE",,N,Clear or Partly Cloudy,Dry,Daylight,,,45,Vehicle - Pedalcyclist,520802,N,Washington,47.59582497750532,-122.31921545010128
Block,SW SPOKANE SR ST BETWEEN SW ADMIRAL SR WAY AND SPOKANE TURN RD,2,Injury Collision,Cycles,0,0,1,1,1,0,0,2017-10-04T00:00:00.000Z,10/4/2017 8:05:00 AM,Mid-Block (not related to intersection),54.0,PEDALCYCLIST STRUCK MOTOR VEHICLE REAR END,,N,Clear or Partly Cloudy,Dry,Daylight,,,45,Vehicle - Pedalcyclist,0,N,Washington,47.57142253431947,-122.36916226188144
Block,UNIVERSITY WAY NE BETWEEN NE 47TH ST AND NE 50TH ST,2,Injury Collision,Cycles,2,0,1,1,1,0,0,2017-12-10T00:00:00.000Z,12/10/2017 4:48:00 PM,Mid-Block (not related to intersection),51.0,PEDALCYCLIST STRUCK MOTOR VEHICLE FRONT END AT ANGLE,,N,Clear or Partly Cloudy,Dry,Dark - Street Lights On,,,45,Vehicle - Pedalcyclist,0,N,Washington,47.663994887860014,-122.31308797808485
Intersection,28TH AVE S AND S EDDY ST,2,Injury Collision,Cycles,2,0,1,1,1,0,0,2017-11-03T00:00:00.000Z,11/3/2017 8:20:00 AM,At Intersection (intersection related),18.0,"MOTOR VEHICLE STRUCK PEDALCYCLIST, FRONT END AT ANGLE",Y,N,Overcast,Wet,Daylight,,,45,Vehicle - Pedalcyclist,0,N,Washington,47.545319734256346,-122.29688931864996
Intersection,1ST AVE S AND S KING ST,2,Injury Collision,Cycles,2,0,1,1,1,0,0,2017-11-20T00:00:00.000Z,11/20/2017 7:37:00 AM,At Intersection (intersection related),18.0,"MOTOR VEHICLE STRUCK PEDALCYCLIST, FRONT END AT ANGLE",Y,N,Raining,Wet,Dawn,,,45,Vehicle - Pedalcyclist,521027,N,Washington,47.59829171538482,-122.33419116101669
Intersection,1ST AVE S AND S ANDOVER ST,3,Fatality Collision,Cycles,3,0,1,2,0,0,1,2017-11-21T00:00:00.000Z,11/21/2017 5:42:00 AM,At Intersection (intersection related),18.0,"MOTOR VEHICLE STRUCK PEDALCYCLIST, FRONT END AT ANGLE",,N,Raining,Wet,Dark - Street Lights On,,Y,45,Vehicle - Pedalcyclist,337616,N,Washington,47.56838520281066,-122.33420633886927
Intersection,16TH AVE SW AND SW HOLDEN ST,1,Property Damage Only Collision,Cycles,2,0,1,1,0,0,0,2017-11-07T00:00:00.000Z,11/7/2017 11:59:00 AM,At Intersection (intersection related),18.0,"MOTOR VEHICLE STRUCK PEDALCYCLIST, FRONT END AT ANGLE",Y,N,Clear or Partly Cloudy,Dry,Daylight,,,45,Vehicle - Pedalcyclist,525249,N,Washington,47.5336804278157,-122.35503244804528
Block,QUEEN ANNE DR BETWEEN 2ND AVE N AND NOB HILL AVE N,2,Injury Collision,Cycles,2,0,1,1,1,0,0,2017-10-30T00:00:00.000Z,10/30/2017 7:46:00 AM,Mid-Block (not related to intersection),18.0,"MOTOR VEHICLE STRUCK PEDALCYCLIST, FRONT END AT ANGLE",,N,Clear or Partly Cloudy,Dry,Daylight,,,45,Vehicle - Pedalcyclist,0,N,Washington,47.642288567307936,-122.35202303351565
Block,ALASKAN WAY BETWEEN PINE ST AND VIRGINIA ST,2,Injury Collision,Cycles,2,0,1,1,1,0,0,2017-11-10T00:00:00.000Z,11/10/2017 6:03:00 PM,Mid-Block (not related to intersection),24.0,MOTOR VEHCILE STRUCK PEDESTRIAN,,N,Clear or Partly Cloudy,Dry,Dark - Street Lights On,,,45,Vehicle - Pedalcyclist,522582,N,Washington,47.608900558191024,-122.3444403936804
Intersection,4TH AVE N AND ROY ST,2,Injury Collision,Cycles,2,0,1,1,1,0,0,2017-12-05T00:00:00.000Z,12/5/2017 8:00:00 AM,At Intersection (intersection related),18.0,"MOTOR VEHICLE STRUCK PEDALCYCLIST, FRONT END AT ANGLE",Y,N,Fog/Smog/Smoke,Wet,Daylight,,,45,Vehicle - Pedalcyclist,0,N,Washington,47.62542788427207,-122.3488697668387
Intersection,WESTERN AVE AND YESLER WAY,2,Injury Collision,Cycles,2,0,1,1,1,0,0,2017-10-24T00:00:00.000Z,10/24/2017 5:10:00 PM,At Intersection (intersection related),18.0,"MOTOR VEHICLE STRUCK PEDALCYCLIST, FRONT END AT ANGLE",Y,N,Clear or Partly Cloudy,Dry,Daylight,,,45,Vehicle - Pedalcyclist,0,N,Washington,47.60172225521305,-122.33554940658436
Block,CEDAR ST BETWEEN 4TH AVE AND DENNY WAY,2,Injury Collision,Cycles,2,0,1,1,1,0,0,2017-10-31T00:00:00.000Z,10/31/2017 6:00:00 PM,Driveway Junction,18.0,"MOTOR VEHICLE STRUCK PEDALCYCLIST, FRONT END AT ANGLE",Y,N,Overcast,Unknown,Dusk,,,45,Vehicle - Pedalcyclist,0,N,Washington,47.618129190427965,-122.34762418131443
Intersection,9TH AVE N AND REPUBLICAN ST,1,Property Damage Only Collision,Cycles,2,0,1,1,0,0,0,2017-10-20T00:00:00.000Z,10/20/2017 6:45:00 PM,At Intersection (intersection related),51.0,PEDALCYCLIST STRUCK MOTOR VEHICLE FRONT END AT ANGLE,,N,Clear or Partly Cloudy,Dry,Dark - Street Lights On,,,45,Vehicle - Pedalcyclist,0,N,Washington,47.62321406543728,-122.33975127127506
Intersection,1ST AVE W AND W ROY ST,2,Injury Collision,Cycles,2,0,1,1,1,0,0,2017-11-22T00:00:00.000Z,11/22/2017 12:45:00 PM,At Intersection (intersection related),18.0,"MOTOR VEHICLE STRUCK PEDALCYCLIST, FRONT END AT ANGLE",Y,N,Overcast,Wet,Daylight,,,45,Vehicle - Pedalcyclist,0,N,Washington,47.62571807422858,-122.35800889734944
Block,5TH AVE N BETWEEN TAYLOR AVE N AND HOWE ST,2,Injury Collision,Cycles,3,0,1,1,1,0,0,2017-12-10T00:00:00.000Z,12/10/2017 1:43:00 PM,Mid-Block (not related to intersection),18.0,"MOTOR VEHICLE STRUCK PEDALCYCLIST, FRONT END AT ANGLE",,N,Clear or Partly Cloudy,Dry,Daylight,,,45,Vehicle - Pedalcyclist,0,N,Washington,47.6352868617864,-122.34765352042575
Block,DEXTER AVE N BETWEEN PROSPECT ST AND HIGHLAND DR,2,Injury Collision,Cycles,2,0,1,1,1,0,0,2017-12-06T00:00:00.000Z,12/6/2017 6:50:00 PM,Mid-Block (not related to intersection),18.0,"MOTOR VEHICLE STRUCK PEDALCYCLIST, FRONT END AT ANGLE",Y,N,Clear or Partly Cloudy,Dry,Dark - Street Lights On,,,45,Vehicle - Pedalcyclist,0,N,Washington,47.6293040134432,-122.34230734794379
Intersection,BURKE GILMAN TRL AND PEND OREILLE RD NE,2,Injury Collision,Cycles,2,0,1,1,1,0,0,2017-11-29T00:00:00.000Z,11/29/2017 6:20:00 PM,At Intersection (intersection related),18.0,"MOTOR VEHICLE STRUCK PEDALCYCLIST, FRONT END AT ANGLE",Y,N,Clear or Partly Cloudy,Dry,Dark - Street Lights On,,,45,Vehicle - Pedalcyclist,0,N,Washington,47.66014928967881,-122.30183456591577
Block,DEXTER AVE N BETWEEN PROSPECT ST AND HIGHLAND DR,2,Injury Collision,Cycles,2,0,1,1,1,0,0,2017-11-03T00:00:00.000Z,11/3/2017 8:50:00 AM,Mid-Block (not related to intersection),51.0,PEDALCYCLIST STRUCK MOTOR VEHICLE FRONT END AT ANGLE,Y,N,Overcast,Wet,Daylight,,,45,Vehicle - Pedalcyclist,0,N,Washington,47.6293040134432,-122.34230734794379
Intersection,BAY ST AND WESTERN AVE,2,Injury Collision,Cycles,3,0,1,1,1,0,0,2017-10-31T00:00:00.000Z,10/31/2017 4:21:00 PM,At Intersection (intersection related),51.0,PEDALCYCLIST STRUCK MOTOR VEHICLE FRONT END AT ANGLE,,Y,Clear or Partly Cloudy,Dry,Daylight,,,45,Vehicle - Pedalcyclist,0,N,Washington,47.617802435130855,-122.35599203581978
Intersection,8TH AVE NW AND NW 57TH ST,2,Injury Collision,Cycles,2,0,1,1,1,0,0,2017-12-08T00:00:00.000Z,12/8/2017 7:53:00 AM,At Intersection (intersection related),51.0,PEDALCYCLIST STRUCK MOTOR VEHICLE FRONT END AT ANGLE,,N,Clear or Partly Cloudy,Dry,Dawn,,,45,Vehicle - Pedalcyclist,0,N,Washington,47.670160232225406,-122.3661743964576
Intersection,DEXTER AVE N AND HARRISON ST,2,Injury Collision,,2,0,1,1,1,0,0,2018-01-17T00:00:00.000Z,1/17/2018 8:50:00 AM,At Intersection (intersection related),18.0,"MOTOR VEHICLE STRUCK PEDALCYCLIST, FRONT END AT ANGLE",,N,Overcast,Wet,Daylight,Y,,,,0,N,Washington,47.62205574526417,-122.34237158587831
Block,E PINE ST BETWEEN NAGLE PL AND 10TH AVE,2,Injury Collision,,2,0,1,1,1,0,0,2018-02-23T00:00:00.000Z,2/23/2018 2:43:00 PM,Mid-Block (not related to intersection),51.0,PEDALCYCLIST STRUCK MOTOR VEHICLE FRONT END AT ANGLE,,N,Overcast,Dry,Daylight,,,,,0,N,Washington,47.615242981088954,-122.31974283578462
Intersection,MERIDIAN AVE N AND N NORTHLAKE WAY,2,Injury Collision,Cycles,2,0,1,1,1,0,0,2017-10-11T00:00:00.000Z,10/11/2017 9:15:00 AM,At Intersection (intersection related),18.0,"MOTOR VEHICLE STRUCK PEDALCYCLIST, FRONT END AT ANGLE",Y,N,Clear or Partly Cloudy,Dry,Daylight,,,45,Vehicle - Pedalcyclist,630857,N,Washington,47.64686730963511,-122.33392663488449
Intersection,DEXTER AVE N AND THOMAS ST,2,Injury Collision,Cycles,2,0,1,1,1,0,0,2018-02-01T00:00:00.000Z,2/1/2018 6:49:00 PM,At Intersection (intersection related),18.0,"MOTOR VEHICLE STRUCK PEDALCYCLIST, FRONT END AT ANGLE",,Y,Raining,Wet,Dark - No Street Lights,Y,,5,Vehicle Strikes Pedalcyclist,0,N,Washington,47.620888394604385,-122.34238173081964
Block,ROOSEVELT WAY NE BETWEEN NE 45TH ST AND NE 47TH ST,2,Injury Collision,Cycles,2,0,1,1,1,0,0,2018-03-02T00:00:00.000Z,3/2/2018 9:28:00 AM,Mid-Block (not related to intersection),18.0,"MOTOR VEHICLE STRUCK PEDALCYCLIST, FRONT END AT ANGLE",,N,Clear or Partly Cloudy,Dry,Daylight,,,5,Vehicle Strikes Pedalcyclist,0,N,Washington,47.6621980426651,-122.31745114315427
Intersection,PHINNEY AVE N AND N 67TH S ST,2,Injury Collision,,2,0,1,1,1,0,0,2018-01-09T00:00:00.000Z,1/9/2018 10:13:00 AM,At Intersection (intersection related),18.0,"MOTOR VEHICLE STRUCK PEDALCYCLIST, FRONT END AT ANGLE",,N,Raining,Wet,Daylight,,,,,0,N,Washington,47.6776682609726,-122.3546775787715
Block,NE 145TH ST BETWEEN 30TH AVE NE AND 31ST AVE NE,2,Injury Collision,Cycles,2,0,1,1,1,0,0,2018-01-25T00:00:00.000Z,1/25/2018 10:13:00 PM,Mid-Block (not related to intersection),21.0,"MOTOR VEHICLE STRUCK PEDALCYCLIST, REAR END",,N,Clear or Partly Cloudy,Wet,Dark - Street Lights On,Y,,5,Vehicle Strikes Pedalcyclist,0,N,Washington,47.73378031351356,-122.29584242692873
Intersection,ROOSEVELT WAY NE AND NE 63RD ST,2,Injury Collision,Cycles,2,0,1,1,1,0,0,2018-01-19T00:00:00.000Z,1/19/2018 7:29:00 AM,At Intersection (intersection related),51.0,PEDALCYCLIST STRUCK MOTOR VEHICLE FRONT END AT ANGLE,,N,Overcast,Wet,Daylight,Y,,5,Vehicle Strikes Pedalcyclist,0,N,Washington,47.674156827511815,-122.3173633293718
Intersection,FREMONT AVE N AND N 78TH ST,2,Injury Collision,Cycles,2,0,1,1,1,0,0,2018-01-09T00:00:00.000Z,1/9/2018 5:13:00 PM,At Intersection (intersection related),18.0,"MOTOR VEHICLE STRUCK PEDALCYCLIST, FRONT END AT ANGLE",,N,Raining,Wet,Dark - Street Lights On,,,5,Vehicle Strikes Pedalcyclist,0,N,Washington,47.68548951122757,-122.34989580570743
Intersection,11TH AVE NE AND NE 45TH ST,2,Injury Collision,Cycles,2,0,1,1,1,0,0,2018-01-19T00:00:00.000Z,1/19/2018 2:23:00 PM,At Intersection (intersection related),18.0,"MOTOR VEHICLE STRUCK PEDALCYCLIST, FRONT END AT ANGLE",Y,N,Overcast,Wet,Daylight,,,5,Vehicle Strikes Pedalcyclist,0,N,Washington,47.661291960354745,-122.3165789341517
Intersection,UNIVERSITY WAY NE AND NE CAMPUS WB PY,2,Injury Collision,,3,0,1,1,1,0,0,2018-01-25T00:00:00.000Z,1/25/2018 8:23:00 AM,At Intersection (intersection related),18.0,"MOTOR VEHICLE STRUCK PEDALCYCLIST, FRONT END AT ANGLE",,N,Overcast,Unknown,Daylight,Y,,,,0,N,Washington,47.6562153990745,-122.31326223966158
Intersection,24TH AVE S AND S COLLEGE ST,2,Injury Collision,Cycles,2,0,1,1,1,0,0,2018-01-10T00:00:00.000Z,1/10/2018 7:16:00 AM,At Intersection (intersection related),51.0,PEDALCYCLIST STRUCK MOTOR VEHICLE FRONT END AT ANGLE,Y,N,Overcast,Dry,Dawn,,,5,Vehicle Strikes Pedalcyclist,0,N,Washington,47.58294347966734,-122.30238590093077
Intersection,BAGLEY AVE N AND N 46TH ST,2,Injury Collision,,2,0,1,1,1,0,0,2018-01-05T00:00:00.000Z,1/5/2018 2:50:00 PM,At Intersection (intersection related),18.0,"MOTOR VEHICLE STRUCK PEDALCYCLIST, FRONT END AT ANGLE",,N,Raining,Wet,Daylight,,Y,,,0,N,Washington,47.66262684311618,-122.33253790203342
Intersection,HARVARD AVE AND E PINE ST,2,Injury Collision,,1,0,1,0,1,0,0,2018-02-22T00:00:00.000Z,2/22/2018 8:25:00 AM,At Intersection (intersection related),18.0,"MOTOR VEHICLE STRUCK PEDALCYCLIST, FRONT END AT ANGLE",,N,Clear or Partly Cloudy,Ice,Daylight,,,,,0,N,Washington,47.615226078339404,-122.32212991030237
Intersection,NE PACIFIC PL AND NE PACIFIC ST,1,Property Damage Only Collision,Cycles,2,0,1,1,0,0,0,2018-01-23T00:00:00.000Z,1/23/2018 6:56:00 AM,At Intersection (intersection related),18.0,"MOTOR VEHICLE STRUCK PEDALCYCLIST, FRONT END AT ANGLE",,N,Overcast,Wet,Dark - Street Lights On,,,5,Vehicle Strikes Pedalcyclist,0,N,Washington,47.650543276719176,-122.30761623202645
Intersection,LAKE WASHINGTON BLVD S AND S MASSACHUSETTS ST,2,Injury Collision,Cycles,2,0,1,1,1,0,0,2018-02-12T00:00:00.000Z,2/12/2018 9:07:00 AM,At Intersection (intersection related),18.0,"MOTOR VEHICLE STRUCK PEDALCYCLIST, FRONT END AT ANGLE",,N,Clear or Partly Cloudy,Dry,Daylight,,,5,Vehicle Strikes Pedalcyclist,0,N,Washington,47.58768187147937,-122.2892985234935
Intersection,1ST AVE S AND S DAWSON ST,2,Injury Collision,,2,0,1,1,2,0,0,2018-01-09T00:00:00.000Z,1/9/2018 12:59:00 PM,At Intersection (intersection related),51.0,PEDALCYCLIST STRUCK MOTOR VEHICLE FRONT END AT ANGLE,,N,Raining,Wet,Daylight,,,,,0,N,Washington,47.55566305722482,-122.33421450406556
Intersection,DEXTER AVE N AND THOMAS ST,2,Injury Collision,Cycles,2,0,1,1,1,0,0,2018-01-18T00:00:00.000Z,1/18/2018 8:25:00 AM,At Intersection (intersection related),18.0,"MOTOR VEHICLE STRUCK PEDALCYCLIST, FRONT END AT ANGLE",Y,N,Clear or Partly Cloudy,Dry,Daylight,,,5,Vehicle Strikes Pedalcyclist,0,N,Washington,47.620888394604385,-122.34238173081964
Intersection,EASTLAKE AVE E AND E NELSON PL,,Unknown,,2,0,1,1,0,0,0,2018-02-14T00:00:00.000Z,2/14/2018 7:50:00 AM,At Intersection (intersection related),18.0,"MOTOR VEHICLE STRUCK PEDALCYCLIST, FRONT END AT ANGLE",,N,Overcast,Wet,Daylight,,,,,0,N,Washington,47.630596667687136,-122.32764550006345
Intersection,1ST AVE S AND S HOLGATE ST,2,Injury Collision,Cycles,2,0,1,1,1,0,0,2017-12-29T00:00:00.000Z,12/29/2017 4:34:00 PM,At Intersection (intersection related),18.0,"MOTOR VEHICLE STRUCK PEDALCYCLIST, FRONT END AT ANGLE",,N,Raining,Wet,Dark - Street Lights On,,,45,Vehicle - Pedalcyclist,524947,N,Washington,47.586103768479134,-122.33419784432444
Intersection,26TH AVE NE AND NE 65TH ST,2,Injury Collision,Cycles,2,0,1,1,1,0,0,2018-01-30T00:00:00.000Z,1/30/2018 5:51:00 AM,At Intersection (intersection related),51.0,PEDALCYCLIST STRUCK MOTOR VEHICLE FRONT END AT ANGLE,,N,Overcast,Dry,Dark - Street Lights On,,,5,Vehicle Strikes Pedalcyclist,0,N,Washington,47.67577535456017,-122.29959575293545
Intersection,12TH AVE AND E JEFFERSON ST,2,Injury Collision,Cycles,4,0,1,1,1,0,0,2018-02-20T00:00:00.000Z,2/20/2018 8:35:00 PM,At Intersection (intersection related),18.0,"MOTOR VEHICLE STRUCK PEDALCYCLIST, FRONT END AT ANGLE",,N,Clear or Partly Cloudy,Dry,Dark - Street Lights On,,,5,Vehicle Strikes Pedalcyclist,0,N,Washington,47.606203045254205,-122.316780466471
Intersection,1ST AVE NE AND NE NORTHGATE WAY,2,Injury Collision,Cycles,3,0,1,1,1,0,0,2018-03-06T00:00:00.000Z,3/6/2018 6:37:00 PM,At Intersection (but not related to intersection),21.0,"MOTOR VEHICLE STRUCK PEDALCYCLIST, REAR END",,N,Clear or Partly Cloudy,Dry,Dark - Street Lights On,Y,,5,Vehicle Strikes Pedalcyclist,0,N,Washington,47.708628720354106,-122.32863426558531
Intersection,3RD AVE NE AND NE 103RD ST,2,Injury Collision,Cycles,2,0,1,1,1,0,0,2018-01-23T00:00:00.000Z,1/23/2018 2:40:00 PM,At Intersection (intersection related),11.0,"MOTOR VEHICLE STRUCK MOTOR VEHICLE, FRONT END AT ANGLE",,N,Clear or Partly Cloudy,Wet,Daylight,Y,,5,Vehicle Strikes Pedalcyclist,0,N,Washington,47.70316024440631,-122.32584116391588
Intersection,MINOR AVE N AND REPUBLICAN ST,2,Injury Collision,Cycles,2,0,1,1,1,0,0,2018-02-24T00:00:00.000Z,2/24/2018 4:47:00 PM,At Intersection (intersection related),21.0,"MOTOR VEHICLE STRUCK PEDALCYCLIST, REAR END",,N,Clear or Partly Cloudy,Dry,Daylight,,,5,Vehicle Strikes Pedalcyclist,0,N,Washington,47.623116005733465,-122.33299987592457
Intersection,VIRGINIA ST AND WESTERN AVE,2,Injury Collision,,3,0,1,1,1,0,0,2018-02-28T00:00:00.000Z,2/28/2018 10:25:00 AM,At Intersection (intersection related),14.0,"MOTOR VEHICLE STRUCK MOTOR VEHICLE, REAR END",,N,Raining,Wet,Daylight,,,,,0,N,Washington,47.610320542261206,-122.34363652384948
Intersection,1ST AVE W AND W MCGRAW ST,2,Injury Collision,,3,0,1,1,1,0,0,2018-01-08T00:00:00.000Z,1/8/2018 1:43:00 PM,At Intersection (intersection related),18.0,"MOTOR VEHICLE STRUCK PEDALCYCLIST, FRONT END AT ANGLE",,N,Overcast,Wet,Daylight,,,,,0,N,Washington,47.63959636753338,-122.35825092855568
Intersection,LAKE UNION PARK ACCESS RD AND VALLEY ST,2,Injury Collision,Cycles,2,0,1,1,1,0,0,2018-01-18T00:00:00.000Z,1/18/2018 3:48:00 PM,At Intersection (intersection related),18.0,"MOTOR VEHICLE STRUCK PEDALCYCLIST, FRONT END AT ANGLE",,N,Raining,Wet,Daylight,,,5,Vehicle Strikes Pedalcyclist,0,N,Washington,47.62578615082533,-122.33620149898829
Block,15TH AVE S BETWEEN S DAWSON ST AND S BENNETT ST,2,Injury Collision,,2,0,1,1,1,0,0,2018-01-14T00:00:00.000Z,1/14/2018 11:28:00 PM,Mid-Block (not related to intersection),14.0,"MOTOR VEHICLE STRUCK MOTOR VEHICLE, REAR END",Y,N,Clear or Partly Cloudy,Dry,Dark - Street Lights On,,,,,0,N,Washington,47.555193771069966,-122.3134597042185
Intersection,6TH AVE AND MARION ST,2,Injury Collision,Cycles,2,0,1,1,1,0,0,2017-08-21T00:00:00.000Z,8/21/2017 12:00:00 PM,At Intersection (intersection related),18.0,"MOTOR VEHICLE STRUCK PEDALCYCLIST, FRONT END AT ANGLE",,N,Clear or Partly Cloudy,Dry,Daylight,,,45,Vehicle - Pedalcyclist,0,N,Washington,47.606302228441784,-122.33003897514317
Intersection,EVANSTON AVE N AND N 34TH ST,2,Injury Collision,,2,0,1,1,1,0,0,2018-01-05T00:00:00.000Z,1/5/2018 5:23:00 PM,At Intersection (intersection related),11.0,"MOTOR VEHICLE STRUCK MOTOR VEHICLE, FRONT END AT ANGLE",,N,Raining,Wet,Dark - Street Lights On,,,,,0,N,Washington,47.6498232847657,-122.35130332908852
Intersection,3RD AVE AND UNIVERSITY ST,1,Property Damage Only Collision,,3,0,1,1,0,0,0,2018-01-27T00:00:00.000Z,1/27/2018 3:20:00 PM,At Intersection (intersection related),51.0,PEDALCYCLIST STRUCK MOTOR VEHICLE FRONT END AT ANGLE,,N,Overcast,Dry,Daylight,,,,,0,N,Washington,47.60776317694084,-122.3359757939518
Block,S JACKSON ST BETWEEN 20TH PL S AND 22ND AVE S,2,Injury Collision,Cycles,3,0,1,1,1,0,0,2018-01-03T00:00:00.000Z,1/3/2018 7:45:00 AM,Mid-Block (not related to intersection),18.0,"MOTOR VEHICLE STRUCK PEDALCYCLIST, FRONT END AT ANGLE",Y,Y,Clear or Partly Cloudy,Dry,Daylight,,,5,Vehicle Strikes Pedalcyclist,0,N,Washington,47.59927028422801,-122.30394362370821
Intersection,25TH AVE SW AND SW BARTON ST,2,Injury Collision,Cycles,3,0,1,1,1,0,0,2018-03-02T00:00:00.000Z,3/2/2018 7:09:00 AM,At Intersection (intersection related),18.0,"MOTOR VEHICLE STRUCK PEDALCYCLIST, FRONT END AT ANGLE",Y,N,Overcast,Wet,Daylight,,,5,Vehicle Strikes Pedalcyclist,0,N,Washington,47.521023292388975,-122.36454783752541
Intersection,19TH AVE AND E CHERRY ST,2,Injury Collision,Cycles,2,0,1,1,1,0,0,2018-03-02T00:00:00.000Z,3/2/2018 11:13:00 AM,At Intersection (intersection related),51.0,PEDALCYCLIST STRUCK MOTOR VEHICLE FRONT END AT ANGLE,Y,N,Overcast,Dry,Daylight,,,5,Vehicle Strikes Pedalcyclist,0,N,Washington,47.608021074698,-122.3076226269288
Intersection,1ST AVE S AND S BRANDON ST,1,Property Damage Only Collision,,2,0,1,1,0,0,0,2018-02-08T00:00:00.000Z,2/8/2018 6:40:00 PM,At Intersection (intersection related),18.0,"MOTOR VEHICLE STRUCK PEDALCYCLIST, FRONT END AT ANGLE",,N,Raining,Wet,Dark - No Street Lights,,,,,0,N,Washington,47.55416618326297,-122.33421517698929
Intersection,17TH NB AVE NE AND NE 45TH ST,2,Injury Collision,,2,0,1,1,1,0,0,2018-02-27T00:00:00.000Z,2/27/2018 1:51:00 PM,At Intersection (intersection related),51.0,PEDALCYCLIST STRUCK MOTOR VEHICLE FRONT END AT ANGLE,,N,Clear or Partly Cloudy,Dry,Daylight,,,,,0,N,Washington,47.66125925264302,-122.30951223578201
Intersection,STONE WAY N AND N 49TH ST,2,Injury Collision,Cycles,2,0,1,1,1,0,0,2018-01-22T00:00:00.000Z,1/22/2018 10:52:00 AM,At Intersection (intersection related),18.0,"MOTOR VEHICLE STRUCK PEDALCYCLIST, FRONT END AT ANGLE",Y,N,Clear or Partly Cloudy,Dry,Daylight,,,5,Vehicle Strikes Pedalcyclist,0,N,Washington,47.66428986783398,-122.34068746740265
Block,AIRPORT WAY S BETWEEN CITY LIMITS C AND S NORFOLK ST,2b,Serious Injury Collision,Cycles,2,0,1,1,2,2,0,2018-03-10T00:00:00.000Z,3/10/2018 4:46:00 PM,Mid-Block (not related to intersection),54.0,PEDALCYCLIST STRUCK MOTOR VEHICLE REAR END,,Y,Clear or Partly Cloudy,Dry,Daylight,,,5,Vehicle Strikes Pedalcyclist,0,N,Washington,47.51640468502114,-122.2897057755984
Block,FAIRVIEW AVE N BETWEEN VALLEY UPPER ST AND FAIRVIEW PL N,1,Property Damage Only Collision,Cycles,2,0,1,1,0,0,0,2018-01-10T00:00:00.000Z,1/10/2018 7:47:00 AM,Mid-Block (not related to intersection),56.0,PEDALCYCLIST STRUCK MOTOR VEHICLE LEFT SIDE SIDESWIPE,,N,Overcast,Dry,Dawn,,,5,Vehicle Strikes Pedalcyclist,0,N,Washington,47.62613381473567,-122.3342049961292
Block,SEAVIEW AVE NW BETWEEN NW 67TH ST AND NW 75TH ST,3,Fatality Collision,Cycles,2,0,1,1,0,0,1,2018-01-14T00:00:00.000Z,1/14/2018 4:30:00 AM,Mid-Block (not related to intersection),18.0,"MOTOR VEHICLE STRUCK PEDALCYCLIST, FRONT END AT ANGLE",,N,Clear or Partly Cloudy,Dry,Dark - Street Lights On,,,5,Vehicle Strikes Pedalcyclist,0,N,Washington,47.6798983780058,-122.4048425739086
Intersection,DEXTER AVE N AND THOMAS ST,2,Injury Collision,,2,0,1,1,1,0,0,2018-02-28T00:00:00.000Z,2/28/2018 7:08:00 PM,At Intersection (intersection related),18.0,"MOTOR VEHICLE STRUCK PEDALCYCLIST, FRONT END AT ANGLE",,N,Raining,Wet,Dark - Street Lights On,Y,,,,0,N,Washington,47.620888394604385,-122.34238173081964