addrtype,location,severitycode,severitydesc,collisiontype,personcount,pedcount,pedcylcount,vehcount,injuries,seriousinjuries,fatalities,incdate,incdttm,junctiontype,sdot_colcode,sdot_coldesc,inattentionind,underinfl,weather,roadcond,lightcond,pedrownotgrnt,speeding,st_colcode,st_coldesc,crosswalkkey,hitparkedcar,state,latitude,longitude
Intersection,28TH AVE NW AND NW MARKET ST,1,Property Damage Only Collision,Cycles,2,0,1,1,0,0,0,2018-01-15T00:00:00.000Z,1/15/2018 5:27:00 PM,At Intersection (intersection related),18.0,"MOTOR VEHICLE STRUCK PEDALCYCLIST, FRONT END AT ANGLE",Y,N,Clear or Partly Cloudy,Dry,Dark - Street Lights On,,,5,Vehicle Strikes Pedalcyclist,0,N,Washington,47.668654849597424,-122.39285829690594
Intersection,2ND AVE AND MADISON ST,1,Property Damage Only Collision,Cycles,3,0,1,1,0,0,0,2018-02-02T00:00:00.000Z,2/2/2018 10:50:00 AM,At Intersection (intersection related),18.0,"MOTOR VEHICLE STRUCK PEDALCYCLIST, FRONT END AT ANGLE",,N,Overcast,Wet,Daylight,,,5,Vehicle Strikes Pedalcyclist,0,N,Washington,47.60515932143504,-122.33512927310603
Intersection,MELROSE AVE AND PINE ST,2,Injury Collision,Cycles,3,0,1,1,1,0,0,2018-02-01T00:00:00.000Z,2/1/2018 7:27:00 AM,At Intersection (intersection related),51.0,PEDALCYCLIST STRUCK MOTOR VEHICLE FRONT END AT ANGLE,,N,Overcast,Dry,Daylight,,,5,Vehicle Strikes Pedalcyclist,0,N,Washington,47.61523842026632,-122.32790375541016
Intersection,BROAD ST AND VALLEY ST,2,Injury Collision,Cycles,2,0,1,1,1,0,0,2018-01-22T00:00:00.000Z,1/22/2018 9:00:00 AM,At Intersection (intersection related),18.0,"MOTOR VEHICLE STRUCK PEDALCYCLIST, FRONT END AT ANGLE",Y,N,Clear or Partly Cloudy,Dry,Daylight,,,5,Vehicle Strikes Pedalcyclist,0,N,Washington,47.6257957692013,-122.33863455026258
Intersection,2ND AVE AND MARION ST,1,Property Damage Only Collision,Cycles,3,0,1,1,0,0,0,2018-01-23T00:00:00.000Z,1/23/2018 5:13:00 PM,At Intersection (intersection related),18.0,"MOTOR VEHICLE STRUCK PEDALCYCLIST, FRONT END AT ANGLE",,N,Raining,Wet,Dark - Street Lights On,,,5,Vehicle Strikes Pedalcyclist,0,N,Washington,47.604446464596656,-122.33447723507861
Intersection,SEWARD PARK AVE S AND WILSON AVE S,2,Injury Collision,Cycles,2,0,1,1,1,0,0,2018-02-11T00:00:00.000Z,2/11/2018 1:38:00 PM,At Intersection (intersection related),18.0,"MOTOR VEHICLE STRUCK PEDALCYCLIST, FRONT END AT ANGLE",Y,N,Clear or Partly Cloudy,Dry,Daylight,,,5,Vehicle Strikes Pedalcyclist,0,N,Washington,47.54453951374187,-122.26408243050295
Block,WILSON AVE S BETWEEN S FINDLAY ST AND S ORCAS ST,1,Property Damage Only Collision,Cycles,2,0,1,1,0,0,0,2018-04-24T00:00:00.000Z,4/24/2018 5:27:00 PM,Mid-Block (not related to intersection),23.0,"MOTOR VEHICLE STRUCK PEDALCYCLIST, LEFT SIDE SIDESWIPE",,N,Clear or Partly Cloudy,Dry,Daylight,,,5,Vehicle Strikes Pedalcyclist,0,N,Washington,47.55149834878031,-122.26628083032922
Intersection,ROOSEVELT WAY NE AND NE 50TH ST,2,Injury Collision,Cycles,2,1,1,0,1,0,0,2018-04-03T00:00:00.000Z,4/3/2018 7:38:00 AM,At Intersection (intersection related),64.0,PEDALCYCLIST STRUCK PEDESTRIAN,Y,N,Clear or Partly Cloudy,Dry,Daylight,,,45,Vehicle - Pedalcyclist,0,N,Washington,47.66493734388379,-122.31740379073635
Intersection,23RD AVE NE AND NE 95TH ST,2,Injury Collision,Cycles,2,0,1,1,1,0,0,2018-03-11T00:00:00.000Z,3/11/2018 5:55:00 PM,At Intersection (intersection related),51.0,PEDALCYCLIST STRUCK MOTOR VEHICLE FRONT END AT ANGLE,,N,Clear or Partly Cloudy,Dry,Daylight,,,45,Vehicle - Pedalcyclist,0,N,Washington,47.697559009800244,-122.30418049438036
Block,10TH AVE E BETWEEN E BOSTON ST AND E LYNN ST,2,Injury Collision,Cycles,2,0,1,1,1,0,0,2018-03-10T00:00:00.000Z,3/10/2018 11:00:00 PM,Mid-Block (not related to intersection),18.0,"MOTOR VEHICLE STRUCK PEDALCYCLIST, FRONT END AT ANGLE",,N,Unknown,Unknown,Dark - Street Lights On,,,45,Vehicle - Pedalcyclist,0,N,Washington,47.63897380064675,-122.32006709302462
Block,2ND AVE BETWEEN UNION ST AND PIKE ST,2,Injury Collision,Cycles,2,0,1,1,1,0,0,2018-03-06T00:00:00.000Z,3/6/2018 4:33:00 PM,Mid-Block (not related to intersection),18.0,"MOTOR VEHICLE STRUCK PEDALCYCLIST, FRONT END AT ANGLE",,N,Clear or Partly Cloudy,Dry,Daylight,,,5,Vehicle Strikes Pedalcyclist,0,N,Washington,47.60878749220817,-122.33844845839597
Intersection,DEXTER AVE N AND THOMAS ST,2,Injury Collision,Cycles,2,0,1,1,1,0,0,2018-04-11T00:00:00.000Z,4/11/2018 3:25:00 PM,At Intersection (intersection related),18.0,"MOTOR VEHICLE STRUCK PEDALCYCLIST, FRONT END AT ANGLE",,N,Overcast,Wet,Daylight,,,5,Vehicle Strikes Pedalcyclist,0,N,Washington,47.620888394604385,-122.34238173081964
Intersection,RAINIER AVE S AND S CHARLESTOWN ST,2,Injury Collision,Angles,2,0,1,1,1,0,0,2018-04-12T00:00:00.000Z,4/12/2018 3:25:00 PM,At Intersection (intersection related),18.0,"MOTOR VEHICLE STRUCK PEDALCYCLIST, FRONT END AT ANGLE",,N,Clear or Partly Cloudy,Dry,Daylight,Y,,10,Entering at angle,524336,N,Washington,47.56977061348821,-122.29069886526999
Block,15TH AVE NE BETWEEN NE 42ND ST AND NE 43RD ST,2b,Serious Injury Collision,Cycles,3,0,1,2,1,1,0,2018-05-09T00:00:00.000Z,5/9/2018 10:08:00 AM,Mid-Block (not related to intersection),14.0,"MOTOR VEHICLE STRUCK MOTOR VEHICLE, REAR END",,N,Clear or Partly Cloudy,Dry,Daylight,,,8,Pedalcyclist All Other Involvements ONE UNIT - PEDALCYCLIST ONLY or PEDALCYCLIST STR,0,Y,Washington,47.659039924430964,-122.31205182562418
Block,NE 40 UPPER ST BETWEEN 8TH AVE NE AND 9TH AVE NE,2b,Serious Injury Collision,Cycles,2,1,1,0,1,1,0,2018-03-16T00:00:00.000Z,3/16/2018 3:20:00 PM,Mid-Block (not related to intersection),64.0,PEDALCYCLIST STRUCK PEDESTRIAN,Y,N,Clear or Partly Cloudy,Unknown,Daylight,,,7,Pedalcyclist Strikes Pedalcyclist or Pedestrian,0,N,Washington,47.65579285242878,-122.31930536700395
Block,FAUNTLEROY WAY SW BETWEEN SW THISTLE ST AND FAUNTLEROY PL SW,2,Injury Collision,Cycles,3,0,1,1,1,0,0,2018-05-13T00:00:00.000Z,5/13/2018 11:18:00 AM,Mid-Block (not related to intersection),18.0,"MOTOR VEHICLE STRUCK PEDALCYCLIST, FRONT END AT ANGLE",,N,Clear or Partly Cloudy,Dry,Daylight,,,6,Pedalcyclist Strikes Moving Vehicle,0,N,Washington,47.52854714608594,-122.39273403815928
Block,N 34TH ST BETWEEN WOODLAND PARK AVE N AND STONE WAY N,2,Injury Collision,Cycles,2,0,1,1,1,0,0,2018-04-28T00:00:00.000Z,4/28/2018 12:48:00 PM,Driveway Junction,18.0,"MOTOR VEHICLE STRUCK PEDALCYCLIST, FRONT END AT ANGLE",Y,N,Overcast,Wet,Daylight,,Y,6,Pedalcyclist Strikes Moving Vehicle,0,N,Washington,47.64863709622514,-122.34341043180699
Intersection,UNIVERSITY WAY NE AND NE 47TH ST,2,Injury Collision,Cycles,2,0,1,1,1,0,0,2018-05-09T00:00:00.000Z,5/9/2018 9:07:00 PM,At Intersection (intersection related),18.0,"MOTOR VEHICLE STRUCK PEDALCYCLIST, FRONT END AT ANGLE",,N,Clear or Partly Cloudy,Dry,Dusk,Y,,5,Vehicle Strikes Pedalcyclist,0,N,Washington,47.663091788500566,-122.31310175369732
Block,EAST MARGINAL WAY S BETWEEN S HINDS ST AND S SPOKANE NR ST,2,Injury Collision,Cycles,2,0,1,1,1,0,0,2018-02-27T00:00:00.000Z,2/27/2018 3:34:00 PM,Driveway Junction,18.0,"MOTOR VEHICLE STRUCK PEDALCYCLIST, FRONT END AT ANGLE",,N,Raining,Wet,Daylight,,,5,Vehicle Strikes Pedalcyclist,0,N,Washington,47.57270499771236,-122.33969154121115
Intersection,9TH AVE N AND REPUBLICAN ST,2,Injury Collision,Cycles,2,0,1,1,1,0,0,2018-03-16T00:00:00.000Z,3/16/2018 7:52:00 PM,At Intersection (intersection related),51.0,PEDALCYCLIST STRUCK MOTOR VEHICLE FRONT END AT ANGLE,,N,Clear or Partly Cloudy,Dry,Dusk,,,45,Vehicle - Pedalcyclist,0,N,Washington,47.62321406543728,-122.33975127127506
Intersection,WESTERN AVE AND YESLER WAY,2,Injury Collision,Cycles,2,0,1,1,1,0,0,2018-04-10T00:00:00.000Z,4/10/2018 9:08:00 AM,At Intersection (intersection related),18.0,"MOTOR VEHICLE STRUCK PEDALCYCLIST, FRONT END AT ANGLE",,N,Raining,Wet,Daylight,,,5,Vehicle Strikes Pedalcyclist,0,N,Washington,47.60172225521305,-122.33554940658436
Block,ALKI AVE SW BETWEEN SW HAMPSHIRE ST AND SW ILLINOIS ST,2,Injury Collision,Cycles,2,1,1,0,1,0,0,2018-05-12T00:00:00.000Z,5/12/2018 10:12:00 AM,Mid-Block (not related to intersection),64.0,PEDALCYCLIST STRUCK PEDESTRIAN,,N,Clear or Partly Cloudy,Dry,Daylight,Y,,7,Pedalcyclist Strikes Pedalcyclist or Pedestrian,0,N,Washington,47.587163100488645,-122.39683572218016
Block,15TH AVE BETWEEN E SPRING ST AND E UNION ST,2,Injury Collision,Cycles,3,0,1,1,1,0,0,2018-05-08T00:00:00.000Z,5/8/2018 3:50:00 PM,Mid-Block (not related to intersection),18.0,"MOTOR VEHICLE STRUCK PEDALCYCLIST, FRONT END AT ANGLE",,N,Clear or Partly Cloudy,Dry,Daylight,,,5,Vehicle Strikes Pedalcyclist,0,N,Washington,47.61222824831293,-122.31279364585777
Intersection,10TH AVE E AND E LYNN ST,2,Injury Collision,Cycles,2,0,1,1,1,0,0,2018-03-21T00:00:00.000Z,3/21/2018 6:22:00 AM,At Intersection (intersection related),51.0,PEDALCYCLIST STRUCK MOTOR VEHICLE FRONT END AT ANGLE,,N,Clear or Partly Cloudy,Dry,Dark - Street Lights On,,,5,Vehicle Strikes Pedalcyclist,0,N,Washington,47.639547112800344,-122.3200628709582
Intersection,8TH AVE NW AND NW 58TH ST,2,Injury Collision,Cycles,2,0,1,1,1,0,0,2018-05-08T00:00:00.000Z,5/8/2018 7:21:00 AM,At Intersection (intersection related),18.0,"MOTOR VEHICLE STRUCK PEDALCYCLIST, FRONT END AT ANGLE",Y,N,Clear or Partly Cloudy,Dry,Daylight,,,6,Pedalcyclist Strikes Moving Vehicle,0,N,Washington,47.670889901639775,-122.36617390620391
Intersection,WALL ST AND WESTERN AVE,2,Injury Collision,Cycles,2,0,1,1,1,0,0,2018-05-01T00:00:00.000Z,5/1/2018 5:28:00 AM,At Intersection (intersection related),18.0,"MOTOR VEHICLE STRUCK PEDALCYCLIST, FRONT END AT ANGLE",,N,Clear or Partly Cloudy,Dry,Daylight,,,5,Vehicle Strikes Pedalcyclist,523794,N,Washington,47.61403121811065,-122.34960608431774
Intersection,STONE WAY N AND N NORTHLAKE WAY,2,Injury Collision,Cycles,2,0,1,1,1,0,0,2018-04-20T00:00:00.000Z,4/20/2018 4:55:00 PM,At Intersection (intersection related),18.0,"MOTOR VEHICLE STRUCK PEDALCYCLIST, FRONT END AT ANGLE",,N,Overcast,Dry,Daylight,,,5,Vehicle Strikes Pedalcyclist,0,N,Washington,47.648164198755424,-122.34279388813812
Block,SAND POINT WAY NE BETWEEN NOAA DR AND BURKE GILMAN SAND POINT TRL,2b,Serious Injury Collision,Cycles,2,0,1,1,1,1,0,2018-05-17T00:00:00.000Z,5/17/2018 7:22:00 AM,Mid-Block (not related to intersection),51.0,PEDALCYCLIST STRUCK MOTOR VEHICLE FRONT END AT ANGLE,,N,Overcast,Dry,Daylight,,,6,Pedalcyclist Strikes Moving Vehicle,0,N,Washington,47.686774063664615,-122.26521889004371
Intersection,ROOSEVELT WAY NE AND NE 53RD ST,2,Injury Collision,Cycles,2,0,1,1,1,0,0,2018-03-08T00:00:00.000Z,3/8/2018 9:05:00 AM,At Intersection (intersection related),51.0,PEDALCYCLIST STRUCK MOTOR VEHICLE FRONT END AT ANGLE,,N,Raining,Wet,Daylight,,,5,Vehicle Strikes Pedalcyclist,0,N,Washington,47.66710635754764,-122.31737981006431
Block,DENNY WAY BETWEEN 7TH NB AVE N AND DEXTER AVE,1,Property Damage Only Collision,Cycles,2,0,1,1,0,0,0,2018-03-19T00:00:00.000Z,3/19/2018 10:43:00 AM,Mid-Block (not related to intersection),18.0,"MOTOR VEHICLE STRUCK PEDALCYCLIST, FRONT END AT ANGLE",,N,Clear or Partly Cloudy,Dry,Daylight,,,5,Vehicle Strikes Pedalcyclist,0,N,Washington,47.618553396203716,-122.34302801077908
Intersection,SPRING ST AND WESTERN AVE,2,Injury Collision,Cycles,3,0,1,1,1,0,0,2018-04-11T00:00:00.000Z,4/11/2018 3:33:00 PM,At Intersection (intersection related),18.0,"MOTOR VEHICLE STRUCK PEDALCYCLIST, FRONT END AT ANGLE",,N,Overcast,Wet,Daylight,,,6,Pedalcyclist Strikes Moving Vehicle,0,N,Washington,47.604943457663936,-122.33800105428564
Block,SW ADMIRAL WAY BETWEEN 60TH AVE SW AND 61ST AVE SW,2,Injury Collision,Cycles,2,0,1,1,1,0,0,2018-04-11T00:00:00.000Z,4/11/2018 9:13:00 AM,Driveway Junction,18.0,"MOTOR VEHICLE STRUCK PEDALCYCLIST, FRONT END AT ANGLE",,N,Overcast,Dry,Daylight,,,6,Pedalcyclist Strikes Moving Vehicle,0,N,Washington,47.575897205407536,-122.41008596100029
Intersection,COLLEGE WAY N AND N 100TH ST,2,Injury Collision,Cycles,2,0,1,1,1,0,0,2018-05-05T00:00:00.000Z,5/5/2018 9:48:00 AM,At Intersection (intersection related),51.0,PEDALCYCLIST STRUCK MOTOR VEHICLE FRONT END AT ANGLE,,N,Clear or Partly Cloudy,Dry,Daylight,,,5,Vehicle Strikes Pedalcyclist,0,N,Washington,47.7014115454031,-122.33510998434059
Intersection,MONTLAKE BLVD NE AND NE PACIFIC ST,2,Injury Collision,Cycles,2,0,1,1,1,0,0,2018-04-22T00:00:00.000Z,4/22/2018 2:31:00 PM,At Intersection (intersection related),18.0,"MOTOR VEHICLE STRUCK PEDALCYCLIST, FRONT END AT ANGLE",,N,Clear or Partly Cloudy,Dry,Daylight,,,5,Vehicle Strikes Pedalcyclist,0,N,Washington,47.64899740410285,-122.30459125885454
Intersection,7TH AVE S AND S MICHIGAN ST,2,Injury Collision,Cycles,2,0,1,1,1,0,0,2018-02-14T00:00:00.000Z,2/14/2018 9:15:00 PM,At Intersection (intersection related),18.0,"MOTOR VEHICLE STRUCK PEDALCYCLIST, FRONT END AT ANGLE",,N,Raining,Wet,Dark - Street Lights On,,,5,Vehicle Strikes Pedalcyclist,0,N,Washington,47.546547030206426,-122.32503573130009
Block,MALDEN AVE E BETWEEN E HARRISON ST AND E REPUBLICAN ST,1,Property Damage Only Collision,Cycles,5,0,1,1,0,0,0,2018-04-02T00:00:00.000Z,4/2/2018 8:55:00 PM,Mid-Block (not related to intersection),18.0,"MOTOR VEHICLE STRUCK PEDALCYCLIST, FRONT END AT ANGLE",,N,Clear or Partly Cloudy,Dry,Dark - Street Lights On,,,5,Vehicle Strikes Pedalcyclist,0,N,Washington,47.622525399015906,-122.31364009278202
Block,S DEARBORN ST BETWEEN 7TH AVE S AND 8TH AVE S,2,Injury Collision,Cycles,2,0,1,1,1,0,0,2018-05-08T00:00:00.000Z,5/8/2018 7:18:00 AM,Driveway Junction,51.0,PEDALCYCLIST STRUCK MOTOR VEHICLE FRONT END AT ANGLE,,N,Clear or Partly Cloudy,Dry,Daylight,,,5,Vehicle Strikes Pedalcyclist,0,N,Washington,47.59583224035126,-122.32311316690009
Block,1ST AVE S BETWEEN S HUDSON ST AND S DAWSON ST,1,Property Damage Only Collision,,2,0,1,1,0,0,0,2018-01-04T00:00:00.000Z,1/4/2018 4:13:00 PM,Mid-Block (not related to intersection),11.0,"MOTOR VEHICLE STRUCK MOTOR VEHICLE, FRONT END AT ANGLE",,N,Overcast,Wet,Dusk,,,,,0,N,Washington,47.556539118855135,-122.33421411116731
Block,15TH AVE S BETWEEN S HOLGATE ST AND S PLUM ST,2,Injury Collision,Cycles,2,0,1,1,1,0,0,2018-04-06T00:00:00.000Z,4/6/2018 9:25:00 AM,Mid-Block (not related to intersection),23.0,"MOTOR VEHICLE STRUCK PEDALCYCLIST, LEFT SIDE SIDESWIPE",,N,Overcast,Dry,Daylight,,,5,Vehicle Strikes Pedalcyclist,0,N,Washington,47.585948538620364,-122.31336659799706
Block,RAINIER AVE S BETWEEN S THISTLE ST AND S CLOVERDALE ST,1,Property Damage Only Collision,Cycles,2,0,1,1,0,0,0,2018-04-05T00:00:00.000Z,4/5/2018 8:55:00 PM,Mid-Block (not related to intersection),21.0,"MOTOR VEHICLE STRUCK PEDALCYCLIST, REAR END",,N,Overcast,Wet,Dark - Street Lights On,,,5,Vehicle Strikes Pedalcyclist,0,N,Washington,47.52704456985138,-122.26998428262644
Block,4TH AVE BETWEEN LENORA ST AND BLANCHARD ST,1,Property Damage Only Collision,Cycles,2,0,1,1,0,0,0,2018-05-01T00:00:00.000Z,5/1/2018 6:57:00 PM,Mid-Block (not related to intersection),18.0,"MOTOR VEHICLE STRUCK PEDALCYCLIST, FRONT END AT ANGLE",,N,Clear or Partly Cloudy,Dry,Daylight,Y,,5,Vehicle Strikes Pedalcyclist,0,N,Washington,47.61421489351256,-122.34198208867042
Intersection,CALIFORNIA AVE SW AND SW ORCHARD ST,2,Injury Collision,Cycles,2,0,1,1,1,0,0,2018-03-27T00:00:00.000Z,3/27/2018 8:39:00 AM,At Intersection (intersection related),51.0,PEDALCYCLIST STRUCK MOTOR VEHICLE FRONT END AT ANGLE,,N,Overcast,Wet,Dawn,Y,,45,Vehicle - Pedalcyclist,0,N,Washington,47.538890253423325,-122.3872802267578
Block,15TH AVE S BETWEEN S OREGON ST AND S SNOQUALMIE ST,1,Property Damage Only Collision,Parked Car,2,0,1,1,0,0,0,2018-03-02T00:00:00.000Z,3/2/2018 6:33:00 PM,Mid-Block (not related to intersection),56.0,PEDALCYCLIST STRUCK MOTOR VEHICLE LEFT SIDE SIDESWIPE,,Y,Clear or Partly Cloudy,Dry,Dark - Street Lights On,,,32,One parked--one moving,0,N,Washington,47.56260182418038,-122.31352453413778
Block,4TH AVE S BETWEEN S MAIN ST AND S JACKSON ST,1,Property Damage Only Collision,Cycles,2,0,1,1,0,0,0,2018-03-20T00:00:00.000Z,3/20/2018 8:22:00 AM,Driveway Junction,51.0,PEDALCYCLIST STRUCK MOTOR VEHICLE FRONT END AT ANGLE,Y,N,Clear or Partly Cloudy,Dry,Daylight,,,5,Vehicle Strikes Pedalcyclist,0,N,Washington,47.59961782030045,-122.32896629872035
Block,PIKE ST BETWEEN 4TH AVE AND 5TH AVE,1,Property Damage Only Collision,Cycles,2,0,1,1,0,0,0,2018-03-29T00:00:00.000Z,3/29/2018 5:09:00 PM,Driveway Junction,18.0,"MOTOR VEHICLE STRUCK PEDALCYCLIST, FRONT END AT ANGLE",,N,Clear or Partly Cloudy,Dry,Daylight,Y,,5,Vehicle Strikes Pedalcyclist,0,N,Washington,47.610445255664025,-122.33613044666157
Block,S JACKSON ST BETWEEN 23RD AVE S AND 25TH AVE S,1,Property Damage Only Collision,Rear Ended,3,0,1,2,0,0,0,2018-05-04T00:00:00.000Z,5/4/2018 8:39:00 AM,Mid-Block (but intersection related),14.0,"MOTOR VEHICLE STRUCK MOTOR VEHICLE, REAR END",Y,N,Clear or Partly Cloudy,Dry,Daylight,,,14,From same direction - both going straight - one stopped - rear-end,0,N,Washington,47.59928514940186,-122.30106063216387
Intersection,14TH AVE NW AND NW MARKET ST,2,Injury Collision,Cycles,2,0,1,1,1,0,0,2018-03-27T00:00:00.000Z,3/27/2018 9:16:00 PM,At Intersection (intersection related),18.0,"MOTOR VEHICLE STRUCK PEDALCYCLIST, FRONT END AT ANGLE",,N,Clear or Partly Cloudy,Dry,Dark - Street Lights On,,,45,Vehicle - Pedalcyclist,0,N,Washington,47.66866536787647,-122.37358850396623
Intersection,13TH AVE AND E PINE ST,2,Injury Collision,Cycles,2,0,1,1,1,0,0,2018-03-21T00:00:00.000Z,3/21/2018 3:39:00 PM,At Intersection (intersection related),51.0,PEDALCYCLIST STRUCK MOTOR VEHICLE FRONT END AT ANGLE,,N,Clear or Partly Cloudy,Dry,Daylight,,Y,45,Vehicle - Pedalcyclist,0,N,Washington,47.61527286521951,-122.31554858495258
Intersection,11TH AVE AND E DENNY WAY,2,Injury Collision,Cycles,2,0,1,1,1,0,0,2018-04-09T00:00:00.000Z,4/9/2018 7:30:00 PM,At Intersection (intersection related),18.0,"MOTOR VEHICLE STRUCK PEDALCYCLIST, FRONT END AT ANGLE",,N,Clear or Partly Cloudy,Dry,Daylight,Y,,5,Vehicle Strikes Pedalcyclist,0,N,Washington,47.6187590087277,-122.31821536503185
Intersection,STONE WAY N AND N 34TH ST,1,Property Damage Only Collision,Cycles,2,0,1,1,0,0,0,2018-04-24T00:00:00.000Z,4/24/2018 8:45:00 AM,At Intersection (intersection related),18.0,"MOTOR VEHICLE STRUCK PEDALCYCLIST, FRONT END AT ANGLE",Y,N,Clear or Partly Cloudy,Dry,Daylight,,,5,Vehicle Strikes Pedalcyclist,0,N,Washington,47.648540727826884,-122.34277540220636
Block,ELLIS AVE S BETWEEN S WILLOW ST AND S MYRTLE ST,2,Injury Collision,Cycles,2,0,1,1,1,0,0,2018-03-11T00:00:00.000Z,3/11/2018 7:27:00 AM,Driveway Junction,51.0,PEDALCYCLIST STRUCK MOTOR VEHICLE FRONT END AT ANGLE,,N,Clear or Partly Cloudy,Dry,Dark - Street Lights On,,,45,Vehicle - Pedalcyclist,0,N,Washington,47.54016981914816,-122.32014563745822
Intersection,9TH AVE N AND HARRISON ST,1,Property Damage Only Collision,Cycles,2,0,1,1,0,0,0,2018-03-01T00:00:00.000Z,3/1/2018 9:30:00 AM,At Intersection (intersection related),51.0,PEDALCYCLIST STRUCK MOTOR VEHICLE FRONT END AT ANGLE,Y,N,Overcast,Dry,Daylight,,,5,Vehicle Strikes Pedalcyclist,0,N,Washington,47.62204610868118,-122.33976024601309
Block,ROOSEVELT WAY NE BETWEEN NE 42ND N ST AND NE 43RD S ST,2b,Serious Injury Collision,Cycles,2,1,1,0,2,1,0,2018-03-28T00:00:00.000Z,3/28/2018 6:52:00 AM,Mid-Block (not related to intersection),64.0,PEDALCYCLIST STRUCK PEDESTRIAN,,N,Overcast,Dry,Daylight,Y,,7,Pedalcyclist Strikes Pedalcyclist or Pedestrian,0,N,Washington,47.65891124921488,-122.31776595018732
Block,2ND AVE BETWEEN PIKE ST AND PINE ST,2,Injury Collision,Cycles,2,0,1,1,1,0,0,2018-05-08T00:00:00.000Z,5/8/2018 5:35:00 PM,Driveway Junction,51.0,PEDALCYCLIST STRUCK MOTOR VEHICLE FRONT END AT ANGLE,Y,N,Overcast,Dry,Daylight,Y,,5,Vehicle Strikes Pedalcyclist,0,N,Washington,47.609780570210454,-122.33935700687486
Block,9TH AVE BETWEEN MARION ST AND MADISON ST,2,Injury Collision,Cycles,2,0,1,1,1,0,0,2018-04-27T00:00:00.000Z,4/27/2018 2:59:00 PM,Driveway Junction,18.0,"MOTOR VEHICLE STRUCK PEDALCYCLIST, FRONT END AT ANGLE",Y,N,Clear or Partly Cloudy,Dry,Daylight,,,6,Pedalcyclist Strikes Moving Vehicle,0,N,Washington,47.6080508673475,-122.3270336098584
Intersection,1ST AVE AND VINE ST,2,Injury Collision,Cycles,2,0,1,1,1,0,0,2018-04-23T00:00:00.000Z,4/23/2018 8:54:00 AM,At Intersection (intersection related),18.0,"MOTOR VEHICLE STRUCK PEDALCYCLIST, FRONT END AT ANGLE",,N,Clear or Partly Cloudy,Dry,Daylight,,,5,Vehicle Strikes Pedalcyclist,0,N,Washington,47.61524908594235,-122.3496818706592
Intersection,19TH AVE AND E JEFFERSON ST,2,Injury Collision,Cycles,2,0,1,1,1,0,0,2018-04-21T00:00:00.000Z,4/21/2018 2:13:00 PM,At Intersection (intersection related),18.0,"MOTOR VEHICLE STRUCK PEDALCYCLIST, FRONT END AT ANGLE",,N,Raining,Wet,Daylight,,,6,Pedalcyclist Strikes Moving Vehicle,0,N,Washington,47.60616434844696,-122.30763545552773
Intersection,11TH AVE NW AND NW 45TH ST,2,Injury Collision,Cycles,2,0,1,1,1,0,0,2018-03-14T00:00:00.000Z,3/14/2018 7:21:00 PM,At Intersection (intersection related),18.0,"MOTOR VEHICLE STRUCK PEDALCYCLIST, FRONT END AT ANGLE",,N,Clear or Partly Cloudy,Dry,Dark - Street Lights On,,,5,Vehicle Strikes Pedalcyclist,0,N,Washington,47.66146941930195,-122.37076944775087
Intersection,47TH AVE SW AND SW HILL ST,2,Injury Collision,Cycles,2,0,1,1,1,0,0,2018-05-15T00:00:00.000Z,5/15/2018 8:28:00 AM,At Intersection (intersection related),51.0,PEDALCYCLIST STRUCK MOTOR VEHICLE FRONT END AT ANGLE,,N,Overcast,Dry,Daylight,,,6,Pedalcyclist Strikes Moving Vehicle,0,N,Washington,47.58545629833437,-122.3917581174237
Block,DEXTER AVE N BETWEEN HAYES ST AND HOWE ST,2,Injury Collision,Cycles,2,0,1,1,1,0,0,2018-05-01T00:00:00.000Z,5/1/2018 7:43:00 AM,Mid-Block (not related to intersection),18.0,"MOTOR VEHICLE STRUCK PEDALCYCLIST, FRONT END AT ANGLE",,N,Clear or Partly Cloudy,Dry,Daylight,,,6,Pedalcyclist Strikes Moving Vehicle,0,N,Washington,47.63498698711708,-122.34228517989065
Intersection,DENSMORE AVE N AND N 80TH E ST,2,Injury Collision,Angles,2,0,1,1,1,0,0,2018-04-19T00:00:00.000Z,4/19/2018 5:15:00 PM,At Intersection (intersection related),51.0,PEDALCYCLIST STRUCK MOTOR VEHICLE FRONT END AT ANGLE,,N,Clear or Partly Cloudy,Dry,Daylight,,,10,Entering at angle,0,N,Washington,47.686919052880384,-122.33774373343664
Intersection,DEXTER AVE N AND THOMAS ST,2,Injury Collision,Angles,2,0,1,1,1,0,0,2018-04-13T00:00:00.000Z,4/13/2018 5:15:00 PM,At Intersection (intersection related),51.0,PEDALCYCLIST STRUCK MOTOR VEHICLE FRONT END AT ANGLE,,N,Clear or Partly Cloudy,Wet,Daylight,,,10,Entering at angle,0,N,Washington,47.620888394604385,-122.34238173081964
,,2,Injury Collision,Cycles,1,0,1,0,1,0,0,2012-04-13T00:00:00.000Z,4/13/2012 9:43:00 AM,,0.0,NOT ENOUGH INFORMATION / NOT APPLICABLE,,N,Clear or Partly Cloudy,Dry,Daylight,,,45,Vehicle - Pedalcyclist,0,N,Washington,,