addrtype,location,severitycode,severitydesc,collisiontype,personcount,pedcount,pedcylcount,vehcount,injuries,seriousinjuries,fatalities,incdate,incdttm,junctiontype,sdot_colcode,sdot_coldesc,inattentionind,underinfl,weather,roadcond,lightcond,pedrownotgrnt,speeding,st_colcode,st_coldesc,crosswalkkey,hitparkedcar,state,latitude,longitude
Block,E PINE ST BETWEEN BOYLSTON AVE AND HARVARD AVE,2,Injury Collision,Cycles,4,0,1,1,1,0,0,2018-03-23T00:00:00.000Z,3/23/2018 2:13:00 AM,Mid-Block (not related to intersection),56.0,PEDALCYCLIST STRUCK MOTOR VEHICLE LEFT SIDE SIDESWIPE,Y,N,Overcast,Wet,Dark - Street Lights On,,,45,Vehicle - Pedalcyclist,0,N,Washington,47.61522861996618,-122.32277471159632
Intersection,10TH AVE W AND W MCGRAW ST,2,Injury Collision,Cycles,2,0,1,1,1,0,0,2018-03-13T00:00:00.000Z,3/13/2018 7:34:00 PM,At Intersection (intersection related),51.0,PEDALCYCLIST STRUCK MOTOR VEHICLE FRONT END AT ANGLE,Y,N,Raining,Wet,Dark - Street Lights On,,,45,Vehicle - Pedalcyclist,0,N,Washington,47.639596559176596,-122.37030270541966
Intersection,BOREN AVE S AND RAINIER AVE S,2,Injury Collision,Cycles,3,0,2,1,1,0,0,2018-04-02T00:00:00.000Z,4/2/2018 11:31:00 AM,At Intersection (intersection related),51.0,PEDALCYCLIST STRUCK MOTOR VEHICLE FRONT END AT ANGLE,,N,Clear or Partly Cloudy,Dry,Daylight,,,5,Vehicle Strikes Pedalcyclist,0,N,Washington,47.59921008677189,-122.31413725545687
Block,RAVENNA PL NE BETWEEN NE BLAKELEY ST AND 24TH AVE NE,2,Injury Collision,Cycles,3,0,2,1,2,0,0,2018-05-05T00:00:00.000Z,5/5/2018 12:16:00 PM,Mid-Block (not related to intersection),51.0,PEDALCYCLIST STRUCK MOTOR VEHICLE FRONT END AT ANGLE,,N,Clear or Partly Cloudy,Dry,Daylight,,,8,Pedalcyclist All Other Involvements ONE UNIT - PEDALCYCLIST ONLY or PEDALCYCLIST STR,0,N,Washington,47.66665026253788,-122.30160603028109
Block,ROOSEVELT WAY NE BETWEEN NE 43RD N ST AND NE 45TH ST,2,Injury Collision,Cycles,2,0,1,1,1,0,0,2018-04-26T00:00:00.000Z,4/26/2018 11:30:00 AM,Driveway Junction,18.0,"MOTOR VEHICLE STRUCK PEDALCYCLIST, FRONT END AT ANGLE",,N,Clear or Partly Cloudy,Dry,Daylight,,,5,Vehicle Strikes Pedalcyclist,0,N,Washington,47.66057737868581,-122.31772271464912
Intersection,STONE WAY N AND N 38TH ST,2,Injury Collision,Cycles,2,0,1,1,1,0,0,2018-03-07T00:00:00.000Z,3/7/2018 7:50:00 AM,At Intersection (intersection related),18.0,"MOTOR VEHICLE STRUCK PEDALCYCLIST, FRONT END AT ANGLE",Y,N,Clear or Partly Cloudy,Dry,Daylight,,,45,Vehicle - Pedalcyclist,0,N,Washington,47.65270651520957,-122.34257533537043
Intersection,6TH AVE AND UNION ST,2,Injury Collision,Cycles,3,0,1,1,1,0,0,2018-04-25T00:00:00.000Z,4/25/2018 12:01:00 PM,At Intersection (intersection related),51.0,PEDALCYCLIST STRUCK MOTOR VEHICLE FRONT END AT ANGLE,,N,Clear or Partly Cloudy,Dry,Daylight,,,5,Vehicle Strikes Pedalcyclist,0,N,Washington,47.610149836821975,-122.33355605595274
Intersection,40TH AVE SW AND SW ALASKA ST,2,Injury Collision,Cycles,2,0,1,1,1,0,0,2018-04-25T00:00:00.000Z,4/25/2018 7:07:00 AM,At Intersection (intersection related),18.0,"MOTOR VEHICLE STRUCK PEDALCYCLIST, FRONT END AT ANGLE",,N,Clear or Partly Cloudy,Dry,Dawn,Y,,5,Vehicle Strikes Pedalcyclist,0,N,Washington,47.561058098573646,-122.38281651430356
Block,STEWART ST BETWEEN TERRY AVE AND BOREN AVE,2,Injury Collision,Cycles,2,0,1,1,1,0,0,2018-05-01T00:00:00.000Z,5/1/2018 2:18:00 PM,Driveway Junction,51.0,PEDALCYCLIST STRUCK MOTOR VEHICLE FRONT END AT ANGLE,Y,N,Overcast,Dry,Daylight,,,6,Pedalcyclist Strikes Moving Vehicle,0,N,Washington,47.61661180923626,-122.3331489800814
Block,N NORTHLAKE WAY BETWEEN MERIDIAN AVE N AND CORLISS AVE N,1,Property Damage Only Collision,Cycles,2,0,1,1,0,0,0,2018-03-27T00:00:00.000Z,3/27/2018 5:00:00 PM,Mid-Block (not related to intersection),18.0,"MOTOR VEHICLE STRUCK PEDALCYCLIST, FRONT END AT ANGLE",,N,Overcast,Wet,Daylight,,,5,Vehicle Strikes Pedalcyclist,0,N,Washington,47.64829499911149,-122.33249479267565
Block,DEXTER AVE N BETWEEN NEWTON ST AND DEXTER WAY N,2,Injury Collision,Cycles,2,0,1,1,1,0,0,2018-03-06T00:00:00.000Z,3/6/2018 9:50:00 AM,Mid-Block (not related to intersection),18.0,"MOTOR VEHICLE STRUCK PEDALCYCLIST, FRONT END AT ANGLE",Y,N,Clear or Partly Cloudy,Dry,Daylight,,,45,Vehicle - Pedalcyclist,0,N,Washington,47.6371375971534,-122.34307525650179
Intersection,HARVARD AVE E AND E SHELBY ST,2,Injury Collision,Cycles,2,0,1,1,1,0,0,2018-04-23T00:00:00.000Z,4/23/2018 6:59:00 AM,At Intersection (intersection related),21.0,"MOTOR VEHICLE STRUCK PEDALCYCLIST, REAR END",Y,N,Clear or Partly Cloudy,Dry,Daylight,,,5,Vehicle Strikes Pedalcyclist,0,N,Washington,47.64692192622089,-122.32210299337194
Block,M L KING JR WAY E BETWEEN E ARTHUR PL AND E MADISON ST,2,Injury Collision,Cycles,2,0,1,1,1,0,0,2018-03-14T00:00:00.000Z,3/14/2018 2:22:00 PM,Mid-Block (not related to intersection),18.0,"MOTOR VEHICLE STRUCK PEDALCYCLIST, FRONT END AT ANGLE",,N,Clear or Partly Cloudy,Dry,Daylight,,Y,45,Vehicle - Pedalcyclist,0,N,Washington,47.62306521387242,-122.2963179445138
Intersection,61ST AVE SW AND SW HINDS ST,2b,Serious Injury Collision,Cycles,2,0,1,1,1,1,0,2018-06-08T00:00:00.000Z,6/8/2018 6:43:00 AM,At Intersection (intersection related),51.0,PEDALCYCLIST STRUCK MOTOR VEHICLE FRONT END AT ANGLE,,Y,Clear or Partly Cloudy,Dry,Daylight,Y,,6,Pedalcyclist Strikes Moving Vehicle,0,N,Washington,47.57410071205956,-122.41079476382744
Intersection,BROADWAY E AND E REPUBLICAN ST,1,Property Damage Only Collision,Other,2,0,1,1,0,0,0,2018-06-30T00:00:00.000Z,6/30/2018 4:52:00 PM,At Intersection (intersection related),18.0,"MOTOR VEHICLE STRUCK PEDALCYCLIST, FRONT END AT ANGLE",Y,N,Overcast,Dry,Daylight,,,52,Vehicle overturned,0,N,Washington,47.623128921405176,-122.32092426151337
Block,2ND AVE BETWEEN UNION ST AND PIKE ST,2,Injury Collision,Cycles,2,0,1,1,1,0,0,2018-06-26T00:00:00.000Z,6/26/2018 7:20:00 AM,Driveway Junction,18.0,"MOTOR VEHICLE STRUCK PEDALCYCLIST, FRONT END AT ANGLE",,N,Clear or Partly Cloudy,Dry,Daylight,,,6,Pedalcyclist Strikes Moving Vehicle,0,N,Washington,47.60878749220817,-122.33844845839597
Block,DEXTER AVE N BETWEEN ALOHA ST AND WARD ST,2,Injury Collision,Cycles,2,0,1,1,1,0,0,2018-06-29T00:00:00.000Z,6/29/2018 5:42:00 PM,Mid-Block (not related to intersection),18.0,"MOTOR VEHICLE STRUCK PEDALCYCLIST, FRONT END AT ANGLE",Y,N,Clear or Partly Cloudy,Dry,Daylight,,,5,Vehicle Strikes Pedalcyclist,0,N,Washington,47.62757212737837,-122.34232274984501
Intersection,8TH AVE NE AND NE 80TH ST,2,Injury Collision,Cycles,3,0,1,1,1,0,0,2018-07-04T00:00:00.000Z,7/4/2018 12:14:00 PM,At Intersection (intersection related),18.0,"MOTOR VEHICLE STRUCK PEDALCYCLIST, FRONT END AT ANGLE",,N,Clear or Partly Cloudy,Dry,Daylight,,,6,Pedalcyclist Strikes Moving Vehicle,0,N,Washington,47.686759755981114,-122.32025224305463
Block,DENNY WAY BETWEEN STEWART ST AND MELROSE AVE,1,Property Damage Only Collision,Cycles,2,0,1,1,0,0,0,2018-05-31T00:00:00.000Z,5/31/2018 7:00:00 PM,Mid-Block (but intersection related),54.0,PEDALCYCLIST STRUCK MOTOR VEHICLE REAR END,,N,Clear or Partly Cloudy,Dry,Dusk,,,6,Pedalcyclist Strikes Moving Vehicle,0,N,Washington,47.618449353789465,-122.32929210567913
Block,2ND AVE BETWEEN UNIVERSITY ST AND UNION ST,1,Property Damage Only Collision,Rear Ended,3,0,1,2,0,0,0,2018-06-13T00:00:00.000Z,6/13/2018 1:00:00 PM,Mid-Block (not related to intersection),14.0,"MOTOR VEHICLE STRUCK MOTOR VEHICLE, REAR END",Y,N,Raining,Wet,Daylight,,,14,From same direction - both going straight - one stopped - rear-end,0,N,Washington,47.60779444958214,-122.33754001043816
Intersection,12TH AVE AND E PINE ST,1,Property Damage Only Collision,Cycles,2,0,1,1,0,0,0,2018-06-12T00:00:00.000Z,6/12/2018 1:32:00 PM,At Intersection (intersection related),18.0,"MOTOR VEHICLE STRUCK PEDALCYCLIST, FRONT END AT ANGLE",Y,N,Clear or Partly Cloudy,Dry,Daylight,Y,,5,Vehicle Strikes Pedalcyclist,0,N,Washington,47.615263932778156,-122.31685416865923
Intersection,15TH AVE E AND E ALOHA ST,2,Injury Collision,Cycles,2,0,1,1,1,0,0,2018-05-22T00:00:00.000Z,5/22/2018 5:30:00 PM,At Intersection (intersection related),18.0,"MOTOR VEHICLE STRUCK PEDALCYCLIST, FRONT END AT ANGLE",Y,N,Clear or Partly Cloudy,Dry,Daylight,,,5,Vehicle Strikes Pedalcyclist,0,N,Washington,47.62687831293929,-122.31256884085458
Block,M L KING JR ER WAY S BETWEEN S MYRTLE ST AND S OTHELLO ST,1,Property Damage Only Collision,Cycles,2,0,1,1,0,0,0,2018-06-27T00:00:00.000Z,6/27/2018 1:08:00 PM,Driveway Junction,18.0,"MOTOR VEHICLE STRUCK PEDALCYCLIST, FRONT END AT ANGLE",Y,N,Overcast,Dry,Daylight,,,6,Pedalcyclist Strikes Moving Vehicle,0,N,Washington,47.537971300992716,-122.28154689356937
Intersection,6TH AVE S AND S SNOQUALMIE ST,1,Property Damage Only Collision,Cycles,2,0,1,1,0,0,0,2018-07-20T00:00:00.000Z,7/20/2018 10:41:00 AM,At Intersection (intersection related),18.0,"MOTOR VEHICLE STRUCK PEDALCYCLIST, FRONT END AT ANGLE",,N,Clear or Partly Cloudy,Dry,Daylight,,,5,Vehicle Strikes Pedalcyclist,0,N,Washington,47.56199561436509,-122.32667573439093
Block,18TH AVE BETWEEN E UNION ST AND E PIKE ST,2,Injury Collision,Cycles,2,0,1,1,1,0,0,2018-07-22T00:00:00.000Z,7/22/2018 2:00:00 PM,Mid-Block (not related to intersection),21.0,"MOTOR VEHICLE STRUCK PEDALCYCLIST, REAR END",,N,Other,Unknown,Daylight,,,5,Vehicle Strikes Pedalcyclist,0,N,Washington,47.6135009623769,-122.30885741143491
Intersection,38TH AVE S AND S MYRTLE ST,2,Injury Collision,Cycles,2,0,1,1,1,0,0,2018-06-29T00:00:00.000Z,6/29/2018 5:12:00 PM,At Intersection (intersection related),18.0,"MOTOR VEHICLE STRUCK PEDALCYCLIST, FRONT END AT ANGLE",,Y,Clear or Partly Cloudy,Dry,Daylight,,,6,Pedalcyclist Strikes Moving Vehicle,0,N,Washington,47.53888073215108,-122.28474430376109
Block,4TH AVE S BETWEEN S WALKER ST AND S STACY ST,2,Injury Collision,Cycles,2,0,1,1,1,0,0,2018-06-11T00:00:00.000Z,6/11/2018 10:04:00 PM,Driveway Junction,51.0,PEDALCYCLIST STRUCK MOTOR VEHICLE FRONT END AT ANGLE,,N,Clear or Partly Cloudy,Dry,Dark - Street Lights On,,,5,Vehicle Strikes Pedalcyclist,0,N,Washington,47.58293661899191,-122.32905458551704
Intersection,2ND AVE NE AND NE 40TH ST,2b,Serious Injury Collision,Cycles,2,0,1,1,1,1,0,2018-06-17T00:00:00.000Z,6/17/2018 2:46:00 PM,At Intersection (intersection related),18.0,"MOTOR VEHICLE STRUCK PEDALCYCLIST, FRONT END AT ANGLE",,N,Clear or Partly Cloudy,Dry,Daylight,,,6,Pedalcyclist Strikes Moving Vehicle,0,N,Washington,47.6555429073838,-122.32682256981859
Block,STONE WAY N BETWEEN N 36TH ST AND N 38TH ST,2,Injury Collision,Cycles,2,0,1,1,1,0,0,2018-07-16T00:00:00.000Z,7/16/2018 7:17:00 AM,Mid-Block (not related to intersection),18.0,"MOTOR VEHICLE STRUCK PEDALCYCLIST, FRONT END AT ANGLE",,N,Clear or Partly Cloudy,Dry,Daylight,,,5,Vehicle Strikes Pedalcyclist,0,N,Washington,47.65161865080639,-122.34262691436464
Intersection,SUMMIT AVE AND E PINE ST,2,Injury Collision,Cycles,2,0,1,1,1,0,0,2018-07-16T00:00:00.000Z,7/16/2018 7:55:00 AM,At Intersection (intersection related),18.0,"MOTOR VEHICLE STRUCK PEDALCYCLIST, FRONT END AT ANGLE",,N,Clear or Partly Cloudy,Dry,Daylight,,,5,Vehicle Strikes Pedalcyclist,0,N,Washington,47.615218748198224,-122.32552884050469
Intersection,M L KING JR WAY S AND S BAYVIEW S ST,2,Injury Collision,Cycles,2,0,1,1,1,0,0,2018-06-22T00:00:00.000Z,6/22/2018 7:00:00 PM,At Intersection (intersection related),18.0,"MOTOR VEHICLE STRUCK PEDALCYCLIST, FRONT END AT ANGLE",,N,Unknown,Unknown,Unknown,,,5,Vehicle Strikes Pedalcyclist,524859,N,Washington,47.581267001452964,-122.29699071388019
Intersection,21ST AVE S AND S HOLGATE ST,2,Injury Collision,Cycles,2,0,1,1,1,0,0,2018-06-19T00:00:00.000Z,6/19/2018 3:25:00 PM,At Intersection (intersection related),51.0,PEDALCYCLIST STRUCK MOTOR VEHICLE FRONT END AT ANGLE,,N,Clear or Partly Cloudy,Dry,Daylight,,,5,Vehicle Strikes Pedalcyclist,0,N,Washington,47.58633437843279,-122.30553434538194
Block,3RD AVE BETWEEN VIRGINIA ST AND LENORA ST,2,Injury Collision,Cycles,4,0,1,2,1,0,0,2018-07-20T00:00:00.000Z,7/20/2018 5:20:00 PM,Mid-Block (not related to intersection),14.0,"MOTOR VEHICLE STRUCK MOTOR VEHICLE, REAR END",,N,Clear or Partly Cloudy,Dry,Daylight,,,5,Vehicle Strikes Pedalcyclist,0,N,Washington,47.612781510508185,-122.34154107872972
Intersection,FREMONT AVE N AND N 45TH ST,2,Injury Collision,Cycles,2,0,1,1,1,0,0,2018-05-15T00:00:00.000Z,5/15/2018 6:06:00 PM,At Intersection (intersection related),18.0,"MOTOR VEHICLE STRUCK PEDALCYCLIST, FRONT END AT ANGLE",,N,Clear or Partly Cloudy,Dry,Daylight,,,5,Vehicle Strikes Pedalcyclist,0,N,Washington,47.66139442661329,-122.35003951084462
Intersection,NE BOAT ST AND NE PACIFIC ST,2b,Serious Injury Collision,Cycles,2,1,1,0,2,1,0,2018-06-07T00:00:00.000Z,6/7/2018 7:20:00 PM,At Intersection (intersection related),64.0,PEDALCYCLIST STRUCK PEDESTRIAN,,N,Clear or Partly Cloudy,Dry,Daylight,Y,,7,Pedalcyclist Strikes Pedalcyclist or Pedestrian,0,N,Washington,47.653682450212116,-122.31739254268435
Intersection,23RD AVE NE AND NE 125TH ST,2,Injury Collision,Cycles,2,0,1,1,1,0,0,2018-06-05T00:00:00.000Z,6/5/2018 4:14:00 PM,At Intersection (intersection related),18.0,"MOTOR VEHICLE STRUCK PEDALCYCLIST, FRONT END AT ANGLE",,N,Clear or Partly Cloudy,Dry,Daylight,,,5,Vehicle Strikes Pedalcyclist,0,N,Washington,47.71934073050613,-122.30456827054334
Block,E YESLER WAY BETWEEN BOREN AVE AND 12TH AVE,2,Injury Collision,Cycles,2,0,1,1,1,0,0,2018-06-02T00:00:00.000Z,6/2/2018 4:24:00 PM,Mid-Block (not related to intersection),51.0,PEDALCYCLIST STRUCK MOTOR VEHICLE FRONT END AT ANGLE,,N,Clear or Partly Cloudy,Wet,Daylight,,,6,Pedalcyclist Strikes Moving Vehicle,0,N,Washington,47.60169427038686,-122.31730454262241
Intersection,DELRIDGE WAY SW AND SW ORCHARD ST,2,Injury Collision,Cycles,2,0,1,1,1,0,0,2018-06-21T00:00:00.000Z,6/21/2018 1:40:00 PM,At Intersection (intersection related),51.0,PEDALCYCLIST STRUCK MOTOR VEHICLE FRONT END AT ANGLE,,N,Overcast,Dry,Daylight,,,6,Pedalcyclist Strikes Moving Vehicle,0,N,Washington,47.537954166593686,-122.361091865746
Block,4TH AVE S BETWEEN S HORTON ST AND S HINDS ST,2,Injury Collision,Cycles,2,0,1,1,1,0,0,2018-07-16T00:00:00.000Z,7/16/2018 1:36:00 PM,Mid-Block (not related to intersection),51.0,PEDALCYCLIST STRUCK MOTOR VEHICLE FRONT END AT ANGLE,,N,Clear or Partly Cloudy,Dry,Daylight,,,6,Pedalcyclist Strikes Moving Vehicle,0,N,Washington,47.57404264952782,-122.3290596721254
Block,2ND AVE BETWEEN UNION ST AND PIKE ST,2,Injury Collision,Cycles,2,0,1,1,1,0,0,2018-07-05T00:00:00.000Z,7/5/2018 9:15:00 AM,Mid-Block (not related to intersection),18.0,"MOTOR VEHICLE STRUCK PEDALCYCLIST, FRONT END AT ANGLE",Y,N,Clear or Partly Cloudy,Dry,Daylight,,,6,Pedalcyclist Strikes Moving Vehicle,0,N,Washington,47.60878749220817,-122.33844845839597
Intersection,BELMONT AVE AND E PINE ST,2,Injury Collision,Cycles,5,0,1,1,1,0,0,2018-05-11T00:00:00.000Z,5/11/2018 6:54:00 PM,At Intersection (intersection related),18.0,"MOTOR VEHICLE STRUCK PEDALCYCLIST, FRONT END AT ANGLE",,N,Clear or Partly Cloudy,Dry,Daylight,Y,,6,Pedalcyclist Strikes Moving Vehicle,0,N,Washington,47.61522500481614,-122.32447263631508
Block,GREENWOOD AVE N BETWEEN N 90TH ST AND N 92ND ST,2,Injury Collision,Cycles,2,0,1,1,1,0,0,2018-05-21T00:00:00.000Z,5/21/2018 5:29:00 PM,Mid-Block (but intersection related),51.0,PEDALCYCLIST STRUCK MOTOR VEHICLE FRONT END AT ANGLE,,N,Clear or Partly Cloudy,Dry,Daylight,,,5,Vehicle Strikes Pedalcyclist,0,N,Washington,47.6951209228705,-122.35534885995705
Block,8TH AVE NE BETWEEN NE 47TH ST AND NE 48TH ST,2,Injury Collision,Cycles,2,0,1,1,1,0,0,2018-06-13T00:00:00.000Z,6/13/2018 5:06:00 PM,Mid-Block (not related to intersection),18.0,"MOTOR VEHICLE STRUCK PEDALCYCLIST, FRONT END AT ANGLE",,N,Raining,Wet,Daylight,,,5,Vehicle Strikes Pedalcyclist,0,N,Washington,47.663572615169926,-122.31955133165009
Block,5TH AVE BETWEEN JEFFERSON ST AND JAMES ST,2,Injury Collision,Cycles,2,0,1,1,1,0,0,2018-06-19T00:00:00.000Z,6/19/2018 11:32:00 AM,Mid-Block (not related to intersection),18.0,"MOTOR VEHICLE STRUCK PEDALCYCLIST, FRONT END AT ANGLE",,N,Clear or Partly Cloudy,Dry,Daylight,,,5,Vehicle Strikes Pedalcyclist,0,N,Washington,47.603339913864644,-122.32885990237075
Block,9TH AVE N BETWEEN REPUBLICAN ST AND MERCER SR ST,2,Injury Collision,Cycles,2,0,1,1,1,0,0,2018-06-01T00:00:00.000Z,6/1/2018 6:13:00 PM,Mid-Block (but intersection related),54.0,PEDALCYCLIST STRUCK MOTOR VEHICLE REAR END,,N,Clear or Partly Cloudy,Dry,Daylight,,,6,Pedalcyclist Strikes Moving Vehicle,0,N,Washington,47.62387774255418,-122.33974593963735
Block,ROOSEVELT WAY NE BETWEEN NE 42ND N ST AND NE 43RD S ST,2,Injury Collision,Cycles,3,0,1,1,1,0,0,2018-06-15T00:00:00.000Z,6/15/2018 7:50:00 AM,Driveway Junction,18.0,"MOTOR VEHICLE STRUCK PEDALCYCLIST, FRONT END AT ANGLE",Y,N,Clear or Partly Cloudy,Dry,Daylight,,,5,Vehicle Strikes Pedalcyclist,0,N,Washington,47.65891124921488,-122.31776595018732
Intersection,12TH AVE AND E ALDER ST,2,Injury Collision,Cycles,2,0,1,1,1,0,0,2018-06-12T00:00:00.000Z,6/12/2018 6:26:00 PM,At Intersection (intersection related),18.0,"MOTOR VEHICLE STRUCK PEDALCYCLIST, FRONT END AT ANGLE",,N,Clear or Partly Cloudy,Dry,Daylight,,Y,6,Pedalcyclist Strikes Moving Vehicle,0,N,Washington,47.60436038491066,-122.31678113297993
Intersection,20TH AVE NW AND LEARY AVE NW,2,Injury Collision,Cycles,2,0,1,1,1,0,0,2018-05-03T00:00:00.000Z,5/3/2018 8:00:00 AM,At Intersection (intersection related),18.0,"MOTOR VEHICLE STRUCK PEDALCYCLIST, FRONT END AT ANGLE",,N,Clear or Partly Cloudy,Dry,Daylight,,,6,Pedalcyclist Strikes Moving Vehicle,0,N,Washington,47.66667536335243,-122.38213274919529
Intersection,29TH AVE NE AND NE 55TH ST,2,Injury Collision,Cycles,2,0,1,1,1,0,0,2018-06-26T00:00:00.000Z,6/26/2018 5:25:00 PM,At Intersection (intersection related),18.0,"MOTOR VEHICLE STRUCK PEDALCYCLIST, FRONT END AT ANGLE",,N,Clear or Partly Cloudy,Dry,Daylight,,,5,Vehicle Strikes Pedalcyclist,0,N,Washington,47.66851987532298,-122.2962011505858
Intersection,15TH AVE NE AND NE PACIFIC ST,2,Injury Collision,Cycles,2,0,1,1,1,0,0,2018-07-25T00:00:00.000Z,7/25/2018 6:22:00 AM,At Intersection (intersection related),51.0,PEDALCYCLIST STRUCK MOTOR VEHICLE FRONT END AT ANGLE,Y,N,Clear or Partly Cloudy,Dry,Daylight,,,6,Pedalcyclist Strikes Moving Vehicle,0,N,Washington,47.65297596413605,-122.31246414473328
Block,2ND AVE BETWEEN UNIVERSITY ST AND UNION ST,2,Injury Collision,Cycles,2,0,1,1,1,0,0,2018-05-29T00:00:00.000Z,5/29/2018 8:50:00 AM,Driveway Junction,18.0,"MOTOR VEHICLE STRUCK PEDALCYCLIST, FRONT END AT ANGLE",Y,N,Clear or Partly Cloudy,Dry,Daylight,,,6,Pedalcyclist Strikes Moving Vehicle,0,N,Washington,47.60779444958214,-122.33754001043816
Intersection,12TH AVE AND E YESLER WAY,2,Injury Collision,Cycles,2,0,1,1,1,0,0,2018-05-25T00:00:00.000Z,5/25/2018 7:10:00 PM,At Intersection (intersection related),51.0,PEDALCYCLIST STRUCK MOTOR VEHICLE FRONT END AT ANGLE,,N,Clear or Partly Cloudy,Dry,Dusk,,,6,Pedalcyclist Strikes Moving Vehicle,0,N,Washington,47.60169336783193,-122.31678189326038
Intersection,MINOR AVE N AND REPUBLICAN ST,2,Injury Collision,Cycles,2,0,1,1,1,0,0,2018-05-14T00:00:00.000Z,5/14/2018 3:34:00 PM,At Intersection (intersection related),11.0,"MOTOR VEHICLE STRUCK MOTOR VEHICLE, FRONT END AT ANGLE",Y,N,Clear or Partly Cloudy,Dry,Daylight,,,5,Vehicle Strikes Pedalcyclist,0,N,Washington,47.623116005733465,-122.33299987592457
Intersection,GREENWOOD AVE N AND N 90TH ST,1,Property Damage Only Collision,Cycles,2,0,1,1,0,0,0,2018-06-13T00:00:00.000Z,6/13/2018 6:15:00 PM,At Intersection (intersection related),18.0,"MOTOR VEHICLE STRUCK PEDALCYCLIST, FRONT END AT ANGLE",,N,Raining,Wet,Daylight,,,5,Vehicle Strikes Pedalcyclist,0,N,Washington,47.69421686270371,-122.35533949715588
Block,3RD AVE NE BETWEEN NE 97TH ST AND NE 100TH ST,2b,Serious Injury Collision,Cycles,2,0,1,1,1,1,0,2018-07-13T00:00:00.000Z,7/13/2018 12:00:00 PM,Mid-Block (not related to intersection),51.0,PEDALCYCLIST STRUCK MOTOR VEHICLE FRONT END AT ANGLE,,N,Clear or Partly Cloudy,Dry,Daylight,,,8,Pedalcyclist All Other Involvements ONE UNIT - PEDALCYCLIST ONLY or PEDALCYCLIST STR,0,Y,Washington,47.700251845543114,-122.32578972671594
Intersection,SEATTLE BLVD S AND S DEARBORN ST,2,Injury Collision,Cycles,3,0,1,1,1,0,0,2018-07-05T00:00:00.000Z,7/5/2018 11:56:00 PM,At Intersection (intersection related),18.0,"MOTOR VEHICLE STRUCK PEDALCYCLIST, FRONT END AT ANGLE",,N,Clear or Partly Cloudy,Dry,Dark - Street Lights On,,,5,Vehicle Strikes Pedalcyclist,522007,N,Washington,47.59602147418497,-122.32819490936177
Intersection,15TH AVE NE AND NE CAMPUS WB PY,2,Injury Collision,Cycles,2,0,1,1,1,0,0,2018-05-26T00:00:00.000Z,5/26/2018 11:26:00 PM,At Intersection (intersection related),18.0,"MOTOR VEHICLE STRUCK PEDALCYCLIST, FRONT END AT ANGLE",,N,Clear or Partly Cloudy,Dry,Dark - Street Lights On,,,5,Vehicle Strikes Pedalcyclist,0,N,Washington,47.65620564987026,-122.31212642412304
Block,SEWARD PARK AVE S BETWEEN HAMLET AVE S AND S HENDERSON ST,2,Injury Collision,Cycles,2,0,1,1,1,0,0,2018-07-29T00:00:00.000Z,7/29/2018 4:54:00 PM,Mid-Block (not related to intersection),51.0,PEDALCYCLIST STRUCK MOTOR VEHICLE FRONT END AT ANGLE,Y,Y,Clear or Partly Cloudy,Dry,Daylight,,,6,Pedalcyclist Strikes Moving Vehicle,0,N,Washington,47.5238821459633,-122.2645944461033
Block,LAKE WASHINGTON BLVD S BETWEEN S FRINK PL AND S DEARBORN ST,2,Injury Collision,Cycles,2,0,1,1,1,0,0,2018-05-12T00:00:00.000Z,5/12/2018 12:04:00 PM,Mid-Block (not related to intersection),18.0,"MOTOR VEHICLE STRUCK PEDALCYCLIST, FRONT END AT ANGLE",Y,N,Clear or Partly Cloudy,Dry,Daylight,,,6,Pedalcyclist Strikes Moving Vehicle,0,N,Washington,47.598116035966996,-122.2901495600966
Intersection,WALLINGFORD AVE N AND N 80TH ST,1,Property Damage Only Collision,Cycles,2,0,1,1,0,0,0,2018-05-30T00:00:00.000Z,5/30/2018 7:20:00 PM,At Intersection (intersection related),18.0,"MOTOR VEHICLE STRUCK PEDALCYCLIST, FRONT END AT ANGLE",,N,Clear or Partly Cloudy,Dry,Daylight,,,5,Vehicle Strikes Pedalcyclist,524303,N,Washington,47.68691831052186,-122.33640554043006
Block,E DENNY WAY BETWEEN 18TH AVE AND 19TH AVE,2,Injury Collision,Cycles,2,0,1,1,1,0,0,2018-07-03T00:00:00.000Z,7/3/2018 7:02:00 PM,Mid-Block (not related to intersection),51.0,PEDALCYCLIST STRUCK MOTOR VEHICLE FRONT END AT ANGLE,,N,Clear or Partly Cloudy,Dry,Daylight,,,6,Pedalcyclist Strikes Moving Vehicle,0,N,Washington,47.61850756799453,-122.30810966279616
Block,14TH AVE BETWEEN E YESLER WAY AND E FIR ST,2,Injury Collision,Cycles,2,0,1,1,1,0,0,2018-06-19T00:00:00.000Z,6/19/2018 6:11:00 PM,Mid-Block (not related to intersection),18.0,"MOTOR VEHICLE STRUCK PEDALCYCLIST, FRONT END AT ANGLE",,N,Clear or Partly Cloudy,Dry,Daylight,,,6,Pedalcyclist Strikes Moving Vehicle,0,N,Washington,47.60218365347226,-122.31417945297524