addrtype,location,severitycode,severitydesc,collisiontype,personcount,pedcount,pedcylcount,vehcount,injuries,seriousinjuries,fatalities,incdate,incdttm,junctiontype,sdot_colcode,sdot_coldesc,inattentionind,underinfl,weather,roadcond,lightcond,pedrownotgrnt,speeding,st_colcode,st_coldesc,crosswalkkey,hitparkedcar,state,latitude,longitude
Block,SWIFT AVE S BETWEEN 18TH AVE S AND 19TH WR AVE S,2,Injury Collision,Cycles,2,0,1,1,1,0,0,2018-07-27T00:00:00.000Z,7/27/2018 6:30:00 PM,Mid-Block (not related to intersection),18.0,"MOTOR VEHICLE STRUCK PEDALCYCLIST, FRONT END AT ANGLE",,N,Clear or Partly Cloudy,Dry,Daylight,,,5,Vehicle Strikes Pedalcyclist,0,N,Washington,47.54778493234964,-122.30940331856293
Intersection,42ND AVE SW AND FAUNTLEROY WAY SW,1,Property Damage Only Collision,Cycles,2,0,1,1,0,0,0,2018-06-05T00:00:00.000Z,6/5/2018 6:05:00 PM,At Intersection (intersection related),51.0,PEDALCYCLIST STRUCK MOTOR VEHICLE FRONT END AT ANGLE,,N,Clear or Partly Cloudy,Dry,Daylight,,,5,Vehicle Strikes Pedalcyclist,0,N,Washington,47.54512096732139,-122.38574973936468
Block,WEST GREEN LAKE WAY N BETWEEN GREEN LAKE TURN RD AND N 63RD ST,2,Injury Collision,Cycles,6,0,1,1,1,0,0,2018-07-08T00:00:00.000Z,7/8/2018 1:57:00 PM,Driveway Junction,54.0,PEDALCYCLIST STRUCK MOTOR VEHICLE REAR END,,N,Clear or Partly Cloudy,Dry,Daylight,,,6,Pedalcyclist Strikes Moving Vehicle,0,N,Washington,47.67152758285863,-122.34368645665613
Block,N 125TH ST BETWEEN AURORA AVE N AND STONE AVE N,2,Injury Collision,Cycles,2,0,1,1,1,0,0,2018-07-17T00:00:00.000Z,7/17/2018 7:46:00 PM,Mid-Block (not related to intersection),51.0,PEDALCYCLIST STRUCK MOTOR VEHICLE FRONT END AT ANGLE,,Y,Clear or Partly Cloudy,Dry,Daylight,,,6,Pedalcyclist Strikes Moving Vehicle,0,N,Washington,47.71957198935439,-122.34359445020478
Intersection,M L KING JR ER WAY S AND S ALASKA ST,2,Injury Collision,Cycles,3,0,1,1,1,0,0,2018-06-22T00:00:00.000Z,6/22/2018 3:10:00 PM,At Intersection (intersection related),18.0,"MOTOR VEHICLE STRUCK PEDALCYCLIST, FRONT END AT ANGLE",Y,N,Clear or Partly Cloudy,Dry,Daylight,,,6,Pedalcyclist Strikes Moving Vehicle,524848,N,Washington,47.56080844671916,-122.29324025274782
Block,WEST MARGINAL WAY SW BETWEEN SW DAKOTA ST AND SW IDAHO ST,2,Injury Collision,Cycles,2,0,1,1,1,0,0,2018-07-18T00:00:00.000Z,7/18/2018 5:02:00 PM,Mid-Block (not related to intersection),18.0,"MOTOR VEHICLE STRUCK PEDALCYCLIST, FRONT END AT ANGLE",,N,Clear or Partly Cloudy,Dry,Daylight,Y,,5,Vehicle Strikes Pedalcyclist,0,N,Washington,47.566304077561504,-122.35339000167971
Block,ALASKAN WAY BETWEEN COLUMBIA ST AND MARION ST,2,Injury Collision,Cycles,2,0,1,1,1,0,0,2018-07-19T00:00:00.000Z,7/19/2018 5:50:00 PM,Mid-Block (not related to intersection),18.0,"MOTOR VEHICLE STRUCK PEDALCYCLIST, FRONT END AT ANGLE",,N,Overcast,Dry,Daylight,Y,,5,Vehicle Strikes Pedalcyclist,0,N,Washington,47.60270291346093,-122.33746652085945
Block,FREMONT AVE N BETWEEN N 36TH ST AND N 38TH ST,2,Injury Collision,Cycles,3,0,1,1,1,0,0,2018-07-12T00:00:00.000Z,7/12/2018 8:44:00 AM,Mid-Block (not related to intersection),22.0,"MOTOR VEHICLE STRUCK PEDALCYCLIST, RIGHT SIDE SIDESWIPE",,N,Clear or Partly Cloudy,Dry,Daylight,,,8,Pedalcyclist All Other Involvements ONE UNIT - PEDALCYCLIST ONLY or PEDALCYCLIST STR,0,N,Washington,47.65203780745402,-122.34992726918408
Intersection,INTERURBAN TRL AND N 125TH ST,2,Injury Collision,Cycles,2,0,1,1,1,0,0,2018-06-17T00:00:00.000Z,6/17/2018 10:05:00 AM,At Intersection (intersection related),51.0,PEDALCYCLIST STRUCK MOTOR VEHICLE FRONT END AT ANGLE,Y,N,Clear or Partly Cloudy,Dry,Daylight,,,6,Pedalcyclist Strikes Moving Vehicle,642420,N,Washington,47.719582856588175,-122.34876739753643
Block,NE 65TH ST BETWEEN 24TH AVE NE AND 25TH AVE NE,2,Injury Collision,Cycles,2,0,1,1,1,0,0,2018-07-02T00:00:00.000Z,7/2/2018 11:21:00 AM,Driveway Junction,51.0,PEDALCYCLIST STRUCK MOTOR VEHICLE FRONT END AT ANGLE,,N,Clear or Partly Cloudy,Dry,Daylight,,,6,Pedalcyclist Strikes Moving Vehicle,0,N,Washington,47.675773823521354,-122.30116491808128
Block,S COLLEGE ST BETWEEN 24TH AVE S AND RAINIER N AVE S,2,Injury Collision,Cycles,2,0,1,1,1,0,0,2018-07-06T00:00:00.000Z,7/6/2018 12:55:00 PM,Mid-Block (but intersection related),18.0,"MOTOR VEHICLE STRUCK PEDALCYCLIST, FRONT END AT ANGLE",,Y,Clear or Partly Cloudy,Dry,Daylight,Y,,5,Vehicle Strikes Pedalcyclist,0,N,Washington,47.58304374533653,-122.30209956612688
Block,W NICKERSON ST BETWEEN 6TH AVE W AND 8TH AVE W,2,Injury Collision,Cycles,2,0,1,1,1,0,0,2018-05-29T00:00:00.000Z,5/29/2018 10:16:00 AM,Driveway Junction,18.0,"MOTOR VEHICLE STRUCK PEDALCYCLIST, FRONT END AT ANGLE",Y,N,Clear or Partly Cloudy,Dry,Daylight,,,5,Vehicle Strikes Pedalcyclist,0,N,Washington,47.65198247725599,-122.3659647097346
Block,DEXTER AVE N BETWEEN PROSPECT ST AND HIGHLAND DR,2,Injury Collision,Cycles,5,0,1,1,1,0,0,2018-05-22T00:00:00.000Z,5/22/2018 5:34:00 PM,Driveway Junction,18.0,"MOTOR VEHICLE STRUCK PEDALCYCLIST, FRONT END AT ANGLE",,N,Clear or Partly Cloudy,Dry,Daylight,Y,,5,Vehicle Strikes Pedalcyclist,0,N,Washington,47.6293040134432,-122.34230734794379
Intersection,BELMONT AVE E AND E OLIVE WAY,2b,Serious Injury Collision,Cycles,2,0,1,1,1,1,0,2018-07-07T00:00:00.000Z,7/7/2018 2:08:00 PM,At Intersection (intersection related),18.0,"MOTOR VEHICLE STRUCK PEDALCYCLIST, FRONT END AT ANGLE",,N,Clear or Partly Cloudy,Dry,Daylight,,,6,Pedalcyclist Strikes Moving Vehicle,0,N,Washington,47.61966624417621,-122.324011265552
Block,DEXTER AVE N BETWEEN DENNY WAY AND JOHN ST,2b,Serious Injury Collision,Cycles,2,0,1,1,1,1,0,2018-07-08T00:00:00.000Z,7/8/2018 2:16:00 PM,Mid-Block (not related to intersection),18.0,"MOTOR VEHICLE STRUCK PEDALCYCLIST, FRONT END AT ANGLE",,N,Clear or Partly Cloudy,Dry,Daylight,,,6,Pedalcyclist Strikes Moving Vehicle,0,N,Washington,47.619133522455684,-122.34239679428836
Intersection,GREENWOOD AVE N AND N 54TH ST,2,Injury Collision,Cycles,2,0,1,1,1,0,0,2018-05-02T00:00:00.000Z,5/2/2018 5:39:00 PM,At Intersection (intersection related),18.0,"MOTOR VEHICLE STRUCK PEDALCYCLIST, FRONT END AT ANGLE",Y,N,Clear or Partly Cloudy,Dry,Daylight,,,5,Vehicle Strikes Pedalcyclist,0,N,Washington,47.6678196820851,-122.35538944937623
Block,FAUNTLEROY ER WAY SW BETWEEN SW CONCORD ST AND SW HENDERSON ST,2,Injury Collision,Cycles,2,0,1,1,1,0,0,2018-07-24T00:00:00.000Z,7/24/2018 1:53:00 PM,Mid-Block (not related to intersection),14.0,"MOTOR VEHICLE STRUCK MOTOR VEHICLE, REAR END",Y,N,Clear or Partly Cloudy,Dry,Daylight,,,8,Pedalcyclist All Other Involvements ONE UNIT - PEDALCYCLIST ONLY or PEDALCYCLIST STR,0,N,Washington,47.52387037393353,-122.39272627815659
Block,ROOSEVELT WAY NE BETWEEN NE 64TH ST AND NE 65TH ST,2,Injury Collision,Cycles,2,1,1,0,2,0,0,2018-05-02T00:00:00.000Z,5/2/2018 9:05:00 AM,Mid-Block (not related to intersection),18.0,"MOTOR VEHICLE STRUCK PEDALCYCLIST, FRONT END AT ANGLE",,N,Clear or Partly Cloudy,Dry,Daylight,,,7,Pedalcyclist Strikes Pedalcyclist or Pedestrian,0,N,Washington,47.6754029828589,-122.31736318710216
Block,2ND AVE NW BETWEEN NW 107TH ST AND NW 110TH ST,2,Injury Collision,Cycles,2,0,1,1,1,0,0,2018-05-12T00:00:00.000Z,5/12/2018 10:28:00 AM,Driveway Junction,18.0,"MOTOR VEHICLE STRUCK PEDALCYCLIST, FRONT END AT ANGLE",,N,Clear or Partly Cloudy,Dry,Daylight,,,5,Vehicle Strikes Pedalcyclist,0,N,Washington,47.707828333699524,-122.35947071846222
Block,STONE WAY N BETWEEN N 36TH ST AND N 38TH ST,2,Injury Collision,Cycles,2,0,1,1,1,0,0,2018-05-03T00:00:00.000Z,5/3/2018 6:10:00 PM,Mid-Block (not related to intersection),18.0,"MOTOR VEHICLE STRUCK PEDALCYCLIST, FRONT END AT ANGLE",Y,N,Clear or Partly Cloudy,Dry,Daylight,,,5,Vehicle Strikes Pedalcyclist,0,N,Washington,47.65161865080639,-122.34262691436464
Block,PINE ST BETWEEN 2ND AVE AND 3RD AVE,2,Injury Collision,Cycles,2,0,1,1,1,0,0,2018-06-30T00:00:00.000Z,6/30/2018 4:21:00 PM,Mid-Block (not related to intersection),21.0,"MOTOR VEHICLE STRUCK PEDALCYCLIST, REAR END",,N,Clear or Partly Cloudy,Dry,Daylight,,,5,Vehicle Strikes Pedalcyclist,0,N,Washington,47.61050993342963,-122.33925871872559
Intersection,AURORA AVE N AND GREEN LAKE DR N,2,Injury Collision,Angles,2,0,1,1,1,0,0,2018-06-08T00:00:00.000Z,6/8/2018 6:13:00 PM,At Intersection (intersection related),18.0,"MOTOR VEHICLE STRUCK PEDALCYCLIST, FRONT END AT ANGLE",Y,N,Raining,Wet,Daylight,,,10,Entering at angle,0,N,Washington,47.68911276551052,-122.3445144354172
Block,ALASKAN WAY BETWEEN XW BELL ST AND WALL ST,2,Injury Collision,Cycles,2,0,1,1,1,0,0,2018-06-12T00:00:00.000Z,6/12/2018 6:20:00 PM,Mid-Block (not related to intersection),54.0,PEDALCYCLIST STRUCK MOTOR VEHICLE REAR END,,N,Clear or Partly Cloudy,Dry,Daylight,,,6,Pedalcyclist Strikes Moving Vehicle,0,N,Washington,47.61218693182577,-122.35002038055764
Intersection,AIRPORT WAY S AND S LUCILE ST,2b,Serious Injury Collision,Cycles,2,0,1,1,1,1,0,2018-07-09T00:00:00.000Z,7/9/2018 2:00:00 PM,At Intersection (intersection related),18.0,"MOTOR VEHICLE STRUCK PEDALCYCLIST, FRONT END AT ANGLE",,N,Clear or Partly Cloudy,Dry,Daylight,,,5,Vehicle Strikes Pedalcyclist,522738,N,Washington,47.553351023694255,-122.32100440462942
Intersection,3RD AVE W AND W REPUBLICAN ST,2,Injury Collision,Cycles,4,0,1,1,2,0,0,2018-07-17T00:00:00.000Z,7/17/2018 7:30:00 PM,At Intersection (intersection related),18.0,"MOTOR VEHICLE STRUCK PEDALCYCLIST, FRONT END AT ANGLE",,N,Clear or Partly Cloudy,Dry,Dusk,,,6,Pedalcyclist Strikes Moving Vehicle,0,N,Washington,47.62329023429478,-122.3606384429508
Intersection,12TH AVE AND E ALDER ST,2,Injury Collision,Cycles,2,0,1,1,1,0,0,2018-07-10T00:00:00.000Z,7/10/2018 5:35:00 PM,At Intersection (intersection related),18.0,"MOTOR VEHICLE STRUCK PEDALCYCLIST, FRONT END AT ANGLE",,N,Clear or Partly Cloudy,Dry,Daylight,Y,,5,Vehicle Strikes Pedalcyclist,10590,N,Washington,47.60436038491066,-122.31678113297993
Block,RAINIER AVE S BETWEEN S DEARBORN ST AND S CHARLES N ST,2,Injury Collision,Cycles,2,0,1,1,1,0,0,2018-07-16T00:00:00.000Z,7/16/2018 10:55:00 AM,Mid-Block (not related to intersection),18.0,"MOTOR VEHICLE STRUCK PEDALCYCLIST, FRONT END AT ANGLE",,N,Clear or Partly Cloudy,Dry,Daylight,,Y,5,Vehicle Strikes Pedalcyclist,0,N,Washington,47.59511628373849,-122.31094941914199
Intersection,MAGNOLIA BLVD W AND W BERTONA ST,1,Property Damage Only Collision,Cycles,2,0,1,1,0,0,0,2018-07-27T00:00:00.000Z,7/27/2018 8:51:00 AM,At Intersection (intersection related),18.0,"MOTOR VEHICLE STRUCK PEDALCYCLIST, FRONT END AT ANGLE",,N,Clear or Partly Cloudy,Dry,Daylight,,,6,Pedalcyclist Strikes Moving Vehicle,0,N,Washington,47.65047366655828,-122.41418667372696
Intersection,ALASKAN WAY S AND S MAIN ST,2,Injury Collision,Cycles,2,0,1,1,1,0,0,2018-07-14T00:00:00.000Z,7/14/2018 5:42:00 PM,At Intersection (intersection related),51.0,PEDALCYCLIST STRUCK MOTOR VEHICLE FRONT END AT ANGLE,Y,N,Clear or Partly Cloudy,Dry,Daylight,Y,,5,Vehicle Strikes Pedalcyclist,0,N,Washington,47.60004611083184,-122.33591076464307
Intersection,52ND AVE NE AND NE 75TH ST,2,Injury Collision,Cycles,4,0,1,1,1,0,0,2018-05-15T00:00:00.000Z,5/15/2018 8:08:00 AM,At Intersection (intersection related),18.0,"MOTOR VEHICLE STRUCK PEDALCYCLIST, FRONT END AT ANGLE",,N,Overcast,Dry,Daylight,Y,,6,Pedalcyclist Strikes Moving Vehicle,0,N,Washington,47.68302784802434,-122.2717007472377
Intersection,RAVENNA AVE NE AND NE 65TH ST,2b,Serious Injury Collision,Cycles,2,0,1,1,1,1,0,2018-07-03T00:00:00.000Z,7/3/2018 3:40:00 PM,At Intersection (intersection related),18.0,"MOTOR VEHICLE STRUCK PEDALCYCLIST, FRONT END AT ANGLE",Y,N,Clear or Partly Cloudy,Dry,Daylight,,,5,Vehicle Strikes Pedalcyclist,0,N,Washington,47.67577608566682,-122.3038131719084
Intersection,BOREN AVE AND PINE ST,2,Injury Collision,Cycles,3,0,1,1,1,0,0,2018-07-06T00:00:00.000Z,7/6/2018 3:49:00 PM,At Intersection (intersection related),18.0,"MOTOR VEHICLE STRUCK PEDALCYCLIST, FRONT END AT ANGLE",,N,Clear or Partly Cloudy,Dry,Daylight,,,6,Pedalcyclist Strikes Moving Vehicle,0,N,Washington,47.614457242057235,-122.3298224327749
Intersection,11TH AVE AND E PINE ST,2,Injury Collision,Cycles,2,0,1,1,1,0,0,2018-05-17T00:00:00.000Z,5/17/2018 8:54:00 PM,At Intersection (intersection related),18.0,"MOTOR VEHICLE STRUCK PEDALCYCLIST, FRONT END AT ANGLE",,N,Clear or Partly Cloudy,Dry,Dusk,,,5,Vehicle Strikes Pedalcyclist,0,N,Washington,47.61525439144628,-122.31815943391057
Block,PINE ST BETWEEN 3RD AVE AND 4TH AVE,2,Injury Collision,Cycles,2,0,1,1,1,0,0,2018-05-22T00:00:00.000Z,5/22/2018 2:31:00 PM,Mid-Block (not related to intersection),18.0,"MOTOR VEHICLE STRUCK PEDALCYCLIST, FRONT END AT ANGLE",,N,Clear or Partly Cloudy,Dry,Daylight,,,6,Pedalcyclist Strikes Moving Vehicle,0,N,Washington,47.610974444458954,-122.338148464992
Intersection,23RD AVE AND E CHERRY ST,2,Injury Collision,Cycles,2,0,1,1,1,0,0,2018-05-21T00:00:00.000Z,5/21/2018 6:06:00 PM,At Intersection (intersection related),51.0,PEDALCYCLIST STRUCK MOTOR VEHICLE FRONT END AT ANGLE,,N,Clear or Partly Cloudy,Dry,Daylight,,,5,Vehicle Strikes Pedalcyclist,0,N,Washington,47.60800896071418,-122.30276995562322
Intersection,17TH AVE NE AND NE 68TH ST,2,Injury Collision,Cycles,3,0,1,1,1,0,0,2018-07-11T00:00:00.000Z,7/11/2018 9:03:00 AM,At Intersection (intersection related),18.0,"MOTOR VEHICLE STRUCK PEDALCYCLIST, FRONT END AT ANGLE",,N,Clear or Partly Cloudy,Dry,Daylight,,,5,Vehicle Strikes Pedalcyclist,0,N,Washington,47.67761189646633,-122.30982357939585
Intersection,12TH AVE AND E MADISON ST,1,Property Damage Only Collision,Cycles,2,0,1,1,0,0,0,2018-08-04T00:00:00.000Z,8/4/2018 1:24:00 PM,At Intersection (intersection related),18.0,"MOTOR VEHICLE STRUCK PEDALCYCLIST, FRONT END AT ANGLE",,N,Clear or Partly Cloudy,Dry,Daylight,,,5,Vehicle Strikes Pedalcyclist,521040,N,Washington,47.61288923577013,-122.31673339075188
Intersection,28TH AVE NW AND NW MARKET ST,2,Injury Collision,Cycles,2,0,1,1,1,0,0,2018-07-04T00:00:00.000Z,7/4/2018 12:45:00 PM,At Intersection (intersection related),18.0,"MOTOR VEHICLE STRUCK PEDALCYCLIST, FRONT END AT ANGLE",Y,N,Clear or Partly Cloudy,Dry,Daylight,,,6,Pedalcyclist Strikes Moving Vehicle,0,N,Washington,47.668654849597424,-122.39285829690594
Intersection,15TH AVE S AND S DAWSON ST,1,Property Damage Only Collision,Cycles,4,0,1,1,0,0,0,2018-07-18T00:00:00.000Z,7/18/2018 8:42:00 AM,At Intersection (intersection related),51.0,PEDALCYCLIST STRUCK MOTOR VEHICLE FRONT END AT ANGLE,,N,Clear or Partly Cloudy,Dry,Daylight,,,5,Vehicle Strikes Pedalcyclist,0,N,Washington,47.55562640900472,-122.31345642889244
Intersection,M L KING JR WAY S AND S BAYVIEW S ST,2,Injury Collision,Cycles,2,0,1,1,1,0,0,2018-09-01T00:00:00.000Z,9/1/2018 6:38:00 PM,At Intersection (intersection related),18.0,"MOTOR VEHICLE STRUCK PEDALCYCLIST, FRONT END AT ANGLE",,Y,Clear or Partly Cloudy,Dry,Daylight,Y,,5,Vehicle Strikes Pedalcyclist,524859,N,Washington,47.581267001452964,-122.29699071388019
Intersection,20TH AVE NE AND NE RAVENNA EB BV,2,Injury Collision,Cycles,2,0,1,1,1,0,0,2018-07-05T00:00:00.000Z,7/5/2018 7:04:00 PM,At Intersection (intersection related),18.0,"MOTOR VEHICLE STRUCK PEDALCYCLIST, FRONT END AT ANGLE",,N,Clear or Partly Cloudy,Dry,Daylight,,,5,Vehicle Strikes Pedalcyclist,0,N,Washington,47.66917801740569,-122.30649060914563
Intersection,SHILSHOLE AVE NW AND NW DOCK PL,2,Injury Collision,Cycles,2,0,1,1,1,0,0,2018-08-19T00:00:00.000Z,8/19/2018 9:56:00 AM,At Intersection (intersection related),18.0,"MOTOR VEHICLE STRUCK PEDALCYCLIST, FRONT END AT ANGLE",,N,Clear or Partly Cloudy,Dry,Daylight,,,6,Pedalcyclist Strikes Moving Vehicle,0,N,Washington,47.66397025459469,-122.381794361936
Intersection,12TH AVE NE AND NE 45TH ST,1,Property Damage Only Collision,Cycles,2,0,1,1,0,0,0,2018-08-30T00:00:00.000Z,8/30/2018 4:58:00 PM,At Intersection (intersection related),18.0,"MOTOR VEHICLE STRUCK PEDALCYCLIST, FRONT END AT ANGLE",,N,Clear or Partly Cloudy,Dry,Daylight,,,5,Vehicle Strikes Pedalcyclist,0,N,Washington,47.66128458140644,-122.31544243782363
Intersection,1ST AVE AND MADISON ST,2,Injury Collision,Cycles,2,0,1,1,1,0,0,2018-09-14T00:00:00.000Z,9/14/2018 4:33:00 PM,At Intersection (intersection related),51.0,PEDALCYCLIST STRUCK MOTOR VEHICLE FRONT END AT ANGLE,,N,Overcast,Dry,Daylight,,,5,Vehicle Strikes Pedalcyclist,0,N,Washington,47.60469504653443,-122.3362384330736
Intersection,M L KING JR WR WAY S AND S OTHELLO ST,2,Injury Collision,Cycles,2,0,1,1,1,0,0,2018-09-18T00:00:00.000Z,9/18/2018 8:16:00 PM,At Intersection (intersection related),18.0,"MOTOR VEHICLE STRUCK PEDALCYCLIST, FRONT END AT ANGLE",,N,,Dry,Dark - Street Lights On,,,5,Vehicle Strikes Pedalcyclist,545763,N,Washington,47.5370423043785,-122.2812931906938
Intersection,S HOLGATE BR AND S HOLGATE ST,2,Injury Collision,Cycles,2,0,1,1,1,0,0,2018-09-25T00:00:00.000Z,9/25/2018 9:22:00 AM,At Intersection (intersection related),18.0,"MOTOR VEHICLE STRUCK PEDALCYCLIST, FRONT END AT ANGLE",,N,Clear or Partly Cloudy,Dry,Daylight,Y,,6,Pedalcyclist Strikes Moving Vehicle,0,N,Washington,47.58610116848607,-122.32350057816507
Block,OCCIDENTAL AVE S BETWEEN EDGAR MARTINEZ DR S AND S MASSACHUSETTS ST,2,Injury Collision,Cycles,2,1,1,0,1,0,0,2018-09-29T00:00:00.000Z,9/29/2018 9:00:00 PM,Mid-Block (not related to intersection),64.0,PEDALCYCLIST STRUCK PEDESTRIAN,,N,Raining,Wet,Dark - Street Lights On,,,7,Pedalcyclist Strikes Pedalcyclist or Pedestrian,0,N,Washington,47.58927181708035,-122.3332637404935
Intersection,38TH AVE NE AND NE 115TH ST,2,Injury Collision,Cycles,3,0,1,1,1,0,0,2018-10-23T00:00:00.000Z,10/23/2018 7:47:00 AM,At Intersection (intersection related),18.0,"MOTOR VEHICLE STRUCK PEDALCYCLIST, FRONT END AT ANGLE",,N,Fog/Smog/Smoke,Dry,Daylight,,,6,Pedalcyclist Strikes Moving Vehicle,0,N,Washington,47.711922312257535,-122.28796846705963
Intersection,12TH AVE S AND S WELLER ST,2b,Serious Injury Collision,Cycles,2,0,1,1,1,1,0,2018-08-09T00:00:00.000Z,8/9/2018 10:15:00 PM,At Intersection (intersection related),18.0,"MOTOR VEHICLE STRUCK PEDALCYCLIST, FRONT END AT ANGLE",,N,Clear or Partly Cloudy,Dry,Dark - Street Lights On,,,6,Pedalcyclist Strikes Moving Vehicle,0,N,Washington,47.597499571589154,-122.31722672722155
Intersection,BELMONT AVE E AND E OLIVE WAY,2,Injury Collision,Cycles,2,0,1,1,1,0,0,2018-08-20T00:00:00.000Z,8/20/2018 9:09:00 AM,At Intersection (intersection related),18.0,"MOTOR VEHICLE STRUCK PEDALCYCLIST, FRONT END AT ANGLE",,N,Clear or Partly Cloudy,Dry,Daylight,,,6,Pedalcyclist Strikes Moving Vehicle,0,N,Washington,47.61966624417621,-122.324011265552
Intersection,DEXTER AVE N AND ALOHA ST,1,Property Damage Only Collision,Cycles,3,0,1,1,0,0,0,2018-08-31T00:00:00.000Z,8/31/2018 7:05:00 AM,At Intersection (intersection related),51.0,PEDALCYCLIST STRUCK MOTOR VEHICLE FRONT END AT ANGLE,Y,N,Raining,Wet,Dawn,,,5,Vehicle Strikes Pedalcyclist,0,N,Washington,47.627138383473216,-122.34232660384295
Intersection,UNIVERSITY WAY NE AND NE PACIFIC ST,2,Injury Collision,Cycles,2,0,1,1,1,0,0,2018-08-10T00:00:00.000Z,8/10/2018 10:30:00 PM,At Intersection (intersection related),0.0,NOT ENOUGH INFORMATION / NOT APPLICABLE,Y,N,Clear or Partly Cloudy,Dry,Dark - Street Lights On,Y,,5,Vehicle Strikes Pedalcyclist,0,N,Washington,47.653399440542536,-122.31333457571537
Intersection,12TH AVE AND E SPRUCE ST,2,Injury Collision,Cycles,2,0,1,1,1,0,0,2018-09-20T00:00:00.000Z,9/20/2018 6:55:00 AM,At Intersection (intersection related),51.0,PEDALCYCLIST STRUCK MOTOR VEHICLE FRONT END AT ANGLE,,N,Clear or Partly Cloudy,Dry,Dawn,,,5,Vehicle Strikes Pedalcyclist,0,N,Washington,47.603514160000714,-122.31678152406286
Intersection,8TH AVE AND SENECA ST,2,Injury Collision,Cycles,2,0,1,1,1,0,0,2018-04-24T00:00:00.000Z,4/24/2018 6:47:00 AM,At Intersection (intersection related),18.0,"MOTOR VEHICLE STRUCK PEDALCYCLIST, FRONT END AT ANGLE",Y,N,Clear or Partly Cloudy,Dry,Daylight,,,5,Vehicle Strikes Pedalcyclist,0,N,Washington,47.60937180513482,-122.32977650059921
Intersection,STONE WAY N AND N 36TH ST,2,Injury Collision,Cycles,2,0,1,1,1,0,0,2018-10-11T00:00:00.000Z,10/11/2018 8:41:00 AM,At Intersection (intersection related),51.0,PEDALCYCLIST STRUCK MOTOR VEHICLE FRONT END AT ANGLE,,N,Fog/Smog/Smoke,Dry,Daylight,,,6,Pedalcyclist Strikes Moving Vehicle,0,N,Washington,47.650533523230685,-122.34267836132469
Intersection,ROOSEVELT WAY NE AND NE 50TH ST,2b,Serious Injury Collision,Cycles,4,1,1,2,2,1,0,2018-10-12T00:00:00.000Z,10/12/2018 8:28:00 AM,At Intersection (intersection related),51.0,PEDALCYCLIST STRUCK MOTOR VEHICLE FRONT END AT ANGLE,,N,Clear or Partly Cloudy,Dry,Daylight,Y,,5,Vehicle Strikes Pedalcyclist,0,N,Washington,47.66493734388379,-122.31740379073635
Block,M L KING JR ER WAY S BETWEEN S FERDINAND ST AND S HUDSON ST,2,Injury Collision,Cycles,3,0,1,1,1,0,0,2018-09-29T00:00:00.000Z,9/29/2018 11:56:00 AM,Mid-Block (not related to intersection),24.0,MOTOR VEHCILE STRUCK PEDESTRIAN,,N,Clear or Partly Cloudy,Dry,Daylight,Y,,6,Pedalcyclist Strikes Moving Vehicle,0,N,Washington,47.55746329610241,-122.29115490400991
Intersection,2ND AVE AND PIKE ST,2,Injury Collision,Cycles,2,0,1,1,1,0,0,2018-09-11T00:00:00.000Z,9/11/2018 7:43:00 PM,At Intersection (intersection related),18.0,"MOTOR VEHICLE STRUCK PEDALCYCLIST, FRONT END AT ANGLE",,N,Other,Dry,Dark - Street Lights On,Y,,5,Vehicle Strikes Pedalcyclist,0,N,Washington,47.60928514308913,-122.33890369362145
Intersection,25TH AVE NE AND NE BLAKELEY ST,2,Injury Collision,Cycles,2,0,1,1,1,0,0,2018-08-30T00:00:00.000Z,8/30/2018 8:00:00 AM,At Intersection (intersection related),18.0,"MOTOR VEHICLE STRUCK PEDALCYCLIST, FRONT END AT ANGLE",,Y,Clear or Partly Cloudy,Dry,Daylight,,,5,Vehicle Strikes Pedalcyclist,0,N,Washington,47.66626671821327,-122.30060498001896
Intersection,BURKE GILMAN TRL AND NE 70TH ST,2,Injury Collision,Cycles,2,0,1,1,1,0,0,2018-09-05T00:00:00.000Z,9/5/2018 5:06:00 PM,At Intersection (intersection related),51.0,PEDALCYCLIST STRUCK MOTOR VEHICLE FRONT END AT ANGLE,,N,Clear or Partly Cloudy,Dry,Daylight,,,5,Vehicle Strikes Pedalcyclist,0,N,Washington,47.67937219886514,-122.2653146199442
Intersection,WOODLAND PARK AVE N AND N 44TH ST,2,Injury Collision,Cycles,2,0,1,1,1,0,0,2018-09-02T00:00:00.000Z,9/2/2018 2:00:00 PM,At Intersection (intersection related),11.0,"MOTOR VEHICLE STRUCK MOTOR VEHICLE, FRONT END AT ANGLE",,N,Clear or Partly Cloudy,Dry,Daylight,,,5,Vehicle Strikes Pedalcyclist,0,N,Washington,47.659958988634024,-122.34457503500894
Intersection,20TH AVE S AND S JACKSON ST,2,Injury Collision,Cycles,2,0,1,1,1,0,0,2018-09-17T00:00:00.000Z,9/17/2018 5:25:00 PM,At Intersection (intersection related),51.0,PEDALCYCLIST STRUCK MOTOR VEHICLE FRONT END AT ANGLE,,N,Clear or Partly Cloudy,Dry,Daylight,,,5,Vehicle Strikes Pedalcyclist,521197,N,Washington,47.59925470544325,-122.30635695256409