addrtype,location,severitycode,severitydesc,collisiontype,personcount,pedcount,pedcylcount,vehcount,injuries,seriousinjuries,fatalities,incdate,incdttm,junctiontype,sdot_colcode,sdot_coldesc,inattentionind,underinfl,weather,roadcond,lightcond,pedrownotgrnt,speeding,st_colcode,st_coldesc,crosswalkkey,hitparkedcar,state,latitude,longitude
Intersection,38TH AVE S AND S GENESEE ST,2,Injury Collision,Cycles,2,0,1,1,1,0,0,2018-10-05T00:00:00.000Z,10/5/2018 4:50:00 PM,At Intersection (intersection related),18.0,"MOTOR VEHICLE STRUCK PEDALCYCLIST, FRONT END AT ANGLE",,N,Raining,Wet,Daylight,,,5,Vehicle Strikes Pedalcyclist,0,N,Washington,47.56412179263114,-122.2849586775729
Intersection,8TH AVE AND JAMES ST,2,Injury Collision,Cycles,2,0,1,1,1,0,0,2018-10-11T00:00:00.000Z,10/11/2018 9:25:00 AM,At Intersection (intersection related),18.0,"MOTOR VEHICLE STRUCK PEDALCYCLIST, FRONT END AT ANGLE",Y,N,Clear or Partly Cloudy,Dry,Daylight,Y,,5,Vehicle Strikes Pedalcyclist,0,N,Washington,47.60509000422416,-122.3258596212277
Intersection,8TH AVE AND BLANCHARD ST,2,Injury Collision,Cycles,3,0,1,1,1,0,0,2018-10-13T00:00:00.000Z,10/13/2018 8:09:00 PM,At Intersection (intersection related),18.0,"MOTOR VEHICLE STRUCK PEDALCYCLIST, FRONT END AT ANGLE",Y,N,Clear or Partly Cloudy,Dry,Dark - Street Lights Off,,,5,Vehicle Strikes Pedalcyclist,0,N,Washington,47.617259065374434,-122.33919530316867
Intersection,4TH AVE S AND S HOLGATE ST,2,Injury Collision,Cycles,2,0,1,1,1,0,0,2018-09-05T00:00:00.000Z,9/5/2018 2:26:00 PM,At Intersection (intersection related),18.0,"MOTOR VEHICLE STRUCK PEDALCYCLIST, FRONT END AT ANGLE",,N,Clear or Partly Cloudy,Dry,Daylight,,,5,Vehicle Strikes Pedalcyclist,521751,N,Washington,47.586170117147596,-122.32906226364679
Intersection,BURKE GILMAN TRL AND NE 70TH ST,2,Injury Collision,Cycles,3,0,1,1,1,0,0,2018-09-06T00:00:00.000Z,9/6/2018 6:45:00 PM,At Intersection (intersection related),51.0,PEDALCYCLIST STRUCK MOTOR VEHICLE FRONT END AT ANGLE,,N,Clear or Partly Cloudy,Dry,Daylight,,,5,Vehicle Strikes Pedalcyclist,0,N,Washington,47.67937219886514,-122.2653146199442
Block,2ND AVE BETWEEN PIKE ST AND PINE ST,2,Injury Collision,Cycles,2,0,1,1,1,0,0,2018-10-18T00:00:00.000Z,10/18/2018 6:04:00 PM,Mid-Block (not related to intersection),11.0,"MOTOR VEHICLE STRUCK MOTOR VEHICLE, FRONT END AT ANGLE",,N,Clear or Partly Cloudy,Dry,Dusk,,,6,Pedalcyclist Strikes Moving Vehicle,0,N,Washington,47.609780570210454,-122.33935700687486
Intersection,RAVENNA AVE NE AND NE 95TH ST,2,Injury Collision,Cycles,3,0,1,1,1,0,0,2018-08-22T00:00:00.000Z,8/22/2018 3:35:00 PM,At Intersection (intersection related),51.0,PEDALCYCLIST STRUCK MOTOR VEHICLE FRONT END AT ANGLE,,N,Clear or Partly Cloudy,Dry,Daylight,,,6,Pedalcyclist Strikes Moving Vehicle,0,N,Washington,47.69756434081079,-122.30489080418647
Intersection,MELROSE AVE AND OLIVE WAY,2,Injury Collision,Cycles,2,0,1,1,1,0,0,2018-09-11T00:00:00.000Z,9/11/2018 5:49:00 PM,At Intersection (intersection related),18.0,"MOTOR VEHICLE STRUCK PEDALCYCLIST, FRONT END AT ANGLE",Y,N,Clear or Partly Cloudy,Dry,Daylight,,,5,Vehicle Strikes Pedalcyclist,0,N,Washington,47.616641709726636,-122.32788067264046
Intersection,BOREN AVE AND PIKE ST,1,Property Damage Only Collision,Cycles,3,0,1,1,0,0,0,2018-08-21T00:00:00.000Z,8/21/2018 4:29:00 PM,At Intersection (intersection related),51.0,PEDALCYCLIST STRUCK MOTOR VEHICLE FRONT END AT ANGLE,Y,N,Fog/Smog/Smoke,Dry,Daylight,,,5,Vehicle Strikes Pedalcyclist,0,N,Washington,47.61346582031274,-122.328913101671
Block,8TH AVE BETWEEN PINE ST AND OLIVE WAY,2,Injury Collision,Cycles,1,0,1,0,1,0,0,2018-10-10T00:00:00.000Z,10/10/2018 8:55:00 AM,Mid-Block (not related to intersection),22.0,"MOTOR VEHICLE STRUCK PEDALCYCLIST, RIGHT SIDE SIDESWIPE",,N,Clear or Partly Cloudy,Dry,Daylight,,,8,Pedalcyclist All Other Involvements ONE UNIT - PEDALCYCLIST ONLY or PEDALCYCLIST STR,0,N,Washington,47.61355908110572,-122.33360568160315
Block,E PINE ST BETWEEN 12TH AVE AND 13TH AVE,2,Injury Collision,Cycles,2,0,1,1,1,0,0,2018-09-28T00:00:00.000Z,9/28/2018 8:05:00 AM,Mid-Block (not related to intersection),54.0,PEDALCYCLIST STRUCK MOTOR VEHICLE REAR END,,N,Clear or Partly Cloudy,Dry,Daylight,,,8,Pedalcyclist All Other Involvements ONE UNIT - PEDALCYCLIST ONLY or PEDALCYCLIST STR,0,N,Washington,47.61526838699429,-122.31620339796265
Intersection,FREMONT AVE N AND N 34TH ST,2,Injury Collision,Cycles,2,0,1,1,1,0,0,2018-09-24T00:00:00.000Z,9/24/2018 2:58:00 PM,At Intersection (intersection related),18.0,"MOTOR VEHICLE STRUCK PEDALCYCLIST, FRONT END AT ANGLE",Y,N,Clear or Partly Cloudy,Dry,Daylight,,,5,Vehicle Strikes Pedalcyclist,0,N,Washington,47.64958972852735,-122.34974744884168
Intersection,WOODLAND PARK AVE N AND N 35TH ST,2,Injury Collision,Cycles,2,0,1,1,1,0,0,2018-09-07T00:00:00.000Z,9/7/2018 1:13:00 PM,At Intersection (intersection related),18.0,"MOTOR VEHICLE STRUCK PEDALCYCLIST, FRONT END AT ANGLE",,N,Clear or Partly Cloudy,Dry,Daylight,,,5,Vehicle Strikes Pedalcyclist,0,N,Washington,47.649647288719464,-122.34403167248159
Intersection,DAYTON AVE N AND N 92ND ST,2,Injury Collision,Cycles,2,0,1,1,1,0,0,2018-08-02T00:00:00.000Z,8/2/2018 8:27:00 AM,At Intersection (intersection related),18.0,"MOTOR VEHICLE STRUCK PEDALCYCLIST, FRONT END AT ANGLE",,N,Clear or Partly Cloudy,Dry,Daylight,,,5,Vehicle Strikes Pedalcyclist,0,N,Washington,47.69602018391888,-122.35266730761464
Intersection,1ST AVE S AND S KING ST,2,Injury Collision,Cycles,2,0,1,1,1,0,0,2018-10-12T00:00:00.000Z,10/12/2018 7:11:00 AM,At Intersection (intersection related),51.0,PEDALCYCLIST STRUCK MOTOR VEHICLE FRONT END AT ANGLE,Y,N,Overcast,Dry,Daylight,,,5,Vehicle Strikes Pedalcyclist,0,N,Washington,47.59829171538482,-122.33419116101669
Block,5TH AVE BETWEEN SPRING ST AND SENECA ST,2,Injury Collision,Sideswipe,4,0,1,1,1,0,0,2018-10-11T00:00:00.000Z,10/11/2018 5:14:00 PM,Mid-Block (not related to intersection),14.0,"MOTOR VEHICLE STRUCK MOTOR VEHICLE, REAR END",,N,Clear or Partly Cloudy,Dry,Daylight,,,12,From same direction - both going straight - one stopped - sideswipe,0,N,Washington,47.60762172308648,-122.33277651083284
Block,DENNY WAY BETWEEN STEWART ST AND MELROSE AVE,2b,Serious Injury Collision,Cycles,2,0,1,1,1,1,0,2018-08-20T00:00:00.000Z,8/20/2018 4:37:00 PM,Mid-Block (not related to intersection),54.0,PEDALCYCLIST STRUCK MOTOR VEHICLE REAR END,,N,Clear or Partly Cloudy,Dry,Daylight,,,6,Pedalcyclist Strikes Moving Vehicle,0,N,Washington,47.618449353789465,-122.32929210567913
Intersection,DENNY WAY AND STEWART ST,2,Injury Collision,Cycles,2,0,1,1,1,0,0,2018-10-02T00:00:00.000Z,10/2/2018 7:28:00 AM,At Intersection (intersection related),18.0,"MOTOR VEHICLE STRUCK PEDALCYCLIST, FRONT END AT ANGLE",,N,Clear or Partly Cloudy,Dry,Daylight,,,6,Pedalcyclist Strikes Moving Vehicle,0,N,Washington,47.61849175725489,-122.33072296070412
Block,LINDEN AVE N BETWEEN N 130TH ST AND N 135TH ST,2,Injury Collision,Cycles,2,0,1,1,1,0,0,2018-09-27T00:00:00.000Z,9/27/2018 6:32:00 AM,Driveway Junction,18.0,"MOTOR VEHICLE STRUCK PEDALCYCLIST, FRONT END AT ANGLE",,N,Clear or Partly Cloudy,Dry,Dawn,Y,,5,Vehicle Strikes Pedalcyclist,0,N,Washington,47.725037475206186,-122.34793329661959
Intersection,ALASKAN WAY S AND XW WASHINGTON,2,Injury Collision,Cycles,2,0,1,1,1,0,0,2018-04-11T00:00:00.000Z,4/11/2018 6:14:00 PM,At Intersection (intersection related),51.0,PEDALCYCLIST STRUCK MOTOR VEHICLE FRONT END AT ANGLE,,N,Raining,Wet,Daylight,,,5,Vehicle Strikes Pedalcyclist,0,N,Washington,,
Intersection,6TH AVE AND PINE ST,2,Injury Collision,Cycles,2,1,1,0,1,0,0,2018-09-10T00:00:00.000Z,9/10/2018 5:04:00 PM,At Intersection (intersection related),64.0,PEDALCYCLIST STRUCK PEDESTRIAN,,N,Clear or Partly Cloudy,Dry,Daylight,Y,,7,Pedalcyclist Strikes Pedalcyclist or Pedestrian,523148,N,Washington,47.6121364586989,-122.33537313665079
Block,EAST MARGINAL WAY S BETWEEN S FIDALGO ST AND 1ST AVE S,2b,Serious Injury Collision,Cycles,2,0,1,1,1,1,0,2018-09-11T00:00:00.000Z,9/11/2018 4:22:00 AM,Mid-Block (not related to intersection),18.0,"MOTOR VEHICLE STRUCK PEDALCYCLIST, FRONT END AT ANGLE",,N,Clear or Partly Cloudy,Dry,Dark - Street Lights On,,,6,Pedalcyclist Strikes Moving Vehicle,0,N,Washington,47.54919188323864,-122.33479292354076
Block,DEXTER AVE N BETWEEN HOWE ST AND NEWTON ST,2,Injury Collision,Cycles,2,0,1,1,1,0,0,2018-08-18T00:00:00.000Z,8/18/2018 10:57:00 PM,Mid-Block (not related to intersection),51.0,PEDALCYCLIST STRUCK MOTOR VEHICLE FRONT END AT ANGLE,,N,Clear or Partly Cloudy,Dry,Dark - Street Lights On,,,5,Vehicle Strikes Pedalcyclist,0,N,Washington,47.63632534522886,-122.34260031001571
Block,ELLIOTT AVE W BETWEEN W MERCER ST AND W MERCER PL,2b,Serious Injury Collision,Cycles,2,0,1,1,1,1,0,2018-09-23T00:00:00.000Z,9/23/2018 4:53:00 PM,Driveway Junction,51.0,PEDALCYCLIST STRUCK MOTOR VEHICLE FRONT END AT ANGLE,,N,Clear or Partly Cloudy,Dry,Daylight,,,5,Vehicle Strikes Pedalcyclist,0,N,Washington,47.62559164233637,-122.36702219782462
Intersection,2ND AVE AND PIKE ST,2b,Serious Injury Collision,Cycles,2,1,1,0,2,1,0,2018-09-11T00:00:00.000Z,9/11/2018 7:10:00 AM,At Intersection (intersection related),64.0,PEDALCYCLIST STRUCK PEDESTRIAN,,N,Clear or Partly Cloudy,Dry,Daylight,,,7,Pedalcyclist Strikes Pedalcyclist or Pedestrian,525565,N,Washington,47.60928514308913,-122.33890369362145
Intersection,9TH AVE NW AND NW 45TH ST,2,Injury Collision,Cycles,2,0,1,1,1,0,0,2018-09-04T00:00:00.000Z,9/4/2018 7:34:00 AM,At Intersection (intersection related),51.0,PEDALCYCLIST STRUCK MOTOR VEHICLE FRONT END AT ANGLE,,N,Clear or Partly Cloudy,Dry,Daylight,,,5,Vehicle Strikes Pedalcyclist,0,N,Washington,47.661466928808316,-122.36861555357004
Intersection,2ND AVE S AND S JACKSON ST,2b,Serious Injury Collision,Cycles,2,1,1,0,1,1,0,2018-09-12T00:00:00.000Z,9/12/2018 12:22:00 PM,At Intersection (intersection related),64.0,PEDALCYCLIST STRUCK PEDESTRIAN,,N,Clear or Partly Cloudy,Dry,Daylight,Y,,7,Pedalcyclist Strikes Pedalcyclist or Pedestrian,524965,N,Washington,47.59920078505017,-122.33157768635193
Intersection,GOLF DR S AND S CHARLES ST,2b,Serious Injury Collision,Right Turn,2,0,1,1,1,1,0,2018-07-12T00:00:00.000Z,7/12/2018 7:41:00 AM,At Intersection (intersection related),18.0,"MOTOR VEHICLE STRUCK PEDALCYCLIST, FRONT END AT ANGLE",,N,Clear or Partly Cloudy,Dry,Daylight,,,16,From same direction - one right turn - one straight,0,N,Washington,47.594281683773424,-122.31657709205992
Intersection,N 107TH ST AND N NORTHGATE WAY,2,Injury Collision,Cycles,3,0,1,1,1,0,0,2018-07-31T00:00:00.000Z,7/31/2018 8:35:00 AM,At Intersection (intersection related),51.0,PEDALCYCLIST STRUCK MOTOR VEHICLE FRONT END AT ANGLE,,N,Clear or Partly Cloudy,Dry,Daylight,,,5,Vehicle Strikes Pedalcyclist,0,N,Washington,47.70685410243382,-122.33620564034997
Block,ROOSEVELT WAY NE BETWEEN NE 42ND N ST AND NE 43RD S ST,2,Injury Collision,Cycles,4,0,1,2,1,0,0,2018-08-07T00:00:00.000Z,8/7/2018 12:35:00 PM,Driveway Junction,18.0,"MOTOR VEHICLE STRUCK PEDALCYCLIST, FRONT END AT ANGLE",Y,N,Clear or Partly Cloudy,Dry,Daylight,,,5,Vehicle Strikes Pedalcyclist,0,N,Washington,47.65891124921488,-122.31776595018732
Block,NE 40TH ST BETWEEN 7TH AVE NE AND UNIVERSITY BR OFF RP,2,Injury Collision,Cycles,2,0,1,1,1,0,0,2018-08-16T00:00:00.000Z,8/16/2018 3:15:00 PM,Mid-Block (but intersection related),18.0,"MOTOR VEHICLE STRUCK PEDALCYCLIST, FRONT END AT ANGLE",,N,Clear or Partly Cloudy,Dry,Daylight,,,6,Pedalcyclist Strikes Moving Vehicle,0,N,Washington,47.65552427770179,-122.31914655244414
Block,SW SPOKANE NR ST BETWEEN WEST SEATTLE BRIDGE TRL AND 11TH AVE SW,2,Injury Collision,Cycles,2,0,1,1,1,0,0,2018-08-29T00:00:00.000Z,8/29/2018 1:49:00 PM,Mid-Block (not related to intersection),18.0,"MOTOR VEHICLE STRUCK PEDALCYCLIST, FRONT END AT ANGLE",,N,Clear or Partly Cloudy,Dry,Daylight,,,5,Vehicle Strikes Pedalcyclist,0,N,Washington,47.571628093258646,-122.34861856133251
Intersection,FAIRVIEW AVE N AND MERCER ST,2,Injury Collision,Cycles,2,0,1,1,1,0,0,2018-08-01T00:00:00.000Z,8/1/2018 12:36:00 PM,At Intersection (intersection related),18.0,"MOTOR VEHICLE STRUCK PEDALCYCLIST, FRONT END AT ANGLE",,N,Clear or Partly Cloudy,Dry,Daylight,,,5,Vehicle Strikes Pedalcyclist,0,N,Washington,47.62469377702693,-122.33428796866355
Block,GREEN LAKE DR N BETWEEN N 80TH ST AND STONE AVE N,2,Injury Collision,Cycles,3,0,1,1,1,0,0,2018-08-10T00:00:00.000Z,8/10/2018 8:15:00 PM,Mid-Block (not related to intersection),18.0,"MOTOR VEHICLE STRUCK PEDALCYCLIST, FRONT END AT ANGLE",,N,Clear or Partly Cloudy,Dry,Dusk,,,5,Vehicle Strikes Pedalcyclist,0,N,Washington,47.68729740924585,-122.34112502325121
Intersection,25TH AVE S AND S PLUM ST,2,Injury Collision,Cycles,2,0,1,1,1,0,0,2018-08-16T00:00:00.000Z,8/16/2018 8:57:00 AM,At Intersection (intersection related),51.0,PEDALCYCLIST STRUCK MOTOR VEHICLE FRONT END AT ANGLE,,N,Clear or Partly Cloudy,Dry,Daylight,,,5,Vehicle Strikes Pedalcyclist,0,N,Washington,47.58548373186007,-122.30031930401329
Intersection,GREENWOOD AVE N AND N 104TH ST,2,Injury Collision,Cycles,3,0,1,1,1,0,0,2018-07-20T00:00:00.000Z,7/20/2018 6:11:00 PM,At Intersection (intersection related),18.0,"MOTOR VEHICLE STRUCK PEDALCYCLIST, FRONT END AT ANGLE",,N,Clear or Partly Cloudy,Dry,Daylight,,,6,Pedalcyclist Strikes Moving Vehicle,0,N,Washington,47.70435905016731,-122.35544516330557
Block,WEST MARGINAL WAY SW BETWEEN SW BRANDON ST AND SW FRONT ST,2,Injury Collision,Cycles,2,0,1,1,1,0,0,2018-08-11T00:00:00.000Z,8/11/2018 11:23:00 AM,Mid-Block (not related to intersection),18.0,"MOTOR VEHICLE STRUCK PEDALCYCLIST, FRONT END AT ANGLE",,N,Overcast,Dry,Daylight,Y,,5,Vehicle Strikes Pedalcyclist,0,N,Washington,47.5473705510147,-122.34509634424455
Intersection,BOYLSTON AVE E AND E HARRISON ST,1,Property Damage Only Collision,Cycles,2,0,1,1,0,0,0,2018-08-16T00:00:00.000Z,8/16/2018 10:13:00 PM,At Intersection (intersection related),18.0,"MOTOR VEHICLE STRUCK PEDALCYCLIST, FRONT END AT ANGLE",Y,N,Clear or Partly Cloudy,Dry,Dark - Street Lights On,,,5,Vehicle Strikes Pedalcyclist,0,N,Washington,47.62199958261788,-122.3230762865926
Block,2ND AVE BETWEEN PIKE ST AND PINE ST,2,Injury Collision,Cycles,3,0,1,1,1,0,0,2018-08-17T00:00:00.000Z,8/17/2018 5:59:00 PM,Mid-Block (not related to intersection),18.0,"MOTOR VEHICLE STRUCK PEDALCYCLIST, FRONT END AT ANGLE",,N,Clear or Partly Cloudy,Dry,Daylight,Y,,5,Vehicle Strikes Pedalcyclist,0,N,Washington,47.609780570210454,-122.33935700687486
Intersection,LAKE PARK DR S AND LAKE WASHINGTON BLVD S,2,Injury Collision,Cycles,2,0,1,1,1,0,0,2018-07-18T00:00:00.000Z,7/18/2018 6:37:00 PM,At Intersection (intersection related),18.0,"MOTOR VEHICLE STRUCK PEDALCYCLIST, FRONT END AT ANGLE",Y,N,Clear or Partly Cloudy,Dry,Daylight,,,5,Vehicle Strikes Pedalcyclist,0,N,Washington,47.58295465379743,-122.2876589348097
Block,BURKE GILMAN TRL BETWEEN 11TH AVE NW AND 8TH AVE NW,2,Injury Collision,Cycles,2,0,1,1,1,0,0,2018-07-24T00:00:00.000Z,7/24/2018 5:29:00 PM,Mid-Block (but intersection related),18.0,"MOTOR VEHICLE STRUCK PEDALCYCLIST, FRONT END AT ANGLE",,N,Clear or Partly Cloudy,Dry,Daylight,,,6,Pedalcyclist Strikes Moving Vehicle,0,N,Washington,47.660934981880686,-122.367927583297
Intersection,EAST MARGINAL WAY S AND S HINDS ST,2,Injury Collision,Cycles,2,0,1,1,1,0,0,2018-07-26T00:00:00.000Z,7/26/2018 7:04:00 AM,At Intersection (intersection related),18.0,"MOTOR VEHICLE STRUCK PEDALCYCLIST, FRONT END AT ANGLE",,N,Clear or Partly Cloudy,Dry,Daylight,,,5,Vehicle Strikes Pedalcyclist,0,N,Washington,47.57370694948707,-122.33969922722652
Intersection,BOREN AVE AND UNION ST,2,Injury Collision,Cycles,2,0,1,1,1,0,0,2018-06-13T00:00:00.000Z,6/13/2018 9:06:00 PM,At Intersection (intersection related),18.0,"MOTOR VEHICLE STRUCK PEDALCYCLIST, FRONT END AT ANGLE",,N,Clear or Partly Cloudy,Dry,Dark - Street Lights On,,,6,Pedalcyclist Strikes Moving Vehicle,0,N,Washington,47.61247231469765,-122.32800499644556
Intersection,LAKE CITY WAY NE AND NE 110TH ST,1,Property Damage Only Collision,Cycles,2,0,1,1,0,0,0,2018-08-13T00:00:00.000Z,8/13/2018 7:02:00 PM,At Intersection (intersection related),18.0,"MOTOR VEHICLE STRUCK PEDALCYCLIST, FRONT END AT ANGLE",,N,Clear or Partly Cloudy,Dry,Daylight,Y,,5,Vehicle Strikes Pedalcyclist,0,N,Washington,47.70842569347968,-122.30135477235649
Block,WEST MARGINAL WAY SW BETWEEN SW ANDOVER ST AND SW DAKOTA ST,2,Injury Collision,Cycles,3,0,1,1,1,0,0,2018-08-13T00:00:00.000Z,8/13/2018 8:48:00 AM,Mid-Block (not related to intersection),18.0,"MOTOR VEHICLE STRUCK PEDALCYCLIST, FRONT END AT ANGLE",,N,Clear or Partly Cloudy,Dry,Daylight,,,6,Pedalcyclist Strikes Moving Vehicle,0,N,Washington,47.56783972952821,-122.35421976713306
Block,THOMAS ST BETWEEN 6TH AVE N AND AURORA AVE N,2b,Serious Injury Collision,Cycles,4,0,1,1,2,1,0,2018-07-18T00:00:00.000Z,7/18/2018 2:35:00 AM,Driveway Junction,51.0,PEDALCYCLIST STRUCK MOTOR VEHICLE FRONT END AT ANGLE,Y,Y,Overcast,Dry,Dark - Street Lights On,,,6,Pedalcyclist Strikes Moving Vehicle,0,N,Washington,47.62089565086802,-122.34434819877241
Block,LAKESIDE AVE S BETWEEN S NORMAN ST AND S JUDKINS ST,2b,Serious Injury Collision,Cycles,3,0,1,1,1,1,0,2018-08-11T00:00:00.000Z,8/11/2018 11:50:00 AM,Mid-Block (not related to intersection),18.0,"MOTOR VEHICLE STRUCK PEDALCYCLIST, FRONT END AT ANGLE",,Y,Clear or Partly Cloudy,Dry,Daylight,,Y,5,Vehicle Strikes Pedalcyclist,0,N,Washington,47.59280273208744,-122.28785805986843
Intersection,10TH AVE E AND E HARRISON ST,2,Injury Collision,Cycles,2,0,1,1,1,0,0,2018-08-29T00:00:00.000Z,8/29/2018 1:11:00 PM,At Intersection (intersection related),18.0,"MOTOR VEHICLE STRUCK PEDALCYCLIST, FRONT END AT ANGLE",,N,Clear or Partly Cloudy,Dry,Daylight,Y,,5,Vehicle Strikes Pedalcyclist,0,N,Washington,47.621982674356545,-122.31992428564048
Block,ALKI TRL BETWEEN HARBOR AVE SW AND SW FLORIDA ST,2,Injury Collision,Cycles,2,0,1,1,1,0,0,2018-07-14T00:00:00.000Z,7/14/2018 3:55:00 PM,Driveway Junction,18.0,"MOTOR VEHICLE STRUCK PEDALCYCLIST, FRONT END AT ANGLE",Y,N,Clear or Partly Cloudy,Dry,Daylight,,,6,Pedalcyclist Strikes Moving Vehicle,0,N,Washington,47.576669369283096,-122.37125076853712
Block,N 109TH ST BETWEEN FREMONT AVE N AND NORTH PARK AVE N,1,Property Damage Only Collision,Cycles,2,0,1,1,0,0,0,2018-08-14T00:00:00.000Z,8/14/2018 3:05:00 PM,Driveway Junction,51.0,PEDALCYCLIST STRUCK MOTOR VEHICLE FRONT END AT ANGLE,,N,Clear or Partly Cloudy,Dry,Daylight,,Y,6,Pedalcyclist Strikes Moving Vehicle,0,N,Washington,47.70800734919003,-122.34945067093545
Intersection,2ND AVE AND CHERRY ST,2,Injury Collision,Cycles,2,1,1,0,1,0,0,2018-08-06T00:00:00.000Z,8/6/2018 10:59:00 PM,At Intersection (intersection related),64.0,PEDALCYCLIST STRUCK PEDESTRIAN,,N,Clear or Partly Cloudy,Dry,Dark - Street Lights On,,,7,Pedalcyclist Strikes Pedalcyclist or Pedestrian,0,N,Washington,47.60301939344011,-122.33317224593478
Block,STONE WAY N BETWEEN N 35TH ST AND N 36TH ST,2,Injury Collision,Parked Car,3,0,1,1,1,0,0,2018-07-28T00:00:00.000Z,7/28/2018 7:55:00 PM,Mid-Block (not related to intersection),18.0,"MOTOR VEHICLE STRUCK PEDALCYCLIST, FRONT END AT ANGLE",,N,Clear or Partly Cloudy,Dry,Daylight,,,32,One parked--one moving,0,N,Washington,47.64997532677564,-122.34270554072708
Block,LAKE WASHINGTON BLVD E BETWEEN HILLSIDE DR E AND 37TH AVE E,2,Injury Collision,Cycles,3,0,1,1,3,0,0,2018-07-28T00:00:00.000Z,7/28/2018 1:09:00 PM,Mid-Block (not related to intersection),11.0,"MOTOR VEHICLE STRUCK MOTOR VEHICLE, FRONT END AT ANGLE",,N,Clear or Partly Cloudy,Dry,Daylight,,,5,Vehicle Strikes Pedalcyclist,0,N,Washington,47.62251266126229,-122.28510343391179
Intersection,4TH AVE S AND S LANDER ST,2,Injury Collision,Cycles,3,0,1,1,1,0,0,2018-07-28T00:00:00.000Z,7/28/2018 10:58:00 AM,At Intersection (intersection related),18.0,"MOTOR VEHICLE STRUCK PEDALCYCLIST, FRONT END AT ANGLE",,N,Clear or Partly Cloudy,Dry,Daylight,,,5,Vehicle Strikes Pedalcyclist,0,N,Washington,47.57980945110732,-122.32905650500133
Intersection,BEACON AVE S AND S LANDER ST,2,Injury Collision,Cycles,4,0,1,1,1,0,0,2018-08-06T00:00:00.000Z,8/6/2018 8:50:00 AM,At Intersection (intersection related),18.0,"MOTOR VEHICLE STRUCK PEDALCYCLIST, FRONT END AT ANGLE",,N,Clear or Partly Cloudy,Dry,Daylight,,,6,Pedalcyclist Strikes Moving Vehicle,0,N,Washington,47.57947120830964,-122.31237696936155
Intersection,LATONA AVE NE AND NE PACIFIC ST,2,Injury Collision,Cycles,2,0,1,1,1,0,0,2018-07-25T00:00:00.000Z,7/25/2018 6:47:00 AM,At Intersection (intersection related),18.0,"MOTOR VEHICLE STRUCK PEDALCYCLIST, FRONT END AT ANGLE",,N,Clear or Partly Cloudy,Dry,Daylight,,,6,Pedalcyclist Strikes Moving Vehicle,0,N,Washington,47.65488891153886,-122.32570273372149
Intersection,TROLL AVE N AND N 34TH ST,2b,Serious Injury Collision,Cycles,3,0,1,2,1,1,0,2018-07-11T00:00:00.000Z,7/11/2018 4:16:00 PM,At Intersection (intersection related),18.0,"MOTOR VEHICLE STRUCK PEDALCYCLIST, FRONT END AT ANGLE",Y,N,Clear or Partly Cloudy,Dry,Daylight,,,6,Pedalcyclist Strikes Moving Vehicle,0,N,Washington,47.64924012162934,-122.34741874332344
Block,8TH AVE BETWEEN PIKE ST AND PINE ST,2,Injury Collision,Cycles,2,0,1,1,1,0,0,2018-08-07T00:00:00.000Z,8/7/2018 5:15:00 PM,Mid-Block (not related to intersection),18.0,"MOTOR VEHICLE STRUCK PEDALCYCLIST, FRONT END AT ANGLE",,N,Clear or Partly Cloudy,Dry,Daylight,,,5,Vehicle Strikes Pedalcyclist,0,N,Washington,47.61256609154783,-122.3326972947117
Block,25TH AVE NE BETWEEN NE 47TH ST AND NE 49TH ST,2,Injury Collision,Cycles,2,0,1,1,1,0,0,2018-07-31T00:00:00.000Z,7/31/2018 3:16:00 PM,Mid-Block (not related to intersection),24.0,MOTOR VEHCILE STRUCK PEDESTRIAN,,N,Clear or Partly Cloudy,Dry,Daylight,Y,,5,Vehicle Strikes Pedalcyclist,0,N,Washington,47.663835338673174,-122.30090023322309
Intersection,12TH AVE AND E PIKE ST,2,Injury Collision,Cycles,2,0,1,1,1,0,0,2018-08-03T00:00:00.000Z,8/3/2018 11:00:00 PM,At Intersection (intersection related),18.0,"MOTOR VEHICLE STRUCK PEDALCYCLIST, FRONT END AT ANGLE",,N,Clear or Partly Cloudy,Dry,Dark - Street Lights On,,,5,Vehicle Strikes Pedalcyclist,0,N,Washington,47.61410376891479,-122.31683584924204
Block,24TH AVE E BETWEEN E GALER ST AND INTERLAKEN PL E,2,Injury Collision,Cycles,2,0,1,1,1,0,0,2018-08-06T00:00:00.000Z,8/6/2018 4:24:00 PM,Mid-Block (not related to intersection),18.0,"MOTOR VEHICLE STRUCK PEDALCYCLIST, FRONT END AT ANGLE",,N,Clear or Partly Cloudy,Dry,Daylight,,,5,Vehicle Strikes Pedalcyclist,0,N,Washington,47.632935060948476,-122.30160244321587
Block,N NORTHGATE WAY BETWEEN MERIDIAN AVE N AND CORLISS AVE N,2,Injury Collision,Cycles,2,0,1,1,1,0,0,2018-07-30T00:00:00.000Z,7/30/2018 7:45:00 PM,Driveway Junction,18.0,"MOTOR VEHICLE STRUCK PEDALCYCLIST, FRONT END AT ANGLE",,N,Clear or Partly Cloudy,Dry,Daylight,Y,,6,Pedalcyclist Strikes Moving Vehicle,0,N,Washington,47.708654515714905,-122.3326553754476