addrtype,location,severitycode,severitydesc,collisiontype,personcount,pedcount,pedcylcount,vehcount,injuries,seriousinjuries,fatalities,incdate,incdttm,junctiontype,sdot_colcode,sdot_coldesc,inattentionind,underinfl,weather,roadcond,lightcond,pedrownotgrnt,speeding,st_colcode,st_coldesc,crosswalkkey,hitparkedcar,state,latitude,longitude
Intersection,4TH AVE S AND S WASHINGTON ST,2,Injury Collision,Cycles,2,0,1,1,1,0,0,2018-08-03T00:00:00.000Z,8/3/2018 7:28:00 PM,At Intersection (intersection related),18.0,"MOTOR VEHICLE STRUCK PEDALCYCLIST, FRONT END AT ANGLE",,N,Clear or Partly Cloudy,Dry,Daylight,,,5,Vehicle Strikes Pedalcyclist,521742,N,Washington,47.600875440716685,-122.3289625572052
Intersection,DEXTER AVE N AND THOMAS ST,2,Injury Collision,Cycles,2,0,1,1,1,0,0,2018-08-03T00:00:00.000Z,8/3/2018 5:13:00 PM,At Intersection (intersection related),51.0,PEDALCYCLIST STRUCK MOTOR VEHICLE FRONT END AT ANGLE,,N,Clear or Partly Cloudy,Dry,Daylight,,,5,Vehicle Strikes Pedalcyclist,0,N,Washington,47.620888394604385,-122.34238173081964
Intersection,25TH AVE E AND E CALHOUN ST,2,Injury Collision,Cycles,2,0,1,1,1,0,0,2018-08-22T00:00:00.000Z,8/22/2018 6:00:00 PM,At Intersection (intersection related),18.0,"MOTOR VEHICLE STRUCK PEDALCYCLIST, FRONT END AT ANGLE",,N,Clear or Partly Cloudy,Dry,Daylight,,,6,Pedalcyclist Strikes Moving Vehicle,0,N,Washington,47.64098157122514,-122.30033770857312
Block,4TH AVE S BETWEEN S MEAD ST AND S FIDALGO ST,2,Injury Collision,Cycles,3,0,1,1,1,0,0,2018-08-04T00:00:00.000Z,8/4/2018 2:19:00 PM,Mid-Block (not related to intersection),18.0,"MOTOR VEHICLE STRUCK PEDALCYCLIST, FRONT END AT ANGLE",Y,N,Clear or Partly Cloudy,Dry,Daylight,,,6,Pedalcyclist Strikes Moving Vehicle,0,N,Washington,47.55076890913197,-122.32957473986923
Intersection,BURKE GILMAN TRL AND NW 42ND ST,2,Injury Collision,Cycles,2,0,1,1,1,0,0,2018-08-15T00:00:00.000Z,8/15/2018 10:32:00 AM,At Intersection (intersection related),18.0,"MOTOR VEHICLE STRUCK PEDALCYCLIST, FRONT END AT ANGLE",Y,N,Clear or Partly Cloudy,Dry,Daylight,,,6,Pedalcyclist Strikes Moving Vehicle,0,N,Washington,47.657756180947025,-122.36474763126392
Intersection,6TH AVE S AND S HOLGATE ST,2,Injury Collision,Cycles,2,0,1,1,1,0,0,2018-08-15T00:00:00.000Z,8/15/2018 11:09:00 AM,At Intersection (intersection related),18.0,"MOTOR VEHICLE STRUCK PEDALCYCLIST, FRONT END AT ANGLE",,N,Clear or Partly Cloudy,Dry,Daylight,,,6,Pedalcyclist Strikes Moving Vehicle,0,N,Washington,47.58617471427101,-122.32597478014532
Intersection,5TH AVE AND BLANCHARD ST,2,Injury Collision,Cycles,4,0,1,1,1,0,0,2018-07-24T00:00:00.000Z,7/24/2018 10:11:00 PM,At Intersection (intersection related),51.0,PEDALCYCLIST STRUCK MOTOR VEHICLE FRONT END AT ANGLE,,N,Clear or Partly Cloudy,Dry,Dark - Street Lights On,,,6,Pedalcyclist Strikes Moving Vehicle,0,N,Washington,47.615264983990755,-122.34177489647146
Intersection,BROAD ST AND VALLEY ST,1,Property Damage Only Collision,Cycles,2,0,1,1,0,0,0,2018-08-03T00:00:00.000Z,8/3/2018 7:57:00 AM,At Intersection (intersection related),18.0,"MOTOR VEHICLE STRUCK PEDALCYCLIST, FRONT END AT ANGLE",,N,Overcast,Wet,Daylight,,,6,Pedalcyclist Strikes Moving Vehicle,523374,N,Washington,47.6257957692013,-122.33863455026258
Block,BROADWAY E BETWEEN E REPUBLICAN ST AND E MERCER ST,2,Injury Collision,Cycles,2,0,1,1,1,0,0,2018-08-27T00:00:00.000Z,8/27/2018 5:32:00 PM,Mid-Block (not related to intersection),11.0,"MOTOR VEHICLE STRUCK MOTOR VEHICLE, FRONT END AT ANGLE",,N,Clear or Partly Cloudy,Dry,Daylight,,,6,Pedalcyclist Strikes Moving Vehicle,0,N,Washington,47.62369761164714,-122.32093330374218
Block,LAKESIDE AVE S BETWEEN S PARKLAND PL AND S NORMAN ST,2b,Serious Injury Collision,Cycles,3,0,1,1,1,1,0,2018-09-29T00:00:00.000Z,9/29/2018 9:33:00 AM,Mid-Block (not related to intersection),51.0,PEDALCYCLIST STRUCK MOTOR VEHICLE FRONT END AT ANGLE,,N,Clear or Partly Cloudy,Dry,Daylight,,,5,Vehicle Strikes Pedalcyclist,0,N,Washington,47.59374186503814,-122.28784564963156
Intersection,MERCER ST AND TAYLOR AVE N,2,Injury Collision,Cycles,2,0,1,1,1,0,0,2018-10-30T00:00:00.000Z,10/30/2018 6:06:00 AM,At Intersection (intersection related),51.0,PEDALCYCLIST STRUCK MOTOR VEHICLE FRONT END AT ANGLE,,N,Clear or Partly Cloudy,Dry,Dark - Street Lights On,Y,,6,Pedalcyclist Strikes Moving Vehicle,0,N,Washington,47.624558047947815,-122.34626626345265
Block,10TH AVE E BETWEEN E BOSTON ST AND E LYNN ST,2,Injury Collision,Cycles,2,0,1,1,1,0,0,2018-10-23T00:00:00.000Z,10/23/2018 9:24:00 PM,Mid-Block (but intersection related),14.0,"MOTOR VEHICLE STRUCK MOTOR VEHICLE, REAR END",Y,N,Overcast,Wet,Dark - Street Lights On,,,5,Vehicle Strikes Pedalcyclist,0,N,Washington,47.63897380064675,-122.32006709302462
Block,2ND AVE BETWEEN PIKE ST AND PINE ST,2,Injury Collision,Cycles,3,0,1,1,1,0,0,2018-10-02T00:00:00.000Z,10/2/2018 7:48:00 PM,Mid-Block (not related to intersection),18.0,"MOTOR VEHICLE STRUCK PEDALCYCLIST, FRONT END AT ANGLE",,N,Raining,Wet,Dark - Street Lights On,Y,,6,Pedalcyclist Strikes Moving Vehicle,0,N,Washington,47.609780570210454,-122.33935700687486
Intersection,12TH AVE E AND E JOHN ST,2,Injury Collision,Cycles,6,0,1,1,1,0,0,2018-10-13T00:00:00.000Z,10/13/2018 11:01:00 PM,At Intersection (intersection related),24.0,MOTOR VEHCILE STRUCK PEDESTRIAN,,N,Clear or Partly Cloudy,Dry,Dark - Street Lights On,,,5,Vehicle Strikes Pedalcyclist,521047,N,Washington,47.6199367074436,-122.3169283424234
Intersection,2ND AVE AND PIKE ST,2,Injury Collision,Cycles,2,0,1,1,1,0,0,2018-10-19T00:00:00.000Z,10/19/2018 10:00:00 PM,At Intersection (intersection related),18.0,"MOTOR VEHICLE STRUCK PEDALCYCLIST, FRONT END AT ANGLE",Y,N,Unknown,Dry,Dark - Street Lights On,,,5,Vehicle Strikes Pedalcyclist,523691,N,Washington,47.60928514308913,-122.33890369362145
Block,VIRGINIA ST BETWEEN 3RD AVE AND 4TH AVE,2,Injury Collision,Cycles,2,0,1,1,1,0,0,2018-07-18T00:00:00.000Z,7/18/2018 2:55:00 PM,Mid-Block (not related to intersection),0.0,NOT ENOUGH INFORMATION / NOT APPLICABLE,,N,Unknown,Unknown,Daylight,,,5,Vehicle Strikes Pedalcyclist,0,N,Washington,47.6127292823283,-122.34046400977854
Block,10TH AVE S BETWEEN S WELLER ST AND XW S LANE ST,2,Injury Collision,Cycles,2,0,1,1,1,0,0,2018-09-04T00:00:00.000Z,9/4/2018 8:40:00 AM,Mid-Block (not related to intersection),18.0,"MOTOR VEHICLE STRUCK PEDALCYCLIST, FRONT END AT ANGLE",Y,N,Clear or Partly Cloudy,Dry,Daylight,,,5,Vehicle Strikes Pedalcyclist,0,N,Washington,47.59708333109466,-122.31964074704754
Block,12TH AVE BETWEEN E JAMES CT AND E CHERRY ST,2,Injury Collision,Cycles,2,0,1,1,1,0,0,2018-10-03T00:00:00.000Z,10/3/2018 6:19:00 PM,Mid-Block (not related to intersection),18.0,"MOTOR VEHICLE STRUCK PEDALCYCLIST, FRONT END AT ANGLE",,N,Overcast,Dry,Dusk,,,5,Vehicle Strikes Pedalcyclist,0,N,Washington,47.60774153084424,-122.31677998958747
Intersection,2ND AVE AND VIRGINIA ST,2,Injury Collision,Cycles,2,0,1,1,1,0,0,2018-10-05T00:00:00.000Z,10/5/2018 6:38:00 PM,At Intersection (intersection related),18.0,"MOTOR VEHICLE STRUCK PEDALCYCLIST, FRONT END AT ANGLE",Y,N,Raining,Wet,Dark - Street Lights On,Y,,5,Vehicle Strikes Pedalcyclist,0,N,Washington,47.61173309150678,-122.34175261335001
Block,2ND AVE BETWEEN UNIVERSITY ST AND UNION ST,2,Injury Collision,Cycles,2,0,1,1,1,0,0,2018-09-24T00:00:00.000Z,9/24/2018 4:14:00 PM,Mid-Block (not related to intersection),18.0,"MOTOR VEHICLE STRUCK PEDALCYCLIST, FRONT END AT ANGLE",,N,Clear or Partly Cloudy,Dry,Daylight,,,6,Pedalcyclist Strikes Moving Vehicle,0,N,Washington,47.60779444958214,-122.33754001043816
Intersection,BOREN AVE AND PINE ST,2b,Serious Injury Collision,Cycles,2,0,1,1,1,1,0,2018-08-29T00:00:00.000Z,8/29/2018 4:47:00 AM,At Intersection (intersection related),18.0,"MOTOR VEHICLE STRUCK PEDALCYCLIST, FRONT END AT ANGLE",,N,Clear or Partly Cloudy,Dry,Dark - Street Lights On,,,5,Vehicle Strikes Pedalcyclist,0,N,Washington,47.614457242057235,-122.3298224327749
Intersection,PIKE ST AND CONVENTION PL,1,Property Damage Only Collision,Cycles,2,0,1,1,0,0,0,2018-08-29T00:00:00.000Z,8/29/2018 4:43:00 PM,At Intersection (intersection related),18.0,"MOTOR VEHICLE STRUCK PEDALCYCLIST, FRONT END AT ANGLE",,N,Clear or Partly Cloudy,Dry,Daylight,,,5,Vehicle Strikes Pedalcyclist,0,N,Washington,47.61253536978686,-122.331133851864
Intersection,6TH AVE AND COLUMBIA ST,2,Injury Collision,Cycles,4,0,1,1,1,0,0,2018-11-07T00:00:00.000Z,11/7/2018 4:35:00 PM,At Intersection (intersection related),51.0,PEDALCYCLIST STRUCK MOTOR VEHICLE FRONT END AT ANGLE,,N,Clear or Partly Cloudy,Dry,Daylight,,,5,Vehicle Strikes Pedalcyclist,0,N,Washington,47.60558932395872,-122.32938610351192
Intersection,DEARBORN ST OFF RP AND S DEARBORN ST,2,Injury Collision,Cycles,2,0,1,1,1,0,0,2018-11-06T00:00:00.000Z,11/6/2018 5:00:00 PM,At Intersection (intersection related),18.0,"MOTOR VEHICLE STRUCK PEDALCYCLIST, FRONT END AT ANGLE",Y,N,Clear or Partly Cloudy,Dry,Dark - Street Lights On,,,5,Vehicle Strikes Pedalcyclist,520802,N,Washington,47.59582497750532,-122.31921545010128
Intersection,10TH AVE AND E PINE ST,2,Injury Collision,Cycles,3,0,1,1,1,0,0,2018-09-08T00:00:00.000Z,9/8/2018 12:45:00 PM,At Intersection (intersection related),18.0,"MOTOR VEHICLE STRUCK PEDALCYCLIST, FRONT END AT ANGLE",,N,Overcast,Dry,Daylight,,,6,Pedalcyclist Strikes Moving Vehicle,0,N,Washington,47.615245137368404,-122.31946547553095
Intersection,CORLISS AVE N AND N 128TH ST,2,Injury Collision,Cycles,2,0,1,1,1,0,0,2018-09-13T00:00:00.000Z,9/13/2018 5:59:00 PM,At Intersection (intersection related),51.0,PEDALCYCLIST STRUCK MOTOR VEHICLE FRONT END AT ANGLE,,N,Clear or Partly Cloudy,Dry,Daylight,,,5,Vehicle Strikes Pedalcyclist,0,N,Washington,47.721988007291365,-122.33100091890951
Intersection,6TH AVE AND YESLER WAY,2,Injury Collision,Cycles,3,0,1,1,1,0,0,2018-10-19T00:00:00.000Z,10/19/2018 4:43:00 PM,At Intersection (intersection related),18.0,"MOTOR VEHICLE STRUCK PEDALCYCLIST, FRONT END AT ANGLE",,N,Clear or Partly Cloudy,Dry,Daylight,,,6,Pedalcyclist Strikes Moving Vehicle,0,N,Washington,47.60170997000567,-122.3263508260635
Intersection,JOHN ST AND QUEEN ANNE AVE N,2,Injury Collision,Cycles,2,0,1,1,1,0,0,2018-08-25T00:00:00.000Z,8/25/2018 12:03:00 AM,At Intersection (intersection related),51.0,PEDALCYCLIST STRUCK MOTOR VEHICLE FRONT END AT ANGLE,,N,Overcast,Dry,Dark - Street Lights On,,,5,Vehicle Strikes Pedalcyclist,0,N,Washington,47.61977326031071,-122.35674674375055
Intersection,3RD AVE AND SENECA ST,2,Injury Collision,Cycles,2,1,1,0,2,0,0,2018-09-04T00:00:00.000Z,9/4/2018 11:47:00 AM,At Intersection (intersection related),64.0,PEDALCYCLIST STRUCK PEDESTRIAN,,N,Clear or Partly Cloudy,Dry,Daylight,,,7,Pedalcyclist Strikes Pedalcyclist or Pedestrian,521567,N,Washington,47.60705029120062,-122.33532371903515
Block,WESTLAKE AVE BETWEEN 7TH AVE AND 8TH AVE,2,Injury Collision,Cycles,2,0,1,1,1,0,0,2018-09-16T00:00:00.000Z,9/16/2018 8:35:00 AM,Mid-Block (but intersection related),0.0,NOT ENOUGH INFORMATION / NOT APPLICABLE,,N,Raining,Wet,Daylight,,,8,Pedalcyclist All Other Involvements ONE UNIT - PEDALCYCLIST ONLY or PEDALCYCLIST STR,523896,N,Washington,47.61588525225957,-122.3378789087839
Intersection,6TH AVE AND BELL ST,2,Injury Collision,Cycles,4,0,1,1,1,0,0,2018-10-19T00:00:00.000Z,10/19/2018 6:40:00 AM,At Intersection (intersection related),18.0,"MOTOR VEHICLE STRUCK PEDALCYCLIST, FRONT END AT ANGLE",,N,Clear or Partly Cloudy,Dry,Dark - Street Lights On,,,5,Vehicle Strikes Pedalcyclist,521733,N,Washington,47.616698242246784,-122.34221437514245
Intersection,5TH AVE S AND S RIVER ST,1,Property Damage Only Collision,Cycles,2,0,1,1,0,0,0,2018-10-09T00:00:00.000Z,10/9/2018 6:10:00 AM,At Intersection (intersection related),18.0,"MOTOR VEHICLE STRUCK PEDALCYCLIST, FRONT END AT ANGLE",Y,N,Raining,Wet,Dark - No Street Lights,,,5,Vehicle Strikes Pedalcyclist,0,N,Washington,47.543718985238534,-122.3283928289253
Block,BLANCHARD ST BETWEEN 4TH AVE AND 5TH AVE,1,Property Damage Only Collision,Cycles,2,0,1,1,0,0,0,2018-09-30T00:00:00.000Z,9/30/2018 11:00:00 AM,Mid-Block (not related to intersection),11.0,"MOTOR VEHICLE STRUCK MOTOR VEHICLE, FRONT END AT ANGLE",,N,Unknown,Unknown,Unknown,,,6,Pedalcyclist Strikes Moving Vehicle,0,N,Washington,47.614931663156966,-122.34220582505321
Block,NE 45TH ST BETWEEN UNIVERSITY WAY NE AND 15TH AVE NE,2,Injury Collision,Cycles,2,0,1,1,1,0,0,2018-09-21T00:00:00.000Z,9/21/2018 3:05:00 PM,Mid-Block (not related to intersection),18.0,"MOTOR VEHICLE STRUCK PEDALCYCLIST, FRONT END AT ANGLE",Y,N,Clear or Partly Cloudy,Dry,Daylight,,,5,Vehicle Strikes Pedalcyclist,0,N,Washington,47.66126567422878,-122.31256350599028
Intersection,10TH AVE E AND E JOHN ST,1,Property Damage Only Collision,Cycles,2,0,1,1,0,0,0,2018-11-06T00:00:00.000Z,11/6/2018 7:00:00 AM,At Intersection (intersection related),51.0,PEDALCYCLIST STRUCK MOTOR VEHICLE FRONT END AT ANGLE,,N,Overcast,Dry,Dawn,,,6,Pedalcyclist Strikes Moving Vehicle,0,N,Washington,47.61991719995634,-122.31953929246687
Intersection,BELMONT AVE E AND E DENNY WAY,2,Injury Collision,Cycles,2,0,1,1,1,0,0,2018-10-28T00:00:00.000Z,10/28/2018 1:53:00 AM,At Intersection (intersection related),51.0,PEDALCYCLIST STRUCK MOTOR VEHICLE FRONT END AT ANGLE,Y,Y,Raining,Wet,Dark - Street Lights On,,,6,Pedalcyclist Strikes Moving Vehicle,0,N,Washington,47.61848338722297,-122.32400480696823
Block,S KING ST BETWEEN 6TH AVE S AND MAYNARD AVE S,1,Property Damage Only Collision,Cycles,4,0,1,1,0,0,0,2018-08-19T00:00:00.000Z,8/19/2018 4:15:00 PM,Driveway Junction,18.0,"MOTOR VEHICLE STRUCK PEDALCYCLIST, FRONT END AT ANGLE",,N,Overcast,Dry,Daylight,,,6,Pedalcyclist Strikes Moving Vehicle,0,N,Washington,47.598352861423244,-122.32571327812802
Block,FAIRVIEW AVE E BETWEEN E LYNN ST AND E ROANOKE ST,2,Injury Collision,Cycles,2,0,1,1,1,0,0,2018-09-28T00:00:00.000Z,9/28/2018 9:12:00 AM,Mid-Block (not related to intersection),51.0,PEDALCYCLIST STRUCK MOTOR VEHICLE FRONT END AT ANGLE,,N,Overcast,Dry,Daylight,,,5,Vehicle Strikes Pedalcyclist,0,N,Washington,47.64151665653793,-122.32940753165335
Intersection,17TH AVE AND E MADISON ST,2,Injury Collision,Cycles,2,1,1,0,2,0,0,2018-06-06T00:00:00.000Z,6/6/2018 8:48:00 AM,At Intersection (intersection related),24.0,MOTOR VEHCILE STRUCK PEDESTRIAN,,N,Clear or Partly Cloudy,Dry,Daylight,Y,,7,Pedalcyclist Strikes Pedalcyclist or Pedestrian,0,N,Washington,47.61558986329553,-122.3101512364648
Intersection,4TH AVE AND PINE ST,2,Injury Collision,Cycles,2,1,1,0,1,0,0,2018-08-29T00:00:00.000Z,8/29/2018 10:00:00 AM,At Intersection (intersection related),64.0,PEDALCYCLIST STRUCK PEDESTRIAN,,N,Clear or Partly Cloudy,Dry,Daylight,Y,,7,Pedalcyclist Strikes Pedalcyclist or Pedestrian,523145,N,Washington,47.61120737279311,-122.33759198158764
Block,S SPOKANE ST BETWEEN HAHN PL S AND 13TH AVE S,2,Injury Collision,Cycles,2,0,1,1,1,0,0,2018-10-03T00:00:00.000Z,10/3/2018 7:37:00 AM,Mid-Block (not related to intersection),18.0,"MOTOR VEHICLE STRUCK PEDALCYCLIST, FRONT END AT ANGLE",,N,Clear or Partly Cloudy,Dry,Daylight,,,5,Vehicle Strikes Pedalcyclist,0,N,Washington,47.57161614865554,-122.31638597076737
Block,8TH AVE NW BETWEEN NW MARKET ST AND NW 56TH ST,2,Injury Collision,Cycles,2,0,1,1,1,0,0,2018-10-16T00:00:00.000Z,10/16/2018 8:27:00 AM,Mid-Block (not related to intersection),18.0,"MOTOR VEHICLE STRUCK PEDALCYCLIST, FRONT END AT ANGLE",,N,Clear or Partly Cloudy,Dry,Daylight,,,6,Pedalcyclist Strikes Moving Vehicle,0,N,Washington,47.66904055691744,-122.36617843981155
Block,7TH AVE S BETWEEN S JACKSON ST AND S KING ST,2,Injury Collision,Cycles,2,0,1,1,1,0,0,2018-09-24T00:00:00.000Z,9/24/2018 9:05:00 AM,Mid-Block (not related to intersection),14.0,"MOTOR VEHICLE STRUCK MOTOR VEHICLE, REAR END",,N,Clear or Partly Cloudy,Dry,Daylight,,,6,Pedalcyclist Strikes Moving Vehicle,0,N,Washington,47.59877058418746,-122.32375189667557
Block,ROOSEVELT WAY NE BETWEEN NE 45TH ST AND NE 47TH ST,2,Injury Collision,Cycles,2,0,1,1,1,0,0,2018-09-21T00:00:00.000Z,9/21/2018 8:02:00 AM,Mid-Block (not related to intersection),18.0,"MOTOR VEHICLE STRUCK PEDALCYCLIST, FRONT END AT ANGLE",Y,N,Clear or Partly Cloudy,Dry,Daylight,,,6,Pedalcyclist Strikes Moving Vehicle,0,N,Washington,47.6621980426651,-122.31745114315427
Intersection,9TH AVE AND PINE ST,2,Injury Collision,Cycles,2,1,1,0,2,0,0,2018-09-01T00:00:00.000Z,9/1/2018 7:11:00 PM,At Intersection (intersection related),24.0,MOTOR VEHCILE STRUCK PEDESTRIAN,,N,Clear or Partly Cloudy,Dry,Daylight,,,7,Pedalcyclist Strikes Pedalcyclist or Pedestrian,0,N,Washington,47.61352793075682,-122.33204186686301
Intersection,BOREN AVE AND PIKE ST,2,Injury Collision,Cycles,2,0,1,1,1,0,0,2018-10-11T00:00:00.000Z,10/11/2018 10:41:00 PM,At Intersection (intersection related),24.0,MOTOR VEHCILE STRUCK PEDESTRIAN,Y,N,Clear or Partly Cloudy,Dry,Dark - Street Lights On,,,5,Vehicle Strikes Pedalcyclist,0,N,Washington,47.61346582031274,-122.328913101671
Intersection,15TH AVE NE AND NE 52ND ST,2,Injury Collision,Cycles,2,0,1,1,1,0,0,2018-10-28T00:00:00.000Z,10/28/2018 3:12:00 PM,At Intersection (intersection related),51.0,PEDALCYCLIST STRUCK MOTOR VEHICLE FRONT END AT ANGLE,,N,Clear or Partly Cloudy,Wet,Daylight,,,8,Pedalcyclist All Other Involvements ONE UNIT - PEDALCYCLIST ONLY or PEDALCYCLIST STR,0,N,Washington,47.66642828408111,-122.31191620916996
Intersection,KIRKWOOD PL N AND EAST GREEN LAKE WAY N,2,Injury Collision,Cycles,2,0,1,1,1,0,0,2018-08-27T00:00:00.000Z,8/27/2018 6:38:00 PM,At Intersection (intersection related),51.0,PEDALCYCLIST STRUCK MOTOR VEHICLE FRONT END AT ANGLE,,N,Clear or Partly Cloudy,Dry,Daylight,,,5,Vehicle Strikes Pedalcyclist,0,N,Washington,47.67370865130028,-122.3356536120808
Intersection,RAVENNA AVE NE AND NE 105TH ST,2,Injury Collision,Cycles,2,0,1,1,1,0,0,2018-09-14T00:00:00.000Z,9/14/2018 7:13:00 AM,At Intersection (intersection related),51.0,PEDALCYCLIST STRUCK MOTOR VEHICLE FRONT END AT ANGLE,,N,Raining,Wet,Daylight,Y,,5,Vehicle Strikes Pedalcyclist,0,N,Washington,47.70478714720071,-122.29752991527702
Intersection,DELRIDGE WAY SW AND SW THISTLE ST,1,Property Damage Only Collision,Cycles,2,0,1,1,0,0,0,2018-09-17T00:00:00.000Z,9/17/2018 1:30:00 PM,At Intersection (intersection related),18.0,"MOTOR VEHICLE STRUCK PEDALCYCLIST, FRONT END AT ANGLE",,N,Unknown,Unknown,Daylight,,,5,Vehicle Strikes Pedalcyclist,0,N,Washington,47.52828360348683,-122.36046004550563
Intersection,8TH AVE NW AND NW 56TH ST,2,Injury Collision,Cycles,2,0,1,1,1,0,0,2018-09-20T00:00:00.000Z,9/20/2018 7:46:00 AM,At Intersection (intersection related),51.0,PEDALCYCLIST STRUCK MOTOR VEHICLE FRONT END AT ANGLE,,N,Raining,Wet,Daylight,,,6,Pedalcyclist Strikes Moving Vehicle,0,N,Washington,47.669430466870644,-122.36617831122828
Intersection,12TH AVE AND E FIR ST,2,Injury Collision,Cycles,2,0,1,1,1,0,0,2018-09-07T00:00:00.000Z,9/7/2018 4:26:00 PM,At Intersection (intersection related),18.0,"MOTOR VEHICLE STRUCK PEDALCYCLIST, FRONT END AT ANGLE",,N,Clear or Partly Cloudy,Dry,Daylight,,,5,Vehicle Strikes Pedalcyclist,0,N,Washington,47.60268590720001,-122.31678180366168
Intersection,11TH AVE AND E PINE ST,2,Injury Collision,Cycles,2,0,1,1,1,0,0,2018-09-24T00:00:00.000Z,9/24/2018 8:39:00 AM,At Intersection (intersection related),51.0,PEDALCYCLIST STRUCK MOTOR VEHICLE FRONT END AT ANGLE,Y,N,Clear or Partly Cloudy,Dry,Daylight,,,6,Pedalcyclist Strikes Moving Vehicle,0,N,Washington,47.61525439144628,-122.31815943391057
Block,16TH AVE S BETWEEN E YESLER WAY AND S WASHINGTON ST,2,Injury Collision,Cycles,3,0,1,1,1,0,0,2018-10-24T00:00:00.000Z,10/24/2018 6:33:00 PM,Mid-Block (but intersection related),18.0,"MOTOR VEHICLE STRUCK PEDALCYCLIST, FRONT END AT ANGLE",Y,N,Clear or Partly Cloudy,Dry,Dark - No Street Lights,,,5,Vehicle Strikes Pedalcyclist,0,N,Washington,47.601264776790465,-122.31157048838554
Block,DELRIDGE WAY SW BETWEEN SW MYRTLE ST AND SW ORCHARD ST,2,Injury Collision,Cycles,2,0,1,1,1,0,0,2019-06-11T00:00:00.000Z,6/11/2019 6:30:00 AM,Driveway Junction,51.0,PEDALCYCLIST STRUCK MOTOR VEHICLE FRONT END AT ANGLE,,N,Clear or Partly Cloudy,Dry,Dawn,,,5,Vehicle Strikes Pedalcyclist,0,N,Washington,47.53855214627733,-122.36101474100072
Block,2ND AVE S BETWEEN S MAIN ST AND S JACKSON ST,2,Injury Collision,Cycles,2,0,1,1,1,0,0,2019-06-14T00:00:00.000Z,6/14/2019 3:31:00 PM,Mid-Block (not related to intersection),18.0,"MOTOR VEHICLE STRUCK PEDALCYCLIST, FRONT END AT ANGLE",,Y,Clear or Partly Cloudy,Dry,Daylight,,,5,Vehicle Strikes Pedalcyclist,0,N,Washington,47.599622289545366,-122.33157553327752
Intersection,M L KING JR ER WAY S AND S ANGEL PL,2,Injury Collision,Cycles,2,0,1,1,1,0,0,2019-05-26T00:00:00.000Z,5/26/2019 5:26:00 PM,At Intersection (intersection related),18.0,"MOTOR VEHICLE STRUCK PEDALCYCLIST, FRONT END AT ANGLE",,N,Clear or Partly Cloudy,Dry,Daylight,,,5,Vehicle Strikes Pedalcyclist,524987,N,Washington,47.54461315144961,-122.28478618449616
Intersection,28TH AVE W AND GILMAN AVE W,2,Injury Collision,Cycles,2,0,1,1,1,0,0,2019-05-12T00:00:00.000Z,5/12/2019 1:00:00 PM,At Intersection (intersection related),18.0,"MOTOR VEHICLE STRUCK PEDALCYCLIST, FRONT END AT ANGLE",,N,Unknown,Unknown,Unknown,,,6,Pedalcyclist Strikes Moving Vehicle,0,N,Washington,47.66067117812689,-122.39284932893648
Block,LAKESIDE AVE BETWEEN E YESLER WAY AND LAKE WASHINGTON BLVD,2,Injury Collision,Cycles,2,0,1,1,1,0,0,2019-06-01T00:00:00.000Z,6/1/2019 4:02:00 PM,Mid-Block (not related to intersection),18.0,"MOTOR VEHICLE STRUCK PEDALCYCLIST, FRONT END AT ANGLE",Y,N,Clear or Partly Cloudy,Dry,Daylight,,,5,Vehicle Strikes Pedalcyclist,0,N,Washington,47.60233101679013,-122.28498130977427
Intersection,48TH AVE S AND LAKE WASHINGTON BLVD S,2,Injury Collision,Cycles,2,0,1,1,1,0,0,2019-04-13T00:00:00.000Z,4/13/2019 11:10:00 AM,At Intersection (intersection related),18.0,"MOTOR VEHICLE STRUCK PEDALCYCLIST, FRONT END AT ANGLE",,N,Clear or Partly Cloudy,Wet,Daylight,,,6,Pedalcyclist Strikes Moving Vehicle,0,N,Washington,47.56868518237295,-122.27323149129316
Intersection,LEARY WAY NW AND NW 40TH ST,2,Injury Collision,Cycles,3,0,1,1,1,0,0,2019-05-07T00:00:00.000Z,5/7/2019 9:58:00 PM,At Intersection (intersection related),51.0,PEDALCYCLIST STRUCK MOTOR VEHICLE FRONT END AT ANGLE,,Y,Clear or Partly Cloudy,Dry,Dark - Street Lights On,,,6,Pedalcyclist Strikes Moving Vehicle,0,N,Washington,47.656062369976645,-122.36191942776517
Intersection,FREMONT AVE N AND N 36TH ST,2,Injury Collision,Cycles,2,0,1,1,1,0,0,2019-05-17T00:00:00.000Z,5/17/2019 8:01:00 AM,At Intersection (intersection related),18.0,"MOTOR VEHICLE STRUCK PEDALCYCLIST, FRONT END AT ANGLE",Y,N,Overcast,Wet,Daylight,,,5,Vehicle Strikes Pedalcyclist,0,N,Washington,47.65134880870682,-122.34993445253836