addrtype,location,severitycode,severitydesc,collisiontype,personcount,pedcount,pedcylcount,vehcount,injuries,seriousinjuries,fatalities,incdate,incdttm,junctiontype,sdot_colcode,sdot_coldesc,inattentionind,underinfl,weather,roadcond,lightcond,pedrownotgrnt,speeding,st_colcode,st_coldesc,crosswalkkey,hitparkedcar,state,latitude,longitude
Intersection,LAKE WASHINGTON BLVD S AND S ORCAS ST,2,Injury Collision,Cycles,2,0,1,1,1,0,0,2019-05-27T00:00:00.000Z,5/27/2019 7:33:00 PM,At Intersection (intersection related),51.0,PEDALCYCLIST STRUCK MOTOR VEHICLE FRONT END AT ANGLE,,Y,Clear or Partly Cloudy,Dry,Daylight,Y,,5,Vehicle Strikes Pedalcyclist,0,N,Washington,47.55104977884832,-122.2593430029616
Block,LAKE CITY WAY NE BETWEEN NE 125TH ST AND NE 127TH ST,2,Injury Collision,Cycles,2,0,1,1,1,0,0,2019-04-26T00:00:00.000Z,4/26/2019 4:42:00 PM,Mid-Block (not related to intersection),18.0,"MOTOR VEHICLE STRUCK PEDALCYCLIST, FRONT END AT ANGLE",,N,Clear or Partly Cloudy,Dry,Daylight,Y,,5,Vehicle Strikes Pedalcyclist,0,N,Washington,47.720183803433216,-122.29469766252743
Intersection,11TH AVE AND E PINE ST,2,Injury Collision,Cycles,3,0,1,1,1,0,0,2019-05-23T00:00:00.000Z,5/23/2019 8:20:00 AM,At Intersection (intersection related),18.0,"MOTOR VEHICLE STRUCK PEDALCYCLIST, FRONT END AT ANGLE",Y,N,Clear or Partly Cloudy,Dry,Daylight,,,5,Vehicle Strikes Pedalcyclist,0,N,Washington,47.61525439144628,-122.31815943391057
Intersection,5TH AVE S AND S PORTLAND ST,2b,Serious Injury Collision,Cycles,2,0,1,1,1,1,0,2019-06-03T00:00:00.000Z,6/3/2019 7:57:00 AM,At Intersection (intersection related),18.0,"MOTOR VEHICLE STRUCK PEDALCYCLIST, FRONT END AT ANGLE",,N,Clear or Partly Cloudy,Dry,Daylight,,,5,Vehicle Strikes Pedalcyclist,626530,N,Washington,47.53341914960664,-122.32814343291851
Alley,,2,Injury Collision,Cycles,2,0,1,1,1,0,0,2019-06-05T00:00:00.000Z,6/5/2019 3:30:00 PM,,0.0,NOT ENOUGH INFORMATION / NOT APPLICABLE,,N,Clear or Partly Cloudy,Dry,Daylight,Y,,5,Vehicle Strikes Pedalcyclist,0,N,Washington,,
Intersection,BURKE GILMAN TRL AND NE 70TH ST,2,Injury Collision,Cycles,2,0,1,1,1,0,0,2019-06-11T00:00:00.000Z,6/11/2019 7:16:00 PM,At Intersection (intersection related),18.0,"MOTOR VEHICLE STRUCK PEDALCYCLIST, FRONT END AT ANGLE",,N,Clear or Partly Cloudy,Dry,Daylight,,,5,Vehicle Strikes Pedalcyclist,0,N,Washington,47.67937219886514,-122.2653146199442
Intersection,HIAWATHA PL S AND S CHARLES ST,1,Property Damage Only Collision,Cycles,2,0,1,1,0,0,0,2019-06-24T00:00:00.000Z,6/24/2019 5:37:00 PM,At Intersection (intersection related),18.0,"MOTOR VEHICLE STRUCK PEDALCYCLIST, FRONT END AT ANGLE",,N,Clear or Partly Cloudy,Dry,Daylight,,,5,Vehicle Strikes Pedalcyclist,0,N,Washington,47.59443215095732,-122.30912072499359
Intersection,LEARY WAY NW AND NW 46TH ST,2,Injury Collision,Cycles,2,0,1,1,1,0,0,2019-05-30T00:00:00.000Z,5/30/2019 9:15:00 PM,At Intersection (intersection related),18.0,"MOTOR VEHICLE STRUCK PEDALCYCLIST, FRONT END AT ANGLE",,N,Clear or Partly Cloudy,Dry,Dusk,Y,,5,Vehicle Strikes Pedalcyclist,0,N,Washington,47.6621954055336,-122.36786512751544
Intersection,LINDEN AVE N AND N 130TH ST,2,Injury Collision,Cycles,2,0,1,1,1,0,0,2019-06-01T00:00:00.000Z,6/1/2019 7:56:00 PM,At Intersection (intersection related),11.0,"MOTOR VEHICLE STRUCK MOTOR VEHICLE, FRONT END AT ANGLE",,N,Clear or Partly Cloudy,Dry,Daylight,,,5,Vehicle Strikes Pedalcyclist,0,N,Washington,47.7232183775105,-122.34819529863749
Intersection,15TH AVE NE AND NE 145TH ST,2,Injury Collision,Cycles,2,0,1,1,1,0,0,2019-06-09T00:00:00.000Z,6/9/2019 2:44:00 PM,At Intersection (intersection related),18.0,"MOTOR VEHICLE STRUCK PEDALCYCLIST, FRONT END AT ANGLE",,N,Clear or Partly Cloudy,Dry,Daylight,,,5,Vehicle Strikes Pedalcyclist,0,N,Washington,47.73395172543252,-122.31274859416612
Intersection,BOREN AVE AND PINE ST,2,Injury Collision,Cycles,2,0,1,1,1,0,0,2019-06-09T00:00:00.000Z,6/9/2019 9:46:00 AM,At Intersection (intersection related),14.0,"MOTOR VEHICLE STRUCK MOTOR VEHICLE, REAR END",Y,N,Clear or Partly Cloudy,Dry,Daylight,,,6,Pedalcyclist Strikes Moving Vehicle,0,N,Washington,47.614457242057235,-122.3298224327749
Block,S JACKSON ST BETWEEN 14TH AVE S AND 16TH AVE S,2,Injury Collision,Cycles,2,0,1,1,1,0,0,2019-04-25T00:00:00.000Z,4/25/2019 9:40:00 AM,Mid-Block (not related to intersection),18.0,"MOTOR VEHICLE STRUCK PEDALCYCLIST, FRONT END AT ANGLE",Y,N,Clear or Partly Cloudy,Dry,Daylight,,,5,Vehicle Strikes Pedalcyclist,0,N,Washington,47.599217493168744,-122.31285936420177
Intersection,9TH AVE N AND REPUBLICAN ST,2,Injury Collision,Cycles,5,0,1,1,1,0,0,2019-05-18T00:00:00.000Z,5/18/2019 10:14:00 AM,At Intersection (intersection related),51.0,PEDALCYCLIST STRUCK MOTOR VEHICLE FRONT END AT ANGLE,Y,N,Clear or Partly Cloudy,Dry,Daylight,,,5,Vehicle Strikes Pedalcyclist,0,N,Washington,47.62321406543728,-122.33975127127506
Intersection,8TH AVE AND VIRGINIA ST,2,Injury Collision,Cycles,3,0,1,1,1,0,0,2019-05-22T00:00:00.000Z,5/22/2019 4:05:00 PM,At Intersection (intersection related),18.0,"MOTOR VEHICLE STRUCK PEDALCYCLIST, FRONT END AT ANGLE",,N,Clear or Partly Cloudy,Dry,Daylight,Y,,6,Pedalcyclist Strikes Moving Vehicle,0,N,Washington,47.61572120140325,-122.3365952210747
Intersection,1ST AVE NE AND NE NORTHGATE WAY,2,Injury Collision,Cycles,3,0,1,1,1,0,0,2019-06-12T00:00:00.000Z,6/12/2019 8:30:00 PM,At Intersection (intersection related),18.0,"MOTOR VEHICLE STRUCK PEDALCYCLIST, FRONT END AT ANGLE",,N,Clear or Partly Cloudy,Dry,Daylight,,,5,Vehicle Strikes Pedalcyclist,521147,N,Washington,47.708628720354106,-122.32863426558531
Intersection,30TH AVE SW AND SW MYRTLE ST,1,Property Damage Only Collision,Cycles,2,0,1,1,0,0,0,2019-06-14T00:00:00.000Z,6/14/2019 7:30:00 AM,At Intersection (intersection related),18.0,"MOTOR VEHICLE STRUCK PEDALCYCLIST, FRONT END AT ANGLE",,N,Clear or Partly Cloudy,Dry,Daylight,Y,,5,Vehicle Strikes Pedalcyclist,0,N,Washington,47.539195773802916,-122.37119439170007
Block,CLAY ST BETWEEN WESTERN AVE AND 1ST AVE,2,Injury Collision,Cycles,3,0,1,1,1,0,0,2019-05-29T00:00:00.000Z,5/29/2019 7:18:00 PM,Driveway Junction,51.0,PEDALCYCLIST STRUCK MOTOR VEHICLE FRONT END AT ANGLE,Y,N,Clear or Partly Cloudy,Dry,Daylight,,,6,Pedalcyclist Strikes Moving Vehicle,0,N,Washington,47.61602045774932,-122.35198092216044
Block,2ND AVE BETWEEN PIKE ST AND PINE ST,2,Injury Collision,Cycles,2,0,1,1,1,0,0,2019-06-07T00:00:00.000Z,6/7/2019 2:02:00 PM,Driveway Junction,18.0,"MOTOR VEHICLE STRUCK PEDALCYCLIST, FRONT END AT ANGLE",,N,Raining,Wet,Daylight,Y,,6,Pedalcyclist Strikes Moving Vehicle,0,N,Washington,47.609780570210454,-122.33935700687486
Intersection,1ST AVE NE AND NE 56TH ST,2,Injury Collision,Cycles,4,0,1,1,1,0,0,2019-05-28T00:00:00.000Z,5/28/2019 4:59:00 PM,At Intersection (intersection related),18.0,"MOTOR VEHICLE STRUCK PEDALCYCLIST, FRONT END AT ANGLE",,N,Clear or Partly Cloudy,Dry,Daylight,,,6,Pedalcyclist Strikes Moving Vehicle,0,N,Washington,47.669365574472316,-122.32825777944271
Block,UNIVERSITY WAY NE BETWEEN NE 41ST ST AND NE 42ND ST,2,Injury Collision,Cycles,2,0,1,1,1,0,0,2019-05-06T00:00:00.000Z,5/6/2019 12:10:00 PM,Mid-Block (not related to intersection),54.0,PEDALCYCLIST STRUCK MOTOR VEHICLE REAR END,,N,Clear or Partly Cloudy,Dry,Daylight,,,6,Pedalcyclist Strikes Moving Vehicle,0,N,Washington,47.657573166293204,-122.31322662429108
Block,FAIRVIEW AVE N BETWEEN DENNY WAY AND JOHN ST,1,Property Damage Only Collision,Cycles,2,0,1,1,0,0,0,2019-06-14T00:00:00.000Z,6/14/2019 11:00:00 AM,Mid-Block (but intersection related),0.0,NOT ENOUGH INFORMATION / NOT APPLICABLE,,N,Clear or Partly Cloudy,Dry,Daylight,,,6,Pedalcyclist Strikes Moving Vehicle,0,N,Washington,47.6190896796842,-122.33425790593279
Intersection,BURKE GILMAN TRL AND NW 41ST ST,2,Injury Collision,Cycles,2,0,1,1,1,0,0,2019-05-14T00:00:00.000Z,5/14/2019 10:17:00 AM,At Intersection (intersection related),18.0,"MOTOR VEHICLE STRUCK PEDALCYCLIST, FRONT END AT ANGLE",,N,Raining,Wet,Daylight,,,5,Vehicle Strikes Pedalcyclist,0,N,Washington,47.65693097354106,-122.36393774664083
Intersection,DEXTER AVE N AND HARRISON ST,2,Injury Collision,Cycles,2,0,1,1,1,0,0,2019-03-21T00:00:00.000Z,3/21/2019 2:59:00 PM,At Intersection (intersection related),18.0,"MOTOR VEHICLE STRUCK PEDALCYCLIST, FRONT END AT ANGLE",,N,Clear or Partly Cloudy,Dry,Daylight,,,6,Pedalcyclist Strikes Moving Vehicle,0,N,Washington,47.62205574526417,-122.34237158587831
Block,LAKE WASHINGTON BLVD S BETWEEN S GENESEE WAY AND 53RD AVE S,2,Injury Collision,Cycles,2,0,1,1,1,0,0,2019-06-01T00:00:00.000Z,6/1/2019 2:03:00 PM,Driveway Junction,18.0,"MOTOR VEHICLE STRUCK PEDALCYCLIST, FRONT END AT ANGLE",,N,Clear or Partly Cloudy,Dry,Daylight,,,5,Vehicle Strikes Pedalcyclist,0,N,Washington,47.56214487159431,-122.26770988430953
Block,EASTLAKE AVE E BETWEEN HARVARD AVE E AND FUHRMAN AVE E,2,Injury Collision,Cycles,1,0,1,0,1,0,0,2019-05-12T00:00:00.000Z,5/12/2019 5:41:00 PM,Mid-Block (not related to intersection),18.0,"MOTOR VEHICLE STRUCK PEDALCYCLIST, FRONT END AT ANGLE",,N,Other,Dry,Daylight,,,8,Pedalcyclist All Other Involvements ONE UNIT - PEDALCYCLIST ONLY or PEDALCYCLIST STR,0,N,Washington,47.65104751116883,-122.32168580219019
Block,15TH AVE NE BETWEEN NE 80TH ST AND LAKE CITY WAY NE,2b,Serious Injury Collision,Cycles,2,0,1,1,1,1,0,2019-05-03T00:00:00.000Z,5/3/2019 9:00:00 PM,Mid-Block (not related to intersection),18.0,"MOTOR VEHICLE STRUCK PEDALCYCLIST, FRONT END AT ANGLE",,N,Unknown,Unknown,Unknown,,,6,Pedalcyclist Strikes Moving Vehicle,0,N,Washington,47.687095124711284,-122.31216373528164
Block,SHILSHOLE AVE NW BETWEEN 22ND AVE NW AND 24TH AVE NW,2,Injury Collision,Cycles,2,0,1,1,1,0,0,2019-05-15T00:00:00.000Z,5/15/2019 5:25:00 PM,Mid-Block (not related to intersection),18.0,"MOTOR VEHICLE STRUCK PEDALCYCLIST, FRONT END AT ANGLE",,N,Raining,Wet,Daylight,,,5,Vehicle Strikes Pedalcyclist,0,N,Washington,47.66743301924146,-122.38615804443273
Intersection,3RD AVE NW AND NW 77TH ST,2b,Serious Injury Collision,Cycles,2,0,1,1,1,1,0,2019-05-22T00:00:00.000Z,5/22/2019 2:55:00 PM,At Intersection (intersection related),18.0,"MOTOR VEHICLE STRUCK PEDALCYCLIST, FRONT END AT ANGLE",,N,Clear or Partly Cloudy,Dry,Daylight,,,6,Pedalcyclist Strikes Moving Vehicle,0,N,Washington,47.68473961203866,-122.36065228274119
Block,1ST AVE NE BETWEEN NE 45TH ST AND NE 46TH ST,2,Injury Collision,Cycles,2,0,1,1,1,0,0,2019-05-02T00:00:00.000Z,5/2/2019 5:50:00 PM,Mid-Block (not related to intersection),18.0,"MOTOR VEHICLE STRUCK PEDALCYCLIST, FRONT END AT ANGLE",,N,Clear or Partly Cloudy,Dry,Daylight,,,6,Pedalcyclist Strikes Moving Vehicle,0,N,Washington,47.661982709146926,-122.32825600261187
Intersection,12TH AVE AND E MARION ST,2,Injury Collision,Cycles,2,0,1,1,1,0,0,2019-05-07T00:00:00.000Z,5/7/2019 6:14:00 PM,At Intersection (intersection related),18.0,"MOTOR VEHICLE STRUCK PEDALCYCLIST, FRONT END AT ANGLE",Y,N,Clear or Partly Cloudy,Dry,Daylight,,,5,Vehicle Strikes Pedalcyclist,0,N,Washington,47.61039501200789,-122.3167793521294
Intersection,HIGHLAND DR AND WESTLAKE AVE N,2,Injury Collision,Cycles,2,0,1,1,1,0,0,2019-05-30T00:00:00.000Z,5/30/2019 12:50:00 PM,At Intersection (intersection related),18.0,"MOTOR VEHICLE STRUCK PEDALCYCLIST, FRONT END AT ANGLE",,N,Clear or Partly Cloudy,Dry,Daylight,,,5,Vehicle Strikes Pedalcyclist,0,N,Washington,47.62971165716965,-122.3410074358488
Block,RAINIER AVE S BETWEEN S DEARBORN ST AND S CHARLES N ST,2b,Serious Injury Collision,Cycles,2,0,1,1,1,1,0,2019-05-12T00:00:00.000Z,5/12/2019 1:35:00 PM,Mid-Block (not related to intersection),18.0,"MOTOR VEHICLE STRUCK PEDALCYCLIST, FRONT END AT ANGLE",Y,N,Clear or Partly Cloudy,Dry,Daylight,,,5,Vehicle Strikes Pedalcyclist,0,N,Washington,47.59511628373849,-122.31094941914199
Block,BROADWAY BETWEEN E PINE ST AND XW E OLIVE ST,1,Property Damage Only Collision,Cycles,2,0,1,1,0,0,0,2019-06-11T00:00:00.000Z,6/11/2019 1:30:00 PM,Mid-Block (not related to intersection),11.0,"MOTOR VEHICLE STRUCK MOTOR VEHICLE, FRONT END AT ANGLE",Y,N,Clear or Partly Cloudy,Dry,Daylight,,,8,Pedalcyclist All Other Involvements ONE UNIT - PEDALCYCLIST ONLY or PEDALCYCLIST STR,0,Y,Washington,47.61581794679922,-122.32080786644516
Intersection,EASTLAKE AVE NE AND UNIVERSITY BR,2,Injury Collision,Cycles,3,0,1,1,1,0,0,2019-06-13T00:00:00.000Z,6/13/2019 9:35:00 AM,At Intersection (intersection related),18.0,"MOTOR VEHICLE STRUCK PEDALCYCLIST, FRONT END AT ANGLE",,N,Clear or Partly Cloudy,Dry,Daylight,,,6,Pedalcyclist Strikes Moving Vehicle,0,N,Washington,47.655470827396094,-122.31826624936394
Block,1ST AVE S BETWEEN RAILROAD S WAY S AND S ROYAL BROUGHAM WAY,2b,Serious Injury Collision,Cycles,2,0,1,1,1,1,0,2019-05-26T00:00:00.000Z,5/26/2019 8:25:00 AM,Mid-Block (not related to intersection),21.0,"MOTOR VEHICLE STRUCK PEDALCYCLIST, REAR END",Y,N,Overcast,Dry,Daylight,,,5,Vehicle Strikes Pedalcyclist,0,N,Washington,47.594039730514666,-122.3341922762974
Intersection,BOREN AVE AND PIKE ST,2,Injury Collision,Cycles,2,0,1,1,1,0,0,2019-05-01T00:00:00.000Z,5/1/2019 7:20:00 PM,At Intersection (intersection related),18.0,"MOTOR VEHICLE STRUCK PEDALCYCLIST, FRONT END AT ANGLE",,N,Clear or Partly Cloudy,Dry,Daylight,Y,,5,Vehicle Strikes Pedalcyclist,0,N,Washington,47.61346582031274,-122.328913101671
Intersection,LINDEN AVE N AND N 135TH ST,2,Injury Collision,Cycles,2,0,1,1,1,0,0,2019-05-22T00:00:00.000Z,5/22/2019 6:44:00 PM,At Intersection (intersection related),18.0,"MOTOR VEHICLE STRUCK PEDALCYCLIST, FRONT END AT ANGLE",,N,Clear or Partly Cloudy,Dry,Daylight,,,5,Vehicle Strikes Pedalcyclist,0,N,Washington,47.726861271071044,-122.34771350764008
Intersection,24TH AVE E AND BOYER AVE E,2,Injury Collision,Cycles,2,0,1,1,1,0,0,2019-01-11T00:00:00.000Z,1/11/2019 7:35:00 AM,At Intersection (intersection related),51.0,PEDALCYCLIST STRUCK MOTOR VEHICLE FRONT END AT ANGLE,,N,Clear or Partly Cloudy,Wet,Dark - Street Lights On,Y,,5,Vehicle Strikes Pedalcyclist,0,N,Washington,47.63524417736178,-122.30156537450607
Block,RAINIER AVE S BETWEEN S PLUM ST AND 23RD AVE S,2,Injury Collision,Cycles,2,0,1,1,1,0,0,2019-04-17T00:00:00.000Z,4/17/2019 6:58:00 PM,Mid-Block (not related to intersection),51.0,PEDALCYCLIST STRUCK MOTOR VEHICLE FRONT END AT ANGLE,Y,N,Clear or Partly Cloudy,Dry,Daylight,,,6,Pedalcyclist Strikes Moving Vehicle,0,N,Washington,47.58502093997762,-122.30325804278195
Intersection,30TH AVE AND E UNION ST,2,Injury Collision,Cycles,2,0,1,1,1,0,0,2019-04-30T00:00:00.000Z,4/30/2019 8:03:00 PM,At Intersection (intersection related),18.0,"MOTOR VEHICLE STRUCK PEDALCYCLIST, FRONT END AT ANGLE",Y,Y,Clear or Partly Cloudy,Dry,Daylight,Y,,5,Vehicle Strikes Pedalcyclist,0,N,Washington,47.61294414217279,-122.2937373458312
Intersection,M L KING JR ER WAY S AND S HENDERSON ST,2,Injury Collision,Cycles,3,0,1,1,1,0,0,2019-05-06T00:00:00.000Z,5/6/2019 5:17:00 PM,At Intersection (intersection related),18.0,"MOTOR VEHICLE STRUCK PEDALCYCLIST, FRONT END AT ANGLE",,N,Clear or Partly Cloudy,Dry,Daylight,Y,,5,Vehicle Strikes Pedalcyclist,0,N,Washington,47.523270706868566,-122.2789824849302
Block,FAUNTLEROY WAY SW BETWEEN SW MYRTLE ST AND SW OTHELLO ST,2,Injury Collision,Cycles,2,0,1,1,1,0,0,2019-03-16T00:00:00.000Z,3/16/2019 1:57:00 PM,Mid-Block (not related to intersection),56.0,PEDALCYCLIST STRUCK MOTOR VEHICLE LEFT SIDE SIDESWIPE,Y,N,Clear or Partly Cloudy,Dry,Daylight,Y,,6,Pedalcyclist Strikes Moving Vehicle,0,N,Washington,47.538821858166884,-122.39109185855794
Intersection,10TH AVE AND E JEFFERSON ST,2,Injury Collision,Cycles,2,0,1,1,1,0,0,2019-04-19T00:00:00.000Z,4/19/2019 3:52:00 PM,At Intersection (intersection related),18.0,"MOTOR VEHICLE STRUCK PEDALCYCLIST, FRONT END AT ANGLE",,N,Raining,Wet,Daylight,,,5,Vehicle Strikes Pedalcyclist,0,N,Washington,47.606208601928884,-122.31941579768088
Block,2ND AVE NE BETWEEN NE 65TH ST AND WOODLAWN S AVE NE,2,Injury Collision,Cycles,2,0,1,1,1,0,0,2019-05-01T00:00:00.000Z,5/1/2019 6:58:00 PM,Mid-Block (not related to intersection),18.0,"MOTOR VEHICLE STRUCK PEDALCYCLIST, FRONT END AT ANGLE",,N,Clear or Partly Cloudy,Dry,Daylight,,,5,Vehicle Strikes Pedalcyclist,0,N,Washington,47.676744108137356,-122.32729731593494
Intersection,18TH AVE AND E JEFFERSON ST,2,Injury Collision,Cycles,3,0,1,1,1,0,0,2019-03-11T00:00:00.000Z,3/11/2019 8:12:00 AM,At Intersection (intersection related),18.0,"MOTOR VEHICLE STRUCK PEDALCYCLIST, FRONT END AT ANGLE",Y,N,Clear or Partly Cloudy,Dry,Daylight,,,5,Vehicle Strikes Pedalcyclist,0,N,Washington,47.606169971830546,-122.30894195194065
Intersection,7TH AVE NE AND NE 40TH ST,2,Injury Collision,Cycles,2,0,1,1,1,0,0,2019-05-03T00:00:00.000Z,5/3/2019 6:00:00 PM,At Intersection (intersection related),18.0,"MOTOR VEHICLE STRUCK PEDALCYCLIST, FRONT END AT ANGLE",,N,Clear or Partly Cloudy,Dry,Daylight,,,5,Vehicle Strikes Pedalcyclist,0,N,Washington,47.65589325279186,-122.3208541451558
Block,N 115TH ST BETWEEN STONE AVE N AND MERIDIAN AVE N,1,Property Damage Only Collision,Cycles,2,0,1,1,0,0,0,2019-04-25T00:00:00.000Z,4/25/2019 6:19:00 PM,Driveway Junction,18.0,"MOTOR VEHICLE STRUCK PEDALCYCLIST, FRONT END AT ANGLE",,N,Clear or Partly Cloudy,Dry,Daylight,,,6,Pedalcyclist Strikes Moving Vehicle,0,N,Washington,47.712301805004394,-122.33809240814219
Intersection,12TH AVE AND E JEFFERSON ST,2,Injury Collision,Cycles,3,0,1,1,1,0,0,2019-03-25T00:00:00.000Z,3/25/2019 5:15:00 PM,At Intersection (intersection related),51.0,PEDALCYCLIST STRUCK MOTOR VEHICLE FRONT END AT ANGLE,Y,N,Raining,Wet,Daylight,Y,,5,Vehicle Strikes Pedalcyclist,0,N,Washington,47.606203045254205,-122.316780466471
Intersection,PHINNEY AVE N AND N 52ND ST,2,Injury Collision,Cycles,2,0,1,1,1,0,0,2019-03-15T00:00:00.000Z,3/15/2019 7:57:00 PM,At Intersection (intersection related),18.0,"MOTOR VEHICLE STRUCK PEDALCYCLIST, FRONT END AT ANGLE",,N,Clear or Partly Cloudy,Dry,Daylight,,,6,Pedalcyclist Strikes Moving Vehicle,0,N,Washington,47.66639479550154,-122.35442514600922
Intersection,ALBION PL N AND N 34TH ST,2,Injury Collision,Parked Car,2,0,1,1,1,0,0,2019-04-07T00:00:00.000Z,4/7/2019 3:06:00 PM,At Intersection (intersection related),18.0,"MOTOR VEHICLE STRUCK PEDALCYCLIST, FRONT END AT ANGLE",Y,N,Clear or Partly Cloudy,Dry,Daylight,Y,,32,One parked--one moving,0,N,Washington,47.64884179332455,-122.34476587493401
Intersection,2ND AVE AND MARION ST,2b,Serious Injury Collision,Cycles,2,0,1,1,1,1,0,2019-04-06T00:00:00.000Z,4/6/2019 12:47:00 AM,At Intersection (intersection related),18.0,"MOTOR VEHICLE STRUCK PEDALCYCLIST, FRONT END AT ANGLE",,N,Clear or Partly Cloudy,Dry,Dark - Street Lights On,,,6,Pedalcyclist Strikes Moving Vehicle,0,N,Washington,47.604446464596656,-122.33447723507861
Intersection,11TH AVE E AND DELMAR DR E,2,Injury Collision,Cycles,2,0,1,1,1,0,0,2019-04-10T00:00:00.000Z,4/10/2019 7:35:00 AM,At Intersection (intersection related),18.0,"MOTOR VEHICLE STRUCK PEDALCYCLIST, FRONT END AT ANGLE",,N,Overcast,Dry,Daylight,Y,,5,Vehicle Strikes Pedalcyclist,0,N,Washington,47.6425715433674,-122.31794936000016
Intersection,DEXTER AVE N AND MERCER ST,2,Injury Collision,Cycles,2,0,1,1,1,0,0,2019-04-12T00:00:00.000Z,4/12/2019 10:14:00 AM,At Intersection (intersection related),18.0,"MOTOR VEHICLE STRUCK PEDALCYCLIST, FRONT END AT ANGLE",,N,Overcast,Dry,Daylight,,,5,Vehicle Strikes Pedalcyclist,0,N,Washington,47.62454972661586,-122.34234960108273
Intersection,5TH AVE N AND HARRISON ST,2,Injury Collision,Cycles,3,0,1,1,1,0,0,2019-04-10T00:00:00.000Z,4/10/2019 8:19:00 AM,At Intersection (intersection related),18.0,"MOTOR VEHICLE STRUCK PEDALCYCLIST, FRONT END AT ANGLE",,N,Overcast,Dry,Daylight,,,5,Vehicle Strikes Pedalcyclist,0,N,Washington,47.62207493549256,-122.34759184798416
Intersection,16TH AVE E AND E ALOHA ST,2,Injury Collision,Cycles,2,0,1,1,1,0,0,2019-04-29T00:00:00.000Z,4/29/2019 4:28:00 PM,At Intersection (intersection related),51.0,PEDALCYCLIST STRUCK MOTOR VEHICLE FRONT END AT ANGLE,Y,N,Clear or Partly Cloudy,Dry,Daylight,,,5,Vehicle Strikes Pedalcyclist,0,N,Washington,47.626871899887476,-122.31128676149002
Intersection,RENTON AVE S AND S CHICAGO ST,2,Injury Collision,Cycles,2,0,1,1,1,0,0,2019-03-02T00:00:00.000Z,3/2/2019 2:45:00 PM,At Intersection (intersection related),18.0,"MOTOR VEHICLE STRUCK PEDALCYCLIST, FRONT END AT ANGLE",,N,Clear or Partly Cloudy,Dry,Daylight,,,5,Vehicle Strikes Pedalcyclist,0,N,Washington,47.53248587078888,-122.27857513473964
Intersection,2ND AVE AND SPRING ST,2,Injury Collision,Cycles,2,0,1,1,1,0,0,2019-03-01T00:00:00.000Z,3/1/2019 4:14:00 PM,At Intersection (intersection related),18.0,"MOTOR VEHICLE STRUCK PEDALCYCLIST, FRONT END AT ANGLE",,N,Clear or Partly Cloudy,Dry,Daylight,,,5,Vehicle Strikes Pedalcyclist,0,N,Washington,47.60587261716152,-122.33578172373925
Block,1ST AVE BETWEEN UNION ST AND PIKE ST,1,Property Damage Only Collision,Cycles,2,0,1,1,0,0,0,2019-05-04T00:00:00.000Z,5/4/2019 6:22:00 PM,Mid-Block (not related to intersection),55.0,PEDALCYCLIST STRUCK MOTOR VEHICLE RIGHT SIDE SIDESWIPE,,N,Clear or Partly Cloudy,Dry,Daylight,,,6,Pedalcyclist Strikes Moving Vehicle,0,N,Washington,47.60832339911416,-122.33955831349716
Block,AURORA AVE N BETWEEN N 68TH ST AND N 70TH ST,2,Injury Collision,Cycles,2,0,1,1,1,0,0,2019-03-15T00:00:00.000Z,3/15/2019 7:37:00 AM,Mid-Block (not related to intersection),18.0,"MOTOR VEHICLE STRUCK PEDALCYCLIST, FRONT END AT ANGLE",,N,Clear or Partly Cloudy,Dry,Daylight,,,5,Vehicle Strikes Pedalcyclist,522797,N,Washington,47.67913447558788,-122.3454358847719
Intersection,12TH AVE NE AND NE 65TH ST,2,Injury Collision,Cycles,2,0,1,1,1,0,0,2019-02-25T00:00:00.000Z,2/25/2019 9:17:00 PM,At Intersection (intersection related),18.0,"MOTOR VEHICLE STRUCK PEDALCYCLIST, FRONT END AT ANGLE",Y,N,Clear or Partly Cloudy,Dry,Dark - Street Lights On,,,5,Vehicle Strikes Pedalcyclist,521076,N,Washington,47.67581492758815,-122.3156580477051
Block,S DEARBORN ST BETWEEN 7TH AVE S AND 8TH AVE S,2,Injury Collision,Cycles,2,0,1,1,1,0,0,2019-04-27T00:00:00.000Z,4/27/2019 1:03:00 PM,Driveway Junction,51.0,PEDALCYCLIST STRUCK MOTOR VEHICLE FRONT END AT ANGLE,,N,Clear or Partly Cloudy,Dry,Daylight,Y,,5,Vehicle Strikes Pedalcyclist,0,N,Washington,47.59583224035126,-122.32311316690009
Intersection,6TH AVE N AND HARRISON ST,1,Property Damage Only Collision,Cycles,2,0,1,1,0,0,0,2019-02-28T00:00:00.000Z,2/28/2019 7:50:00 PM,At Intersection (intersection related),18.0,"MOTOR VEHICLE STRUCK PEDALCYCLIST, FRONT END AT ANGLE",Y,N,Clear or Partly Cloudy,Dry,Dark - Street Lights On,,,5,Vehicle Strikes Pedalcyclist,0,N,Washington,47.622064742534675,-122.34503122689402