addrtype,location,severitycode,severitydesc,collisiontype,personcount,pedcount,pedcylcount,vehcount,injuries,seriousinjuries,fatalities,incdate,incdttm,junctiontype,sdot_colcode,sdot_coldesc,inattentionind,underinfl,weather,roadcond,lightcond,pedrownotgrnt,speeding,st_colcode,st_coldesc,crosswalkkey,hitparkedcar,state,latitude,longitude
Intersection,RENTON AVE S AND S HENDERSON ST,2,Injury Collision,Cycles,4,0,1,1,1,0,0,2019-04-24T00:00:00.000Z,4/24/2019 4:48:00 PM,At Intersection (intersection related),18.0,"MOTOR VEHICLE STRUCK PEDALCYCLIST, FRONT END AT ANGLE",,N,Clear or Partly Cloudy,Dry,Daylight,,,5,Vehicle Strikes Pedalcyclist,0,N,Washington,47.52331233900897,-122.2764032545482
Block,5TH AVE S BETWEEN S MAIN ST AND S JACKSON ST,1,Property Damage Only Collision,Cycles,2,0,1,1,0,0,0,2019-05-14T00:00:00.000Z,5/14/2019 4:43:00 PM,Mid-Block (not related to intersection),54.0,PEDALCYCLIST STRUCK MOTOR VEHICLE REAR END,,N,Clear or Partly Cloudy,Dry,Daylight,,,8,Pedalcyclist All Other Involvements ONE UNIT - PEDALCYCLIST ONLY or PEDALCYCLIST STR,0,N,Washington,47.599615866793364,-122.32766515833008
Block,ALKI AVE SW BETWEEN SW JERSEY ST AND SW ARKANSAS ST,2b,Serious Injury Collision,Cycles,3,0,1,1,1,1,0,2019-05-10T00:00:00.000Z,5/10/2019 7:46:00 PM,Mid-Block (not related to intersection),21.0,"MOTOR VEHICLE STRUCK PEDALCYCLIST, REAR END",Y,N,Clear or Partly Cloudy,Dry,Daylight,,,5,Vehicle Strikes Pedalcyclist,0,N,Washington,47.59198113732924,-122.39167040467056
Block,4TH AVE BETWEEN PINE ST AND OLIVE WAY,2,Injury Collision,Cycles,2,0,1,1,1,0,0,2019-03-25T00:00:00.000Z,3/25/2019 5:50:00 PM,Mid-Block (not related to intersection),18.0,"MOTOR VEHICLE STRUCK PEDALCYCLIST, FRONT END AT ANGLE",,N,Raining,Wet,Dusk,Y,,5,Vehicle Strikes Pedalcyclist,0,N,Washington,47.61170567866243,-122.33804772095336
Intersection,MADISON ST AND WESTERN AVE,1,Property Damage Only Collision,Cycles,3,0,1,1,0,0,0,2019-03-28T00:00:00.000Z,3/28/2019 10:55:00 AM,At Intersection (intersection related),18.0,"MOTOR VEHICLE STRUCK PEDALCYCLIST, FRONT END AT ANGLE",,N,Clear or Partly Cloudy,Dry,Daylight,,,6,Pedalcyclist Strikes Moving Vehicle,523751,N,Washington,47.60423027225696,-122.33734868838344
Block,STONE WAY N BETWEEN N 46TH ST AND N 47TH ST,2,Injury Collision,Cycles,2,0,1,1,1,0,0,2019-04-04T00:00:00.000Z,4/4/2019 4:14:00 PM,Driveway Junction,51.0,PEDALCYCLIST STRUCK MOTOR VEHICLE FRONT END AT ANGLE,,N,Clear or Partly Cloudy,Dry,Daylight,Y,,6,Pedalcyclist Strikes Moving Vehicle,0,N,Washington,47.66248024316428,-122.34182348993113
Block,DELRIDGE WAY SW BETWEEN SW HUDSON ST AND PUGET BLVD SW,2,Injury Collision,Cycles,2,0,1,1,1,0,0,2019-03-13T00:00:00.000Z,3/13/2019 5:36:00 PM,Driveway Junction,51.0,PEDALCYCLIST STRUCK MOTOR VEHICLE FRONT END AT ANGLE,,N,Clear or Partly Cloudy,Dry,Daylight,Y,,5,Vehicle Strikes Pedalcyclist,0,N,Washington,47.556357094592144,-122.36293142708269
Intersection,5TH AVE AND UNION ST,2,Injury Collision,Cycles,2,0,1,1,1,0,0,2019-03-21T00:00:00.000Z,3/21/2019 1:33:00 PM,At Intersection (intersection related),18.0,"MOTOR VEHICLE STRUCK PEDALCYCLIST, FRONT END AT ANGLE",,N,Clear or Partly Cloudy,Dry,Daylight,,,6,Pedalcyclist Strikes Moving Vehicle,0,N,Washington,47.609685420831354,-122.33466559753744
Block,MERIDIAN AVE N BETWEEN N 113TH ST AND N 115TH ST,2,Injury Collision,Cycles,2,0,1,1,1,0,0,2019-04-05T00:00:00.000Z,4/5/2019 2:39:00 PM,Mid-Block (not related to intersection),18.0,"MOTOR VEHICLE STRUCK PEDALCYCLIST, FRONT END AT ANGLE",,N,Overcast,Dry,Daylight,,,6,Pedalcyclist Strikes Moving Vehicle,0,N,Washington,47.71138276142561,-122.33404056094022
Block,2ND AVE BETWEEN UNION ST AND PIKE ST,2,Injury Collision,Cycles,2,0,1,1,1,0,0,2019-03-29T00:00:00.000Z,3/29/2019 7:45:00 AM,Mid-Block (not related to intersection),18.0,"MOTOR VEHICLE STRUCK PEDALCYCLIST, FRONT END AT ANGLE",Y,N,Clear or Partly Cloudy,Dry,Daylight,,,6,Pedalcyclist Strikes Moving Vehicle,0,N,Washington,47.60878749220817,-122.33844845839597
Intersection,5TH AVE NE AND NE 120TH ST,2,Injury Collision,Cycles,2,0,1,1,1,0,0,2019-04-05T00:00:00.000Z,4/5/2019 12:30:00 PM,At Intersection (intersection related),18.0,"MOTOR VEHICLE STRUCK PEDALCYCLIST, FRONT END AT ANGLE",,N,Raining,Wet,Daylight,,,5,Vehicle Strikes Pedalcyclist,0,N,Washington,47.71585909252838,-122.3234864573133
Intersection,1ST AVE S AND S SPOKANE NR ST,2,Injury Collision,Cycles,2,0,1,1,1,0,0,2019-04-22T00:00:00.000Z,4/22/2019 2:40:00 PM,At Intersection (intersection related),18.0,"MOTOR VEHICLE STRUCK PEDALCYCLIST, FRONT END AT ANGLE",,N,Overcast,Dry,Daylight,,,5,Vehicle Strikes Pedalcyclist,525550,N,Washington,47.571706608219976,-122.33419697473083
Block,DEXTER AVE N BETWEEN HARRISON ST AND REPUBLICAN ST,2,Injury Collision,Cycles,2,0,1,1,1,0,0,2019-03-25T00:00:00.000Z,3/25/2019 9:33:00 AM,Mid-Block (not related to intersection),18.0,"MOTOR VEHICLE STRUCK PEDALCYCLIST, FRONT END AT ANGLE",Y,N,Clear or Partly Cloudy,Dry,Daylight,Y,,6,Pedalcyclist Strikes Moving Vehicle,0,N,Washington,47.62263838004219,-122.34236643866664
Intersection,FREMONT WAY N AND N 38TH ST,2,Injury Collision,Cycles,2,0,1,1,1,0,0,2019-03-26T00:00:00.000Z,3/26/2019 2:42:00 PM,At Intersection (intersection related),18.0,"MOTOR VEHICLE STRUCK PEDALCYCLIST, FRONT END AT ANGLE",,N,Clear or Partly Cloudy,Dry,Daylight,,,5,Vehicle Strikes Pedalcyclist,0,N,Washington,47.65272750384285,-122.3485889843192
Intersection,20TH AVE NW AND NW 58TH ST,2,Injury Collision,Cycles,2,0,1,1,1,0,0,2019-01-14T00:00:00.000Z,1/14/2019 7:15:00 AM,At Intersection (intersection related),51.0,PEDALCYCLIST STRUCK MOTOR VEHICLE FRONT END AT ANGLE,Y,N,Clear or Partly Cloudy,Dry,Dawn,,,6,Pedalcyclist Strikes Moving Vehicle,0,N,Washington,47.6709089865351,-122.38212446060216
Intersection,12TH AVE AND E YESLER WAY,2b,Serious Injury Collision,Cycles,2,0,1,1,1,1,0,2019-03-31T00:00:00.000Z,3/31/2019 6:51:00 PM,At Intersection (intersection related),18.0,"MOTOR VEHICLE STRUCK PEDALCYCLIST, FRONT END AT ANGLE",,N,Clear or Partly Cloudy,Dry,Dusk,Y,,5,Vehicle Strikes Pedalcyclist,0,N,Washington,47.60169336783193,-122.31678189326038
Intersection,TROLL AVE N AND N 34TH ST,2b,Serious Injury Collision,Cycles,2,0,1,1,1,1,0,2019-04-02T00:00:00.000Z,4/2/2019 5:04:00 PM,At Intersection (intersection related),18.0,"MOTOR VEHICLE STRUCK PEDALCYCLIST, FRONT END AT ANGLE",Y,N,Clear or Partly Cloudy,Standing Water,Daylight,,,5,Vehicle Strikes Pedalcyclist,0,N,Washington,47.64924012162934,-122.34741874332344
Intersection,ROOSEVELT WAY NE AND NE 42ND S ST,2,Injury Collision,Cycles,1,0,1,0,1,0,0,2019-03-26T00:00:00.000Z,3/26/2019 7:47:00 AM,At Intersection (intersection related),51.0,PEDALCYCLIST STRUCK MOTOR VEHICLE FRONT END AT ANGLE,,N,Overcast,Wet,Dawn,,,8,Pedalcyclist All Other Involvements ONE UNIT - PEDALCYCLIST ONLY or PEDALCYCLIST STR,0,N,Washington,47.657514224809034,-122.317802129097
Block,GREENWOOD AVE N BETWEEN N 122ND ST AND RIDGEMONT WAY N,2,Injury Collision,Cycles,2,0,1,1,1,0,0,2019-04-02T00:00:00.000Z,4/2/2019 10:43:00 PM,Mid-Block (not related to intersection),18.0,"MOTOR VEHICLE STRUCK PEDALCYCLIST, FRONT END AT ANGLE",,N,Unknown,Dry,Dark - Street Lights On,,,6,Pedalcyclist Strikes Moving Vehicle,0,N,Washington,47.71848073499839,-122.35553388142091
Intersection,28TH AVE SW AND SW YANCY ST,2,Injury Collision,Cycles,2,0,1,1,1,0,0,2019-04-30T00:00:00.000Z,4/30/2019 7:55:00 AM,At Intersection (intersection related),18.0,"MOTOR VEHICLE STRUCK PEDALCYCLIST, FRONT END AT ANGLE",,N,Clear or Partly Cloudy,Dry,Daylight,,,6,Pedalcyclist Strikes Moving Vehicle,0,N,Washington,47.56761451901117,-122.36809149321807
Intersection,TROLL AVE N AND N 34TH ST,2,Injury Collision,Cycles,2,0,1,1,1,0,0,2019-03-05T00:00:00.000Z,3/5/2019 8:00:00 AM,At Intersection (intersection related),18.0,"MOTOR VEHICLE STRUCK PEDALCYCLIST, FRONT END AT ANGLE",Y,N,Clear or Partly Cloudy,Dry,Daylight,,,5,Vehicle Strikes Pedalcyclist,0,N,Washington,47.64924012162934,-122.34741874332344
Block,BOYLSTON AVE BETWEEN E PINE ST AND E OLIVE ST,2,Injury Collision,Cycles,2,1,1,0,1,0,0,2019-03-07T00:00:00.000Z,3/7/2019 10:00:00 AM,Mid-Block (not related to intersection),24.0,MOTOR VEHCILE STRUCK PEDESTRIAN,,N,Clear or Partly Cloudy,Dry,Daylight,,,7,Pedalcyclist Strikes Pedalcyclist or Pedestrian,0,N,Washington,47.61579597378129,-122.32342657525322
Intersection,BELMONT AVE E AND E OLIVE WAY,2,Injury Collision,Cycles,2,0,1,1,1,0,0,2019-04-01T00:00:00.000Z,4/1/2019 10:41:00 PM,At Intersection (intersection related),18.0,"MOTOR VEHICLE STRUCK PEDALCYCLIST, FRONT END AT ANGLE",,N,Clear or Partly Cloudy,Dry,Dark - Street Lights On,,,5,Vehicle Strikes Pedalcyclist,0,N,Washington,47.61966624417621,-122.324011265552
Block,W DRAVUS ST BETWEEN 20TH AVE W AND 21ST AVE W,2,Injury Collision,Cycles,3,0,1,2,1,0,0,2019-04-03T00:00:00.000Z,4/3/2019 2:50:00 PM,Mid-Block (not related to intersection),54.0,PEDALCYCLIST STRUCK MOTOR VEHICLE REAR END,,N,Overcast,Dry,Daylight,,,6,Pedalcyclist Strikes Moving Vehicle,0,N,Washington,47.6484569180685,-122.38266772140378
Intersection,12TH AVE S AND S KING ST,2,Injury Collision,Cycles,2,0,1,1,1,0,0,2019-04-15T00:00:00.000Z,4/15/2019 5:43:00 PM,At Intersection (intersection related),51.0,PEDALCYCLIST STRUCK MOTOR VEHICLE FRONT END AT ANGLE,Y,N,Clear or Partly Cloudy,Dry,Daylight,,,5,Vehicle Strikes Pedalcyclist,0,N,Washington,47.598337593315385,-122.31722797859959
Intersection,28TH AVE W AND GILMAN AVE W,2,Injury Collision,Cycles,2,0,1,1,1,0,0,2019-05-01T00:00:00.000Z,5/1/2019 5:44:00 PM,At Intersection (intersection related),51.0,PEDALCYCLIST STRUCK MOTOR VEHICLE FRONT END AT ANGLE,,N,Clear or Partly Cloudy,Dry,Daylight,,,6,Pedalcyclist Strikes Moving Vehicle,15485,N,Washington,47.66067117812689,-122.39284932893648
Intersection,4TH AVE S AND S MASSACHUSETTS ST,2,Injury Collision,Cycles,2,0,1,1,1,0,0,2019-03-29T00:00:00.000Z,3/29/2019 11:35:00 AM,At Intersection (intersection related),51.0,PEDALCYCLIST STRUCK MOTOR VEHICLE FRONT END AT ANGLE,,N,Clear or Partly Cloudy,Dry,Daylight,,,5,Vehicle Strikes Pedalcyclist,0,N,Washington,47.58822700712162,-122.32905138779137
Block,7TH AVE BETWEEN VIRGINIA ST AND WESTLAKE AVE,2,Injury Collision,Cycles,2,0,1,1,1,0,0,2019-03-13T00:00:00.000Z,3/13/2019 7:05:00 AM,Mid-Block (not related to intersection),18.0,"MOTOR VEHICLE STRUCK PEDALCYCLIST, FRONT END AT ANGLE",Y,N,Clear or Partly Cloudy,Dry,Dawn,,,5,Vehicle Strikes Pedalcyclist,0,N,Washington,47.61516915783986,-122.33764411577712
Intersection,31ST AVE S AND S JUDKINS ST,2,Injury Collision,Cycles,2,0,1,1,1,0,0,2019-03-01T00:00:00.000Z,3/1/2019 10:14:00 AM,At Intersection (intersection related),18.0,"MOTOR VEHICLE STRUCK PEDALCYCLIST, FRONT END AT ANGLE",,N,Clear or Partly Cloudy,Dry,Daylight,,,5,Vehicle Strikes Pedalcyclist,0,N,Washington,47.592135357300904,-122.29257353010824
Block,M L KING JR WR WAY S BETWEEN S MYRTLE ST AND S OTHELLO ST,2,Injury Collision,Cycles,3,0,1,1,1,0,0,2019-04-01T00:00:00.000Z,4/1/2019 7:28:00 AM,Mid-Block (not related to intersection),51.0,PEDALCYCLIST STRUCK MOTOR VEHICLE FRONT END AT ANGLE,,N,Clear or Partly Cloudy,Dry,Daylight,,,6,Pedalcyclist Strikes Moving Vehicle,0,N,Washington,47.53796438813961,-122.28173663968384
Block,7TH AVE BETWEEN STEWART ST AND VIRGINIA ST,2,Injury Collision,Cycles,2,0,1,1,1,0,0,2019-04-08T00:00:00.000Z,4/8/2019 2:20:00 PM,Driveway Junction,18.0,"MOTOR VEHICLE STRUCK PEDALCYCLIST, FRONT END AT ANGLE",Y,N,Clear or Partly Cloudy,Dry,Daylight,,,5,Vehicle Strikes Pedalcyclist,0,N,Washington,47.61467145092474,-122.33680297607869
Intersection,24TH AVE E AND E MADISON ST,2b,Serious Injury Collision,Cycles,3,0,1,1,1,1,0,2019-04-11T00:00:00.000Z,4/11/2019 4:49:00 PM,At Intersection (intersection related),18.0,"MOTOR VEHICLE STRUCK PEDALCYCLIST, FRONT END AT ANGLE",,N,Overcast,Dry,Daylight,,,5,Vehicle Strikes Pedalcyclist,0,N,Washington,47.62016556391243,-122.30111771727465
Block,DELRIDGE WAY SW BETWEEN SW GENESEE ST AND SW OREGON ST,2,Injury Collision,Cycles,2,0,1,1,1,0,0,2019-03-21T00:00:00.000Z,3/21/2019 7:55:00 AM,Mid-Block (not related to intersection),14.0,"MOTOR VEHICLE STRUCK MOTOR VEHICLE, REAR END",,N,Clear or Partly Cloudy,Dry,Daylight,,,5,Vehicle Strikes Pedalcyclist,0,N,Washington,47.56381410056913,-122.36333748031765
Block,PINE ST BETWEEN TERRY AVE AND BOREN AVE,2,Injury Collision,Cycles,3,0,1,1,1,0,0,2019-04-16T00:00:00.000Z,4/16/2019 5:38:00 PM,Mid-Block (not related to intersection),18.0,"MOTOR VEHICLE STRUCK PEDALCYCLIST, FRONT END AT ANGLE",,N,Raining,Wet,Daylight,,,6,Pedalcyclist Strikes Moving Vehicle,0,N,Washington,47.61422400356875,-122.33037874523069
Block,1ST AVE BETWEEN UNION ST AND PIKE ST,2,Injury Collision,Cycles,2,0,1,1,1,0,0,2019-04-20T00:00:00.000Z,4/20/2019 9:39:00 PM,Mid-Block (not related to intersection),18.0,"MOTOR VEHICLE STRUCK PEDALCYCLIST, FRONT END AT ANGLE",Y,N,Clear or Partly Cloudy,Dry,Dark - Street Lights On,,,5,Vehicle Strikes Pedalcyclist,0,N,Washington,47.60832339911416,-122.33955831349716
Alley,,1,Property Damage Only Collision,Cycles,2,0,1,1,0,0,0,2019-04-20T00:00:00.000Z,4/20/2019 6:00:00 PM,,0.0,NOT ENOUGH INFORMATION / NOT APPLICABLE,,N,Unknown,Unknown,Unknown,Y,,5,Vehicle Strikes Pedalcyclist,0,N,Washington,,
Intersection,MAYNARD AVE S AND S JACKSON ST,2,Injury Collision,Cycles,2,0,1,1,1,0,0,2019-04-05T00:00:00.000Z,4/5/2019 7:15:00 AM,At Intersection (intersection related),18.0,"MOTOR VEHICLE STRUCK PEDALCYCLIST, FRONT END AT ANGLE",Y,N,Clear or Partly Cloudy,Dry,Daylight,,,5,Vehicle Strikes Pedalcyclist,0,N,Washington,47.59919075733861,-122.32505520844575
Block,1ST AVE S BETWEEN S HOLGATE ST AND S WALKER ST,2,Injury Collision,Cycles,3,0,1,1,1,0,0,2019-04-02T00:00:00.000Z,4/2/2019 9:19:00 AM,Mid-Block (not related to intersection),18.0,"MOTOR VEHICLE STRUCK PEDALCYCLIST, FRONT END AT ANGLE",,N,Overcast,Dry,Daylight,,,5,Vehicle Strikes Pedalcyclist,0,N,Washington,47.58504268244538,-122.33419830305792
Intersection,2ND AVE NE AND NE 40TH ST,2,Injury Collision,Cycles,2,0,1,1,1,0,0,2019-03-21T00:00:00.000Z,3/21/2019 9:46:00 AM,At Intersection (intersection related),11.0,"MOTOR VEHICLE STRUCK MOTOR VEHICLE, FRONT END AT ANGLE",Y,N,Clear or Partly Cloudy,Dry,Daylight,,,5,Vehicle Strikes Pedalcyclist,0,N,Washington,47.6555429073838,-122.32682256981859
Intersection,2ND AVE AND CHERRY ST,2,Injury Collision,Cycles,2,0,1,1,1,0,0,2019-05-14T00:00:00.000Z,5/14/2019 11:17:00 AM,At Intersection (intersection related),18.0,"MOTOR VEHICLE STRUCK PEDALCYCLIST, FRONT END AT ANGLE",,N,Overcast,Wet,Daylight,,,6,Pedalcyclist Strikes Moving Vehicle,0,N,Washington,47.60301939344011,-122.33317224593478
Block,11TH AVE BETWEEN E UNION ST AND E PIKE ST,2,Injury Collision,Cycles,2,0,1,1,1,0,0,2019-05-11T00:00:00.000Z,5/11/2019 9:59:00 AM,Mid-Block (not related to intersection),51.0,PEDALCYCLIST STRUCK MOTOR VEHICLE FRONT END AT ANGLE,,N,Clear or Partly Cloudy,Dry,Daylight,,,5,Vehicle Strikes Pedalcyclist,0,N,Washington,47.61351147397793,-122.31813164211023
Intersection,2ND AVE AND UNIVERSITY ST,2,Injury Collision,Cycles,2,0,1,1,1,0,0,2019-03-14T00:00:00.000Z,3/14/2019 7:42:00 PM,At Intersection (intersection related),18.0,"MOTOR VEHICLE STRUCK PEDALCYCLIST, FRONT END AT ANGLE",,N,Clear or Partly Cloudy,Dry,Dark - Street Lights On,Y,Y,6,Pedalcyclist Strikes Moving Vehicle,0,N,Washington,47.60729905819726,-122.33708679815666
Intersection,15TH AVE NW AND NW 75TH ST,2,Injury Collision,Cycles,2,0,1,1,1,0,0,2019-05-15T00:00:00.000Z,5/15/2019 6:28:00 PM,At Intersection (intersection related),18.0,"MOTOR VEHICLE STRUCK PEDALCYCLIST, FRONT END AT ANGLE",,N,Raining,Wet,Other,,,5,Vehicle Strikes Pedalcyclist,0,N,Washington,47.683237918990315,-122.37678003461723
Intersection,ROOSEVELT WAY NE AND NE 62ND ST,2,Injury Collision,Cycles,2,0,1,1,1,0,0,2019-04-03T00:00:00.000Z,4/3/2019 7:32:00 PM,At Intersection (intersection related),18.0,"MOTOR VEHICLE STRUCK PEDALCYCLIST, FRONT END AT ANGLE",,Y,Clear or Partly Cloudy,Dry,Dusk,,,6,Pedalcyclist Strikes Moving Vehicle,0,N,Washington,47.6733347762294,-122.31736337490804
Intersection,9TH AVE NE AND NE 42ND ST,2,Injury Collision,Cycles,2,1,1,0,1,0,0,2019-04-09T00:00:00.000Z,4/9/2019 5:24:00 PM,At Intersection (intersection related),24.0,MOTOR VEHCILE STRUCK PEDESTRIAN,,N,Clear or Partly Cloudy,Dry,Dusk,,,7,Pedalcyclist Strikes Pedalcyclist or Pedestrian,0,N,Washington,47.65751587127742,-122.31879625077707
Block,S DEARBORN ST BETWEEN LAKE WASHINGTON BLVD S AND LAKESIDE AVE S,2,Injury Collision,Rear Ended,2,0,1,1,1,0,0,2019-04-24T00:00:00.000Z,4/24/2019 6:49:00 AM,Mid-Block (not related to intersection),54.0,PEDALCYCLIST STRUCK MOTOR VEHICLE REAR END,,N,Clear or Partly Cloudy,Dry,Daylight,,,13,From same direction - both going straight - both moving - rear-end,0,N,Washington,47.595741516201755,-122.28840550836159
Block,ALASKAN WAY BETWEEN SENECA ST AND UNIVERSITY ST,2,Injury Collision,Cycles,3,0,1,1,1,0,0,2019-04-20T00:00:00.000Z,4/20/2019 4:50:00 PM,Mid-Block (not related to intersection),55.0,PEDALCYCLIST STRUCK MOTOR VEHICLE RIGHT SIDE SIDESWIPE,,N,Clear or Partly Cloudy,Dry,Daylight,,,5,Vehicle Strikes Pedalcyclist,0,N,Washington,47.60554374787735,-122.34009165149706
Intersection,22ND AVE AND E UNION ST,2,Injury Collision,Cycles,2,0,1,1,1,0,0,2019-04-15T00:00:00.000Z,4/15/2019 8:52:00 PM,At Intersection (intersection related),51.0,PEDALCYCLIST STRUCK MOTOR VEHICLE FRONT END AT ANGLE,Y,N,Overcast,Dry,Dark - Street Lights On,,,5,Vehicle Strikes Pedalcyclist,0,N,Washington,47.61293310447872,-122.30363535135231
Intersection,8TH AVE NW AND NW 57TH ST,2b,Serious Injury Collision,Cycles,2,0,1,1,1,1,0,2019-05-09T00:00:00.000Z,5/9/2019 8:48:00 AM,At Intersection (intersection related),18.0,"MOTOR VEHICLE STRUCK PEDALCYCLIST, FRONT END AT ANGLE",Y,N,Clear or Partly Cloudy,Dry,Daylight,,,6,Pedalcyclist Strikes Moving Vehicle,0,N,Washington,47.670160232225406,-122.3661743964576
Intersection,4TH AVE AND MADISON ST,2,Injury Collision,Cycles,2,0,1,1,1,0,0,2019-04-03T00:00:00.000Z,4/3/2019 7:00:00 PM,At Intersection (intersection related),18.0,"MOTOR VEHICLE STRUCK PEDALCYCLIST, FRONT END AT ANGLE",,N,Clear or Partly Cloudy,Dry,Daylight,,,5,Vehicle Strikes Pedalcyclist,0,N,Washington,47.606087857465276,-122.33290910388003
Intersection,19TH AVE AND E MADISON ST,2,Injury Collision,Cycles,2,0,1,1,1,0,0,2019-04-04T00:00:00.000Z,4/4/2019 8:41:00 AM,At Intersection (intersection related),18.0,"MOTOR VEHICLE STRUCK PEDALCYCLIST, FRONT END AT ANGLE",,N,Clear or Partly Cloudy,Dry,Daylight,,,6,Pedalcyclist Strikes Moving Vehicle,0,N,Washington,47.61673275898729,-122.30740915787302
Block,CLISE PL W BETWEEN MAGNOLIA BLVD W AND W CROCKETT ST,2,Injury Collision,Cycles,2,0,1,1,1,0,0,2019-03-30T00:00:00.000Z,3/30/2019 9:14:00 PM,Mid-Block (not related to intersection),0.0,NOT ENOUGH INFORMATION / NOT APPLICABLE,,N,Clear or Partly Cloudy,Dry,Dark - Street Lights On,,,8,Pedalcyclist All Other Involvements ONE UNIT - PEDALCYCLIST ONLY or PEDALCYCLIST STR,0,Y,Washington,47.63682203841021,-122.39790719690448
Intersection,BELLEVUE AVE AND E PINE ST,1,Property Damage Only Collision,Cycles,2,0,1,1,0,0,0,2019-03-30T00:00:00.000Z,3/30/2019 2:09:00 PM,At Intersection (intersection related),18.0,"MOTOR VEHICLE STRUCK PEDALCYCLIST, FRONT END AT ANGLE",,N,Clear or Partly Cloudy,Dry,Daylight,,,5,Vehicle Strikes Pedalcyclist,0,N,Washington,47.61521815296026,-122.32680418837404
Block,35TH AVE NE BETWEEN NE 70TH ST AND NE 73RD ST,2,Injury Collision,Cycles,2,0,1,1,1,0,0,2019-05-16T00:00:00.000Z,5/16/2019 11:34:00 PM,Mid-Block (not related to intersection),21.0,"MOTOR VEHICLE STRUCK PEDALCYCLIST, REAR END",,Y,Raining,Wet,Dark - Street Lights On,,,5,Vehicle Strikes Pedalcyclist,0,N,Washington,47.680322487141474,-122.29040187154236
Intersection,18TH AVE SW AND SW DAWSON ST,2,Injury Collision,Cycles,2,0,1,1,1,0,0,2019-05-08T00:00:00.000Z,5/8/2019 1:55:00 PM,At Intersection (intersection related),18.0,"MOTOR VEHICLE STRUCK PEDALCYCLIST, FRONT END AT ANGLE",,N,Clear or Partly Cloudy,Dry,Daylight,,,6,Pedalcyclist Strikes Moving Vehicle,0,N,Washington,47.555755415163574,-122.35705015861977
Intersection,5TH AVE AND PIKE ST,1,Property Damage Only Collision,Cycles,2,0,1,1,0,0,0,2019-04-15T00:00:00.000Z,4/15/2019 11:11:00 PM,At Intersection (intersection related),18.0,"MOTOR VEHICLE STRUCK PEDALCYCLIST, FRONT END AT ANGLE",,N,Clear or Partly Cloudy,Dry,Dark - Street Lights On,Y,,5,Vehicle Strikes Pedalcyclist,522108,N,Washington,47.61067790284203,-122.33557402523344
Intersection,1ST AVE AND MADISON ST,2,Injury Collision,Cycles,2,0,1,1,1,0,0,2019-04-01T00:00:00.000Z,4/1/2019 6:14:00 PM,At Intersection (intersection related),18.0,"MOTOR VEHICLE STRUCK PEDALCYCLIST, FRONT END AT ANGLE",Y,N,Clear or Partly Cloudy,Dry,Dusk,,,5,Vehicle Strikes Pedalcyclist,0,N,Washington,47.60469504653443,-122.3362384330736
Block,NW MARKET ST BETWEEN RUSSELL AVE NW AND LEARY AVE NW,2,Injury Collision,Cycles,2,0,1,1,1,0,0,2019-04-13T00:00:00.000Z,4/13/2019 7:19:00 PM,Mid-Block (not related to intersection),51.0,PEDALCYCLIST STRUCK MOTOR VEHICLE FRONT END AT ANGLE,,N,Clear or Partly Cloudy,Dry,Dark - Street Lights On,,,8,Pedalcyclist All Other Involvements ONE UNIT - PEDALCYCLIST ONLY or PEDALCYCLIST STR,0,N,Washington,47.66867758338922,-122.38392660379152
Block,SW THISTLE ST BETWEEN 25TH AVE SW AND 26TH AVE SW,2b,Serious Injury Collision,Cycles,2,0,1,1,1,1,0,2019-04-29T00:00:00.000Z,4/29/2019 1:25:00 PM,Mid-Block (not related to intersection),24.0,MOTOR VEHCILE STRUCK PEDESTRIAN,,Y,Clear or Partly Cloudy,Dry,Daylight,,,5,Vehicle Strikes Pedalcyclist,0,N,Washington,47.52828083686242,-122.36518019789595
Intersection,BOREN AVE S AND RAINIER AVE S,2,Injury Collision,Cycles,2,0,1,1,1,0,0,2019-03-15T00:00:00.000Z,3/15/2019 7:43:00 PM,At Intersection (intersection related),18.0,"MOTOR VEHICLE STRUCK PEDALCYCLIST, FRONT END AT ANGLE",,N,Clear or Partly Cloudy,Dry,Dark - Street Lights On,,,5,Vehicle Strikes Pedalcyclist,0,N,Washington,47.59921008677189,-122.31413725545687
Block,2ND AVE BETWEEN UNION ST AND PIKE ST,2,Injury Collision,Cycles,3,0,1,1,1,0,0,2019-03-21T00:00:00.000Z,3/21/2019 5:13:00 PM,Mid-Block (not related to intersection),18.0,"MOTOR VEHICLE STRUCK PEDALCYCLIST, FRONT END AT ANGLE",Y,N,Clear or Partly Cloudy,Dry,Daylight,,,6,Pedalcyclist Strikes Moving Vehicle,0,N,Washington,47.60878749220817,-122.33844845839597
Block,1ST AVE S BETWEEN S HUDSON ST AND S DAWSON ST,2,Injury Collision,Cycles,2,0,1,1,1,0,0,2019-05-07T00:00:00.000Z,5/7/2019 1:20:00 PM,Driveway Junction,18.0,"MOTOR VEHICLE STRUCK PEDALCYCLIST, FRONT END AT ANGLE",Y,N,Clear or Partly Cloudy,Dry,Daylight,,,6,Pedalcyclist Strikes Moving Vehicle,0,N,Washington,47.556539118855135,-122.33421411116731